t_s,phase,nvme_mc,nvme_c,tj_mc,tj_c,cpu_c,gpu_c,fan_rpm,fan_pwm,cpu_mhz,vdd_in_mw,sect_read,sect_written,read_mbs,write_mbs,inflight,util_pct
0,startup,39850,39,58687,58,58,56,2058,75,1267,6134,3161467,78327554,0.00,0.00,0,0.0
1,startup,39850,39,58531,58,58,56,2056,75,1267,5725,3161467,78327554,0.00,0.00,0,0.0
2,startup,39850,39,58406,58,58,56,2060,75,1344,5684,3161467,78327554,0.00,0.00,0,0.0
3,02-dst-short,39850,39,58500,58,58,56,2059,75,1344,5807,3161467,78329522,0.00,1.01,0,0.4
4,02-dst-short,39850,39,58687,58,58,56,2058,75,1267,5684,3161467,78329522,0.00,0.00,0,0.0
5,02-dst-short,39850,39,58406,58,58,56,2058,75,1497,5643,3161467,78329554,0.00,0.02,0,0.0
6,02-dst-short,39850,39,58500,58,58,56,2059,75,1497,5643,3161467,78329570,0.00,0.01,0,0.0
7,02-dst-short,39850,39,58093,58,58,56,2061,75,1497,5725,3161467,78329570,0.00,0.00,0,0.0
8,02-dst-short,39850,39,58312,58,58,56,2061,75,1497,5643,3161467,78331122,0.00,0.79,0,0.0
9,02-dst-short,39850,39,58531,58,58,56,2062,75,1344,5684,3161467,78331122,0.00,0.00,0,0.0
10,02-dst-short,39850,39,58406,58,58,56,2062,75,1344,5643,3161467,78331130,0.00,0.00,0,0.0
11,02-dst-short,39850,39,58687,58,58,56,2059,75,1344,5643,3161467,78331130,0.00,0.00,0,0.0
12,02-dst-short,39850,39,57906,57,58,56,2058,75,1267,5071,3161467,78331130,0.00,0.00,0,0.0
13,02-dst-short,39850,39,58156,58,57,56,2058,75,1267,5030,3161467,78331650,0.00,0.27,0,0.0
15,02-dst-short,39850,39,58062,58,57,56,2060,75,1344,5030,3161467,78331658,0.00,0.00,0,0.4
16,02-dst-short,39850,39,57750,57,57,56,2058,75,960,5030,3161467,78331666,0.00,0.00,0,0.0
17,02-dst-short,39850,39,57718,57,57,56,2060,75,1267,5030,3161467,78331666,0.00,0.00,0,0.0
18,02-dst-short,39850,39,57875,57,57,56,2060,75,1497,5030,3161467,78331666,0.00,0.00,0,0.0
19,04-idle-baseline,39850,39,57937,57,57,56,2060,75,1344,5071,3161467,78332194,0.00,0.27,0,0.4
20,04-idle-baseline,39850,39,57906,57,57,56,2060,75,1497,5030,3161467,78332194,0.00,0.00,0,0.0
21,04-idle-baseline,39850,39,57968,57,57,56,2058,75,1267,5030,3161467,78332226,0.00,0.02,0,0.0
22,04-idle-baseline,39850,39,57781,57,58,56,2060,75,1344,5030,3161467,78332226,0.00,0.00,0,0.0
23,04-idle-baseline,39850,39,57718,57,57,56,2057,75,1344,5030,3161467,78332746,0.00,0.27,0,0.0
24,04-idle-baseline,39850,39,57750,57,57,56,2058,75,1267,5030,3161467,78332754,0.00,0.00,0,0.4
25,04-idle-baseline,39850,39,57781,57,57,56,2057,75,1036,5030,3161467,78332754,0.00,0.00,0,0.0
26,04-idle-baseline,39850,39,57687,57,57,56,2060,75,1267,4989,3161467,78332762,0.00,0.00,0,0.0
27,04-idle-baseline,39850,39,57718,57,57,56,2061,75,729,5030,3161467,78332762,0.00,0.00,0,0.0
28,04-idle-baseline,39850,39,57656,57,57,56,2061,75,729,5030,3161467,78333282,0.00,0.27,1,0.0
29,04-idle-baseline,39850,39,57781,57,57,56,2058,75,1344,4989,3161467,78333290,0.00,0.00,0,0.0
31,04-idle-baseline,39850,39,57593,57,57,56,2061,75,1344,5030,3161467,78333290,0.00,0.00,0,0.0
32,04-idle-baseline,39850,39,57687,57,57,56,2057,75,1344,4989,3161467,78333306,0.00,0.01,0,0.0
33,04-idle-baseline,39850,39,57750,57,57,56,2058,75,1267,5030,3161467,78333306,0.00,0.00,0,0.0
34,04-idle-baseline,39850,39,57562,57,57,56,2060,75,1344,5030,3161467,78333418,0.00,0.06,0,0.0
35,04-idle-baseline,39850,39,57687,57,57,56,2063,75,1344,4989,3161467,78333418,0.00,0.00,0,0.0
36,04-idle-baseline,39850,39,57656,57,57,56,2063,75,729,5030,3161467,78333418,0.00,0.00,0,0.0
37,04-idle-baseline,39850,39,57718,57,57,56,2058,75,1344,4989,3161467,78333426,0.00,0.00,0,0.0
38,04-idle-baseline,39850,39,57531,57,57,56,2060,75,1267,5030,3161467,78333426,0.00,0.00,0,0.0
39,04-idle-baseline,39850,39,57906,57,57,56,2057,75,1344,5030,3161467,78333538,0.00,0.06,0,0.0
40,04-idle-baseline,39850,39,57656,57,57,56,2058,75,960,4989,3161467,78333546,0.00,0.00,0,0.4
41,04-idle-baseline,39850,39,57500,57,57,56,2060,75,1344,5030,3161467,78333546,0.00,0.00,0,0.0
42,04-idle-baseline,39850,39,57687,57,57,56,2060,75,1344,5030,3161467,78333562,0.00,0.01,0,0.0
43,04-idle-baseline,39850,39,57531,57,57,56,2058,75,1344,4989,3161467,78333562,0.00,0.00,0,0.0
44,04-idle-baseline,39850,39,57500,57,57,56,2060,75,1344,4989,3161467,78333674,0.00,0.06,1,0.0
46,04-idle-baseline,39850,39,57531,57,57,56,2058,75,1267,4989,3161467,78333682,0.00,0.00,0,0.4
47,04-idle-baseline,39850,39,57750,57,57,56,2058,75,729,5030,3161467,78333682,0.00,0.00,0,0.0
48,04-idle-baseline,39850,39,57500,57,57,56,2058,75,1267,5030,3161467,78333698,0.00,0.01,0,0.0
49,04-idle-baseline,39850,39,57531,57,57,56,2061,75,729,4989,3161467,78333698,0.00,0.00,0,0.0
50,04-idle-baseline,39850,39,57593,57,57,56,2061,75,1344,4989,3161467,78333818,0.00,0.06,0,0.0
51,04-idle-baseline,39850,39,57468,57,57,56,2058,75,1344,5030,3161467,78333818,0.00,0.00,0,0.0
52,04-idle-baseline,39850,39,57656,57,57,56,2057,75,1344,5030,3161467,78333818,0.00,0.00,0,0.0
53,04-idle-baseline,39850,39,57406,57,57,56,2058,75,1344,5030,3161467,78333826,0.00,0.00,0,0.0
54,04-idle-baseline,39850,39,57718,57,57,56,2060,75,1190,5030,3161467,78333826,0.00,0.00,0,0.0
55,04-idle-baseline,39850,39,57500,57,57,56,2058,75,1344,4989,3161467,78333938,0.00,0.06,0,0.0
56,04-idle-baseline,39850,39,57437,57,57,56,2058,75,1267,4989,3161467,78333946,0.00,0.00,0,0.4
57,04-idle-baseline,39850,39,57500,57,57,56,2058,75,1344,5030,3161467,78333946,0.00,0.00,0,0.0
58,04-idle-baseline,39850,39,57343,57,57,56,2057,75,729,5030,3161467,78333954,0.00,0.00,0,0.0
59,04-idle-baseline,39850,39,57468,57,57,56,2060,75,1190,5030,3161467,78333954,0.00,0.00,0,0.0
60,04-idle-baseline,39850,39,57468,57,57,56,2060,75,1344,5030,3161467,78334090,0.00,0.07,0,0.0
62,04-idle-baseline,39850,39,57562,57,57,56,2061,75,1267,4989,3161467,78334098,0.00,0.00,0,0.0
63,04-idle-baseline,39850,39,57406,57,57,56,2058,75,1497,4989,3161467,78334098,0.00,0.00,0,0.0
64,04-idle-baseline,39850,39,57625,57,57,56,2058,75,729,5030,3161467,78334114,0.00,0.01,0,0.0
65,04-idle-baseline,39850,39,57375,57,57,56,2058,75,1497,5030,3161467,78334114,0.00,0.00,0,0.0
66,04-idle-baseline,39850,39,57343,57,57,56,2056,75,1344,4989,3161467,78334258,0.00,0.07,0,0.0
67,04-idle-baseline,39850,39,57437,57,57,56,2060,75,1497,5030,3161467,78334258,0.00,0.00,0,0.0
68,04-idle-baseline,39850,39,57312,57,57,56,2061,75,1344,5030,3161467,78334258,0.00,0.00,0,0.0
69,04-idle-baseline,39850,39,57500,57,57,56,2060,75,729,5030,3161467,78334266,0.00,0.00,0,0.0
70,04-idle-baseline,39850,39,57343,57,57,56,2061,75,1267,5030,3161467,78334266,0.00,0.00,0,0.0
71,04-idle-baseline,39850,39,57406,57,57,56,2061,75,1344,5030,3161467,78334378,0.00,0.06,0,0.0
72,04-idle-baseline,39850,39,57687,57,57,56,2060,75,1344,4989,3161467,78334386,0.00,0.00,0,0.4
73,04-idle-baseline,39850,39,57437,57,57,56,2062,75,1267,5030,3161467,78334386,0.00,0.00,0,0.0
74,04-idle-baseline,39850,39,57250,57,57,56,2062,75,1344,4989,3161467,78334394,0.00,0.00,0,0.0
75,04-idle-baseline,39850,39,57281,57,57,56,2061,75,1267,4989,3161467,78334394,0.00,0.00,0,0.0
77,04-idle-baseline,39850,39,57937,57,57,56,2061,75,1344,5602,3161467,78334506,0.00,0.06,0,0.0
78,04-idle-baseline,39850,39,58187,58,58,56,2060,75,1344,5684,3161467,78334514,0.00,0.00,0,0.4
79,04-idle-baseline,39850,39,58093,58,58,56,2058,75,1267,5848,3161467,78334530,0.00,0.01,0,0.0
80,04-idle-baseline,39850,39,58093,58,57,56,2058,75,1344,5684,3161467,78334538,0.00,0.00,0,0.0
81,04-idle-baseline,39850,39,57687,57,57,56,2058,75,1497,5643,3161467,78334538,0.00,0.00,0,0.0
82,04-idle-baseline,39850,39,57875,57,57,56,2059,75,1497,5643,3161467,78335242,0.00,0.36,0,0.4
83,04-idle-baseline,39850,39,58093,58,58,56,2058,75,1267,5643,3161467,78335250,0.00,0.00,0,0.0
84,04-idle-baseline,39850,39,58000,58,58,56,2056,75,1267,5643,3161467,78335266,0.00,0.01,0,0.0
85,04-idle-baseline,39850,39,58250,58,58,56,2061,75,1344,5684,3161467,78335274,0.00,0.00,0,0.0
86,04-idle-baseline,39850,39,58093,58,58,56,2059,75,1267,5684,3161467,78335274,0.00,0.00,0,0.0
87,04-idle-baseline,39850,39,58281,58,58,56,2059,75,1344,5643,3161467,78336002,0.00,0.37,0,0.0
88,04-idle-baseline,39850,39,58156,58,58,56,2060,75,1344,5643,3161467,78336010,0.00,0.00,0,0.0
89,04-idle-baseline,39850,39,58156,58,58,56,2061,75,1267,5643,3161467,78336026,0.00,0.01,0,0.0
90,04-idle-baseline,39850,39,58125,58,58,56,2061,75,1267,5643,3161467,78336034,0.00,0.00,0,0.0
91,04-idle-baseline,39850,39,58187,58,58,56,2056,75,1344,5643,3161467,78336034,0.00,0.00,0,0.0
92,04-idle-baseline,39850,39,58187,58,58,56,2058,75,1344,5643,3161467,78336194,0.00,0.08,0,0.0
93,04-idle-baseline,39850,39,58062,58,58,56,2058,75,1497,5643,3161467,78336202,0.00,0.00,0,0.0
94,04-idle-baseline,39850,39,58250,58,58,56,2059,75,1267,5684,3161467,78336202,0.00,0.00,0,0.0
96,04-idle-baseline,39850,39,58156,58,58,56,2059,75,1267,5643,3161467,78336218,0.00,0.01,0,0.0
97,04-idle-baseline,39850,39,58437,58,58,56,2059,75,1267,5643,3161467,78336218,0.00,0.00,0,0.0
98,04-idle-baseline,39850,39,58250,58,58,56,2061,75,1344,5643,3161467,78336378,0.00,0.08,0,0.0
99,04-idle-baseline,39850,39,58000,58,58,56,2060,75,1344,5643,3161467,78336378,0.00,0.00,0,0.0
100,04-idle-baseline,39850,39,58375,58,58,56,2062,75,1267,5643,3161467,78336378,0.00,0.00,0,0.0
101,04-idle-baseline,39850,39,58218,58,58,56,2061,75,1267,5684,3161467,78336386,0.00,0.00,0,0.0
102,04-idle-baseline,39850,39,58187,58,58,56,2058,75,1267,5684,3161467,78336386,0.00,0.00,0,0.0
103,04-idle-baseline,39850,39,58156,58,58,56,2060,75,1344,5684,3161467,78336514,0.00,0.07,0,0.0
104,04-idle-baseline,39850,39,58437,58,58,56,2058,75,1420,6134,3161467,78336522,0.00,0.00,0,0.0
105,04-idle-baseline,39850,39,58437,58,58,56,2060,75,1344,5684,3161467,78336522,0.00,0.00,0,0.0
106,04-idle-baseline,39850,39,58187,58,58,56,2061,75,1497,5684,3161467,78336530,0.00,0.00,0,0.0
107,04-idle-baseline,39850,39,58218,58,58,56,2060,75,1267,5643,3161467,78336530,0.00,0.00,0,0.0
108,04-idle-baseline,39850,39,58437,58,58,56,2058,75,1267,5684,3161467,78337298,0.00,0.39,1,0.0
109,04-idle-baseline,39850,39,58250,58,58,56,2060,75,1344,5643,3161467,78337538,0.00,0.12,0,0.0
110,04-idle-baseline,39850,39,58531,58,58,56,2058,75,1267,5684,3161467,78337538,0.00,0.00,0,0.0
111,04-idle-baseline,39850,39,58343,58,58,56,2059,75,1344,5643,3161467,78337546,0.00,0.00,0,0.4
112,04-idle-baseline,39850,39,58375,58,58,56,2060,75,1267,5684,3161467,78337546,0.00,0.00,0,0.0
113,04-idle-baseline,39850,39,58250,58,58,56,2063,75,1497,5684,3161467,78338554,0.00,0.52,0,0.4
114,04-idle-baseline,39850,39,58531,58,58,56,2058,75,1344,5684,3161467,78338562,0.00,0.00,0,0.0
116,04-idle-baseline,39850,39,58281,58,58,56,2061,75,1497,5643,3161467,78338562,0.00,0.00,0,0.0
117,04-idle-baseline,39850,39,58218,58,58,56,2059,75,1267,5684,3161467,78338570,0.00,0.00,0,0.0
118,04-idle-baseline,39850,39,58468,58,58,56,2060,75,1344,5725,3161467,78338570,0.00,0.00,0,0.0
119,04-idle-baseline,39850,39,58375,58,58,56,2060,75,1267,5684,3161467,78339106,0.00,0.27,0,0.0
120,04-idle-baseline,39850,39,58281,58,58,56,2060,75,1344,5643,3161467,78339122,0.00,0.01,0,0.0
121,04-idle-baseline,39850,39,58468,58,58,56,2061,75,1497,5684,3161467,78339122,0.00,0.00,0,0.0
122,04-idle-baseline,39850,39,58312,58,58,56,2061,75,1267,5684,3161467,78339138,0.00,0.01,0,0.0
123,04-idle-baseline,39850,39,58531,58,58,56,2061,75,1267,5684,3161467,78339138,0.00,0.00,0,0.0
124,04-idle-baseline,39850,39,58375,58,58,56,2059,75,1267,5684,3161467,78339658,0.00,0.27,0,0.0
125,04-idle-baseline,39850,39,58343,58,58,56,2058,75,1344,5684,3161467,78339666,0.00,0.00,0,0.0
126,04-idle-baseline,39850,39,58531,58,58,56,2060,75,1267,5643,3161467,78339666,0.00,0.00,0,0.0
127,04-idle-baseline,39850,39,58375,58,58,56,2058,75,1267,5684,3161467,78339674,0.00,0.00,0,0.0
128,04-idle-baseline,39850,39,58250,58,58,56,2061,75,1497,5643,3161467,78339674,0.00,0.00,0,0.0
129,04-idle-baseline,39850,39,58000,58,58,56,2058,75,1497,5643,3161467,78339802,0.00,0.07,0,0.0
130,04-idle-baseline,39850,39,58093,58,58,56,2058,75,1497,5643,3161467,78339810,0.00,0.00,0,0.0
131,04-idle-baseline,39850,39,58000,58,58,56,2057,75,1497,5643,3161467,78339810,0.00,0.00,0,0.0
132,04-idle-baseline,39850,39,57843,57,57,56,2061,75,1344,5112,3161467,78339818,0.00,0.00,0,0.0
133,04-idle-baseline,39850,39,58093,58,58,56,2062,75,1036,5275,3161467,78339818,0.00,0.00,0,0.0
135,04-idle-baseline,39850,39,57687,57,57,56,2058,75,1420,5071,3161467,78340338,0.00,0.27,0,0.4
136,04-idle-baseline,39850,39,57625,57,57,56,2057,75,1113,5030,3161467,78340354,0.00,0.01,0,0.0
137,04-idle-baseline,39850,39,57750,57,57,56,2060,75,1267,5030,3161467,78340354,0.00,0.00,0,0.0
138,04-idle-baseline,39850,39,57781,57,57,56,2060,75,1344,5030,3161467,78340370,0.00,0.01,0,0.0
139,04-idle-baseline,39850,39,57875,57,57,56,2060,75,960,5030,3161467,78340386,0.00,0.01,0,0.0
140,04-idle-baseline,39850,39,57656,57,57,56,2058,75,1267,5030,3161467,78340946,0.00,0.29,0,0.0
141,04-idle-baseline,39850,39,57687,57,57,56,2059,75,1267,5030,3161467,78340954,0.00,0.00,0,0.4
142,04-idle-baseline,39850,39,57687,57,57,56,2061,75,1267,5030,3161467,78340954,0.00,0.00,0,0.0
143,04-idle-baseline,39850,39,57687,57,57,56,2058,75,1267,5030,3161467,78340962,0.00,0.00,0,0.0
144,04-idle-baseline,39850,39,57656,57,57,56,2059,75,729,5030,3161467,78340962,0.00,0.00,0,0.0
145,04-idle-baseline,39850,39,57625,57,57,56,2058,75,1344,5030,3161467,78341146,0.00,0.09,0,0.4
146,04-idle-baseline,39850,39,57937,57,57,56,2060,75,1267,5520,3161467,78341506,0.00,0.18,0,0.4
147,04-idle-baseline,39850,39,57687,57,57,56,2060,75,1267,5071,3161467,78341506,0.00,0.00,0,0.0
148,04-idle-baseline,39850,39,57875,57,57,56,2060,75,1267,5030,3161467,78341514,0.00,0.00,0,0.0
150,04-idle-baseline,39850,39,57687,57,57,56,2058,75,729,4989,3161467,78341514,0.00,0.00,0,0.0
151,04-idle-baseline,39850,39,57500,57,57,56,2060,75,1344,5030,3161467,78341514,0.00,0.00,0,0.0
152,04-idle-baseline,39850,39,57625,57,57,56,2058,75,729,4989,3161467,78342050,0.00,0.27,0,0.4
153,04-idle-baseline,39850,39,57687,57,57,56,2060,75,1497,5030,3161467,78342050,0.00,0.00,0,0.0
154,04-idle-baseline,39850,39,57687,57,57,56,2060,75,1036,4989,3161467,78342058,0.00,0.00,0,0.0
155,04-idle-baseline,39850,39,57656,57,57,56,2058,75,1267,4989,3161467,78342058,0.00,0.00,0,0.0
156,04-idle-baseline,39850,39,57562,57,57,56,2058,75,729,5030,3161467,78342578,0.00,0.27,1,0.4
157,04-idle-baseline,39850,39,57750,57,57,56,2060,75,1344,5030,3161467,78342586,0.00,0.00,0,0.0
158,04-idle-baseline,39850,39,57593,57,57,56,2061,75,1344,5030,3161467,78342586,0.00,0.00,0,0.0
159,04-idle-baseline,39850,39,57531,57,57,56,2059,75,1344,5030,3161467,78342594,0.00,0.00,0,0.0
160,04-idle-baseline,39850,39,57656,57,57,56,2061,75,1267,5030,3161467,78342594,0.00,0.00,0,0.0
161,04-idle-baseline,39850,39,57656,57,57,56,2058,75,1344,5030,3161467,78342722,0.00,0.07,0,0.0
162,04-idle-baseline,39850,39,57593,57,57,56,2061,75,1267,5030,3161467,78342730,0.00,0.00,0,0.4
163,04-idle-baseline,39850,39,57406,57,57,56,2060,75,1267,5030,3161467,78342730,0.00,0.00,0,0.0
165,04-idle-baseline,39850,39,57781,57,57,56,2061,75,1036,5030,3161467,78342738,0.00,0.00,0,0.0
166,04-idle-baseline,39850,39,57500,57,57,56,2060,75,729,5030,3161467,78342738,0.00,0.00,0,0.0
167,04-idle-baseline,39850,39,57687,57,57,56,2061,75,729,5030,3161467,78342858,0.00,0.06,0,0.0
168,04-idle-baseline,39850,39,57437,57,57,56,2058,75,960,5030,3161467,78342858,0.00,0.00,0,0.0
169,04-idle-baseline,39850,39,57625,57,57,56,2057,75,1344,5030,3161467,78342858,0.00,0.00,0,0.0
170,04-idle-baseline,39850,39,57562,57,57,56,2058,75,1267,5030,3161467,78342866,0.00,0.00,0,0.0
171,04-idle-baseline,39850,39,57625,57,57,56,2058,75,1344,5030,3161467,78342866,0.00,0.00,0,0.0
172,04-idle-baseline,39850,39,57500,57,57,56,2060,75,1267,5030,3161467,78342970,0.00,0.05,0,0.0
173,04-idle-baseline,39850,39,57687,57,57,56,2058,75,729,5030,3161467,78342978,0.00,0.00,0,0.4
174,04-idle-baseline,39850,39,57687,57,57,56,2060,75,1267,4989,3161467,78342978,0.00,0.00,0,0.0
175,04-idle-baseline,39850,39,57531,57,57,56,2061,75,1344,5030,3161467,78342986,0.00,0.00,0,0.0
176,04-idle-baseline,39850,39,57500,57,57,56,2061,75,729,4989,3161467,78342994,0.00,0.00,0,0.0
177,04-idle-baseline,39850,39,57375,57,57,56,2059,75,1497,5030,3161467,78343090,0.00,0.05,1,0.0
178,04-idle-baseline,39850,39,57687,57,57,56,2060,75,1497,5030,3161467,78343098,0.00,0.00,0,0.4
179,04-idle-baseline,39850,39,57656,57,57,56,2058,75,729,5030,3161467,78343098,0.00,0.00,0,0.0
181,04-idle-baseline,39850,39,57468,57,57,56,2060,75,1497,4989,3161467,78343106,0.00,0.00,0,0.0
182,04-idle-baseline,39850,39,57437,57,57,56,2060,75,1344,5030,3161467,78343106,0.00,0.00,0,0.0
183,04-idle-baseline,39850,39,57437,57,57,56,2060,75,1497,4989,3161467,78343218,0.00,0.06,0,0.0
184,04-idle-baseline,39850,39,57437,57,57,56,2062,75,1344,5030,3161467,78343226,0.00,0.00,0,0.0
185,04-idle-baseline,39850,39,57437,57,57,56,2061,75,1267,4989,3161467,78343226,0.00,0.00,0,0.0
186,04-idle-baseline,39850,39,57375,57,57,56,2061,75,1267,5030,3161467,78343242,0.00,0.01,0,0.0
187,04-idle-baseline,39850,39,57468,57,57,56,2062,75,1267,5030,3161467,78343242,0.00,0.00,0,0.0
188,04-idle-baseline,39850,39,57406,57,57,56,2059,75,1267,5030,3161467,78343378,0.00,0.07,1,0.0
189,04-idle-baseline,39850,39,57406,57,57,56,2062,75,1267,4989,3161467,78343386,0.00,0.00,0,0.0
190,04-idle-baseline,39850,39,57531,57,57,56,2061,75,1344,4989,3161467,78343386,0.00,0.00,0,0.0
191,04-idle-baseline,39850,39,57500,57,57,56,2061,75,1267,5030,3161467,78343410,0.00,0.01,0,0.0
192,04-idle-baseline,39850,39,57687,57,57,56,2060,75,1267,4989,3161467,78343410,0.00,0.00,0,0.0
193,04-idle-baseline,39850,39,57468,57,57,56,2062,75,1267,4989,3161467,78343546,0.00,0.07,0,0.0
194,04-idle-baseline,39850,39,57375,57,57,56,2061,75,1497,4989,3161467,78343554,0.00,0.00,0,0.0
196,04-idle-baseline,39850,39,57468,57,57,56,2061,75,1497,5030,3161467,78343554,0.00,0.00,0,0.0
197,04-idle-baseline,39850,39,57718,57,57,56,2061,75,1497,5602,3161467,78343562,0.00,0.00,0,0.0
198,04-idle-baseline,39850,39,57687,57,57,56,2061,75,1497,5643,3161467,78343562,0.00,0.00,0,0.0
199,04-idle-baseline,39850,39,57843,57,57,56,2061,75,1497,5684,3161467,78343770,0.00,0.11,0,0.4
200,04-idle-baseline,39850,39,57718,57,57,56,2059,75,1497,5643,3161467,78343770,0.00,0.00,0,0.0
201,04-idle-baseline,39850,39,57812,57,57,56,2059,75,1497,5643,3161467,78343770,0.00,0.00,0,0.0
202,04-idle-baseline,39850,39,57687,57,57,56,2058,75,1497,5643,3161467,78343778,0.00,0.00,0,0.0
203,04-idle-baseline,39850,39,58343,58,58,56,2059,75,1497,5643,3161467,78343778,0.00,0.00,0,0.0
204,04-idle-baseline,39850,39,58093,58,58,56,2059,75,1497,5643,3161467,78343866,0.00,0.05,0,0.0
205,04-idle-baseline,39850,39,58062,58,58,56,2059,75,1267,5684,3161467,78343874,0.00,0.00,0,0.0
206,04-idle-baseline,39850,39,58281,58,58,56,2059,75,1497,5643,3161467,78343874,0.00,0.00,0,0.0
207,04-idle-baseline,39850,39,58218,58,58,56,2058,75,1344,5684,3161467,78343882,0.00,0.00,0,0.0
208,04-idle-baseline,39850,39,58125,58,58,56,2059,75,1267,5643,3161467,78343882,0.00,0.00,0,0.0
209,04-idle-baseline,39850,39,58187,58,58,56,2059,75,1267,5643,3161467,78343986,0.00,0.05,0,0.0
210,04-idle-baseline,39850,39,58156,58,58,56,2058,75,1497,5643,3161467,78343994,0.00,0.00,0,0.0
211,04-idle-baseline,39850,39,58375,58,58,56,2060,75,1420,5643,3161467,78343994,0.00,0.00,0,0.0
212,04-idle-baseline,39850,39,58281,58,58,56,2061,75,1420,5643,3161467,78344002,0.00,0.00,0,0.0
213,04-idle-baseline,39850,39,58125,58,58,56,2060,75,1267,5643,3161467,78344002,0.00,0.00,0,0.0
215,04-idle-baseline,39850,39,58343,58,58,56,2061,75,1344,5643,3161467,78344186,0.00,0.09,0,0.4
216,04-idle-baseline,39850,39,58437,58,58,56,2059,75,1344,5643,3161467,78344186,0.00,0.00,0,0.0
217,04-idle-baseline,39850,39,58250,58,58,56,2060,75,1497,5643,3161467,78344186,0.00,0.00,0,0.0
218,04-idle-baseline,39850,39,58218,58,58,56,2059,75,1497,5684,3161467,78344194,0.00,0.00,0,0.0
219,04-idle-baseline,39850,39,58437,58,58,56,2061,75,1497,5684,3161467,78344194,0.00,0.00,0,0.0
220,04-idle-baseline,39850,39,58187,58,58,56,2059,75,1344,5684,3161467,78344306,0.00,0.06,0,0.0
221,04-idle-baseline,39850,39,58562,58,58,56,2056,75,1344,5684,3161467,78344306,0.00,0.00,0,0.0
222,04-idle-baseline,39850,39,58250,58,58,56,2058,75,1344,5684,3161467,78344306,0.00,0.00,0,0.0
223,04-idle-baseline,39850,39,58343,58,58,56,2059,75,1344,5684,3161467,78344314,0.00,0.00,0,0.4
224,04-idle-baseline,39850,39,58343,58,58,56,2056,75,1267,5684,3161467,78344314,0.00,0.00,0,0.0
225,04-idle-baseline,39850,39,58531,58,58,56,2058,75,1344,5684,3161467,78344434,0.00,0.06,0,0.0
226,04-idle-baseline,39850,39,58406,58,58,56,2059,75,1344,5643,3161467,78344442,0.00,0.00,0,0.4
227,04-idle-baseline,39850,39,58281,58,58,56,2056,75,1267,5684,3161467,78344442,0.00,0.00,0,0.0
228,04-idle-baseline,39850,39,58406,58,58,56,2059,75,1344,5643,3161467,78344458,0.00,0.01,0,0.0
229,04-idle-baseline,39850,39,58281,58,58,56,2059,75,1344,5684,3161467,78344458,0.00,0.00,0,0.0
230,04-idle-baseline,39850,39,58375,58,58,56,2058,75,1344,5684,3161467,78344570,0.00,0.06,0,0.0
231,04-idle-baseline,39850,39,58281,58,58,56,2056,75,1267,5684,3161467,78344578,0.00,0.00,0,0.4
232,04-idle-baseline,39850,39,58531,58,58,56,2061,75,1344,5684,3161467,78344578,0.00,0.00,0,0.0
233,04-idle-baseline,39850,39,58343,58,58,56,2060,75,1344,5643,3161467,78344586,0.00,0.00,0,0.0
235,04-idle-baseline,39850,39,58281,58,58,56,2059,75,1344,5643,3161467,78344586,0.00,0.00,0,0.0
236,04-idle-baseline,39850,39,58500,58,58,56,2060,75,1497,5684,3161467,78344698,0.00,0.06,0,0.0
237,04-idle-baseline,39850,39,58375,58,58,56,2056,75,1267,5643,3161467,78344706,0.00,0.00,0,0.0
238,04-idle-baseline,39850,39,58468,58,58,56,2061,75,1344,5684,3161467,78344706,0.00,0.00,0,0.0
239,04-idle-baseline,39850,39,58281,58,58,56,2060,75,1344,5684,3161467,78344714,0.00,0.00,0,0.0
240,04-idle-baseline,39850,39,58437,58,58,56,2059,75,1344,5643,3161467,78344714,0.00,0.00,0,0.0
241,04-idle-baseline,39850,39,58312,58,58,56,2060,75,1267,5643,3161467,78344826,0.00,0.06,0,0.0
242,04-idle-baseline,39850,39,58500,58,58,56,2060,75,1344,5643,3161467,78344834,0.00,0.00,0,0.4
243,04-idle-baseline,39850,39,58500,58,58,56,2060,75,1497,5684,3161467,78344834,0.00,0.00,0,0.0
244,04-idle-baseline,39850,39,58312,58,58,56,2058,75,1267,5684,3161467,78344842,0.00,0.00,0,0.0
245,04-idle-baseline,39850,39,58562,58,58,56,2056,75,1344,5643,3161467,78344842,0.00,0.00,0,0.0
246,04-idle-baseline,39850,39,58375,58,58,56,2061,75,1344,5643,3161467,78344954,0.00,0.06,0,0.0
247,04-idle-baseline,39850,39,58718,58,58,56,2060,75,1267,5929,3161467,78344962,0.00,0.00,0,0.0
248,04-idle-baseline,39850,39,58531,58,58,56,2060,75,1344,5684,3161467,78344962,0.00,0.00,0,0.0
249,04-idle-baseline,39850,39,58593,58,58,56,2060,75,1344,5643,3161467,78344970,0.00,0.00,0,0.0
250,04-idle-baseline,39850,39,58468,58,58,56,2062,75,1497,5684,3161467,78344970,0.00,0.00,0,0.0
251,04-idle-baseline,39850,39,58625,58,58,56,2062,75,1267,5684,3161467,78345954,0.00,0.50,0,0.4
252,04-idle-baseline,39850,39,57687,57,57,56,2059,75,1344,5071,3161467,78345954,0.00,0.00,0,0.0
254,04-idle-baseline,39850,39,57875,57,57,56,2061,75,1344,5030,3161467,78345954,0.00,0.00,0,0.0
255,04-idle-baseline,39850,39,57812,57,57,56,2060,75,1344,5030,3161467,78345962,0.00,0.00,0,0.0
256,04-idle-baseline,39850,39,57875,57,57,56,2061,75,1267,5030,3161467,78345962,0.00,0.00,0,0.0
257,04-idle-baseline,39850,39,57750,57,57,56,2061,75,1036,5071,3161467,78346090,0.00,0.07,0,0.0
258,04-idle-baseline,39850,39,57812,57,57,56,2060,75,1344,5030,3161467,78346090,0.00,0.00,0,0.0
259,04-idle-baseline,39850,39,57625,57,57,56,2061,75,1267,5030,3161467,78346106,0.00,0.01,0,0.0
260,04-idle-baseline,39850,39,57937,57,57,56,2059,75,1344,4989,3161467,78346114,0.00,0.00,0,0.0
261,04-idle-baseline,39850,39,57687,57,57,56,2061,75,1497,4989,3161467,78346114,0.00,0.00,0,0.0
262,04-idle-baseline,39850,39,57656,57,57,56,2059,75,1267,5030,3161467,78346258,0.00,0.07,0,0.0
263,04-idle-baseline,39850,39,57718,57,57,56,2061,75,729,5030,3161467,78346266,0.00,0.00,0,0.4
264,04-idle-baseline,39850,39,57593,57,57,56,2061,75,1497,4989,3161467,78346266,0.00,0.00,0,0.0
265,04-idle-baseline,39850,39,57750,57,57,56,2059,75,729,5030,3161467,78346274,0.00,0.00,0,0.0
266,04-idle-baseline,39850,39,57687,57,57,56,2061,75,729,5030,3161467,78346274,0.00,0.00,0,0.0
267,04-idle-baseline,39850,39,57656,57,57,56,2059,75,1267,4989,3161467,78346394,0.00,0.06,1,0.0
269,04-idle-baseline,39850,39,57687,57,57,56,2059,75,1344,5030,3161467,78346402,0.00,0.00,0,0.0
270,04-idle-baseline,39850,39,57656,57,58,56,2061,75,729,4989,3161467,78346402,0.00,0.00,0,0.0
271,04-idle-baseline,39850,39,57531,57,57,56,2059,75,1036,4989,3161467,78346410,0.00,0.00,0,0.0
272,04-idle-baseline,39850,39,57718,57,57,56,2060,75,1344,5030,3161467,78346410,0.00,0.00,0,0.0
273,04-idle-baseline,39850,39,57468,57,57,56,2060,75,1267,4989,3161467,78346522,0.00,0.06,0,0.0
274,04-idle-baseline,39850,39,57718,57,57,56,2061,75,1497,5030,3161467,78346522,0.00,0.00,0,0.0
275,04-idle-baseline,39850,39,57562,57,57,56,2060,75,729,5030,3161467,78346522,0.00,0.00,0,0.0
276,04-idle-baseline,39850,39,57718,57,57,56,2061,75,1497,5030,3161467,78346538,0.00,0.01,0,0.0
277,04-idle-baseline,39850,39,57593,57,57,56,2057,75,1267,5030,3161467,78346538,0.00,0.00,0,0.0
278,04-idle-baseline,39850,39,57625,57,57,56,2060,75,729,5030,3161467,78346666,0.00,0.07,1,0.4
279,04-idle-baseline,39850,39,57531,57,57,56,2060,75,1267,5030,3161467,78346682,0.00,0.01,0,0.0
280,04-idle-baseline,39850,39,57625,57,57,56,2060,75,729,5030,3161467,78346682,0.00,0.00,0,0.0
281,04-idle-baseline,39850,39,57593,57,57,56,2060,75,1344,4989,3161467,78346690,0.00,0.00,0,0.0
282,04-idle-baseline,39850,39,57625,57,57,56,2059,75,729,4989,3161467,78346690,0.00,0.00,0,0.0
284,04-idle-baseline,39850,39,57656,57,57,56,2058,75,1036,4989,3161467,78346818,0.00,0.07,0,0.0
285,04-idle-baseline,39850,39,57562,57,57,56,2058,75,1267,5030,3161467,78346826,0.00,0.00,0,0.0
286,04-idle-baseline,39850,39,57531,57,57,56,2059,75,1344,4989,3161467,78346826,0.00,0.00,0,0.0
287,04-idle-baseline,39850,39,57562,57,57,56,2058,75,1267,5030,3161467,78346834,0.00,0.00,0,0.0
288,04-idle-baseline,39850,39,57468,57,57,56,2059,75,1267,5030,3161467,78346834,0.00,0.00,0,0.0
289,04-idle-baseline,39850,39,57562,57,57,56,2059,75,960,5030,3161467,78347026,0.00,0.10,0,0.4
290,04-idle-baseline,39850,39,57562,57,57,56,2059,75,1344,5030,3161467,78347034,0.00,0.00,0,0.0
291,04-idle-baseline,39850,39,57437,57,57,56,2059,75,1267,5030,3161467,78347034,0.00,0.00,0,0.0
292,04-idle-baseline,39850,39,57625,57,57,56,2059,75,1497,5030,3161467,78347042,0.00,0.00,0,0.0
293,04-idle-baseline,39850,39,57468,57,57,56,2059,75,1267,4989,3161467,78347042,0.00,0.00,0,0.0
294,04-idle-baseline,39850,39,57468,57,57,56,2062,75,1267,4989,3161467,78347130,0.00,0.05,0,0.0
295,04-idle-baseline,39850,39,57750,57,57,56,2056,75,729,4989,3161467,78347138,0.00,0.00,0,0.4
296,04-idle-baseline,39850,39,57406,57,57,56,2061,75,1344,4989,3161467,78347138,0.00,0.00,0,0.0
297,04-idle-baseline,39850,39,57375,57,57,56,2062,75,1267,5030,3161467,78347146,0.00,0.00,0,0.0
298,04-idle-baseline,39850,39,57437,57,57,56,2061,75,1344,4989,3161467,78347146,0.00,0.00,0,0.0
300,04-idle-baseline,39850,39,57625,57,57,56,2061,75,1344,5030,3161467,78347258,0.00,0.06,0,0.0
301,04-idle-baseline,39850,39,57437,57,57,56,2061,75,1267,5030,3161467,78347266,0.00,0.00,0,0.4
302,04-idle-baseline,39850,39,57531,57,57,56,2060,75,1267,4989,3161467,78347266,0.00,0.00,0,0.0
303,04-idle-baseline,39850,39,57437,57,57,56,2062,75,1267,4989,3161467,78347274,0.00,0.00,0,0.0
304,04-idle-baseline,39850,39,57687,57,57,56,2061,75,729,4989,3161467,78347274,0.00,0.00,0,0.0
305,04-idle-baseline,39850,39,57343,57,57,56,2060,75,1267,4989,3161467,78347386,0.00,0.06,0,0.0
306,04-idle-baseline,39850,39,57312,57,57,56,2061,75,1497,4989,3161467,78347394,0.00,0.00,0,0.4
307,04-idle-baseline,39850,39,57437,57,57,56,2064,75,1344,5030,3161467,78347394,0.00,0.00,0,0.0
308,04-idle-baseline,39850,39,57468,57,57,56,2061,75,1267,4989,3161467,78347402,0.00,0.00,0,0.0
309,04-idle-baseline,39850,39,57468,57,57,56,2061,75,1267,5030,3161467,78347402,0.00,0.00,0,0.0
310,04-idle-baseline,39850,39,57500,57,57,56,2059,75,729,4989,3161467,78347530,0.00,0.07,0,0.4
311,04-idle-baseline,39850,39,57437,57,57,56,2060,75,960,5030,3161467,78347530,0.00,0.00,0,0.0
312,04-idle-baseline,39850,39,57656,57,57,56,2059,75,1267,5030,3161467,78347530,0.00,0.00,0,0.0
313,04-idle-baseline,39850,39,57406,57,57,56,2061,75,729,4989,3161467,78347538,0.00,0.00,0,0.0
315,04-idle-baseline,39850,39,57406,57,57,56,2062,75,1267,5030,3161467,78347538,0.00,0.00,0,0.0
316,04-idle-baseline,39850,39,57812,57,57,56,2061,75,1344,5152,3161467,78347650,0.00,0.06,0,0.0
317,04-idle-baseline,39850,39,57937,57,57,56,2058,75,1497,5602,3161467,78347658,0.00,0.00,0,0.0
318,04-idle-baseline,39850,39,58156,58,58,56,2059,75,1267,5643,3161467,78347658,0.00,0.00,0,0.0
319,04-idle-baseline,39850,39,58156,58,58,56,2058,75,1497,5643,3161467,78347674,0.00,0.01,0,0.0
320,04-idle-baseline,39850,39,58156,58,58,56,2059,75,1344,5643,3161467,78347674,0.00,0.00,0,0.0
321,04-idle-baseline,39850,39,58093,58,58,56,2061,75,1344,5684,3161467,78347786,0.00,0.06,0,0.0
322,04-idle-baseline,39850,39,58250,58,58,56,2059,75,1420,5684,3161467,78347794,0.00,0.00,0,0.4
323,04-idle-baseline,39850,39,58281,58,58,56,2062,75,1267,5643,3161467,78347794,0.00,0.00,0,0.0
324,04-idle-baseline,39850,39,58000,58,58,56,2061,75,1267,5643,3161467,78347794,0.00,0.00,0,0.0
325,04-idle-baseline,39850,39,58062,58,58,56,2060,75,1497,5684,3161467,78347802,0.00,0.00,0,0.0
326,04-idle-baseline,39850,39,58218,58,58,56,2061,75,1267,5684,3161467,78347938,0.00,0.07,0,0.0
327,04-idle-baseline,39850,39,58187,58,58,56,2061,75,1344,5684,3161467,78347946,0.00,0.00,0,0.4
328,04-idle-baseline,39850,39,58125,58,58,56,2060,75,1267,5684,3161467,78347946,0.00,0.00,0,0.0
329,04-idle-baseline,39850,39,58156,58,58,56,2063,75,1267,5643,3161467,78347954,0.00,0.00,0,0.0
330,04-idle-baseline,39850,39,58250,58,58,56,2061,75,1267,5684,3161467,78347954,0.00,0.00,0,0.0
331,04-idle-baseline,39850,39,58312,58,58,56,2061,75,1267,5684,3161467,78348162,0.00,0.11,0,0.4
332,04-idle-baseline,39850,39,58031,58,58,56,2061,75,1267,5643,3161467,78348162,0.00,0.00,0,0.0
334,04-idle-baseline,39850,39,58156,58,58,56,2060,75,1267,5643,3161467,78348162,0.00,0.00,0,0.0
335,04-idle-baseline,39850,39,58250,58,58,56,2061,75,1497,5684,3161467,78348170,0.00,0.00,0,0.0
336,04-idle-baseline,39850,39,58093,58,58,56,2058,75,1497,5643,3161467,78348170,0.00,0.00,0,0.0
337,04-idle-baseline,39850,39,58375,58,58,56,2061,75,1267,5684,3161467,78348274,0.00,0.05,0,0.0
338,04-idle-baseline,39850,39,58218,58,58,56,2058,75,1344,5684,3161467,78348274,0.00,0.00,0,0.0
339,04-idle-baseline,39850,39,58281,58,58,56,2060,75,1344,5684,3161467,78348274,0.00,0.00,0,0.0
340,04-idle-baseline,39850,39,58187,58,58,56,2058,75,1344,5684,3161467,78348282,0.00,0.00,0,0.0
341,04-idle-baseline,39850,39,58406,58,58,56,2060,75,1344,5684,3161467,78348282,0.00,0.00,0,0.0
342,04-idle-baseline,39850,39,58281,58,58,56,2060,75,1497,5684,3161467,78348394,0.00,0.06,0,0.4
343,04-idle-baseline,39850,39,58187,58,58,56,2060,75,1497,5684,3161467,78348402,0.00,0.00,0,0.0
344,04-idle-baseline,39850,39,58406,58,58,56,2061,75,1497,5684,3161467,78348402,0.00,0.00,0,0.0
345,04-idle-baseline,39850,39,58187,58,58,56,2060,75,1344,5684,3161467,78348410,0.00,0.00,0,0.0
346,04-idle-baseline,39850,39,58187,58,58,56,2057,75,1497,5684,3161467,78348410,0.00,0.00,0,0.0
347,04-idle-baseline,39850,39,58468,58,58,56,2058,75,1497,6175,3161467,78348970,0.00,0.29,0,0.4
348,04-idle-baseline,39850,39,58343,58,58,56,2058,75,1267,5725,3161467,78348970,0.00,0.00,0,0.0
349,04-idle-baseline,39850,39,58218,58,58,56,2060,75,1344,5684,3161467,78348970,0.00,0.00,0,0.0
350,04-idle-baseline,39850,39,58500,58,58,56,2058,75,1267,5643,3161467,78348978,0.00,0.00,0,0.0
351,04-idle-baseline,39850,39,58281,58,58,56,2062,75,1344,5643,3161467,78348978,0.00,0.00,0,0.0
353,04-idle-baseline,39850,39,58281,58,58,56,2058,75,1344,5643,3161467,78349506,0.00,0.27,0,0.0
354,04-idle-baseline,39850,39,58406,58,58,56,2058,75,1267,5643,3161467,78349514,0.00,0.00,0,0.0
355,04-idle-baseline,39850,39,58218,58,58,56,2058,75,1267,5643,3161467,78349514,0.00,0.00,0,0.0
356,04-idle-baseline,39850,39,58187,58,58,56,2059,75,1344,5643,3161467,78349522,0.00,0.00,0,0.0
357,04-idle-baseline,39850,39,58406,58,58,56,2059,75,1497,5684,3161467,78349522,0.00,0.00,0,0.0
358,04-idle-baseline,39850,39,58343,58,58,56,2058,75,1267,5684,3161467,78350034,0.00,0.26,0,0.0
359,04-idle-baseline,39850,39,58500,58,58,56,2058,75,1267,5684,3161467,78350050,0.00,0.01,0,0.0
360,04-idle-baseline,39850,39,58312,58,58,56,2061,75,1344,5684,3161467,78350050,0.00,0.00,0,0.0
361,04-idle-baseline,39850,39,58281,58,58,56,2059,75,1497,5684,3161467,78350058,0.00,0.00,0,0.0
362,04-idle-baseline,39850,39,58343,58,58,56,2061,75,1267,5684,3161467,78350058,0.00,0.00,0,0.0
363,04-idle-baseline,39850,39,58343,58,58,56,2060,75,1344,5684,3161467,78350194,0.00,0.07,0,0.4
364,04-idle-baseline,39850,39,58343,58,58,56,2061,75,1344,5643,3161467,78350194,0.00,0.00,0,0.0
365,04-idle-baseline,39850,39,58343,58,58,56,2063,75,1344,5684,3161467,78350194,0.00,0.00,0,0.0
366,04-idle-baseline,39850,39,58468,58,58,56,2061,75,1267,5643,3161467,78350210,0.00,0.01,0,0.0
367,04-idle-baseline,39850,39,58375,58,58,56,2060,75,1267,5643,3161467,78350210,0.00,0.00,0,0.0
368,04-idle-baseline,39850,39,58593,58,58,56,2060,75,1344,5643,3161467,78350362,0.00,0.08,0,0.0
369,04-idle-baseline,39850,39,58343,58,58,56,2062,75,1267,5643,3161467,78350362,0.00,0.00,0,0.0
370,04-idle-baseline,39850,39,58437,58,58,56,2063,75,1267,5684,3161467,78350362,0.00,0.00,0,0.0
372,04-idle-baseline,39850,39,58375,58,58,56,2062,75,1267,5643,3161467,78350370,0.00,0.00,0,0.0
373,04-idle-baseline,39850,39,57656,57,57,56,2062,75,1344,5071,3161467,78350370,0.00,0.00,0,0.0
374,04-idle-baseline,39850,39,57875,57,57,56,2062,75,1190,5030,3161467,78350498,0.00,0.07,0,0.0
375,04-idle-baseline,39850,39,57750,57,57,56,2061,75,1497,5030,3161467,78350506,0.00,0.00,0,0.4
376,04-idle-baseline,39850,39,57625,57,57,56,2061,75,1344,5030,3161467,78350506,0.00,0.00,0,0.0
377,04-idle-baseline,39850,39,57718,57,57,56,2060,75,1267,5030,3161467,78350514,0.00,0.00,0,0.0
378,04-idle-baseline,39850,39,57687,57,57,56,2061,75,1420,4989,3161467,78350514,0.00,0.00,0,0.0
379,04-idle-baseline,39850,39,57687,57,57,56,2061,75,729,5030,3161467,78350658,0.00,0.07,0,0.4
380,04-idle-baseline,39850,39,57687,57,57,56,2063,75,1344,4989,3161467,78350658,0.00,0.00,0,0.0
381,04-idle-baseline,39850,39,57781,57,57,56,2062,75,1267,5030,3161467,78350658,0.00,0.00,0,0.0
382,04-idle-baseline,39850,39,57781,57,57,56,2061,75,1344,5030,3161467,78350666,0.00,0.00,0,0.0
383,04-idle-baseline,39850,39,57687,57,57,56,2061,75,1497,4989,3161467,78350666,0.00,0.00,0,0.0
384,04-idle-baseline,39850,39,57593,57,57,56,2057,75,1344,5030,3161467,78350786,0.00,0.06,0,0.0
385,04-idle-baseline,39850,39,57687,57,57,56,2061,75,1267,5030,3161467,78350794,0.00,0.00,0,0.4
387,04-idle-baseline,39850,39,57531,57,57,56,2062,75,729,5030,3161467,78350794,0.00,0.00,0,0.0
388,04-idle-baseline,39850,39,57625,57,57,56,2062,75,1344,5030,3161467,78350802,0.00,0.00,0,0.0
389,04-idle-baseline,39850,39,57593,57,57,56,2061,75,1344,5030,3161467,78350802,0.00,0.00,0,0.0
390,04-idle-baseline,39850,39,57750,57,57,56,2062,75,1344,5030,3161467,78351002,0.00,0.10,0,0.4
391,04-idle-baseline,39850,39,57531,57,57,56,2060,75,960,5030,3161467,78351002,0.00,0.00,0,0.0
392,04-idle-baseline,39850,39,57656,57,57,56,2061,75,1267,5030,3161467,78351002,0.00,0.00,0,0.0
393,04-idle-baseline,39850,39,57406,57,57,56,2061,75,1267,5030,3161467,78351010,0.00,0.00,0,0.0
394,04-idle-baseline,39850,39,57562,57,57,56,2060,75,1267,4989,3161467,78351010,0.00,0.00,0,0.0
395,04-idle-baseline,39850,39,57531,57,57,56,2062,75,1497,5030,3161467,78351122,0.00,0.06,0,0.4
396,04-idle-baseline,39850,39,57593,57,57,56,2062,75,1497,4989,3161467,78351122,0.00,0.00,0,0.0
397,04-idle-baseline,39850,39,57468,57,57,56,2062,75,1344,4989,3161467,78351122,0.00,0.00,0,0.0
398,04-idle-baseline,39850,39,57625,57,57,56,2062,75,729,5030,3161467,78351130,0.00,0.00,0,0.0
399,04-idle-baseline,39850,39,57406,57,57,56,2061,75,729,5030,3161467,78351130,0.00,0.00,0,0.0
400,04-idle-baseline,39850,39,57625,57,57,56,2058,75,1344,5030,3161467,78351250,0.00,0.06,0,0.4
401,04-idle-baseline,39850,39,57750,57,57,56,2061,75,1267,4989,3161467,78351250,0.00,0.00,0,0.0
403,04-idle-baseline,39850,39,57500,57,57,56,2061,75,960,5030,3161467,78351250,0.00,0.00,0,0.0
404,04-idle-baseline,39850,39,57281,57,57,56,2061,75,1267,5030,3161467,78351258,0.00,0.00,0,0.0
405,04-idle-baseline,39850,39,57500,57,57,56,2061,75,960,5030,3161467,78351258,0.00,0.00,0,0.0
406,04-idle-baseline,39850,39,57468,57,57,56,2061,75,729,4989,3161467,78351378,0.00,0.06,0,0.0
407,04-idle-baseline,39850,39,57500,57,57,56,2060,75,1267,5030,3161467,78351378,0.00,0.00,0,0.0
408,04-idle-baseline,39850,39,57656,57,57,56,2060,75,729,4989,3161467,78351378,0.00,0.00,0,0.0
409,04-idle-baseline,39850,39,57406,57,57,56,2060,75,729,4989,3161467,78351394,0.00,0.01,0,0.0
410,04-idle-baseline,39850,39,57687,57,57,56,2061,75,729,5030,3161467,78351394,0.00,0.00,0,0.0
411,04-idle-baseline,39850,39,57468,57,57,56,2061,75,1497,5030,3161467,78351514,0.00,0.06,0,0.4
412,04-idle-baseline,39850,39,57343,57,57,56,2063,75,729,4989,3161467,78351514,0.00,0.00,0,0.0
413,04-idle-baseline,39850,39,57531,57,57,56,2064,75,1267,4989,3161467,78351514,0.00,0.00,0,0.0
414,04-idle-baseline,39850,39,57406,57,57,56,2061,75,960,5030,3161467,78351522,0.00,0.00,0,0.0
415,04-idle-baseline,39850,39,57500,57,57,56,2061,75,729,4989,3161467,78351522,0.00,0.00,0,0.0
416,04-idle-baseline,39850,39,57312,57,57,56,2064,75,1267,4989,3161467,78351634,0.00,0.06,0,0.0
418,04-idle-baseline,39850,39,57625,57,57,56,2064,75,1344,5030,3161467,78351642,0.00,0.00,0,0.0
419,04-idle-baseline,39850,39,57375,57,57,56,2062,75,960,5030,3161467,78351642,0.00,0.00,0,0.0
420,04-idle-baseline,39850,39,57281,57,57,56,2061,75,1267,4989,3161467,78351650,0.00,0.00,0,0.0
421,04-idle-baseline,39850,39,57406,57,57,56,2061,75,729,4989,3161467,78351650,0.00,0.00,0,0.0
422,04-idle-baseline,39850,39,57343,57,57,56,2061,75,1267,4989,3161467,78351770,0.00,0.06,0,0.0
423,04-idle-baseline,39850,39,57437,57,57,56,2061,75,1344,4989,3161467,78351770,0.00,0.00,0,0.0
424,04-idle-baseline,39850,39,57312,57,57,55,2058,75,1497,4989,3161467,78351770,0.00,0.00,0,0.0
425,04-idle-baseline,39850,39,57562,57,57,56,2061,75,1344,4989,3161467,78351778,0.00,0.00,0,0.0
426,04-idle-baseline,39850,39,57343,57,57,56,2062,75,729,4989,3161467,78351778,0.00,0.00,0,0.0
427,04-idle-baseline,39850,39,57218,57,57,56,2062,75,1267,4989,3161467,78351890,0.00,0.06,0,0.0
428,04-idle-baseline,39850,39,57375,57,57,56,2064,75,729,5030,3161467,78351898,0.00,0.00,0,0.4
429,04-idle-baseline,39850,39,57250,57,57,55,2061,75,729,5030,3161467,78351898,0.00,0.00,0,0.0
430,04-idle-baseline,39850,39,57281,57,57,56,2061,75,1267,4989,3161467,78351922,0.00,0.01,0,0.0
431,04-idle-baseline,39850,39,57218,57,57,56,2061,75,1344,4989,3161467,78351922,0.00,0.00,0,0.0
432,04-idle-baseline,39850,39,57437,57,57,56,2060,75,1267,5030,3161467,78352050,0.00,0.07,1,0.0
434,04-idle-baseline,39850,39,57468,57,57,55,2061,75,729,4989,3161467,78352058,0.00,0.00,0,0.0
435,04-idle-baseline,39850,39,57312,57,57,55,2059,75,1344,5030,3161467,78352058,0.00,0.00,0,0.0
436,04-idle-baseline,39850,39,57843,57,57,55,2059,75,1267,5234,3161467,78352066,0.00,0.00,0,0.0
437,04-idle-baseline,39850,39,57906,57,58,56,2058,75,1344,5602,3161467,78352066,0.00,0.00,0,0.0
438,04-idle-baseline,39850,39,58156,58,57,56,2060,75,1344,5643,3161467,78352210,0.00,0.07,0,0.4
439,04-idle-baseline,39850,39,57937,57,58,56,2061,75,1344,5643,3161467,78352210,0.00,0.00,0,0.0
440,04-idle-baseline,39850,39,58218,58,58,56,2060,75,1497,5684,3161467,78352210,0.00,0.00,0,0.0
441,04-idle-baseline,39850,39,58093,58,58,56,2062,75,1344,5643,3161467,78352218,0.00,0.00,0,0.0
442,04-idle-baseline,39850,39,57937,57,58,56,2061,75,1267,5643,3161467,78352218,0.00,0.00,0,0.0
443,04-idle-baseline,39850,39,58156,58,58,56,2059,75,1267,5643,3161467,78352314,0.00,0.05,0,0.0
444,04-idle-baseline,39850,39,58000,58,58,56,2058,75,1267,5684,3161467,78352322,0.00,0.00,0,0.4
445,04-idle-baseline,39850,39,58031,58,58,56,2062,75,1344,5684,3161467,78352322,0.00,0.00,0,0.0
446,04-idle-baseline,39850,39,58187,58,58,56,2062,75,1267,5684,3161467,78352330,0.00,0.00,0,0.0
447,04-idle-baseline,39850,39,58093,58,58,56,2060,75,1344,5684,3161467,78352330,0.00,0.00,0,0.0
448,04-idle-baseline,39850,39,58156,58,58,56,2062,75,1344,5970,3161467,78352738,0.00,0.21,0,0.4
449,04-idle-baseline,39850,39,58093,58,58,56,2062,75,1267,5684,3161467,78352738,0.00,0.00,0,0.0
450,04-idle-baseline,39850,39,58031,58,58,56,2062,75,1344,5643,3161467,78352738,0.00,0.00,0,0.0
452,04-idle-baseline,39850,39,58187,58,58,56,2062,75,1497,5643,3161467,78352746,0.00,0.00,0,0.0
453,04-idle-baseline,39850,39,58093,58,58,56,2062,75,1267,5684,3161467,78353282,0.00,0.27,0,0.4
454,04-idle-baseline,39850,39,58406,58,58,56,2062,75,1497,5643,3161467,78353282,0.00,0.00,0,0.0
455,04-idle-baseline,39850,39,58125,58,58,56,2058,75,1267,5643,3161467,78353282,0.00,0.00,0,0.0
456,04-idle-baseline,39850,39,58281,58,58,56,2059,75,1420,5684,3161467,78353282,0.00,0.00,0,0.0
457,04-idle-baseline,39850,39,58062,58,58,56,2061,75,1267,5684,3161467,78353298,0.00,0.01,0,0.0
458,04-idle-baseline,39850,39,58500,58,58,56,2062,75,1267,5684,3161467,78353962,0.00,0.34,0,0.4
459,04-idle-baseline,39850,39,58218,58,58,56,2062,75,1267,5684,3161467,78353962,0.00,0.00,0,0.0
460,04-idle-baseline,39850,39,58093,58,58,56,2061,75,1267,5684,3161467,78353962,0.00,0.00,0,0.0
461,04-idle-baseline,39850,39,58343,58,58,56,2060,75,1497,5684,3161467,78353970,0.00,0.00,0,0.0
462,04-idle-baseline,39850,39,58156,58,58,56,2062,75,1267,5684,3161467,78353978,0.00,0.00,0,0.0
463,04-idle-baseline,39850,39,58156,58,58,56,2061,75,1267,5684,3161467,78354082,0.00,0.05,1,0.0
464,04-idle-baseline,39850,39,58218,58,58,56,2059,75,1344,5684,3161467,78354090,0.00,0.00,0,0.4
465,04-idle-baseline,39850,39,58187,58,58,56,2064,75,1344,5684,3161467,78354090,0.00,0.00,0,0.0
466,04-idle-baseline,39850,39,58468,58,58,56,2061,75,1267,5684,3161467,78354090,0.00,0.00,0,0.0
467,04-idle-baseline,39850,39,58281,58,58,56,2061,75,1344,5684,3161467,78354098,0.00,0.00,0,0.0
468,04-idle-baseline,39850,39,58218,58,58,56,2061,75,1420,5684,3161467,78354202,0.00,0.05,0,0.0
469,04-idle-baseline,39850,39,58250,58,58,56,2061,75,1420,5684,3161467,78354210,0.00,0.00,0,0.4
471,04-idle-baseline,39850,39,58468,58,58,56,2060,75,1344,5643,3161467,78354210,0.00,0.00,0,0.0
472,04-idle-baseline,39850,39,58312,58,58,56,2059,75,1344,5643,3161467,78354210,0.00,0.00,0,0.0
473,04-idle-baseline,39850,39,58250,58,58,56,2060,75,1267,5643,3161467,78354218,0.00,0.00,0,0.0
474,04-idle-baseline,39850,39,58343,58,58,56,2061,75,1497,5684,3161467,78354322,0.00,0.05,0,0.0
475,04-idle-baseline,39850,39,58187,58,58,56,2057,75,1344,5643,3161467,78354322,0.00,0.00,0,0.0
476,04-idle-baseline,39850,39,58500,58,58,56,2061,75,1344,5684,3161467,78354322,0.00,0.00,0,0.0
477,04-idle-baseline,39850,39,58187,58,58,56,2058,75,1344,5684,3161467,78354322,0.00,0.00,0,0.0
478,04-idle-baseline,39850,39,58187,58,58,56,2061,75,1497,6052,3161467,78354330,0.00,0.00,0,0.0
479,04-idle-baseline,39850,39,58468,58,58,56,2057,75,1497,6492,3161467,78354930,0.00,0.31,0,0.0
480,04-idle-baseline,39850,39,58187,58,58,56,2060,75,1497,5889,3161467,78354930,0.00,0.00,0,0.0
481,04-idle-baseline,39850,39,58031,58,58,56,2061,75,1497,5684,3161467,78354930,0.00,0.00,0,0.0
482,04-idle-baseline,39850,39,57906,57,57,56,2058,75,1497,5643,3161467,78354938,0.00,0.00,0,0.0
483,04-idle-baseline,39850,39,58093,58,58,56,2061,75,1497,5766,3161467,78575562,0.00,112.96,0,12.0
484,04-idle-baseline,39850,39,58343,58,58,56,2063,75,1267,5684,3161467,78576234,0.00,0.34,0,0.0
485,04-idle-baseline,39850,39,58593,58,58,56,2063,75,1497,5684,3161467,78576850,0.00,0.32,0,0.4
486,04-idle-baseline,39850,39,58343,58,58,56,2061,75,1344,5684,3161467,78576850,0.00,0.00,0,0.0
487,04-idle-baseline,39850,39,58343,58,58,56,2063,75,1267,5684,3161467,78576850,0.00,0.00,0,0.0
488,04-idle-baseline,39850,39,58531,58,58,56,2060,75,1497,5684,3161467,78576858,0.00,0.00,0,0.0
490,04-idle-baseline,39850,39,58437,58,58,56,2058,75,1267,5643,3161467,78576946,0.00,0.05,0,0.0
491,04-idle-baseline,39850,39,58281,58,58,56,2060,75,1344,5684,3161467,78576954,0.00,0.00,0,0.0
492,04-idle-baseline,39850,39,58031,58,58,56,2063,75,1344,5520,3161467,78576954,0.00,0.00,0,0.0
493,04-idle-baseline,39850,39,57687,57,57,56,2061,75,729,5071,3161467,78576954,0.00,0.00,0,0.0
494,04-idle-baseline,39850,39,57656,57,57,56,2063,75,1036,5030,3161467,78576962,0.00,0.00,0,0.0
495,04-idle-baseline,39850,39,57906,57,57,56,2061,75,1267,5030,3161467,78577058,0.00,0.05,0,0.0
496,04-idle-baseline,39850,39,57687,57,57,56,2061,75,1267,4989,3161467,78577066,0.00,0.00,0,0.0
497,04-idle-baseline,39850,39,57718,57,57,56,2061,75,729,4989,3161467,78577066,0.00,0.00,0,0.0
498,04-idle-baseline,39850,39,57687,57,57,56,2063,75,960,5030,3161467,78577066,0.00,0.00,0,0.0
499,04-idle-baseline,39850,39,57718,57,57,56,2061,75,729,5030,3161467,78577074,0.00,0.00,0,0.0
500,04-idle-baseline,39850,39,57687,57,57,56,2060,75,883,5030,3161467,78577186,0.00,0.06,0,0.4
501,04-idle-baseline,39850,39,57750,57,57,56,2058,75,1036,5030,3161467,78577186,0.00,0.00,0,0.0
502,04-idle-baseline,39850,39,57500,57,57,56,2060,75,1267,5030,3161467,78577210,0.00,0.01,0,0.0
503,04-idle-baseline,39850,39,57593,57,57,56,2061,75,1497,5030,3161467,78577210,0.00,0.00,0,0.0
504,04-idle-baseline,39850,39,57781,57,57,56,2061,75,1267,5030,3161467,78577226,0.00,0.01,0,0.0
506,04-idle-baseline,39850,39,57687,57,57,56,2061,75,1036,5030,3161467,78577514,0.00,0.15,0,0.4
507,04-idle-baseline,39850,39,57468,57,57,56,2061,75,729,5030,3161467,78577514,0.00,0.00,0,0.0
508,04-idle-baseline,39850,39,57531,57,57,56,2062,75,1497,5030,3161467,78577514,0.00,0.00,0,0.0
509,04-idle-baseline,39850,39,57531,57,57,56,2062,75,729,5030,3161467,78577514,0.00,0.00,0,0.0
510,04-idle-baseline,39850,39,57500,57,57,56,2063,75,1267,5030,3161467,78577522,0.00,0.00,0,0.0
511,04-idle-baseline,39850,39,57718,57,57,56,2063,75,729,5030,3161467,78577626,0.00,0.05,0,0.0
512,04-idle-baseline,39850,39,57531,57,57,56,2062,75,960,4989,3161467,78577626,0.00,0.00,0,0.0
513,04-idle-baseline,39850,39,57718,57,57,56,2061,75,1267,5030,3161467,78577626,0.00,0.00,0,0.0
514,04-idle-baseline,39850,39,57531,57,57,56,2061,75,960,5030,3161467,78577626,0.00,0.00,0,0.0
515,04-idle-baseline,39850,39,57593,57,57,56,2061,75,729,4989,3161467,78577634,0.00,0.00,0,0.0
516,04-idle-baseline,39850,39,57500,57,57,56,2064,75,1267,4989,3161467,78577730,0.00,0.05,0,0.0
517,04-idle-baseline,39850,39,57468,57,57,56,2061,75,729,4989,3161467,78577738,0.00,0.00,0,0.4
518,04-idle-baseline,39850,39,57468,57,57,56,2060,75,729,5030,3161467,78577738,0.00,0.00,0,0.0
519,04-idle-baseline,39850,39,57687,57,57,56,2061,75,1267,5030,3161467,78577738,0.00,0.00,0,0.0
521,04-idle-baseline,39850,39,57500,57,57,56,2061,75,1344,5030,3161467,78577746,0.00,0.00,0,0.0
522,04-idle-baseline,39850,39,57562,57,57,56,2060,75,1267,4989,3161467,78577842,0.00,0.05,0,0.0
523,04-idle-baseline,39850,39,57562,57,57,56,2063,75,1267,5030,3161467,78577850,0.00,0.00,0,0.4
524,04-idle-baseline,39850,39,57500,57,57,56,2060,75,1267,5030,3161467,78577850,0.00,0.00,0,0.0
525,04-idle-baseline,39850,39,57343,57,57,56,2061,75,1344,5030,3161467,78577850,0.00,0.00,0,0.0
526,04-idle-baseline,39850,39,57531,57,57,56,2060,75,960,5030,3161467,78577858,0.00,0.00,0,0.0
527,04-idle-baseline,39850,39,57375,57,57,56,2060,75,1344,5030,3161467,78577954,0.00,0.05,1,0.4
528,04-idle-baseline,39850,39,57531,57,57,56,2060,75,1267,5030,3161467,78577962,0.00,0.00,0,0.0
529,04-idle-baseline,39850,39,57406,57,57,56,2060,75,729,4989,3161467,78577962,0.00,0.00,0,0.0
530,04-idle-baseline,39850,39,58250,58,58,56,2061,75,1344,5725,3161467,78577962,0.00,0.00,0,0.0
531,04-idle-baseline,39850,39,58031,58,58,56,2063,75,1267,5929,3161467,78577970,0.00,0.00,0,0.0
532,04-idle-baseline,39850,39,57937,57,57,56,2061,75,1344,5929,3161467,78799602,0.00,113.48,0,14.4
533,04-idle-baseline,39850,39,57718,57,57,56,2058,75,1497,5929,3161467,78799602,0.00,0.00,0,0.0
534,04-idle-baseline,39850,39,57937,57,57,56,2060,75,1497,5929,3161467,78799602,0.00,0.00,0,0.0
535,04-idle-baseline,39850,39,57718,57,57,56,2058,75,1497,5970,3161467,79020218,0.00,112.96,0,12.0
536,04-idle-baseline,39850,39,57687,57,57,56,2061,75,1497,5889,3161467,79020234,0.00,0.01,0,0.0
538,04-idle-baseline,39850,39,57750,57,57,56,2061,75,1344,5929,3161467,79020746,0.00,0.26,0,0.0
539,04-idle-baseline,39850,39,58187,58,58,56,2060,75,1344,6011,3161467,79241634,0.00,113.09,0,12.0
540,04-idle-baseline,39850,39,57968,57,57,56,2060,75,1344,5848,3161467,79241634,0.00,0.00,0,0.0
541,04-idle-baseline,39850,39,58187,58,57,56,2060,75,1420,5929,3161467,79241634,0.00,0.00,0,0.0
542,04-idle-baseline,39850,39,58000,58,57,56,2058,75,1344,6093,3161467,79462258,0.00,112.96,0,13.2
543,04-idle-baseline,39850,39,57843,57,57,56,2060,75,1267,5889,3161467,79462762,0.00,0.26,0,0.4
544,04-idle-baseline,39850,39,58125,58,57,56,2058,75,1267,5929,3161467,79462762,0.00,0.00,0,0.0
545,04-idle-baseline,39850,39,58093,58,58,56,2058,75,1420,6052,3161467,79484522,0.00,11.14,251,0.8
546,04-idle-baseline,39850,39,57968,57,57,56,2061,75,1420,5929,3161467,79683418,0.00,101.83,0,12.0
547,04-idle-baseline,39850,39,58062,58,58,56,2060,75,1344,5929,3161467,79683434,0.00,0.01,0,0.0
548,04-idle-baseline,39850,39,58156,58,58,56,2058,75,1497,6011,3161467,79683962,0.00,0.27,0,0.0
549,04-idle-baseline,39850,39,57968,57,58,56,2061,75,1420,6052,3161467,79904578,0.00,112.96,0,12.0
550,04-idle-baseline,39850,39,58000,58,58,56,2063,75,1344,5929,3161467,79904578,0.00,0.00,0,0.0
551,04-idle-baseline,39850,39,57812,57,57,56,2061,75,1344,5970,3161467,79904578,0.00,0.00,0,0.0
552,04-idle-baseline,39850,39,58125,58,57,56,2061,75,1344,5970,3161467,80126098,0.00,113.42,0,12.0
553,04-idle-baseline,39850,39,58187,58,58,56,2060,75,1344,5929,3161467,80126114,0.00,0.01,0,0.0
554,04-idle-baseline,39850,39,58093,58,58,56,2060,75,1420,5929,3161467,80126114,0.00,0.00,0,0.0
555,04-idle-baseline,39850,39,58062,58,58,56,2061,75,1344,5970,3161467,80346730,0.00,112.96,0,12.4
557,04-idle-baseline,39850,39,58343,58,58,56,2060,75,1497,6379,3161467,80346730,0.00,0.00,0,0.0
558,04-idle-baseline,39850,39,58375,58,58,56,2060,75,1497,6492,3161467,80348114,0.00,0.71,0,0.4
559,04-idle-baseline,39850,39,58375,58,58,56,2058,75,1497,6573,3161467,80568730,0.00,112.96,0,12.8
560,04-idle-baseline,39850,39,58281,58,58,56,2061,75,1497,6369,3161467,80568730,0.00,0.00,0,0.0
561,04-idle-baseline,39850,39,58343,58,58,56,2058,75,1497,6492,3161467,80568730,0.00,0.00,0,0.0
562,04-idle-baseline,39850,39,58625,58,58,56,2062,75,1497,6696,3161467,80789346,0.00,112.96,0,12.0
563,04-idle-baseline,39850,39,58531,58,58,56,2061,75,1497,6410,3161467,80789866,0.00,0.27,0,0.4
564,04-idle-baseline,39850,39,58406,58,58,56,2059,75,1497,6492,3161467,80789866,0.00,0.00,0,0.0
565,04-idle-baseline,39850,39,58531,58,58,56,2062,75,1497,6573,3161467,80804298,0.00,7.39,135,0.8
566,04-idle-baseline,39850,39,58531,58,58,56,2061,75,1497,6410,3161467,81010514,0.00,105.58,0,12.8
567,04-idle-baseline,39850,39,58562,58,58,56,2061,75,1497,6492,3161467,81010514,0.00,0.00,0,0.0
568,04-idle-baseline,39850,39,58562,58,58,56,2060,75,1497,6533,3161467,81231634,0.00,113.21,0,12.4
569,04-idle-baseline,39850,39,58562,58,58,56,2060,75,1497,6492,3161467,81231634,0.00,0.00,0,0.0
570,04-idle-baseline,39850,39,58687,58,58,57,2060,75,1497,6614,3161467,81452250,0.00,112.96,0,12.4
571,04-idle-baseline,39850,39,58718,58,58,56,2060,75,1497,6492,3161467,81452266,0.00,0.01,0,0.0
572,04-idle-baseline,39850,39,58687,58,58,56,2060,75,1497,6614,3161467,81484970,0.00,16.74,310,1.6
574,04-idle-baseline,39850,39,59281,59,59,56,2058,75,1497,6859,3161467,81673434,0.00,96.49,0,10.8
575,04-idle-baseline,39850,39,58562,58,58,56,2061,75,1497,5766,3161467,81673434,0.00,0.00,0,0.0
576,04-idle-baseline,39850,39,58343,58,58,56,2060,75,1497,5684,3161467,81673434,0.00,0.00,0,0.0
577,04-idle-baseline,39850,39,58343,58,58,56,2060,75,1497,5643,3161467,81673434,0.00,0.00,0,0.0
578,04-idle-baseline,39850,39,58343,58,58,56,2060,75,1497,5684,3161467,81674674,0.00,0.63,0,0.0
579,04-idle-baseline,39850,39,58343,58,58,56,2058,75,1497,5684,3161467,81674706,0.00,0.02,0,0.0
580,04-idle-baseline,39850,39,58312,58,58,56,2060,75,1497,5643,3161467,81674706,0.00,0.00,0,0.0
581,04-idle-baseline,39850,39,58531,58,58,56,2060,75,1497,5643,3161467,81674706,0.00,0.00,0,0.0
582,04-idle-baseline,39850,39,58343,58,58,56,2060,75,1497,5643,3161467,81674706,0.00,0.00,0,0.0
583,04-idle-baseline,39850,39,58375,58,58,56,2058,75,1497,5684,3161467,81675890,0.00,0.61,0,0.0
584,04-idle-baseline,39850,39,58437,58,58,56,2058,75,1497,5643,3161467,81675906,0.00,0.01,0,0.4
585,04-idle-baseline,39850,39,58500,58,58,56,2061,75,1497,5643,3161467,81675906,0.00,0.00,0,0.0
586,04-idle-baseline,39850,39,58687,58,58,56,2058,75,1497,5684,3161467,81675906,0.00,0.00,0,0.0
587,04-idle-baseline,39850,39,58343,58,58,57,2058,75,1497,5643,3161467,81675906,0.00,0.00,0,0.0
588,04-idle-baseline,39850,39,58531,58,58,56,2060,75,1497,5643,3161467,81676050,0.00,0.07,0,0.0
589,04-idle-baseline,39850,39,58375,58,58,57,2058,75,1497,5643,3161467,81676066,0.00,0.01,0,0.4
590,04-idle-baseline,39850,39,58625,58,58,56,2061,75,1497,5684,3161467,81676066,0.00,0.00,0,0.0
591,04-idle-baseline,39850,39,58468,58,58,57,2060,75,1497,5643,3161467,81676066,0.00,0.00,0,0.0
593,04-idle-baseline,39850,39,58375,58,58,57,2058,75,1497,5684,3161467,81676066,0.00,0.00,0,0.0
594,04-idle-baseline,39850,39,58343,58,58,56,2060,75,1497,5643,3161467,81676186,0.00,0.06,0,0.0
595,04-idle-baseline,39850,39,58625,58,58,57,2061,75,1497,5643,3161467,81676194,0.00,0.00,0,0.4
596,04-idle-baseline,39850,39,58375,58,58,56,2058,75,1497,5684,3161467,81676210,0.00,0.01,0,0.0
597,04-idle-baseline,39850,39,58406,58,58,57,2058,75,1497,5643,3161467,81676210,0.00,0.00,0,0.0
598,04-idle-baseline,39850,39,58562,58,58,56,2058,75,1497,5684,3161467,81676210,0.00,0.00,0,0.0
599,04-idle-baseline,39850,39,58406,58,58,56,2058,75,1497,5684,3161467,81676330,0.00,0.06,0,0.0
600,04-idle-baseline,39850,39,58281,58,58,57,2061,75,1497,5684,3161467,81676346,0.00,0.01,0,0.4
601,04-idle-baseline,39850,39,58500,58,58,56,2060,75,1497,5643,3161467,81676346,0.00,0.00,0,0.0
602,04-idle-baseline,39850,39,58343,58,58,56,2061,75,1497,5643,3161467,81676346,0.00,0.00,0,0.0
603,04-idle-baseline,39850,39,58593,58,58,56,2060,75,1497,5684,3161467,81676346,0.00,0.00,0,0.0
604,04-idle-baseline,39850,39,58531,58,58,56,2061,75,1497,5643,3161467,81676522,0.00,0.09,0,0.0
605,04-idle-baseline,39850,39,58375,58,58,56,2059,75,1497,5684,3161467,81676530,0.00,0.00,0,0.0
606,04-idle-baseline,39850,39,58562,58,58,56,2060,75,1497,5684,3161467,81676530,0.00,0.00,0,0.0
607,04-idle-baseline,39850,39,58562,58,58,57,2061,75,1497,5684,3161467,81676530,0.00,0.00,0,0.0
608,04-idle-baseline,39850,39,58500,58,58,56,2059,75,1497,5643,3161467,81676530,0.00,0.00,0,0.0
609,04-idle-baseline,39850,39,58531,58,58,56,2058,75,1497,5684,3161467,81676658,0.00,0.07,0,0.4
610,04-idle-baseline,39850,39,58562,58,58,57,2062,75,1497,5643,3161467,81676674,0.00,0.01,0,0.0
612,04-idle-baseline,39850,39,58593,58,58,56,2061,75,1497,5643,3161467,81676674,0.00,0.00,0,0.0
613,04-idle-baseline,39850,39,58125,58,58,57,2059,75,729,5071,3161467,81676674,0.00,0.00,0,0.0
614,04-idle-baseline,39850,39,58437,58,58,57,2059,75,729,5030,3161467,81676674,0.00,0.00,0,0.0
615,04-idle-baseline,39850,39,58187,58,58,56,2061,75,1344,5030,3161467,81676794,0.00,0.06,0,0.0
616,04-idle-baseline,39850,39,58062,58,58,56,2062,75,729,5030,3161467,81676802,0.00,0.00,0,0.0
617,04-idle-baseline,39850,39,58187,58,58,56,2062,75,1267,5030,3161467,81676802,0.00,0.00,0,0.0
618,04-idle-baseline,39850,39,58031,58,58,56,2060,75,1344,5030,3161467,81676802,0.00,0.00,0,0.0
619,05-raw-reads,39850,39,58375,58,58,56,2061,75,1420,5766,6212475,81676802,1562.12,0.00,31,69.2
620,05-raw-reads,39850,39,58343,58,58,56,2061,75,1420,5848,10836603,81677586,2367.55,0.40,26,100.0
621,05-raw-reads,39850,39,58281,58,58,56,2061,75,1497,5889,15502459,81677610,2388.92,0.01,30,100.0
622,05-raw-reads,39850,39,58218,58,58,56,2062,75,729,5848,20207995,81677610,2409.23,0.00,31,100.0
623,05-raw-reads,39850,39,58312,58,58,57,2059,75,1497,5889,24906619,81677626,2405.70,0.01,31,100.0
624,05-raw-reads,39850,39,58562,58,58,56,2061,75,1113,5848,29556859,81677626,2380.92,0.00,32,100.0
625,05-raw-reads,39850,39,58281,58,58,56,2059,75,1497,5889,34181499,81678434,2367.82,0.41,32,100.0
627,05-raw-reads,39850,39,58218,58,58,57,2058,75,1267,5848,38863483,81678442,2397.18,0.00,32,100.0
628,05-raw-reads,39850,39,58312,58,58,56,2058,75,1420,5848,43501947,81678442,2374.89,0.00,32,100.0
629,05-raw-reads,39850,39,58250,58,58,56,2061,75,1113,5807,48118907,81678442,2363.88,0.00,32,100.0
630,05-raw-reads,39850,39,58218,58,58,56,2061,75,1420,5807,52901243,81678442,2448.56,0.00,31,100.0
631,05-raw-reads,39850,39,58281,58,58,56,2063,75,1344,5807,57640059,81678570,2426.27,0.07,33,100.0
632,05-raw-reads,39850,39,58593,58,58,57,2063,75,1344,5848,62294139,81678586,2382.89,0.01,32,100.0
633,05-raw-reads,39850,39,58500,58,58,56,2060,75,1497,5848,66896507,81678586,2356.41,0.00,31,100.0
634,05-raw-reads,39850,39,58312,58,58,56,2058,75,1497,5889,71555963,81678586,2385.64,0.00,31,100.0
635,05-raw-reads,39850,39,58406,58,58,56,2058,75,729,5889,76215931,81678586,2385.90,0.00,32,100.0
636,05-raw-reads,39850,39,58406,58,58,56,2058,75,1036,5848,80906107,81678586,2401.37,0.00,33,100.0
637,05-raw-reads,39850,39,58500,58,58,56,2060,75,806,5807,86585211,81678762,2907.70,0.09,30,100.0
639,05-raw-reads,39850,39,58593,58,58,56,2060,75,1420,5848,91301243,81678762,2414.61,0.00,32,100.0
640,05-raw-reads,39850,39,58500,58,58,56,2061,75,883,5807,96043387,81678762,2427.98,0.00,31,100.0
641,05-raw-reads,39850,39,58343,58,58,56,2061,75,1497,5807,100813179,81678770,2442.13,0.00,32,100.0
642,05-raw-reads,39850,39,58250,58,58,57,2060,75,1190,5807,105483131,81678890,2391.02,0.06,32,100.0
643,05-raw-reads,39850,39,58375,58,58,56,2061,75,1497,5848,110080635,81678906,2353.92,0.01,10,100.0
644,05-raw-reads,39850,39,58343,58,58,56,2061,75,1420,5848,114727547,81678906,2379.22,0.00,32,100.0
645,05-raw-reads,39850,39,58250,58,58,56,2060,75,806,5807,119382395,81678906,2383.28,0.00,30,100.0
646,05-raw-reads,39850,39,58250,58,58,56,2061,75,1344,5807,124041595,81678906,2385.51,0.00,30,100.0
647,05-raw-reads,39850,39,58625,58,58,56,2057,75,1344,5848,128793211,81679050,2432.83,0.07,31,100.0
648,05-raw-reads,39850,39,58468,58,58,56,2064,75,1497,5807,133420155,81679058,2369.00,0.00,31,100.0
650,05-raw-reads,39850,39,58562,58,58,56,2061,75,1497,6011,138119547,81679066,2406.09,0.00,34,100.0
651,05-raw-reads,39850,39,58343,58,58,56,2061,75,1420,5848,145253499,81679570,3652.58,0.26,31,100.0
652,05-raw-reads,39850,39,58343,58,58,56,2060,75,1420,5807,149998715,81679570,2429.55,0.00,32,100.0
653,05-raw-reads,39850,39,58343,58,58,57,2063,75,1420,5807,154739323,81679922,2427.19,0.18,30,100.0
654,05-raw-reads,39850,39,58437,58,58,56,2061,75,1497,5807,159492731,81679946,2433.74,0.01,31,100.0
655,05-raw-reads,39850,39,58562,58,58,56,2060,75,1344,5807,164253563,81680138,2437.55,0.10,21,100.0
656,05-raw-reads,39850,39,58500,58,58,57,2061,75,729,5807,168995963,81680146,2428.11,0.00,32,100.0
657,05-raw-reads,39850,39,58562,58,58,57,2060,75,1497,5807,173777275,81680146,2448.03,0.00,32,100.0
658,05-raw-reads,39850,39,58343,58,58,56,2061,75,1497,5848,178560123,81680146,2448.82,0.00,30,100.0
659,05-raw-reads,39850,39,58625,58,58,56,2061,75,1497,5848,183362171,81680154,2458.65,0.00,32,100.0
661,05-raw-reads,39850,39,58375,58,58,56,2061,75,1420,5807,188162427,81680154,2457.73,0.00,32,100.0
662,05-raw-reads,39850,39,58500,58,58,56,2060,75,1344,5848,195607675,81680362,3811.97,0.11,32,100.0
663,05-raw-reads,39850,39,58656,58,58,57,2060,75,1497,5848,200376699,81680362,2441.74,0.00,32,100.0
664,05-raw-reads,39850,39,58406,58,58,56,2063,75,1344,5848,205164923,81680362,2451.57,0.00,31,100.0
665,05-raw-reads,39850,39,58312,58,58,56,2060,75,1344,5848,209940091,81680370,2444.89,0.00,30,100.0
666,05-raw-reads,39850,39,58406,58,58,57,2061,75,1113,5807,214708603,81680562,2441.48,0.10,30,100.0
668,05-raw-reads,39850,39,58406,58,58,57,2060,75,1344,5807,219490171,81680562,2448.16,0.00,30,100.0
669,05-raw-reads,39850,39,58343,58,58,56,2058,75,1036,5848,224284027,81680562,2454.45,0.00,30,100.0
670,05-raw-reads,39850,39,58593,58,58,57,2060,75,1267,5848,229081211,81680562,2456.16,0.00,32,100.0
671,05-raw-reads,39850,39,58406,58,58,56,2064,75,729,5848,233856123,81680586,2444.75,0.01,25,100.0
672,05-raw-reads,39850,39,58437,58,58,56,2064,75,729,5848,238680699,81680698,2470.18,0.06,31,100.0
673,05-raw-reads,39850,39,58718,58,58,57,2063,75,1190,5848,243444091,81680706,2438.86,0.00,30,100.0
674,05-raw-reads,39850,39,58468,58,58,57,2062,75,1497,5807,248253819,81680706,2462.58,0.00,30,100.0
675,05-raw-reads,39850,39,58531,58,58,57,2061,75,1344,5807,253007995,81680706,2434.14,0.00,31,100.0
676,05-raw-reads,39850,39,58687,58,59,57,2060,75,1497,6379,257800315,81680714,2453.67,0.00,30,100.0
678,05-raw-reads,39850,39,58781,58,58,57,2058,75,1497,6492,262623355,81680714,2469.40,0.00,31,100.0
679,05-raw-reads,39850,39,58937,58,59,57,2061,75,1497,6533,271136123,81680850,4358.54,0.07,30,100.0
680,05-raw-reads,39850,39,58781,58,58,57,2063,75,1497,6533,275921531,81680850,2450.13,0.00,31,100.0
681,05-raw-reads,39850,39,59093,59,58,57,2063,75,1497,6533,280735099,81680866,2464.55,0.01,30,100.0
683,05-raw-reads,39850,39,59031,59,59,57,2061,75,1497,6533,285553275,81680866,2466.91,0.00,31,100.0
684,05-raw-reads,39850,39,59062,59,59,57,2061,75,1497,6573,292108155,81681074,3356.10,0.11,30,100.0
685,05-raw-reads,39850,39,59156,59,59,57,2062,75,1497,6573,296936315,81681074,2472.02,0.00,30,100.0
686,05-raw-reads,39850,39,59218,59,59,57,2063,75,1497,6573,301763195,81681074,2471.36,0.00,29,100.0
687,05-raw-reads,39850,39,59031,59,59,57,2060,75,1497,6573,306603899,81681082,2478.44,0.00,30,100.0
688,05-raw-reads,39850,39,59031,59,59,57,2060,75,1497,6573,311417979,81681186,2464.81,0.05,32,100.0
689,05-raw-reads,39850,39,59312,59,59,57,2061,75,1497,6573,316254075,81681186,2476.08,0.00,32,100.0
690,05-raw-reads,39850,39,59093,59,59,57,2064,75,1497,6573,321080699,81681186,2471.23,0.00,30,100.0
691,05-raw-reads,39850,39,59156,59,59,57,2061,75,1497,6573,325894779,81681186,2464.81,0.00,32,100.0
692,05-raw-reads,39850,39,59187,59,59,57,2062,75,1497,6573,330697851,81681194,2459.17,0.00,30,100.0
693,05-raw-reads,39850,39,59250,59,59,57,2058,75,1497,6451,334607995,81681298,2001.99,0.05,0,87.2
695,05-raw-reads,39850,39,60000,60,60,57,2061,75,1497,7349,336299611,81681298,866.11,0.00,8,82.8
696,05-raw-reads,39850,39,59781,59,59,57,2062,82,1497,7431,338596427,81681298,1175.97,0.00,25,100.0
697,05-raw-reads,39850,39,59906,59,59,57,2264,82,1497,7431,340835459,81681298,1146.38,0.00,71,100.0
698,05-raw-reads,39850,39,60062,60,59,57,2295,82,1497,7431,343047555,81681330,1132.59,0.02,48,100.0
699,05-raw-reads,39850,39,60125,60,60,57,2303,82,1497,7472,345289083,81682802,1147.66,0.75,85,100.0
700,05-raw-reads,39850,39,60187,60,60,57,2306,82,1497,7513,347679859,81682802,1224.08,0.00,24,100.0
701,05-raw-reads,39850,39,60093,60,60,57,2308,82,1497,7553,350109523,81682802,1243.99,0.00,19,100.0
702,05-raw-reads,39850,39,60187,60,59,57,2306,82,1497,7431,352335347,81682802,1139.62,0.00,6,100.0
703,05-raw-reads,39850,39,60218,60,60,57,2304,82,1497,7513,354793515,81682946,1258.58,0.07,11,100.0
704,05-raw-reads,39850,39,60156,60,60,57,2306,82,1497,7472,356984587,81682946,1121.83,0.00,7,100.0
705,05-raw-reads,39850,39,60093,60,60,57,2301,82,1497,7513,359202683,81682954,1135.67,0.00,43,100.0
707,05-raw-reads,39850,39,60125,60,60,58,2303,82,1497,7513,361405603,81682954,1127.90,0.00,43,100.0
708,05-raw-reads,39850,39,60187,60,60,57,2305,82,1497,7513,363593347,81682954,1120.12,0.00,123,100.0
709,05-raw-reads,39850,39,60218,60,60,57,2307,82,1497,7472,365705227,81683114,1081.28,0.08,14,100.0
710,05-raw-reads,39850,39,60281,60,60,57,2305,82,1497,7553,367897739,81683114,1122.57,0.00,81,100.0
711,05-raw-reads,39850,39,60312,60,60,57,2307,82,1497,7513,370152011,81683114,1154.19,0.00,16,100.0
712,05-raw-reads,39850,39,60343,60,60,57,2308,82,1497,7472,372559699,81683114,1232.74,0.00,10,100.0
713,05-raw-reads,39850,39,60187,60,60,57,2306,82,1497,7513,374910691,81683114,1203.71,0.00,30,100.0
714,05-raw-reads,39850,39,60406,60,60,57,2306,82,1497,7513,377134603,81683250,1138.64,0.07,116,100.0
715,05-raw-reads,39850,39,60312,60,60,58,2305,82,1497,7513,379413219,81683250,1166.65,0.00,69,100.0
716,05-raw-reads,39850,39,60593,60,60,58,2306,82,1497,7553,381626755,81683250,1133.33,0.00,36,100.0
717,05-raw-reads,39850,39,60343,60,60,58,2305,82,1497,7513,383906651,81683250,1167.31,0.00,96,100.0
718,05-raw-reads,39850,39,60343,60,60,58,2305,82,1497,7472,386065171,81683250,1105.16,0.00,7,100.0
720,05-raw-reads,39850,39,60375,60,60,58,2307,82,1497,7513,388401235,81683458,1196.06,0.11,15,100.0
721,05-raw-reads,39850,39,60468,60,60,58,2305,82,1497,7513,390795507,81683458,1225.87,0.00,81,100.0
722,05-raw-reads,39850,39,60750,60,60,58,2303,82,1497,7472,393037155,81683458,1147.72,0.00,12,100.0
723,05-raw-reads,39850,39,60593,60,60,58,2307,82,1497,7431,395377011,81683458,1198.01,0.00,116,100.0
724,05-raw-reads,39850,39,60625,60,60,58,2305,82,1497,7431,397757883,81683458,1219.01,0.00,39,100.0
725,05-raw-reads,39850,39,60625,60,60,58,2305,82,1497,7472,400221715,81683578,1261.48,0.06,95,100.0
726,05-raw-reads,39850,39,60687,60,60,58,2305,82,1497,7390,402435027,81683586,1133.22,0.00,4,100.0
727,05-raw-reads,39850,39,60625,60,60,58,2303,82,1497,7431,404781555,81683586,1201.42,0.00,91,100.0
728,05-raw-reads,39850,39,60750,60,60,58,2301,82,1497,7431,407167883,81683586,1221.80,0.00,5,100.0
729,05-raw-reads,39850,39,60531,60,60,58,2303,82,1497,7472,409530939,81683786,1209.88,0.10,5,100.0
731,05-raw-reads,39850,39,60812,60,60,58,2307,82,1497,7472,411830459,81683802,1177.35,0.01,95,100.0
732,05-raw-reads,39850,39,60437,60,60,58,2305,82,1497,7349,414094795,81683802,1159.34,0.00,27,100.0
733,05-raw-reads,39850,39,60562,60,60,58,2307,82,1497,7104,416523555,81683802,1243.53,0.00,90,100.0
734,05-raw-reads,39850,39,60468,60,60,58,2309,82,1497,7063,418901307,81683802,1217.41,0.00,14,100.0
735,05-raw-reads,39850,39,60468,60,60,58,2307,82,1497,7063,421267899,81683946,1211.70,0.07,11,100.0
736,05-raw-reads,39850,39,60843,60,60,58,2303,82,1497,7063,423664371,81683954,1226.99,0.00,91,100.0
737,05-raw-reads,39850,39,60750,60,60,58,2303,82,1497,7063,426046707,81683954,1219.76,0.00,86,100.0
738,05-raw-reads,39850,39,60375,60,60,58,2307,82,1497,7063,428415683,81683954,1212.92,0.00,9,100.0
739,05-raw-reads,39850,39,60625,60,60,58,2307,82,1497,7063,430786427,81683954,1213.82,0.00,120,100.0
740,05-raw-reads,39850,39,60406,60,60,58,2305,82,1497,7023,433089107,81683994,1178.97,0.02,84,100.0
741,05-raw-reads,39850,39,60625,60,60,58,2303,82,1497,7063,435496923,81684122,1232.80,0.07,4,100.0
743,05-raw-reads,39850,39,60843,60,60,58,2303,82,1497,7104,437903723,81684122,1232.28,0.00,98,100.0
744,05-raw-reads,39850,39,60718,60,60,58,2307,82,1497,7063,440266075,81684122,1209.52,0.00,12,100.0
745,05-raw-reads,39850,39,60750,60,60,58,2307,82,1497,7063,442610771,81684122,1200.48,0.00,13,100.0
746,05-raw-reads,39850,39,60750,60,60,58,2305,82,1497,7023,444879483,81684242,1161.58,0.06,8,100.0
747,05-raw-reads,39850,39,60625,60,60,58,2303,82,1497,7063,447192515,81684250,1184.27,0.00,21,100.0
748,05-raw-reads,39850,39,60906,60,60,58,2303,82,1497,7104,449594195,81684250,1229.66,0.00,78,100.0
749,05-raw-reads,39850,39,60687,60,60,58,2305,82,1497,7063,451851835,81684250,1155.91,0.00,11,100.0
750,05-raw-reads,39850,39,60875,60,60,58,2305,82,1497,7349,454271195,81684250,1238.71,0.00,62,100.0
751,05-raw-reads,39850,39,60687,60,60,58,2305,82,1497,7227,456643891,81684746,1214.82,0.25,128,100.0
752,05-raw-reads,39850,39,60656,60,60,58,2305,82,1497,7145,459071859,81684762,1243.12,0.01,77,100.0
753,05-raw-reads,39850,39,61031,61,61,58,2307,82,1497,7104,461451363,81684762,1218.31,0.00,125,100.0
754,05-raw-reads,39850,39,61031,61,60,58,2305,82,1497,7145,463887595,81684762,1247.35,0.00,38,100.0
756,05-raw-reads,39850,39,60656,60,60,58,2305,82,1497,7063,466145403,81684778,1156.00,0.01,17,100.0
757,05-raw-reads,39850,39,60750,60,60,58,2303,82,1497,7104,468347667,81685154,1127.56,0.19,108,100.0
758,05-raw-reads,39850,39,61093,61,60,58,2303,82,1497,7145,470738691,81685306,1224.20,0.08,29,100.0
759,05-raw-reads,39850,39,60625,60,60,58,2307,82,1497,7063,472976139,81685306,1145.57,0.00,13,100.0
760,05-raw-reads,39850,39,60750,60,60,58,2307,82,1497,7104,475340979,81685306,1210.80,0.00,94,100.0
761,05-raw-reads,39850,39,60562,60,60,58,2307,82,1497,7145,477825579,81685306,1272.12,0.00,69,100.0
762,05-raw-reads,39850,39,60781,60,60,58,2305,82,1497,7104,480240491,81685346,1236.43,0.02,112,100.0
763,05-raw-reads,39850,39,60781,60,60,58,2305,82,1497,7145,482874875,81685458,1348.80,0.06,13,100.0
764,05-raw-reads,39850,39,60656,60,60,58,2307,82,1497,7104,485279483,81685458,1231.16,0.00,26,100.0
765,05-raw-reads,39850,39,60875,60,60,58,2305,82,1497,7104,487699683,81685458,1239.14,0.00,4,100.0
767,05-raw-reads,39850,39,60781,60,60,58,2305,82,1497,7104,490094419,81685458,1226.10,0.00,0,100.0
768,05-raw-reads,39850,39,60656,60,60,58,2305,82,1497,7063,492392379,81685666,1176.56,0.11,11,100.0
769,05-raw-reads,39850,39,60906,60,60,58,2305,82,1497,7063,494704019,81685674,1183.56,0.00,27,100.0
770,05-raw-reads,39850,39,60687,60,60,58,2305,82,1497,7104,497011867,81685674,1181.62,0.00,33,100.0
771,05-raw-reads,39850,39,60781,60,60,58,2305,82,1497,7104,499338411,81685674,1191.19,0.00,128,100.0
772,05-raw-reads,39850,39,60843,60,60,58,2303,82,1497,7104,501714715,81685674,1216.67,0.00,92,100.0
773,05-raw-reads,39850,39,60968,60,60,58,2305,82,1497,7104,504097835,81685778,1220.16,0.05,95,100.0
774,05-raw-reads,39850,39,60843,60,60,58,2305,82,1497,7063,506529235,81685794,1244.88,0.01,63,100.0
775,05-raw-reads,39850,39,60843,60,60,58,2301,82,1497,7063,508888947,81685794,1208.17,0.00,9,100.0
776,05-raw-reads,39850,39,60750,60,60,58,2301,82,1497,7104,511300419,81685802,1234.67,0.00,91,100.0
777,05-raw-reads,39850,39,60812,60,60,58,2305,82,1497,7063,513673979,81685802,1215.26,0.00,3,100.0
778,05-raw-reads,39850,39,60937,60,60,58,2305,82,1497,7023,515963235,81685922,1172.10,0.06,129,100.0
780,05-raw-reads,39850,39,60781,60,60,58,2301,82,1497,7063,518311971,81685938,1202.55,0.01,112,100.0
781,05-raw-reads,39850,39,60937,60,60,58,2305,82,1497,7063,520675859,81685938,1210.31,0.00,94,100.0
782,05-raw-reads,39850,39,61000,61,60,58,2305,82,1497,6982,522999715,81685946,1189.81,0.00,9,100.0
783,05-raw-reads,39850,39,60875,60,60,58,2303,82,1497,7063,525329731,81685946,1192.97,0.00,7,100.0
784,05-raw-reads,39850,39,60906,60,60,58,2301,82,1497,7063,527694947,81686178,1210.99,0.12,3,100.0
785,05-raw-reads,39850,39,61000,61,60,58,2305,82,1497,7104,530114243,81686186,1238.68,0.00,74,100.0
786,05-raw-reads,39850,39,60968,60,61,58,2303,82,1497,7063,532463771,81686186,1202.96,0.00,4,100.0
787,05-raw-reads,39850,39,60937,60,60,58,2307,82,1497,7063,534829339,81686186,1211.17,0.00,3,100.0
788,05-raw-reads,39850,39,61187,61,60,58,2303,82,1497,7104,537290979,81686186,1260.36,0.00,4,100.0
789,05-raw-reads,39850,39,61218,61,60,58,2305,82,1497,7063,539659827,81686298,1212.85,0.06,17,100.0
790,05-raw-reads,39850,39,61281,61,61,58,2303,82,1497,7104,542041739,81686306,1219.54,0.00,122,100.0
792,05-raw-reads,39850,39,61093,61,61,58,2305,82,1497,7104,544445195,81686306,1230.57,0.00,50,100.0
793,05-raw-reads,39850,39,61093,61,61,58,2305,82,1497,7104,546849795,81686306,1231.16,0.00,94,100.0
794,05-raw-reads,39850,39,61125,61,61,58,2307,82,1497,7023,549117307,81686306,1160.97,0.00,105,100.0
795,05-raw-reads,39850,39,61156,61,60,58,2305,82,1497,7063,551492747,81686426,1216.23,0.06,6,100.0
796,05-raw-reads,39850,39,61406,61,61,59,2305,82,1497,7349,553815683,81686434,1189.34,0.00,8,100.0
797,05-raw-reads,39850,39,61187,61,61,58,2309,82,1497,7553,556275043,81686434,1259.19,0.00,53,100.0
798,05-raw-reads,39850,39,61437,61,61,58,2305,82,1497,7553,558666451,81686434,1224.40,0.00,97,100.0
799,05-raw-reads,39850,39,61343,61,61,59,2305,82,1497,7594,561078227,81686434,1234.83,0.00,24,100.0
800,05-raw-reads,39850,39,61281,61,61,59,2303,82,1497,7553,563486251,81686450,1232.91,0.01,15,100.0
801,05-raw-reads,39850,39,61343,61,61,59,2307,82,1497,7553,565839171,81686562,1204.70,0.06,62,100.0
803,05-raw-reads,39850,39,61312,61,61,58,2309,82,1497,7472,568049811,81686562,1131.85,0.00,43,100.0
804,05-raw-reads,39850,39,61468,61,61,59,2305,82,1497,7513,570324891,81686562,1164.84,0.00,97,100.0
805,05-raw-reads,39850,39,61406,61,61,59,2309,82,1497,7594,572743699,81686562,1238.43,0.00,10,100.0
806,05-raw-reads,39850,39,61718,61,61,59,2309,82,1497,7513,575001715,81686666,1156.10,0.05,7,100.0
807,05-raw-reads,39850,39,61718,61,61,59,2305,82,1497,7513,577253715,81686674,1153.02,0.00,19,100.0
808,05-raw-reads,39850,39,61593,61,61,59,2305,82,1497,7553,579517339,81686674,1158.98,0.00,7,100.0
809,05-raw-reads,39850,39,61500,61,61,59,2303,82,1497,7553,581866835,81686674,1202.94,0.00,21,100.0
810,05-raw-reads,39850,39,61531,61,61,59,2301,82,1497,7513,584138771,81686674,1163.23,0.00,17,100.0
811,05-raw-reads,39850,39,61593,61,61,59,2303,82,1497,7594,586600659,81686674,1260.49,0.00,96,100.0
812,05-raw-reads,39850,39,61562,61,61,59,2307,82,1497,7553,588970571,81686802,1213.39,0.07,25,100.0
813,05-raw-reads,39850,39,61562,61,61,59,2305,82,1497,7513,591253931,81686802,1169.08,0.00,16,100.0
815,05-raw-reads,39850,39,61468,61,61,59,2307,82,1497,7513,593534523,81686802,1167.66,0.00,27,100.0
816,05-raw-reads,39850,39,61656,61,61,59,2303,82,1497,7553,595866267,81686802,1193.85,0.00,0,100.0
817,05-raw-reads,39850,39,61562,61,61,59,2301,82,1497,7553,598133995,81686930,1161.08,0.07,15,100.0
818,05-raw-reads,39850,39,61562,61,61,59,2305,82,1497,7513,600499067,81686946,1210.92,0.01,58,100.0
819,05-raw-reads,39850,39,61593,61,61,59,2305,82,1344,7472,602883107,81686946,1220.63,0.00,10,100.0
820,05-raw-reads,39850,39,61437,61,61,59,2305,82,1497,7513,605239171,81686946,1206.30,0.00,36,100.0
821,05-raw-reads,39850,39,61656,61,61,59,2305,82,1497,7513,607606651,81686946,1212.15,0.00,9,100.0
822,05-raw-reads,39850,39,61656,61,62,59,2307,82,1497,7513,609934667,81687090,1191.94,0.07,7,100.0
823,05-raw-reads,39850,39,61968,61,62,59,2309,82,1497,7553,612261883,81687098,1191.53,0.00,69,100.0
824,05-raw-reads,39850,39,61750,61,61,59,2434,87,1497,7553,614528323,81687098,1160.42,0.00,112,100.0
826,05-raw-reads,39850,39,61687,61,61,59,2468,87,1497,7513,616852147,81687098,1189.80,0.00,76,100.0
827,05-raw-reads,39850,39,61968,61,61,59,2481,87,1497,7513,619188483,81687098,1196.20,0.00,10,100.0
828,05-raw-reads,39850,39,61875,61,61,59,2477,87,1497,7472,621570051,81687242,1219.36,0.07,0,100.0
829,05-raw-reads,39850,39,61843,61,61,59,2481,87,1497,7513,623809563,81687250,1146.63,0.00,26,100.0
830,05-raw-reads,39850,39,62031,62,61,59,2479,87,1497,7594,626146067,81687250,1196.29,0.00,24,100.0
831,05-raw-reads,39850,39,61812,61,62,59,2477,87,1497,7513,628394795,81687250,1151.35,0.00,104,100.0
832,05-raw-reads,39850,39,61687,61,61,59,2472,87,1497,7513,630633651,81687250,1146.29,0.00,4,100.0
833,05-raw-reads,39850,39,62000,62,61,59,2475,87,1497,7594,632973923,81687362,1198.22,0.06,43,100.0
834,05-raw-reads,39850,39,61906,61,61,59,2472,87,1497,7513,635299115,81687378,1190.50,0.01,42,100.0
835,05-raw-reads,39850,39,61718,61,61,59,2477,87,1497,7513,637469811,81687378,1111.40,0.00,62,100.0
836,05-raw-reads,39850,39,61781,61,61,59,2475,87,1497,7513,639746787,81687378,1165.81,0.00,32,100.0
838,05-raw-reads,39850,39,61781,61,61,59,2475,87,1497,7553,642132219,81687378,1221.34,0.00,73,100.0
839,05-raw-reads,39850,39,61906,61,62,59,2473,87,1497,7594,644569875,81687378,1248.08,0.00,9,100.0
840,05-raw-reads,39850,39,61843,61,62,59,2475,87,1497,7594,647006995,81687490,1247.81,0.06,16,100.0
841,05-raw-reads,39850,39,62156,62,62,59,2472,87,1497,7553,649365091,81687490,1207.35,0.00,14,100.0
842,05-raw-reads,39850,39,62093,62,61,59,2475,87,1497,7594,651777955,81687490,1235.39,0.00,59,100.0
843,05-raw-reads,39850,39,62093,62,62,59,2473,87,1497,7513,654181227,81687490,1230.48,0.00,41,100.0
844,05b-surface-scan,39850,39,61781,61,61,59,2472,87,1497,6941,655985451,81687626,923.76,0.07,0,80.4
845,05b-surface-scan,39850,39,61687,61,61,59,2472,87,1497,6492,659402027,81687858,1749.29,0.12,126,78.8
846,05b-surface-scan,39850,39,61375,61,61,59,2475,87,1497,6533,664071979,81687858,2391.02,0.00,124,100.0
847,05b-surface-scan,39850,39,61406,61,61,59,2479,87,1344,6533,668761899,81687858,2401.24,0.00,124,100.0
848,05b-surface-scan,39850,39,61281,61,61,59,2377,83,1497,6533,673440811,81687858,2395.60,0.00,119,100.0
849,05b-surface-scan,39850,39,61218,61,61,59,2349,83,1497,6533,678093099,81688738,2381.97,0.45,123,100.0
850,05b-surface-scan,39850,39,61250,61,61,59,2337,83,1497,6492,682692907,81688754,2355.10,0.01,122,100.0
854,05b-surface-scan,39850,39,61281,61,61,59,2340,83,1267,5807,687277867,81688762,2347.50,0.00,126,100.0
855,05b-surface-scan,39850,39,60500,60,60,59,2336,83,1420,5848,700731179,81689258,6888.10,0.25,124,100.0
856,05b-surface-scan,39850,39,60625,60,60,59,2338,83,1267,5807,705552683,81690106,2468.61,0.43,120,100.0
859,05b-surface-scan,39850,39,60687,60,60,59,2336,83,1420,5766,710378795,81690130,2470.97,0.01,120,100.0
860,05b-surface-scan,39850,39,60625,60,60,58,2338,83,1344,5807,723812139,81690274,6877.87,0.07,124,100.0
861,05b-surface-scan,39850,39,60625,60,60,59,2338,83,960,5848,728484139,81690282,2392.06,0.00,122,100.0
864,05b-surface-scan,39850,39,60593,60,60,58,2340,83,729,5725,733299243,81690282,2465.33,0.00,122,100.0
865,05b-surface-scan,39850,39,60312,60,60,58,2338,83,1344,5766,747155499,81690434,7094.40,0.08,123,100.0
866,05b-surface-scan,39850,39,60312,60,60,58,2338,83,1497,5807,751972139,81690450,2466.12,0.01,124,100.0
869,05b-surface-scan,39850,39,60531,60,60,58,2340,83,1420,5766,756728619,81690450,2435.32,0.00,129,100.0
871,05b-surface-scan,39850,39,60343,60,60,58,2342,83,1267,5807,770261291,81690578,6928.73,0.07,122,100.0
872,05b-surface-scan,39850,39,60250,60,60,58,2342,83,1497,5807,775064107,81690586,2459.04,0.00,121,100.0
873,05b-surface-scan,39850,39,60125,60,60,58,2342,83,1420,5807,779822123,81690682,2436.10,0.05,128,100.0
874,05b-surface-scan,39850,39,60312,60,60,58,2338,83,1497,5807,784666411,81690690,2480.28,0.00,116,100.0
875,05b-surface-scan,39850,39,60375,60,60,58,2340,83,1420,5807,789309227,81690722,2377.12,0.02,125,100.0
876,05b-surface-scan,39850,39,60218,60,60,58,2338,83,1420,5807,794134315,81690738,2470.45,0.01,124,100.0
877,05b-surface-scan,39850,39,60125,60,60,58,2342,83,1497,5807,798916907,81690746,2448.69,0.00,122,100.0
878,05b-surface-scan,39850,39,60375,60,60,58,2338,83,1497,5807,803733291,81690890,2465.99,0.07,125,100.0
879,05b-surface-scan,39850,39,60125,60,60,58,2342,83,1497,5807,808592171,81690898,2487.75,0.00,128,100.0
880,05b-surface-scan,39850,39,60375,60,60,58,2338,83,883,5848,813416235,81690898,2469.92,0.00,124,100.0
881,05b-surface-scan,39850,39,60093,60,60,58,2336,83,729,5807,818275627,81690898,2488.01,0.00,122,100.0
882,05b-surface-scan,39850,39,60218,60,60,58,2336,83,729,5766,823096619,81690906,2468.35,0.00,126,100.0
886,05b-surface-scan,39850,39,60218,60,60,58,2340,83,1497,5725,827934251,81690906,2476.87,0.00,125,100.0
887,05b-surface-scan,39850,39,60187,60,60,58,2340,83,1420,5766,841917227,81691050,7159.28,0.07,120,100.0
888,05b-surface-scan,39850,39,60062,60,59,58,2338,83,729,5807,846729515,81691050,2463.89,0.00,122,100.0
889,05b-surface-scan,39850,39,60187,60,60,58,2340,83,1497,5766,851529259,81691170,2457.47,0.06,126,100.0
890,05b-surface-scan,39850,39,59906,59,60,58,2341,83,1344,5766,856361515,81691178,2474.12,0.00,121,100.0
891,05b-surface-scan,39850,39,60093,60,60,58,2341,83,1267,5807,861163307,81691178,2458.52,0.00,124,100.0
892,05b-surface-scan,39850,39,60125,60,59,58,2338,83,1420,5807,865981227,81691178,2466.78,0.00,122,100.0
893,05b-surface-scan,39850,39,60000,60,59,58,2336,83,1190,5807,870822443,81691186,2478.70,0.00,119,100.0
896,05b-surface-scan,39850,39,59968,59,59,58,2338,83,729,5725,875685675,81691186,2489.97,0.00,125,100.0
897,05b-surface-scan,39850,39,59968,59,59,58,2340,83,1420,5766,889600555,81691306,7124.42,0.06,121,100.0
898,05b-surface-scan,39850,39,60093,60,59,58,2339,83,1344,5807,894436907,81691314,2476.21,0.00,125,100.0
900,05b-surface-scan,39850,39,59843,59,59,58,2340,83,960,5807,899246379,81691418,2462.45,0.05,123,100.0
901,05b-surface-scan,39850,39,59750,59,59,58,2341,83,1497,5807,904107051,81691426,2488.66,0.00,119,100.0
902,05b-surface-scan,39850,39,59937,59,59,58,2343,83,1344,5807,908998443,81691426,2504.39,0.00,124,100.0
903,05b-surface-scan,39850,39,59875,59,59,58,2341,83,1420,5807,913829675,81691426,2473.59,0.00,124,100.0
904,05b-surface-scan,39850,39,59875,59,59,58,2340,83,729,5807,918710571,81691434,2499.02,0.00,121,100.0
905,05b-surface-scan,39850,39,59750,59,59,58,2339,83,1497,5766,923596075,81691538,2501.38,0.05,127,100.0
906,05b-surface-scan,39850,39,59750,59,59,58,2338,83,1420,5766,928393003,81691554,2456.03,0.01,117,100.0
907,05b-surface-scan,39850,39,59781,59,59,58,2336,83,1420,5807,933251627,81691554,2487.62,0.00,118,100.0
908,05b-surface-scan,39850,39,59781,59,59,58,2340,83,1497,5807,938126635,81691554,2496.00,0.00,124,100.0
909,05b-surface-scan,39850,39,59531,59,59,58,2341,83,1344,5807,942970667,81691562,2480.14,0.00,124,100.0
910,05b-surface-scan,39850,39,59812,59,59,57,2340,83,1420,5807,947780395,81691658,2462.58,0.05,121,100.0
912,05b-surface-scan,39850,39,59656,59,59,58,2341,83,1497,5807,952576811,81691690,2455.76,0.02,120,100.0
913,05b-surface-scan,39850,39,59406,59,59,58,2339,83,729,5807,957394731,81691690,2466.78,0.00,124,100.0
914,05b-surface-scan,39850,39,59687,59,59,57,2345,83,1344,5766,962209579,81691690,2465.20,0.00,123,100.0
915,05b-surface-scan,39850,39,59625,59,59,57,2341,83,1497,5807,967054123,81691706,2480.41,0.01,127,100.0
916,05b-surface-scan,39850,39,59906,59,60,57,2341,83,1497,6134,971894571,81691850,2478.31,0.07,125,100.0
917,05b-surface-scan,39850,39,60062,60,60,57,2337,83,1190,6461,976655915,81691858,2437.81,0.00,121,100.0
918,05b-surface-scan,39850,39,59718,59,59,58,2339,83,1497,6492,981483819,81691858,2471.89,0.00,124,100.0
919,05b-surface-scan,39850,39,60031,60,59,57,2339,83,1497,6492,986325035,81691858,2478.70,0.00,123,100.0
920,05b-surface-scan,39850,39,60062,60,59,58,2343,83,1497,6492,991192363,81691866,2492.07,0.00,125,100.0
921,05b-surface-scan,39850,39,60062,60,60,58,2341,83,1497,6492,996032811,81691962,2478.31,0.05,123,100.0
922,05b-surface-scan,39850,39,60062,60,59,58,2339,83,1497,6492,1000865579,81692018,2474.38,0.03,124,100.0
923,05b-surface-scan,39850,39,60125,60,59,58,2339,83,1497,6492,1005735467,81692018,2493.38,0.00,125,100.0
925,05b-surface-scan,39850,39,60031,60,60,58,2337,83,1497,6533,1010591275,81692018,2486.17,0.00,123,100.0
926,05b-surface-scan,39850,39,60125,60,59,58,2337,83,1497,6492,1015437099,81692026,2481.06,0.00,124,100.0
929,05b-surface-scan,39850,39,59750,59,59,58,2339,83,1420,6410,1020187435,81692026,2432.17,0.00,121,100.0
930,05b-surface-scan,39850,39,60093,60,60,58,2337,83,1497,6451,1034070315,81692130,7108.03,0.05,122,100.0
931,05b-surface-scan,39850,39,60156,60,60,58,2337,83,1497,6451,1038881323,81692138,2463.24,0.00,121,100.0
934,05b-surface-scan,39850,39,59750,59,59,58,2339,83,1344,6410,1043673643,81692138,2453.67,0.00,122,100.0
935,05b-surface-scan,39850,39,60250,60,60,58,2341,83,1420,6451,1057549611,81692234,7104.50,0.05,124,100.0
936,05b-surface-scan,39850,39,60281,60,60,58,2341,83,1497,6451,1062399787,81692234,2483.29,0.00,124,100.0
939,05b-surface-scan,39850,39,60187,60,60,58,2339,83,1497,6410,1067222315,81692242,2469.13,0.00,127,100.0
940,05b-surface-scan,39850,39,60218,60,60,58,2339,83,1497,6451,1081127467,81692354,7119.44,0.06,123,100.0
941,05b-surface-scan,39850,39,60125,60,60,57,2341,83,1420,6451,1085904683,81692362,2445.93,0.00,122,100.0
945,05b-surface-scan,39850,39,60343,60,60,58,2341,83,1190,6410,1090715435,81692362,2463.11,0.00,125,100.0
946,05b-surface-scan,39850,39,60125,60,60,58,2339,83,1497,6451,1104523563,81692474,7069.76,0.06,122,100.0
947,05b-surface-scan,39850,39,60062,60,60,57,2335,83,1497,6451,1109303339,81692474,2447.25,0.00,124,100.0
948,05b-surface-scan,39850,39,60156,60,60,57,2336,83,1497,6492,1114102059,81692594,2456.94,0.06,123,100.0
949,05b-surface-scan,39850,39,60093,60,60,58,2339,83,1497,6451,1118924587,81692602,2469.13,0.00,124,100.0
950,05b-surface-scan,39850,39,60093,60,60,58,2339,83,1497,6451,1123714091,81692602,2452.23,0.00,121,100.0
951,05b-surface-scan,39850,39,60125,60,60,58,2337,83,1497,6451,1128504619,81692602,2452.75,0.00,126,100.0
952,05b-surface-scan,39850,39,60218,60,60,58,2337,83,729,6778,1133321771,81692610,2466.38,0.00,125,100.0
955,05b-surface-scan,39850,39,60093,60,60,58,2339,83,1497,6410,1138123819,81692610,2458.65,0.00,125,100.0
956,05b-surface-scan,39850,39,60062,60,60,58,2339,83,1497,6451,1152007467,81693114,7108.43,0.26,126,100.0
957,05b-surface-scan,39850,39,60125,60,60,58,2339,83,1497,6451,1156807467,81693138,2457.60,0.01,122,100.0
960,05b-surface-scan,39850,39,60187,60,60,58,2343,83,1420,6410,1161590059,81693138,2448.69,0.00,127,100.0
962,05b-surface-scan,39850,39,60156,60,60,58,2339,83,1497,6451,1175469355,81693650,7106.20,0.26,126,100.0
963,05b-surface-scan,39850,39,60125,60,60,57,2341,83,1267,6451,1180318251,81693658,2482.63,0.00,123,100.0
964,05b-surface-scan,39850,39,60281,60,60,58,2339,83,1497,6451,1185133867,81693762,2465.60,0.05,125,100.0
965,05b-surface-scan,39850,39,60125,60,60,58,2337,83,1497,6451,1189990955,81693770,2486.83,0.00,123,100.0
966,05b-surface-scan,39850,39,60156,60,60,57,2339,83,1497,6451,1194741547,81693770,2432.30,0.00,124,100.0
967,05b-surface-scan,39850,39,60093,60,60,57,2337,83,1497,6451,1199556907,81693810,2465.46,0.02,122,100.0
968,05b-surface-scan,39850,39,60250,60,60,58,2337,83,1497,6451,1204343595,81693826,2450.78,0.01,123,100.0
971,05b-surface-scan,39850,39,60250,60,60,58,2339,83,1497,6492,1209140523,81693826,2456.03,0.00,127,100.0
972,05b-surface-scan,39850,39,59531,59,59,57,2343,83,729,5929,1223110443,81693962,7152.60,0.07,124,100.0
973,05b-surface-scan,39850,39,59750,59,59,58,2343,83,1497,5766,1227959339,81693970,2482.63,0.00,119,100.0
974,05b-surface-scan,39850,39,59437,59,59,57,2341,83,1344,5807,1232779563,81694082,2467.95,0.06,123,100.0
975,05b-surface-scan,39850,39,59437,59,59,58,2336,83,1344,5807,1237630507,81694090,2483.68,0.00,125,100.0
977,05b-surface-scan,39850,39,59468,59,59,58,2343,83,1497,5807,1242466859,81694090,2476.21,0.00,121,100.0
978,05b-surface-scan,39850,39,59375,59,59,57,2341,83,1497,5766,1247316267,81694138,2482.90,0.02,124,100.0
979,05b-surface-scan,39850,39,59750,59,59,57,2341,83,1497,5766,1252147755,81694162,2473.72,0.01,121,100.0
980,05b-surface-scan,39850,39,59531,59,59,57,2339,83,1420,5766,1256979243,81694274,2473.72,0.06,121,100.0
981,05b-surface-scan,39850,39,59406,59,59,57,2337,83,729,5807,1261801003,81694282,2468.74,0.00,125,100.0
982,05b-surface-scan,39850,39,59593,59,59,58,2337,83,1420,5807,1266663211,81694282,2489.45,0.00,124,100.0
983,05b-surface-scan,39850,39,59281,59,59,57,2339,83,1267,5807,1271543851,81694282,2498.89,0.00,122,100.0
984,05b-surface-scan,39850,39,59281,59,59,57,2337,83,1344,5807,1276409899,81694298,2491.42,0.01,123,100.0
985,05b-surface-scan,39850,39,59500,59,59,57,2339,83,1420,5807,1281245483,81694394,2475.82,0.05,121,100.0
986,05b-surface-scan,39850,39,59437,59,59,57,2337,83,1344,5766,1286081835,81694418,2476.21,0.01,118,100.0
987,05b-surface-scan,39850,39,59437,59,59,57,2341,83,1344,5766,1290944299,81694418,2489.58,0.00,125,100.0
989,05b-surface-scan,39850,39,59406,59,59,57,2339,83,1344,5807,1295795243,81694418,2483.68,0.00,127,100.0
990,05b-surface-scan,39850,39,59343,59,59,57,2339,83,1497,5766,1300635435,81694426,2478.18,0.00,124,100.0
991,05b-surface-scan,39850,39,59312,59,59,57,2339,83,1344,5766,1305446187,81694522,2463.11,0.05,125,100.0
992,05b-surface-scan,39850,39,59343,59,59,57,2339,83,1497,5766,1310296875,81694530,2483.55,0.00,120,100.0
993,05b-surface-scan,39850,39,59343,59,59,57,2339,83,1420,5807,1315155243,81694530,2487.48,0.00,126,100.0
994,05b-surface-scan,39850,39,59218,59,59,57,2341,83,1190,5807,1320037675,81694530,2499.81,0.00,126,100.0
995,05b-surface-scan,39850,39,59187,59,59,57,2341,83,729,5725,1324910379,81694538,2494.82,0.00,124,100.0
998,05b-surface-scan,39850,39,59312,59,59,57,2339,83,1036,5725,1329753387,81694538,2479.62,0.00,127,100.0
999,05b-surface-scan,39850,39,59156,59,59,57,2345,83,1267,5807,1343692843,81694650,7137.00,0.06,123,100.0
1000,05b-surface-scan,39850,39,59125,59,59,57,2343,83,1420,5807,1348572203,81694658,2498.23,0.00,125,100.0
1003,05b-surface-scan,39850,39,59187,59,59,57,2341,83,729,5725,1353404203,81694658,2473.98,0.00,125,100.0
1005,05b-surface-scan,39850,39,59031,59,59,57,2341,83,1344,5766,1367324971,81694762,7127.43,0.05,122,100.0
1006,05b-surface-scan,39850,39,59000,59,59,57,2339,83,1420,5766,1372185131,81694770,2488.40,0.00,121,100.0
1007,05b-surface-scan,39850,39,59000,59,59,57,2339,83,1497,5766,1377002027,81694874,2466.25,0.05,122,100.0
1008,05b-surface-scan,39850,39,59000,59,59,57,2273,77,1497,5766,1381867819,81694882,2491.29,0.00,120,100.0
1009,05b-surface-scan,39850,39,58968,58,59,57,2154,77,1420,5766,1386729771,81694882,2489.32,0.00,122,100.0
1010,05b-surface-scan,39850,39,59125,59,58,57,2204,81,729,5766,1391624747,81694898,2506.23,0.01,121,100.0
1011,05b-surface-scan,39850,39,59062,59,59,57,2261,81,1420,5807,1396453163,81694906,2472.15,0.00,116,100.0
1014,05b-surface-scan,39850,39,58968,58,59,57,2182,77,1497,5725,1401290027,81694906,2476.47,0.00,119,100.0
1015,05b-surface-scan,39850,39,58968,58,58,57,2141,77,1344,5766,1415195947,81695010,7119.83,0.05,126,100.0
1016,05b-surface-scan,39850,39,58906,58,59,57,2234,81,1497,5766,1420003883,81695026,2461.66,0.01,121,100.0
1020,05b-surface-scan,39850,39,58781,58,58,57,2137,77,729,5725,1424838955,81695026,2475.56,0.00,123,100.0
1021,05b-surface-scan,39850,39,58843,58,58,57,2131,77,729,5766,1438705451,81695130,7099.65,0.05,124,100.0
1022,05b-surface-scan,39850,39,59062,59,58,57,2131,77,1420,5766,1443584299,81695130,2497.97,0.00,124,100.0
1023,05b-surface-scan,39850,39,59125,59,59,57,2131,77,806,5766,1448432939,81695274,2482.50,0.07,118,100.0
1024,05b-surface-scan,39850,39,58906,58,58,57,2130,77,1497,5766,1453247531,81695282,2465.07,0.00,117,100.0
1025,05b-surface-scan,39850,39,58875,58,58,57,2130,77,1344,5807,1458096427,81695282,2482.63,0.00,122,100.0
1026,05b-surface-scan,39850,39,58906,58,59,57,2203,81,1420,5766,1462904107,81695306,2461.53,0.01,124,100.0
1027,05b-surface-scan,39850,39,59218,59,58,57,2261,81,1420,5766,1467721515,81695314,2466.51,0.00,124,100.0
1030,05b-surface-scan,39850,39,58843,58,59,57,2136,77,729,5725,1472514091,81695314,2453.80,0.00,124,100.0
1031,05b-surface-scan,39850,39,58937,58,58,57,2131,77,1190,5725,1486453291,81695434,7136.87,0.06,121,100.0
1032,05b-surface-scan,39850,39,58968,58,58,57,2131,77,1497,5766,1491264811,81695442,2463.50,0.00,124,100.0
1035,05b-surface-scan,39850,39,58781,58,58,57,2133,77,729,5725,1496085803,81695442,2468.35,0.00,127,100.0
1037,05b-surface-scan,39850,39,59250,59,59,57,2133,77,1497,6420,1510007339,81695554,7127.83,0.06,121,100.0
1038,05b-surface-scan,39850,39,59218,59,59,57,2138,81,1497,6451,1514850091,81695562,2479.49,0.00,124,100.0
1039,05b-surface-scan,39850,39,59156,59,59,57,2248,81,1497,6492,1519707947,81695674,2487.22,0.06,127,100.0
1040,05b-surface-scan,39850,39,59312,59,59,57,2262,81,1497,6492,1524538667,81695682,2473.33,0.00,126,100.0
1041,05b-surface-scan,39850,39,59250,59,59,57,2268,81,1497,6492,1529329451,81695682,2452.88,0.00,124,100.0
1042,05b-surface-scan,39850,39,59312,59,59,57,2272,81,1497,6492,1534153771,81695706,2470.05,0.01,127,100.0
1043,05b-surface-scan,39850,39,59375,59,59,57,2271,81,1497,6492,1539031851,81695714,2497.58,0.00,126,100.0
1044,05b-surface-scan,39850,39,59281,59,59,57,2270,81,1497,6492,1543861035,81695802,2472.54,0.05,121,100.0
1045,05b-surface-scan,39850,39,59375,59,59,57,2268,81,1497,6492,1548697387,81695810,2476.21,0.00,122,100.0
1046,05b-surface-scan,39850,39,59343,59,59,57,2270,81,1497,6451,1553560875,81695810,2490.11,0.00,126,100.0
1047,05b-surface-scan,39850,39,59218,59,59,57,2271,81,1497,6492,1558379819,81695810,2467.30,0.00,121,100.0
1048,05b-surface-scan,39850,39,59468,59,59,57,2270,81,1497,6492,1563232299,81695818,2484.47,0.00,123,100.0
1050,05b-surface-scan,39850,39,59312,59,59,57,2268,81,1497,6492,1568050475,81695914,2466.91,0.05,119,100.0
1051,05b-surface-scan,39850,39,59468,59,59,57,2272,81,1497,6492,1572891435,81695938,2478.57,0.01,124,100.0
1052,05b-surface-scan,39850,39,59437,59,59,57,2270,81,1497,6451,1577705771,81695938,2464.94,0.00,122,100.0
1055,05b-surface-scan,39850,39,59625,59,59,57,2268,81,1497,6533,1582504747,81695954,2457.08,0.01,128,100.0
1056,05b-surface-scan,39850,39,60031,60,60,57,2268,81,1497,7023,1596437803,81696490,7133.72,0.27,126,100.0
1057,05b-surface-scan,39850,39,59718,59,59,57,2270,81,1497,6737,1601292587,81696490,2485.65,0.00,151,100.0
1060,05b-surface-scan,39850,39,59406,59,59,57,2271,81,1497,6492,1606104363,81696770,2463.63,0.14,129,100.0
1061,05b-surface-scan,39850,39,59406,59,59,57,2269,81,1497,6492,1619375403,81918074,6794.77,113.31,126,100.0
1062,05b-surface-scan,39850,39,59531,59,59,57,2273,81,1497,6492,1624238891,81918074,2490.11,0.00,126,100.0
1065,05b-surface-scan,39850,39,59468,59,59,57,2273,81,1497,6451,1629097771,81918074,2487.75,0.00,125,100.0
1066,05b-surface-scan,39850,39,59500,59,59,57,2273,81,1497,6492,1643016491,81918250,7126.38,0.09,122,100.0
1068,05b-surface-scan,39850,39,59312,59,59,57,2270,81,1497,6492,1647864619,81918250,2482.24,0.00,126,100.0
1069,05b-surface-scan,39850,39,59437,59,59,57,2269,81,1497,6492,1652699947,81918346,2475.69,0.05,121,100.0
1070,05b-surface-scan,39850,39,59531,59,59,57,2271,81,1497,6492,1657552683,81918354,2484.60,0.00,124,100.0
1071,05b-surface-scan,39850,39,59468,59,59,57,2270,81,1497,6492,1662383915,81918362,2473.59,0.00,124,100.0
1072,05b-surface-scan,39850,39,59500,59,59,58,2269,81,1497,6492,1667213611,81918362,2472.80,0.00,122,100.0
1073,05b-surface-scan,39850,39,59406,59,59,57,2271,81,1497,6492,1672056875,81918362,2479.75,0.00,122,100.0
1074,05b-surface-scan,39850,39,59343,59,59,57,2270,81,1497,6492,1676890155,81918450,2474.64,0.05,125,100.0
1075,05b-surface-scan,39850,39,59562,59,59,57,2268,81,1497,6492,1681722155,81918458,2473.98,0.00,120,100.0
1076,05b-surface-scan,39850,39,59437,59,59,57,2270,81,1497,6492,1686527019,81918474,2460.09,0.01,125,100.0
1077,05b-surface-scan,39850,39,59593,59,59,57,2270,81,1497,6492,1691372331,81918474,2480.80,0.00,121,100.0
1078,05b-surface-scan,39850,39,59562,59,59,57,2271,81,1497,6451,1696200235,81918474,2471.89,0.00,125,100.0
1079,05b-surface-scan,39850,39,59531,59,59,57,2270,81,1497,6492,1701019179,81918610,2467.30,0.07,124,100.0
1081,05b-surface-scan,39850,39,59437,59,59,57,2270,81,1497,6492,1705821483,81918618,2458.78,0.00,126,100.0
1082,05b-surface-scan,39850,39,59625,59,59,57,2268,81,1497,6492,1710640427,81918626,2467.30,0.00,119,100.0
1083,05b-surface-scan,39850,39,59656,59,59,57,2271,81,1497,6492,1715472683,81918666,2474.12,0.02,122,100.0
1084,05b-surface-scan,39850,39,59531,59,59,57,2273,81,1497,6492,1720297003,81918666,2470.05,0.00,125,100.0
1085,05b-surface-scan,39850,39,59437,59,59,57,2272,81,1497,6492,1725098795,81918802,2458.52,0.07,121,100.0
1086,05b-surface-scan,39850,39,59781,59,59,57,2268,81,1497,6533,1729945899,81918810,2481.72,0.00,114,100.0
1087,05b-surface-scan,39850,39,59750,59,59,57,2275,81,1497,6533,1734802219,81918818,2486.44,0.00,126,100.0
1088,05b-surface-scan,39850,39,59562,59,59,57,2275,81,1497,6492,1739623211,81918818,2468.35,0.00,120,100.0
1089,05b-surface-scan,39850,39,59531,59,59,57,2271,81,1497,6533,1744442667,81918818,2467.56,0.00,124,100.0
1090,05b-surface-scan,39850,39,59812,59,59,57,2275,81,1497,6492,1749296683,81918914,2485.26,0.05,126,100.0
1091,05b-surface-scan,39850,39,59781,59,59,57,2271,81,1497,6492,1754137643,81919570,2478.57,0.34,119,100.0
1092,05b-surface-scan,39850,39,59281,59,59,57,2271,81,1420,5889,1758982699,81919578,2480.67,0.00,121,100.0
1094,05b-surface-scan,39850,39,59281,59,59,57,2270,81,1497,5766,1763826475,81919578,2480.01,0.00,122,100.0
1095,05b-surface-scan,39850,39,59187,59,59,57,2271,81,1497,5807,1768677931,81919578,2483.95,0.00,121,100.0
1096,05b-surface-scan,39850,39,59156,59,59,57,2275,81,1267,5766,1773519147,81919674,2478.70,0.05,123,100.0
1097,05b-surface-scan,39850,39,59250,59,59,57,2271,81,1497,5766,1778360107,81919682,2478.57,0.00,124,100.0
1098,05b-surface-scan,39850,39,59343,59,59,57,2271,81,1344,5807,1783204907,81919690,2480.54,0.00,127,100.0
1099,05b-surface-scan,39850,39,59312,59,59,57,2271,81,1344,5766,1788048171,81919690,2479.75,0.00,120,100.0
1100,05b-surface-scan,39850,39,59375,59,59,57,2273,81,729,5725,1792870187,81919690,2468.87,0.00,123,100.0
1103,05b-surface-scan,39850,39,59250,59,59,57,2271,81,1497,5725,1797642027,81919690,2443.18,0.00,125,100.0
1104,05b-surface-scan,39850,39,59375,59,59,57,2271,81,1344,5766,1811478571,81919802,7084.31,0.06,123,100.0
1105,05b-surface-scan,39850,39,59437,59,59,57,2273,81,1420,5807,1816349227,81919802,2493.78,0.00,121,100.0
1108,05b-surface-scan,39850,39,59062,59,59,57,2271,81,1497,5766,1821211435,81919802,2489.45,0.00,127,100.0
1110,05b-surface-scan,39850,39,59156,59,59,57,2273,81,1497,6420,1835155755,81919914,7139.49,0.06,122,100.0
1111,05b-surface-scan,39850,39,59281,59,59,57,2270,81,1497,6492,1839350059,82140530,2147.48,112.96,122,100.0
1112,05b-surface-scan,39850,39,59312,59,59,57,2273,81,1497,6410,1844239659,82141058,2503.48,0.27,127,100.0
1113,05b-surface-scan,39850,39,59343,59,59,57,2270,81,1497,6492,1849101611,82141066,2489.32,0.00,126,100.0
1114,05b-surface-scan,39850,39,59562,59,59,57,2270,81,1497,6533,1853889579,82199194,2451.44,29.76,326,100.0
1115,05b-surface-scan,39850,39,59437,59,59,57,2270,81,1497,6451,1858251307,82361706,2233.20,83.21,121,100.0
1116,05b-surface-scan,39850,39,59343,59,59,57,2270,81,1497,6533,1863101227,82361706,2483.16,0.00,121,100.0
1117,05b-surface-scan,39850,39,59125,59,59,57,2268,81,1497,5970,1867893547,82362250,2453.67,0.28,119,100.0
1118,05b-surface-scan,39850,39,59343,59,59,57,2269,81,1497,6410,1872096299,82582874,2151.81,112.96,125,100.0
1119,05b-surface-scan,39850,39,59250,59,59,57,2268,81,1497,6410,1876929835,82582890,2474.77,0.01,120,100.0
1120,05b-surface-scan,39850,39,59781,59,59,57,2270,81,1497,6492,1881782571,82582890,2484.60,0.00,122,100.0
1121,05b-surface-scan,39850,39,59562,59,59,57,2268,81,1497,6573,1886593579,82582890,2463.24,0.00,121,100.0
1122,05b-surface-scan,39850,39,59156,59,59,57,2270,81,1497,6420,1890858539,82804434,2183.66,113.43,125,100.0
1124,05b-surface-scan,39850,39,59468,59,59,57,2272,81,1497,6492,1895759147,82804434,2509.11,0.00,126,100.0
1125,05b-surface-scan,39850,39,59500,59,59,57,2270,81,1497,6533,1900598571,82804442,2477.79,0.00,126,100.0
1126,05b-surface-scan,39850,39,59343,59,59,57,2270,81,1497,6533,1904848683,83025058,2176.06,112.96,124,100.0
1127,05b-surface-scan,39850,39,59281,59,59,57,2270,81,1497,6492,1909732907,83025562,2500.72,0.26,126,100.0
1128,05b-surface-scan,39850,39,59500,59,59,57,2268,81,1497,6533,1914596651,83025570,2490.24,0.00,126,100.0
1129,05b-surface-scan,39850,39,59437,59,59,57,2272,81,1497,6492,1918855979,83246186,2180.78,112.96,120,100.0
1130,05b-surface-scan,39850,39,59312,59,59,57,2272,81,1497,6451,1923729963,83246194,2495.48,0.00,121,100.0
1131,05b-surface-scan,39850,39,59531,59,59,57,2272,81,1497,6492,1928586795,83246194,2486.70,0.00,125,100.0
1132,05b-surface-scan,39850,39,59250,59,59,57,2270,81,1497,6134,1933456683,83246674,2493.38,0.25,119,100.0
1133,05b-surface-scan,39850,39,59375,59,59,57,2268,81,1497,6451,1937722667,83467298,2184.18,112.96,126,100.0
1134,05b-surface-scan,39850,39,59281,59,59,57,2268,81,1497,6533,1942631979,83467298,2513.57,0.00,124,100.0
1136,05b-surface-scan,39850,39,59468,59,59,57,2268,81,1497,6533,1947482923,83467306,2483.68,0.00,120,100.0
1137,05b-surface-scan,39850,39,59250,59,59,57,2270,81,1497,6451,1951784235,83687922,2202.27,112.96,126,100.0
1138,05b-surface-scan,39850,39,59218,59,59,57,2268,81,1497,6216,1956687659,83688450,2510.55,0.27,125,100.0
1139,05b-surface-scan,39850,39,59500,59,59,57,2272,81,1497,6533,1961577771,83688458,2503.74,0.00,126,100.0
1140,05b-surface-scan,39850,39,59218,59,59,57,2273,81,1497,6492,1965882155,83909074,2203.84,112.96,126,100.0
1141,05b-surface-scan,39850,39,59250,59,59,57,2271,81,1497,6451,1970781739,83909082,2508.59,0.00,125,100.0
1142,05b-surface-scan,39850,39,59593,59,59,57,2271,81,1497,6533,1975641387,83909082,2488.14,0.00,126,100.0
1143,05b-surface-scan,39850,39,59281,59,59,57,2271,81,1497,6011,1980481323,83909586,2478.05,0.26,125,100.0
1144,05b-surface-scan,39850,39,59406,59,59,57,2269,81,1497,6461,1984767787,84130210,2194.67,112.96,124,100.0
1145,05b-surface-scan,39850,39,59468,59,59,57,2270,81,1497,6492,1989655595,84130218,2502.56,0.00,119,100.0
1146,05b-surface-scan,39850,39,59593,59,59,57,2271,81,1497,6533,1994475307,84130226,2467.69,0.00,124,100.0
1150,05b-surface-scan,39850,39,59531,59,59,57,2271,81,1497,5848,1998722859,84350842,2174.75,112.96,126,100.0
1151,05b-surface-scan,39850,39,59500,59,59,57,2269,81,1497,6420,2012717355,84351354,7165.18,0.26,122,100.0
1152,05b-surface-scan,39850,39,59875,59,59,57,2268,81,1420,6533,2017348907,84450170,2371.35,50.59,172,100.0
1153,05b-surface-scan,39850,39,59156,59,59,57,2268,81,1497,6175,2021849131,84572482,2304.11,62.62,124,100.0
1154,05b-surface-scan,39850,39,59531,59,59,57,2268,81,1497,6614,2026680107,84572490,2473.46,0.00,124,100.0
1155,05b-surface-scan,39850,39,59437,59,59,57,2269,81,729,6492,2030922027,84793106,2171.86,112.96,122,100.0
1156,05b-surface-scan,39850,39,59687,59,59,57,2268,81,1497,6859,2035766059,84793106,2480.14,0.00,119,100.0
1157,05b-surface-scan,39850,39,60125,60,59,57,2269,81,1497,7063,2040175403,84996250,2257.58,104.01,197,100.0
1158,05b-surface-scan,39850,39,60531,60,60,57,2271,81,1497,7349,2044985899,85014586,2462.97,9.39,121,100.0
1159,05b-surface-scan,39850,39,59843,59,59,57,2271,81,1036,6492,2049865771,85014586,2498.49,0.00,123,100.0
1160,05b-surface-scan,39850,39,59843,59,59,57,2273,81,1497,6451,2054707243,85014586,2478.83,0.00,123,100.0
1161,05b-surface-scan,39850,39,59656,59,59,57,2271,81,1497,6492,2059549483,85014586,2479.23,0.00,126,100.0
1165,05b-surface-scan,39850,39,59562,59,59,57,2271,81,1497,6451,2064365611,85014602,2465.86,0.01,128,100.0
1166,05b-surface-scan,39850,39,59656,59,59,57,2273,81,1497,6451,2078276139,85015770,7122.19,0.60,123,100.0
1167,05b-surface-scan,39850,39,59656,59,59,57,2275,81,1497,6451,2083103531,85015770,2471.62,0.00,121,100.0
1170,05b-surface-scan,39850,39,59656,59,59,57,2273,81,1497,6492,2087910187,85015770,2461.01,0.00,121,100.0
1171,05b-surface-scan,39850,39,59812,59,59,57,2270,81,1497,6492,2101862443,85015882,7143.56,0.06,123,100.0
1172,05b-surface-scan,39850,39,59750,59,59,57,2270,81,1497,6492,2106725675,85015882,2489.97,0.00,126,100.0
1173,05b-surface-scan,39850,39,59531,59,59,57,2270,81,1497,6492,2111568939,85016002,2479.75,0.06,126,100.0
1174,05b-surface-scan,39850,39,59875,59,60,57,2271,81,729,6492,2116370731,85017474,2458.52,0.75,121,100.0
1175,05b-surface-scan,39850,39,59968,59,60,58,2270,81,1497,6451,2121223211,85017482,2484.47,0.00,119,100.0
1176,05b-surface-scan,39850,39,60187,60,60,57,2270,81,1420,6451,2126066475,85017482,2479.75,0.00,120,100.0
1177,05b-surface-scan,39850,39,59937,59,60,57,2270,81,1497,6451,2130918699,85017482,2484.34,0.00,126,100.0
1181,05b-surface-scan,39850,39,60000,60,59,57,2270,81,1497,6451,2135770923,85017482,2484.34,0.00,123,100.0
1182,05b-surface-scan,39850,39,59718,59,59,57,2272,81,1497,6451,2149722923,85017610,7143.42,0.07,120,100.0
1183,05b-surface-scan,39850,39,59718,59,59,57,2268,81,1497,6492,2154585899,85017610,2489.84,0.00,124,100.0
1186,05b-surface-scan,39850,39,59750,59,60,57,2266,81,1497,6451,2159441195,85017610,2485.91,0.00,127,100.0
1187,05b-surface-scan,39850,39,59812,59,59,57,2270,81,1497,6492,2173352235,85017770,7122.45,0.08,122,100.0
1188,05b-surface-scan,39850,39,59781,59,59,57,2270,81,1497,6451,2178188587,85017770,2476.21,0.00,126,100.0
1191,05b-surface-scan,39850,39,59750,59,59,57,2270,81,1497,6410,2183013931,85017770,2470.58,0.00,122,100.0
1192,05b-surface-scan,39850,39,59875,59,59,57,2268,81,1497,6451,2196970539,85017906,7145.78,0.07,123,100.0
1193,05b-surface-scan,39850,39,59718,59,59,57,2270,81,1497,6492,2201828907,85017906,2487.48,0.00,123,100.0
1196,05b-surface-scan,39850,39,59906,59,59,58,2270,81,1497,6451,2206664491,85017906,2475.82,0.00,125,100.0
1197,05b-surface-scan,39850,39,59843,59,59,57,2270,81,1497,6451,2220620075,85018018,7145.26,0.06,120,100.0
1199,05b-surface-scan,39850,39,59750,59,59,58,2268,81,1497,6492,2225473579,85018018,2484.99,0.00,123,100.0
1200,05b-surface-scan,39850,39,59968,59,59,57,2268,81,1497,6492,2230311723,85018138,2477.13,0.06,120,100.0
1201,05b-surface-scan,39850,39,59843,59,59,57,2268,81,1497,6451,2235175723,85018146,2490.37,0.00,127,100.0
1202,05b-surface-scan,39850,39,59750,59,59,57,2273,81,1497,6451,2240009515,85018154,2474.90,0.00,126,100.0
1203,05b-surface-scan,39850,39,59968,59,59,57,2271,81,1497,6492,2244851499,85018178,2479.10,0.01,122,100.0
1204,05b-surface-scan,39850,39,59781,59,59,58,2268,81,1497,6492,2249680427,85018178,2472.41,0.00,125,100.0
1205,05b-surface-scan,39850,39,59750,59,59,57,2271,81,1497,6451,2254479659,85018274,2457.21,0.05,123,100.0
1206,05b-surface-scan,39850,39,59968,59,59,58,2273,81,1497,6492,2259328299,85018282,2482.50,0.00,126,100.0
1207,05b-surface-scan,39850,39,59843,59,59,58,2268,81,1497,6451,2264181547,85018290,2484.86,0.00,126,100.0
1208,05b-surface-scan,39850,39,59781,59,60,57,2271,81,1497,6492,2268998187,85018290,2466.12,0.00,119,100.0
1209,05b-surface-scan,39850,39,60062,60,59,57,2273,81,1497,6451,2273830187,85018290,2473.98,0.00,126,100.0
1210,05b-surface-scan,39850,39,60000,60,60,57,2271,81,1497,6492,2278677547,85018386,2481.85,0.05,123,100.0
1212,05b-surface-scan,39850,39,59781,59,59,57,2268,81,1344,6379,2283534123,85018394,2486.57,0.00,122,100.0
1213,05b-surface-scan,39850,39,59593,59,59,57,2269,81,729,5848,2288342827,85018402,2462.06,0.00,124,100.0
1214,05b-surface-scan,39850,39,59343,59,59,57,2269,81,806,5766,2293176619,85018402,2474.90,0.00,122,100.0
1215,05b-surface-scan,39850,39,59468,59,59,57,2269,81,1344,5807,2298071851,85018402,2506.36,0.00,120,100.0
1216,05b-surface-scan,39850,39,59218,59,59,57,2273,81,1344,5807,2302942507,85018490,2493.78,0.05,127,100.0
1217,05b-surface-scan,39850,39,59156,59,59,57,2273,81,1267,5807,2307794475,85018506,2484.21,0.01,116,100.0
1218,05b-surface-scan,39850,39,59156,59,59,57,2271,81,1420,5766,2312662571,85018522,2492.47,0.01,124,100.0
1219,05b-surface-scan,39850,39,59187,59,59,58,2271,81,1267,5766,2317495851,85018538,2474.64,0.01,125,100.0
1220,05b-surface-scan,39850,39,59406,59,59,57,2273,81,1420,5807,2322323755,85018538,2471.89,0.00,120,100.0
1223,05b-surface-scan,39850,39,59156,59,59,57,2273,81,1344,5725,2327207467,85018538,2500.46,0.00,120,100.0
1224,05b-surface-scan,39850,39,59156,59,59,57,2269,81,1497,5807,2341126443,85018690,7126.52,0.08,122,100.0
1226,05b-surface-scan,39850,39,59187,59,59,57,2271,81,1344,5766,2345973803,85018690,2481.85,0.00,123,100.0
1229,05b-surface-scan,39850,39,59250,59,59,57,2266,81,1420,5766,2350819115,85018690,2480.80,0.00,123,100.0
1230,05b-surface-scan,39850,39,59218,59,59,57,2269,81,1420,5766,2364746283,85018834,7130.71,0.07,121,100.0
1231,05b-surface-scan,39850,39,59156,59,59,57,2270,81,1420,5807,2369606443,85018834,2488.40,0.00,120,100.0
1234,05b-surface-scan,39850,39,59125,59,59,57,2271,81,1420,5725,2374446635,85018834,2478.18,0.00,126,100.0
1235,05b-surface-scan,39850,39,59000,59,59,57,2269,81,1497,5807,2388370731,85018954,7129.14,0.06,126,100.0
1236,05b-surface-scan,39850,39,59031,59,59,57,2271,81,1420,5766,2393177899,85018954,2461.27,0.00,124,100.0
1239,05b-surface-scan,39850,39,59156,59,59,57,2270,81,1036,5725,2398039851,85018954,2489.32,0.00,125,100.0
1240,05b-surface-scan,39850,39,59093,59,59,57,2173,77,1497,5766,2411955499,85019082,7124.81,0.07,120,100.0
1241,05b-surface-scan,39850,39,59000,59,59,57,2137,77,1497,5766,2416816939,85019082,2489.06,0.00,123,100.0
1245,05b-surface-scan,39850,39,58968,58,59,57,2271,81,1420,5766,2421666347,85019082,2482.90,0.00,122,100.0
1246,05b-surface-scan,39850,39,59125,59,58,57,2259,77,1420,5766,2435595819,85019194,7131.89,0.06,125,100.0
1247,05b-surface-scan,39850,39,59187,59,59,57,2152,77,1497,5807,2440468267,85019194,2494.69,0.00,124,100.0
1248,05b-surface-scan,39850,39,59031,59,58,57,2134,77,1497,5807,2445309227,85019290,2478.57,0.05,119,100.0
1249,05b-surface-scan,39850,39,59062,59,58,57,2132,77,1344,5766,2450152235,85019298,2479.62,0.00,120,100.0
1250,05b-surface-scan,39850,39,59000,59,59,57,2131,77,1497,5807,2454993707,85019306,2478.83,0.00,119,100.0
1251,05b-surface-scan,39850,39,58968,58,59,57,2131,77,1497,5766,2459881515,85019314,2502.56,0.00,123,100.0
1252,05b-surface-scan,39850,39,58937,58,59,57,2129,77,1267,5766,2464717867,85019314,2476.21,0.00,121,100.0
1253,05b-surface-scan,39850,39,58812,58,59,57,2131,77,1420,5807,2469568043,85019418,2483.29,0.05,126,100.0
1254,05b-surface-scan,39850,39,59125,59,59,57,2131,77,1190,6052,2474458667,85019426,2504.00,0.00,125,100.0
1255,05b-surface-scan,39850,39,58843,58,59,57,2133,77,1190,5807,2479302443,85019434,2480.01,0.00,124,100.0
1257,05b-surface-scan,39850,39,58968,58,59,57,2131,77,1420,5766,2484155691,85019434,2484.86,0.00,124,100.0
1258,05b-surface-scan,39850,39,58781,58,58,57,2131,77,1497,5766,2489003563,85019434,2482.11,0.00,125,100.0
1259,05b-surface-scan,39850,39,58875,58,58,57,2131,77,960,5766,2493849131,85019922,2480.93,0.25,125,100.0
1260,05b-surface-scan,39850,39,58781,58,59,57,2133,77,1344,5807,2498708267,85019946,2487.88,0.01,128,100.0
1261,05b-surface-scan,39850,39,59062,59,59,57,2132,77,729,5766,2503577643,85019954,2493.12,0.00,121,100.0
1262,05b-surface-scan,39850,39,58812,58,58,57,2131,77,1497,5807,2508425771,85019954,2482.24,0.00,120,100.0
1263,05b-surface-scan,39850,39,59031,59,59,57,2132,77,1497,5766,2513264171,85019954,2477.26,0.00,123,100.0
1264,05b-surface-scan,39850,39,58843,58,59,57,2131,77,1420,5807,2518078251,85020106,2464.81,0.08,127,100.0
1265,05b-surface-scan,39850,39,59062,59,58,57,2131,77,1190,5807,2522966315,85020490,2502.69,0.20,122,100.0
1266,05b-surface-scan,39850,39,59125,59,59,57,2129,77,1344,5807,2527824171,85020506,2487.22,0.01,122,100.0
1267,05b-surface-scan,39850,39,58875,58,59,57,2131,77,1420,5766,2532641323,85020506,2466.38,0.00,121,100.0
1269,05b-surface-scan,39850,39,58843,58,59,57,2131,77,1497,5807,2537525035,85020506,2500.46,0.00,124,100.0
1272,05b-surface-scan,39850,39,58812,58,59,57,2136,77,1344,5766,2542362411,85020506,2476.74,0.00,125,100.0
1273,05b-surface-scan,39850,39,58750,58,58,57,2133,77,1497,5766,2556230955,85020698,7100.69,0.10,120,100.0
1274,05b-surface-scan,39850,39,58937,58,58,57,2132,77,1113,5766,2561033515,85020698,2458.91,0.00,124,100.0
1277,05b-surface-scan,39850,39,58843,58,58,57,2129,77,1497,6420,2565921067,85020698,2502.43,0.00,123,100.0
1278,05b-surface-scan,39850,39,59375,59,59,57,2194,81,1497,6451,2579873067,85020834,7143.42,0.07,124,100.0
1279,05b-surface-scan,39850,39,59156,59,59,57,2259,81,1497,6492,2584678187,85020834,2460.22,0.00,122,100.0
1282,05b-surface-scan,39850,39,59312,59,59,57,2168,78,1497,6410,2589526059,85020834,2482.11,0.00,122,100.0
1283,05b-surface-scan,39850,39,59125,59,59,57,2165,78,1497,6451,2603436331,85020954,7122.06,0.06,122,100.0
1284,05b-surface-scan,39850,39,59343,59,59,57,2165,78,1497,6492,2608223019,85020986,2450.78,0.02,120,100.0
1285,A-slc-fill,39850,39,59468,59,59,57,2165,78,1497,6216,2608433963,85545306,108.00,268.45,1,46.4
1286,A-slc-fill,39850,39,59281,59,59,57,2165,78,1497,6216,2608433963,86760538,0.00,622.20,1,95.2
1288,A-slc-fill,39850,39,59250,59,59,57,2165,78,1497,6257,2608433963,87970970,0.00,619.74,1,91.6
1289,A-slc-fill,39850,39,59218,59,59,57,2165,78,1497,6175,2608433963,89145274,0.00,601.24,0,95.6
1290,A-slc-fill,39850,39,59468,59,59,57,2167,78,1497,6175,2608433963,90323434,0.00,603.22,1,94.4
1291,A-slc-fill,39850,39,59656,59,59,57,2165,78,1497,6257,2608433963,91510762,0.00,607.91,0,93.2
1292,A-slc-fill,39850,39,59562,59,59,57,2168,78,1420,6257,2608433963,92660970,0.00,588.91,1,93.6
1293,A-slc-fill,39850,39,59656,59,59,57,2167,78,1344,6257,2608433963,93843954,0.00,605.69,1,98.8
1294,A-slc-fill,39850,39,59343,59,59,57,2165,78,1497,6175,2608433963,95021554,0.00,602.93,1,96.8
1295,A-slc-fill,39850,39,59312,59,59,57,2165,78,1497,6216,2608433963,96182818,0.00,594.57,0,93.2
1296,A-slc-fill,39850,39,59500,59,59,57,2165,78,1497,6175,2608433963,97358626,0.00,602.01,1,94.0
1297,A-slc-fill,39850,39,59156,59,59,57,2165,78,1497,6216,2608433963,98535202,0.00,602.41,1,96.0
1298,A-slc-fill,39850,39,59250,59,59,57,2164,78,1497,6257,2608433963,99715882,0.00,604.51,0,99.6
1299,A-slc-fill,39850,39,59187,59,59,57,2165,78,1497,6257,2608433963,100906794,0.00,609.75,1,96.0
1300,A-slc-fill,39850,39,59281,59,59,57,2165,78,1497,6216,2608433963,102070882,0.00,596.01,0,96.8
1301,A-slc-fill,39850,39,59218,59,59,57,2164,78,1497,6216,2608433963,103235938,0.00,596.51,1,92.4
1302,A-slc-fill,39850,39,59125,59,59,57,2164,78,1497,6216,2608433963,104408930,0.00,600.57,0,95.2
1303,A-slc-fill,39850,39,59250,59,59,57,2165,78,1497,6216,2608433963,105593706,0.00,606.61,0,94.8
1304,A-slc-fill,39850,39,59125,59,59,57,2167,78,1497,6216,2608433963,106771562,0.00,603.06,1,95.6
1306,A-slc-fill,39850,39,59375,59,59,57,2165,78,1497,6216,2608433963,107939994,0.00,598.24,1,96.8
1307,A-slc-fill,39850,39,59406,59,59,57,2165,78,1497,6216,2608433963,109115034,0.00,601.62,1,94.8
1308,A-slc-fill,39850,39,59187,59,59,57,2165,78,1497,6216,2608433963,110331290,0.00,622.72,1,94.8
1309,A-slc-fill,39850,39,59312,59,59,57,2167,78,1497,6216,2608433963,111534242,0.00,615.91,1,96.4
1310,A-slc-fill,39850,39,59406,59,59,57,2167,78,1497,6216,2608433963,112740058,0.00,617.38,1,93.2
1311,A-slc-fill,39850,39,59375,59,59,57,2170,78,1497,6216,2608433963,113947866,0.00,618.40,1,93.2
1312,A-slc-fill,39850,39,59531,59,59,57,2168,78,1497,6216,2608433963,115153114,0.00,617.09,0,94.4
1313,A-slc-fill,39850,39,59187,59,59,57,2167,78,1497,6216,2608433963,116355802,0.00,615.78,0,96.8
1314,A-slc-fill,39850,39,59281,59,59,57,2167,78,1497,6216,2608433963,117562594,0.00,617.88,1,97.6
1315,A-slc-fill,39850,39,59312,59,59,57,2167,78,1497,6216,2608433963,118769186,0.00,617.78,1,96.0
1316,A-slc-fill,39850,39,59218,59,59,57,2167,78,1497,6216,2608433963,119966514,0.00,613.03,1,95.6
1317,A-slc-fill,39850,39,59250,59,59,57,2167,78,1497,6216,2608433963,121131314,0.00,596.38,1,93.6
1318,A-slc-fill,39850,39,59218,59,59,57,2167,78,1497,6216,2608433963,122337090,0.00,617.36,0,99.2
1319,A-slc-fill,39850,39,59218,59,59,57,2164,78,1497,6216,2608433963,123539522,0.00,615.65,1,95.6
1320,A-slc-fill,39850,39,59343,59,59,57,2165,78,1497,6216,2608433963,124693410,0.00,590.79,1,96.0
1321,A-slc-fill,39850,39,59468,59,59,57,2167,78,1497,6216,2608433963,125893490,0.00,614.44,1,94.4
1323,A-slc-fill,39850,39,59375,59,59,57,2167,78,1497,6257,2608433963,127074162,0.00,604.50,1,95.6
1324,A-slc-fill,39850,39,59656,59,59,57,2165,78,1497,6216,2608433963,128028026,0.00,488.38,0,98.0
1325,A-slc-fill,39850,39,59437,59,59,57,2165,78,1497,6216,2608433963,129238954,0.00,620.00,1,93.2
1326,A-slc-fill,39850,39,59437,59,59,57,2164,78,1497,6216,2608433963,130443434,0.00,616.69,1,98.4
1327,A-slc-fill,39850,39,59281,59,59,58,2169,78,1497,6216,2608433963,131641258,0.00,613.29,1,97.6
1328,A-slc-fill,39850,39,59343,59,59,57,2165,78,1497,6175,2608433963,132834730,0.00,611.06,1,97.2
1329,A-slc-fill,39850,39,59406,59,59,57,2165,78,1497,6175,2608433963,133708210,0.00,447.22,1,97.2
1330,A-slc-fill,39850,39,59343,59,59,57,2165,78,1497,6216,2608433963,134906738,0.00,613.65,1,93.2
1331,A-slc-fill,39850,39,59187,59,59,57,2164,78,1497,6216,2608433963,136108914,0.00,615.51,1,95.6
1332,A-slc-fill,39850,39,59156,59,59,57,2165,78,1344,5766,2608433963,137300594,0.00,610.14,1,98.0
1333,A-slc-fill,39850,39,59281,59,59,57,2164,78,729,5643,2608433963,138498162,0.00,613.15,0,96.8
1334,A-slc-fill,39850,39,59343,59,59,57,2164,78,1344,5602,2608433963,139696506,0.00,613.55,1,92.8
1335,A-slc-fill,39850,39,59062,59,59,57,2167,78,1344,5643,2608433963,140882106,0.00,607.03,1,100.0
1336,A-slc-fill,39850,39,59062,59,59,57,2165,78,1344,5643,2608433963,142062266,0.00,604.24,0,93.6
1337,A-slc-fill,39850,39,59156,59,59,57,2167,78,1344,5643,2608433963,143263930,0.00,615.25,1,96.0
1338,A-slc-fill,39850,39,59000,59,59,57,2165,78,1497,5602,2608433963,144452026,0.00,608.31,1,96.8
1340,A-slc-fill,39850,39,58968,58,59,57,2165,78,1497,5602,2608433963,145635266,0.00,605.82,0,94.8
1341,A-slc-fill,39850,39,59187,59,59,57,2169,78,1267,5602,2608433963,146823674,0.00,608.46,0,96.4
1342,A-slc-fill,39850,39,59156,59,59,57,2167,78,1267,5602,2608433963,148018938,0.00,611.98,0,96.4
1343,A-slc-fill,39850,39,59062,59,59,57,2165,78,1344,5602,2608433963,149214970,0.00,612.37,1,98.4
1344,A-slc-fill,39850,39,58906,58,59,57,2164,78,1344,5602,2608433963,150395906,0.00,604.64,1,97.6
1345,A-slc-fill,39850,39,59062,59,59,57,2167,78,1267,5643,2608433963,151577146,0.00,604.79,0,96.0
1346,A-slc-fill,39850,39,58937,58,59,57,2165,78,1420,5643,2608433963,152759866,0.00,605.55,1,96.0
1347,A-slc-fill,39850,39,59125,59,59,57,2167,78,1497,5602,2608433963,153872698,0.00,569.77,1,85.2
1348,A-slc-fill,39850,39,59093,59,58,57,2165,78,1497,5602,2608433963,155037242,0.00,596.25,0,94.8
1349,A-slc-fill,39850,39,58906,58,59,57,2169,78,729,5602,2608433963,156154434,0.00,572.00,0,88.4
1350,A-slc-fill,39850,39,59218,59,59,57,2165,78,1420,5602,2608433963,157295234,0.00,584.09,0,90.4
1351,A-slc-fill,39850,39,58906,58,58,57,2165,78,1420,5602,2608433963,158477458,0.00,605.30,0,96.8
1352,A-slc-fill,39850,39,58937,58,58,57,2164,78,1190,5480,2608433963,159585170,0.00,567.15,1,92.8
1353,A-slc-fill,39850,39,58718,58,58,57,2160,78,1497,5561,2608433963,160748434,0.00,595.59,0,92.4
1354,A-slc-fill,39850,39,59375,59,59,57,2167,78,1497,5929,2608433963,161895322,0.00,587.21,1,89.6
1356,A-slc-fill,39850,39,59062,59,59,57,2167,78,1344,5725,2608433963,163071066,0.00,601.98,1,95.2
1357,A-slc-fill,39850,39,58906,58,58,57,2165,78,1420,5602,2608433963,164261978,0.00,609.75,1,95.6
1358,A-slc-fill,39850,39,58875,58,59,57,2165,78,1344,5602,2608433963,165458010,0.00,612.37,0,96.4
1359,A-slc-fill,39850,39,58781,58,58,57,2167,78,1344,5602,2608433963,166656858,0.00,613.81,0,96.4
1360,A-slc-fill,39850,39,59031,59,59,57,2167,78,729,5643,2608433963,167849010,0.00,610.38,1,97.6
1361,A-slc-fill,39850,39,58937,58,58,57,2167,78,1344,5602,2608433963,169039666,0.00,609.62,1,98.0
1362,A-slc-fill,39850,39,58875,58,58,57,2167,78,1344,5602,2608433963,170234418,0.00,611.71,0,95.2
1363,A-slc-fill,39850,39,59062,59,58,57,2165,78,1344,5602,2608433963,171433522,0.00,613.94,1,95.2
1364,A-slc-fill,39850,39,58843,58,58,57,2164,78,1344,5602,2608433963,172631346,0.00,613.29,1,96.8
1365,A-slc-fill,39850,39,59125,59,59,57,2167,78,1036,5602,2608433963,173822378,0.00,609.81,1,94.0
1366,A-slc-fill,39850,39,58812,58,58,57,2165,78,1344,5602,2608433963,175006298,0.00,606.17,1,92.4
1367,A-slc-fill,39850,39,59000,59,58,57,2164,78,1267,5602,2608433963,176219482,0.00,621.15,0,95.2
1368,A-slc-fill,39850,39,58781,58,58,57,2167,78,729,5602,2608433963,177404506,0.00,606.73,1,95.2
1369,A-slc-fill,39850,39,58968,58,58,57,2167,78,1344,5602,2608433963,178603618,0.00,613.95,1,97.6
1370,A-slc-fill,39850,39,58906,58,58,57,2167,78,1420,5602,2608433963,179781794,0.00,603.23,0,96.4
1372,A-slc-fill,39850,39,58781,58,59,57,2165,78,729,5602,2608433963,180979874,0.00,613.42,1,98.8
1373,A-slc-fill,39850,39,59156,59,59,57,2167,78,1420,5602,2608433963,182166178,0.00,607.39,0,98.8
1374,A-slc-fill,39850,39,58750,58,58,57,2165,78,1344,5602,2608433963,183303586,0.00,582.35,1,94.4
1375,A-slc-fill,39850,39,58812,58,58,57,2165,78,1344,5602,2608433963,184486386,0.00,605.59,0,95.2
1376,A-slc-fill,39850,39,58781,58,58,57,2167,78,729,5602,2608433963,185668082,0.00,605.03,1,95.2
1377,A-slc-fill,39850,39,59000,59,58,57,2165,78,1344,5602,2608433963,186874354,0.00,617.61,0,90.8
1378,A-slc-fill,39850,39,58843,58,58,57,2164,78,1267,5602,2608433963,188067058,0.00,610.66,1,95.6
1379,A-slc-fill,39850,39,59031,59,59,57,2165,78,1344,5602,2608433963,189263858,0.00,612.76,1,96.0
1380,A-slc-fill,39850,39,59000,59,58,57,2165,78,1036,5602,2608433963,190461770,0.00,613.33,1,95.6
1381,A-slc-fill,39850,39,58750,58,58,57,2167,78,1344,5602,2608433963,191661642,0.00,614.33,0,94.0
1382,A-slc-fill,39850,39,58687,58,58,57,2165,78,1344,5602,2608433963,192860490,0.00,613.81,0,96.8
1383,A-slc-fill,39850,39,58843,58,58,57,2165,78,1497,5602,2608433963,194056522,0.00,612.37,0,95.6
1384,A-slc-fill,39850,39,58687,58,58,57,2165,78,1267,5602,2608433963,195251546,0.00,611.85,1,94.0
1385,A-slc-fill,39850,39,58968,58,58,57,2164,78,1036,5602,2608433963,196449186,0.00,613.19,1,94.4
1386,A-slc-fill,39850,39,58750,58,58,57,2165,78,729,5602,2608433963,197592994,0.00,585.63,1,95.2
1388,A-slc-fill,39850,39,59031,59,59,57,2167,78,1420,5561,2608433963,198716578,0.00,575.28,0,88.8
1389,A-slc-fill,39850,39,58687,58,58,57,2167,78,1036,5561,2608433963,199846058,0.00,578.29,0,92.0
1390,A-slc-fill,39850,39,58750,58,58,57,2167,78,1344,5602,2608433963,201047770,0.00,615.28,0,96.0
1391,A-slc-fill,39850,39,58781,58,58,57,2168,78,1267,5602,2608433963,202244066,0.00,612.50,1,95.6
1392,A-slc-fill,39850,39,58843,58,58,57,2167,78,1344,5602,2608433963,203432162,0.00,608.31,0,96.0
1393,A-slc-fill,39850,39,58812,58,58,57,2165,78,1344,5602,2608433963,204619746,0.00,608.04,1,94.8
1394,A-slc-fill,39850,39,58718,58,58,57,2163,78,1344,5602,2608433963,205821922,0.00,615.51,1,92.0
1395,A-slc-fill,39850,39,58687,58,58,57,2165,78,1267,5602,2608433963,207012122,0.00,609.38,1,94.4
1396,A-slc-fill,39850,39,58781,58,58,57,2164,78,1497,6052,2608433963,208214298,0.00,615.51,1,96.4
1397,A-slc-fill,39850,39,58906,58,58,57,2167,78,1497,6175,2608433963,209416730,0.00,615.65,1,96.8
1398,A-slc-fill,39850,39,59031,59,58,57,2168,78,1497,6216,2608433963,210619674,0.00,615.91,1,95.2
1399,A-slc-fill,39850,39,59093,59,58,57,2167,78,1497,6175,2608433963,211826458,0.00,617.87,1,94.4
1400,A-slc-fill,39850,39,58875,58,59,57,2169,78,1497,6175,2608433963,213023586,0.00,612.93,1,96.8
1401,A-slc-fill,39850,39,59000,59,59,57,2167,78,1497,6216,2608433963,214226250,0.00,615.76,0,96.8
1402,A-slc-fill,39850,39,58906,58,59,57,2165,78,1497,6216,2608433963,215411786,0.00,606.99,0,93.2
1404,A-slc-fill,39850,39,58906,58,59,57,2169,78,1497,6175,2608433963,216605770,0.00,611.32,1,94.8
1405,A-slc-fill,39850,39,58937,58,58,57,2165,78,1497,6175,2608433963,217746250,0.00,583.93,0,90.8
1406,A-slc-fill,39850,39,59031,59,59,57,2165,78,1497,6257,2608433963,218922386,0.00,602.18,1,89.6
1407,A-slc-fill,39850,39,58968,58,59,57,2165,78,1497,6175,2608433963,220126866,0.00,616.69,1,98.4
1408,A-slc-fill,39850,39,58937,58,59,57,2165,78,1497,6216,2608433963,221340818,0.00,621.54,1,94.4
1409,A-slc-fill,39850,39,58968,58,58,57,2165,78,1497,6175,2608433963,222541458,0.00,614.73,1,98.0
1410,A-slc-fill,39850,39,59156,59,59,57,2165,78,1497,6175,2608433963,223745778,0.00,616.61,0,93.2
1411,A-slc-fill,39850,39,59250,59,59,57,2165,78,1497,6216,2608433963,224941818,0.00,612.37,1,91.2
1412,A-slc-fill,39850,39,58968,58,58,57,2167,78,1497,6216,2608433963,226151418,0.00,619.32,1,93.6
1413,A-slc-fill,39850,39,59125,59,59,57,2165,78,1497,6216,2608433963,227354618,0.00,616.04,1,93.2
1414,A-slc-fill,39850,39,59000,59,59,57,2169,78,1497,6216,2608433963,228554234,0.00,614.20,0,92.8
1415,A-slc-fill,39850,39,59093,59,59,57,2167,78,1497,6216,2608433963,229755698,0.00,615.15,1,97.2
1416,A-slc-fill,39850,39,59062,59,59,57,2167,78,1497,6216,2608433963,230957626,0.00,615.39,1,95.6
1417,A-slc-fill,39850,39,58937,58,58,57,2164,78,1497,6175,2608433963,232157754,0.00,614.47,1,94.8
1418,A-slc-fill,39850,39,59156,59,59,57,2167,78,1497,6216,2608433963,233318458,0.00,594.28,1,96.4
1419,A-slc-fill,39850,39,59156,59,59,57,2164,78,1497,6175,2608433963,234428986,0.00,568.59,1,93.6
1420,A-slc-fill,39850,39,59093,59,59,57,2165,78,1497,6216,2608433963,235643250,0.00,621.70,0,95.6
1422,A-slc-fill,39850,39,59156,59,59,57,2165,78,1497,6134,2608433963,236552578,0.00,465.58,0,94.8
1423,A-slc-fill,39850,39,59187,59,59,57,2165,78,1497,6216,2608433963,237755266,0.00,615.78,1,97.2
1424,A-slc-fill,39850,39,59093,59,59,57,2167,78,1497,6216,2608433963,238841474,0.00,556.14,1,94.8
1425,A-slc-fill,39850,39,59125,59,59,57,2165,78,1497,6216,2608433963,240054698,0.00,621.17,0,94.4
1426,A-slc-fill,39850,39,59125,59,59,57,2165,78,1497,6216,2608433963,241256370,0.00,615.26,1,95.6
1427,A-slc-fill,39850,39,59156,59,59,57,2164,78,1497,6216,2608433963,242458034,0.00,615.25,1,97.2
1428,A-slc-fill,39850,39,59093,59,59,57,2164,78,1497,6216,2608433963,243661234,0.00,616.04,1,95.2
1429,A-slc-fill,39850,39,59156,59,59,57,2164,78,1497,6216,2608433963,244713650,0.00,538.84,1,96.4
1430,A-slc-fill,39850,39,59156,59,59,57,2167,78,1497,6216,2608433963,245918442,0.00,616.85,1,94.4
1431,A-slc-fill,39850,39,59312,59,59,57,2164,78,1497,6216,2608433963,247118834,0.00,614.60,0,92.4
1432,A-slc-fill,39850,39,59468,59,59,57,2167,78,1497,6216,2608433963,248318706,0.00,614.33,1,96.0
1433,A-slc-fill,39850,39,59156,59,59,57,2165,78,1497,6216,2608433963,249526514,0.00,618.40,1,98.4
1434,A-slc-fill,39850,39,59281,59,59,57,2168,78,1497,6216,2608433963,250728178,0.00,615.25,1,98.4
1435,A-slc-fill,39850,39,59312,59,59,57,2167,78,1497,6216,2608433963,251930930,0.00,615.81,0,95.6
1436,A-slc-fill,39850,39,59156,59,59,57,2167,78,1497,6216,2608433963,253131066,0.00,614.47,1,94.0
1437,A-slc-fill,39850,39,59156,59,59,57,2168,78,1497,6216,2608433963,254343994,0.00,621.02,1,99.6
1438,A-slc-fill,39850,39,59156,59,59,57,2168,78,1497,6216,2608433963,255552826,0.00,618.92,1,94.8
1440,A-slc-fill,39850,39,59343,59,59,57,2167,78,1497,6216,2608433963,256757562,0.00,616.82,1,94.4
1441,A-slc-fill,39850,39,59125,59,59,57,2167,78,1497,6216,2608433963,257882490,0.00,575.96,1,95.6
1442,A-slc-fill,39850,39,59156,59,59,57,2167,78,1497,6216,2608433963,259100034,0.00,623.38,1,92.0
1443,A-slc-fill,39850,39,59156,59,59,57,2167,78,1497,6216,2608433963,260305026,0.00,616.96,1,98.4
1444,A-slc-fill,39850,39,59250,59,59,57,2170,78,1497,6216,2608433963,261507458,0.00,615.65,1,96.4
1445,A-slc-fill,39850,39,59281,59,59,57,2167,78,1497,6216,2608433963,262708650,0.00,615.01,1,96.0
1446,A-slc-fill,39850,39,59281,59,59,57,2168,78,1497,6216,2608433963,263803818,0.00,560.73,1,100.0
1447,A-slc-fill,39850,39,59375,59,59,57,2168,78,1497,6216,2608433963,264950706,0.00,587.21,1,91.2
1448,A-slc-fill,39850,39,59562,59,59,57,2167,78,1497,6216,2608433963,266043058,0.00,559.28,0,94.4
1449,A-slc-fill,39850,39,59375,59,59,57,2165,78,1497,6216,2608433963,267250610,0.00,618.27,1,100.0
1450,A-slc-fill,39850,39,59343,59,59,57,2168,78,1497,6216,2608433963,268459746,0.00,619.08,0,94.8
1451,A-slc-fill,39850,39,59218,59,59,57,2170,78,1497,6216,2608433963,269664482,0.00,616.82,0,97.6
1452,A-slc-fill,39850,39,59281,59,59,57,2167,78,729,5684,2608433963,270811122,0.00,587.08,0,93.6
1453,A-slc-fill,39850,39,59218,59,59,57,2167,78,1344,5602,2608433963,272003570,0.00,610.53,1,96.8
1454,A-slc-fill,39850,39,59062,59,59,57,2168,78,1497,5602,2608433963,273209074,0.00,617.22,1,94.0
1455,A-slc-fill,39850,39,59312,59,59,57,2168,78,1420,6052,2608433963,274351618,0.00,584.98,0,96.0
1457,A-slc-fill,39850,39,58875,58,59,57,2163,78,1344,5561,2608433963,275444234,0.00,559.42,1,89.2
1458,A-slc-fill,39850,39,59156,59,59,57,2167,78,1344,5602,2608433963,276598538,0.00,591.00,1,94.0
1459,A-slc-fill,39850,39,59031,59,59,57,2168,78,1113,5602,2608433963,277783050,0.00,606.47,0,95.6
1460,A-slc-fill,39850,39,59156,59,59,57,2167,78,1267,5643,2608433963,278944458,0.00,594.64,0,93.2
1461,A-slc-fill,39850,39,58937,58,58,57,2167,78,1190,5602,2608433963,280111146,0.00,597.34,1,95.6
1462,A-slc-fill,39850,39,59218,59,59,57,2168,78,1344,5643,2608433963,281279026,0.00,597.95,1,94.4
1463,A-slc-fill,39850,39,58968,58,59,57,2168,78,1497,5602,2608433963,282455602,0.00,602.41,1,96.4
1464,A-slc-fill,39850,39,59156,59,58,57,2170,78,1267,5602,2608433963,283621170,0.00,596.77,0,93.6
1465,A-slc-fill,39850,39,58937,58,59,57,2167,78,1267,5643,2608433963,284791178,0.00,599.04,0,97.2
1466,A-slc-fill,39850,39,59062,59,58,57,2165,78,1420,5602,2608433963,285987466,0.00,612.50,1,94.8
1467,A-slc-fill,39850,39,58906,58,59,57,2167,78,1420,5602,2608433963,287190930,0.00,616.17,1,99.2
1468,A-slc-fill,39850,39,59187,59,58,57,2165,78,1267,5602,2608433963,288384914,0.00,611.32,1,96.0
1469,A-slc-fill,39850,39,58968,58,59,57,2165,78,1497,5602,2608433963,289581714,0.00,612.76,1,94.8
1470,A-slc-fill,39850,39,59218,59,59,57,2170,78,1344,5602,2608433963,290764458,0.00,605.56,1,98.0
1471,A-slc-fill,39850,39,58968,58,59,57,2165,78,1497,5643,2608433963,291947178,0.00,605.55,1,91.6
1473,A-slc-fill,39850,39,59000,59,58,57,2167,78,1344,5602,2608433963,293141426,0.00,611.45,1,96.0
1474,A-slc-fill,39850,39,58906,58,58,57,2167,78,1267,5602,2608433963,294337202,0.00,612.24,0,93.2
1475,A-slc-fill,39850,39,58750,58,59,57,2167,78,1267,5643,2608433963,295511538,0.00,601.26,0,94.4
1476,A-slc-fill,39850,39,59125,59,58,57,2167,78,1267,5602,2608433963,296664050,0.00,590.09,1,89.2
1477,A-slc-fill,39850,39,59156,59,59,57,2167,78,1420,5643,2608433963,297827314,0.00,595.59,1,95.6
1478,A-slc-fill,39850,39,59156,59,58,57,2165,78,1267,5520,2608433963,298939386,0.00,569.38,1,86.4
1479,A-slc-fill,39850,39,58906,58,59,57,2167,78,1497,5602,2608433963,300100090,0.00,594.28,1,97.2
1480,A-slc-fill,39850,39,58718,58,58,57,2167,78,1267,5561,2608433963,301253578,0.00,590.59,0,94.0
1481,A-slc-fill,39850,39,58906,58,59,57,2167,78,1267,5602,2608433963,302430922,0.00,602.80,1,92.0
1482,A-slc-fill,39850,39,58906,58,58,57,2165,78,1497,5520,2608433963,303533778,0.00,564.66,0,84.0
1483,A-slc-fill,39850,39,59031,59,58,57,2164,78,1420,5561,2608433963,304624082,0.00,558.24,1,84.4
1484,A-slc-fill,39850,39,59031,59,59,57,2167,78,1344,5643,2608433963,305830610,0.00,617.74,1,97.6
1485,A-slc-fill,39850,39,59156,59,58,57,2170,78,1267,5602,2608433963,307017218,0.00,607.54,1,93.6
1486,A-slc-fill,39850,39,58968,58,58,57,2168,78,1344,5602,2608433963,308183834,0.00,597.31,1,94.0
1487,A-slc-fill,39850,39,58812,58,58,57,2167,78,1344,5602,2608433963,309378338,0.00,611.59,0,96.4
1489,A-slc-fill,39850,39,58968,58,58,57,2165,78,1267,5602,2608433963,310572578,0.00,611.45,0,93.2
1490,A-slc-fill,39850,39,58843,58,58,57,2170,78,1267,5602,2608433963,311719714,0.00,587.33,1,94.0
1491,A-slc-fill,39850,39,58968,58,58,57,2168,78,1267,5480,2608433963,312622610,0.00,462.28,1,99.6
1492,A-slc-fill,39850,39,58968,58,58,57,2167,78,1036,5602,2608433963,313826066,0.00,616.17,1,94.4
1493,A-slc-fill,39850,39,59062,59,59,57,2165,78,1420,5439,2608433963,314513946,0.00,352.19,1,97.2
1494,A-slc-fill,39850,39,58687,58,58,57,2167,78,1497,5398,2608433963,314807322,0.00,150.21,1,100.0
1495,A-slc-fill,39850,39,58687,58,58,57,2168,78,729,5439,2608433963,315100674,0.00,150.20,1,100.0
1496,A-slc-fill,39850,39,58718,58,58,57,2167,78,1344,5439,2608433963,315394050,0.00,150.21,1,100.0
1497,A-slc-fill,39850,39,58656,58,58,57,2167,78,1267,5398,2608433963,315675138,0.00,143.92,1,100.0
1498,A-slc-fill,39850,39,58625,58,58,57,2167,78,1267,5439,2608433963,315956498,0.00,144.06,1,100.0
1499,A-slc-fill,39850,39,58843,58,58,57,2168,78,1344,5439,2608433963,316237586,0.00,143.92,1,100.0
1500,A-slc-fill,39850,39,58687,58,58,57,2168,78,1036,5316,2608433963,316543458,0.00,156.61,0,100.0
1501,A-slc-fill,39850,39,58750,58,58,57,2168,78,1344,5561,2608433963,317600226,0.00,541.07,1,97.6
1502,A-slc-fill,39850,39,58687,58,58,57,2165,78,1344,5480,2608433963,318695146,0.00,560.60,1,91.6
1504,A-slc-fill,39850,39,58937,58,58,57,2167,78,1344,5398,2608433963,319269866,0.00,294.26,1,100.0
1505,A-slc-fill,39850,39,58718,58,58,57,2170,78,1344,5398,2608433963,319550938,0.00,143.91,1,100.0
1506,A-slc-fill,39850,39,58656,58,58,57,2167,78,1267,5398,2608433963,319844314,0.00,150.21,1,100.0
1507,A-slc-fill,39850,39,58718,58,58,57,2165,78,1267,5439,2608433963,320137690,0.00,150.21,1,100.0
1508,A-slc-fill,39850,39,58875,58,58,57,2167,78,729,5398,2608433963,320418786,0.00,143.92,1,100.0
1509,A-slc-fill,39850,39,58687,58,58,57,2167,78,729,5439,2608433963,320700130,0.00,144.05,1,100.0
1510,A-slc-fill,39850,39,58906,58,58,57,2167,78,729,5439,2608433963,320993410,0.00,150.16,1,100.0
1511,A-slc-fill,39850,39,58656,58,58,57,2163,78,1344,5357,2608433963,321402754,0.00,209.58,1,100.0
1512,A-slc-fill,39850,39,58656,58,58,57,2167,78,1267,5602,2608433963,322564482,0.00,594.80,1,94.4
1513,A-slc-fill,39850,39,58656,58,58,57,2168,78,1267,5439,2608433963,323512202,0.00,485.23,1,98.0
1514,A-slc-fill,39850,39,58593,58,58,57,2165,78,960,5398,2608433963,324001162,0.00,250.35,1,100.0
1515,A-slc-fill,39850,39,58531,58,58,57,2165,78,1344,5439,2608433963,324282226,0.00,143.90,1,100.0
1517,A-slc-fill,39850,39,58843,58,58,57,2167,78,1497,6011,2608433963,324575602,0.00,150.21,1,100.0
1518,A-slc-fill,39850,39,59281,59,59,57,2167,78,1344,6052,2608433963,324868978,0.00,150.21,1,100.0
1519,A-slc-fill,39850,39,59187,59,59,57,2167,78,1267,6052,2608433963,325162378,0.00,150.22,1,100.0
1520,A-slc-fill,39850,39,59437,59,59,57,2165,78,1344,6093,2608433963,325455442,0.00,150.05,1,100.0
1521,A-slc-fill,39850,39,59500,59,59,57,2165,78,1344,5970,2608433963,325749010,0.00,150.31,1,100.0
1522,A-slc-fill,39850,39,59343,59,59,57,2165,78,1344,6052,2608433963,326455314,0.00,361.63,1,99.2
1523,A-slc-fill,39850,39,59187,59,59,57,2167,78,1420,6175,2608433963,327652890,0.00,613.16,1,95.6
1524,A-slc-fill,39850,39,59500,59,59,57,2165,78,1497,5970,2608433963,328378394,0.00,371.46,1,100.0
1525,A-slc-fill,39850,39,59406,59,59,57,2163,78,1344,6093,2608433963,328805634,0.00,218.75,1,100.0
1526,A-slc-fill,39850,39,59437,59,59,57,2165,78,1497,6093,2608433963,329099010,0.00,150.21,1,100.0
1527,A-slc-fill,39850,39,59500,59,59,57,2168,78,1344,6093,2608433963,329392386,0.00,150.21,1,100.0
1528,A-slc-fill,39850,39,59593,59,59,57,2170,78,1344,6052,2608433963,329673738,0.00,144.05,1,100.0
1529,A-slc-fill,39850,39,59250,59,59,57,2167,78,1344,6093,2608433963,329967114,0.00,150.21,1,100.0
1530,A-slc-fill,39850,39,59375,59,59,57,2165,78,1344,6052,2608433963,330260146,0.00,150.03,1,100.0
1531,A-slc-fill,39850,39,59343,59,59,57,2168,78,1344,5929,2608433963,330565810,0.00,156.50,1,100.0
1533,A-slc-fill,39850,39,59500,59,59,57,2168,78,1344,6134,2608433963,331485874,0.00,471.07,1,96.0
1534,A-slc-fill,39850,39,59593,59,59,57,2167,78,1267,6216,2608433963,332695482,0.00,619.32,0,98.0
1535,A-slc-fill,39850,39,59343,59,59,57,2167,78,1267,5970,2608433963,333292474,0.00,305.66,1,100.0
1536,A-slc-fill,39850,39,59312,59,59,57,2167,78,1420,6093,2608433963,333610154,0.00,162.65,1,100.0
1537,A-slc-fill,39850,39,59500,59,59,57,2167,78,1344,6052,2608433963,333903530,0.00,150.21,1,100.0
1538,A-slc-fill,39850,39,59406,59,59,57,2165,78,1344,6052,2608433963,334196906,0.00,150.21,1,100.0
1539,A-slc-fill,39850,39,59437,59,59,57,2165,78,1344,6052,2608433963,334490298,0.00,150.22,1,100.0
1540,A-slc-fill,39850,39,59437,59,59,57,2163,78,1497,6052,2608433963,334783602,0.00,150.17,1,100.0
1541,A-slc-fill,39850,39,59343,59,59,57,2168,78,1344,6052,2608433963,335076978,0.00,150.21,1,100.0
1542,A-slc-fill,39850,39,59093,59,59,57,2165,78,1497,5970,2608433963,335469938,0.00,201.20,1,97.2
1543,A-slc-fill,39850,39,59125,59,59,57,2167,78,1497,6175,2608433963,336678002,0.00,618.53,1,96.4
1544,A-slc-fill,39850,39,59250,59,59,57,2165,78,1497,6052,2608433963,337620346,0.00,482.48,1,98.0
1545,A-slc-fill,39850,39,59031,59,59,57,2167,78,1497,6052,2608433963,338096994,0.00,244.04,1,100.0
1546,A-slc-fill,39850,39,59000,59,59,57,2165,78,1497,6052,2608433963,338390370,0.00,150.21,1,100.0
1547,A-slc-fill,39850,39,59031,59,59,57,2167,78,1497,6052,2608433963,338683746,0.00,150.21,1,100.0
1549,A-slc-fill,39850,39,59000,59,59,57,2167,78,1497,6052,2608433963,338977130,0.00,150.21,1,100.0
1550,A-slc-fill,39850,39,59062,59,59,57,2170,78,1497,6093,2608433963,339270506,0.00,150.21,1,100.0
1551,A-slc-fill,39850,39,59125,59,59,57,2167,78,1497,6093,2608433963,339551490,0.00,143.86,1,100.0
1552,A-slc-fill,39850,39,59156,59,59,57,2165,78,1497,5929,2608433963,339857154,0.00,156.50,1,100.0
1553,A-slc-fill,39850,39,59343,59,59,57,2165,78,1497,6093,2608433963,340591874,0.00,376.18,1,98.0
1554,A-slc-fill,39850,39,59187,59,59,57,2167,78,1497,6216,2608433963,341802762,0.00,619.97,1,95.6
1555,A-slc-fill,39850,39,59156,59,59,57,2165,78,1497,6011,2608433963,342522354,0.00,368.43,1,100.0
1556,A-slc-fill,39850,39,59312,59,59,57,2167,78,1497,6461,2608433963,342913314,0.00,200.17,1,100.0
1557,A-slc-fill,39850,39,59468,59,59,57,2167,78,1267,6093,2608433963,343182370,0.00,137.76,1,100.0
1558,A-slc-fill,39850,39,59406,59,59,57,2165,78,1420,6052,2608433963,343475746,0.00,150.21,1,100.0
1559,A-slc-fill,39850,39,59593,59,59,57,2167,78,1344,6052,2608433963,343757098,0.00,144.05,1,100.0
1560,A-slc-fill,39850,39,59531,59,59,57,2165,78,1344,6093,2608433963,344050322,0.00,150.13,1,100.0
1561,A-slc-fill,39850,39,59531,59,59,57,2165,78,1344,6093,2608433963,344343586,0.00,150.15,1,100.0
1563,A-slc-fill,39850,39,59437,59,59,57,2165,78,1344,5929,2608433963,344661538,0.00,162.79,1,100.0
1564,A-slc-fill,39850,39,59781,59,59,57,2164,78,1344,6216,2608433963,345660450,0.00,511.44,0,95.6
1565,A-slc-fill,39850,39,59593,59,59,57,2165,78,1344,6216,2608433963,346838058,0.00,602.94,1,93.2
1566,A-slc-fill,39850,39,59500,59,59,57,2167,78,1344,6093,2608433963,347404586,0.00,290.06,1,100.0
1567,A-slc-fill,39850,39,59312,59,59,57,2167,78,1420,6052,2608433963,347718170,0.00,160.56,1,100.0
1568,A-slc-fill,39850,39,59343,59,59,57,2167,78,1344,6093,2608433963,348023834,0.00,156.50,1,100.0
1569,A-slc-fill,39850,39,59312,59,59,57,2167,78,1267,6052,2608433963,348304922,0.00,143.92,1,100.0
1570,A-slc-fill,39850,39,59406,59,59,57,2165,78,729,6093,2608433963,348598306,0.00,150.21,1,100.0
1571,A-slc-fill,39850,39,59406,59,59,57,2167,78,1344,6093,2608433963,348891602,0.00,150.17,1,100.0
1572,A-slc-fill,39850,39,59062,59,58,57,2168,78,1344,5561,2608433963,349184978,0.00,150.21,1,100.0
1573,A-slc-fill,39850,39,58843,58,59,57,2167,78,1497,5357,2608433963,349654226,0.00,240.25,1,98.0
1574,A-slc-fill,39850,39,59156,59,58,57,2170,78,1497,5602,2608433963,350832090,0.00,603.07,1,94.4
1575,A-slc-fill,39850,39,58968,58,58,57,2168,78,1497,5439,2608433963,351740378,0.00,465.04,1,96.8
1576,A-slc-fill,39850,39,58937,58,58,57,2170,78,1267,5357,2608433963,352204754,0.00,237.76,1,100.0
1578,A-slc-fill,39850,39,58718,58,58,57,2170,78,1267,5398,2608433963,352498130,0.00,150.21,1,100.0
1579,A-slc-fill,39850,39,58781,58,58,57,2165,78,1267,5439,2608433963,352791506,0.00,150.21,1,100.0
1580,A-slc-fill,39850,39,58750,58,58,57,2170,78,1267,5398,2608433963,353072858,0.00,144.05,1,100.0
1581,A-slc-fill,39850,39,58875,58,58,57,2165,78,1267,5439,2608433963,353366234,0.00,150.21,1,100.0
1582,A-slc-fill,39850,39,58750,58,58,57,2170,78,1267,5480,2608433963,353659538,0.00,150.17,1,100.0
1583,A-slc-fill,39850,39,59000,59,59,57,2167,78,729,5316,2608433963,353952914,0.00,150.21,1,100.0
1584,A-slc-fill,39850,39,58812,58,58,57,2165,78,1497,5520,2608433963,354651794,0.00,357.83,1,99.6
1585,A-slc-fill,39850,39,59062,59,59,57,2167,78,1497,5643,2608433963,355837858,0.00,607.26,1,95.6
1586,A-slc-fill,39850,39,58812,58,58,57,2167,78,1267,5439,2608433963,356581826,0.00,380.91,0,96.8
1587,A-slc-fill,39850,39,58750,58,58,57,2167,78,1344,5439,2608433963,356997314,0.00,212.73,1,100.0
1588,A-slc-fill,39850,39,58687,58,58,57,2165,78,1267,5439,2608433963,357290690,0.00,150.21,1,100.0
1589,A-slc-fill,39850,39,58750,58,58,57,2167,78,1344,5439,2608433963,357584066,0.00,150.21,1,100.0
1590,A-slc-fill,39850,39,58718,58,58,57,2164,78,1267,5439,2608433963,357865418,0.00,144.05,1,100.0
1592,A-slc-fill,39850,39,58781,58,58,57,2165,78,1497,5439,2608433963,358158738,0.00,150.18,1,100.0
1593,A-slc-fill,39850,39,58843,58,58,57,2165,78,1267,5439,2608433963,358452122,0.00,150.21,1,100.0
1594,A-slc-fill,39850,39,58718,58,58,57,2167,78,1267,5316,2608433963,358769818,0.00,162.66,1,100.0
1595,A-slc-fill,39850,39,58968,58,58,57,2165,78,1497,5439,2608433963,359718306,0.00,485.63,0,92.0
1596,A-slc-fill,39850,39,58937,58,58,57,2167,78,1420,5602,2608433963,360902818,0.00,606.47,0,95.6
1597,A-slc-fill,39850,39,58656,58,59,57,2167,78,1344,5316,2608433963,361459586,0.00,285.07,1,98.0
1598,A-slc-fill,39850,39,58968,58,58,57,2167,78,1344,5398,2608433963,361777538,0.00,162.79,1,100.0
1599,A-slc-fill,39850,39,58687,58,58,57,2167,78,1267,5398,2608433963,362070914,0.00,150.21,1,100.0
1600,A-slc-fill,39850,39,58625,58,58,57,2167,78,1344,5398,2608433963,362364298,0.00,150.21,1,100.0
1601,A-slc-fill,39850,39,58781,58,58,57,2167,78,1267,5439,2608433963,362645274,0.00,143.86,1,100.0
1602,A-slc-fill,39850,39,58750,58,58,57,2167,78,1497,5439,2608433963,362938906,0.00,150.34,1,100.0
1603,A-slc-fill,39850,39,58843,58,58,57,2168,78,1344,5398,2608433963,363232282,0.00,150.21,1,100.0
1604,A-slc-fill,39850,39,58656,58,58,57,2167,78,1497,5275,2608433963,363617562,0.00,197.26,0,100.0
1606,A-slc-fill,39850,39,58625,58,58,57,2167,78,1420,5602,2608433963,364775714,0.00,592.97,1,89.6
1607,A-slc-fill,39850,39,58625,58,58,57,2170,78,729,5480,2608433963,365775354,0.00,511.82,1,96.8
1608,A-slc-fill,39850,39,58593,58,58,57,2168,78,1267,5357,2608433963,366276602,0.00,256.64,1,100.0
1609,A-slc-fill,39850,39,58687,58,58,57,2167,78,1344,5439,2608433963,366569978,0.00,150.21,1,100.0
1610,A-slc-fill,39850,39,58562,58,58,57,2165,78,1344,5439,2608433963,366863354,0.00,150.21,1,100.0
1611,A-slc-fill,39850,39,58625,58,58,57,2165,78,1344,5439,2608433963,367156434,0.00,150.06,1,100.0
1612,A-slc-fill,39850,39,58500,58,58,57,2167,78,1344,5439,2608433963,367450010,0.00,150.31,1,100.0
1613,A-slc-fill,39850,39,58593,58,58,57,2167,78,1267,5398,2608433963,367743386,0.00,150.21,1,100.0
1614,A-slc-fill,39850,39,58687,58,58,57,2167,78,1344,5357,2608433963,368036762,0.00,150.21,1,100.0
1615,A-slc-fill,39850,39,58562,58,58,57,2167,78,1420,5316,2608433963,368415650,0.00,193.99,1,100.0
1616,A-slc-fill,39850,39,58625,58,58,57,2167,78,1497,5275,2608433963,368794458,0.00,193.95,1,100.0
1617,A-slc-fill,39850,39,58531,58,58,57,2167,78,1267,5357,2608433963,369112410,0.00,162.79,1,100.0
1619,A-slc-fill,39850,39,58625,58,58,57,2170,78,1497,5439,2608433963,369405786,0.00,150.21,1,100.0
1620,A-slc-fill,39850,39,58593,58,58,57,2168,78,1344,5398,2608433963,369686874,0.00,143.92,1,100.0
1621,A-slc-fill,39850,39,58437,58,58,57,2167,78,960,5398,2608433963,369968226,0.00,144.05,1,100.0
1622,A-slc-fill,39850,39,58562,58,58,57,2165,78,1190,5439,2608433963,370261474,0.00,150.14,1,100.0
1623,A-slc-fill,39850,39,58468,58,58,57,2165,78,1497,5398,2608433963,370542562,0.00,143.92,1,100.0
1624,A-slc-fill,39850,39,58593,58,58,57,2165,78,729,5193,2608433963,370823666,0.00,143.93,1,100.0
1625,A-slc-fill,39850,39,58687,58,58,57,2165,78,1344,5275,2608433963,371251698,0.00,219.15,1,100.0
1626,A-slc-fill,39850,39,58437,58,58,56,2167,78,1267,5398,2608433963,371679482,0.00,219.03,2,100.0
1627,A-slc-fill,39850,39,58625,58,58,57,2168,78,1267,5439,2608433963,371984834,0.00,156.34,1,100.0
1628,A-slc-fill,39850,39,58562,58,58,57,2167,78,1267,5357,2608433963,372278210,0.00,150.21,1,100.0
1629,A-slc-fill,39850,39,58437,58,58,56,2167,78,1344,5357,2608433963,372559554,0.00,144.05,1,100.0
1630,A-slc-fill,39850,39,58687,58,58,57,2167,78,1344,5398,2608433963,372852930,0.00,150.21,1,100.0
1631,A-slc-fill,39850,39,58687,58,58,57,2168,78,1344,5357,2608433963,373146210,0.00,150.16,1,100.0
1633,A-slc-fill,39850,39,58687,58,58,57,2167,78,1344,5275,2608433963,373464162,0.00,162.79,1,100.0
1634,A-slc-fill,39850,39,58437,58,58,57,2167,78,1267,5439,2608433963,374370658,0.00,464.13,0,90.4
1635,A-slc-fill,39850,39,58437,58,58,57,2167,78,1497,5602,2608433963,375540834,0.00,599.13,1,90.8
1636,A-slc-fill,39850,39,58812,58,58,57,2167,78,1344,5725,2608433963,376533098,0.00,508.04,1,100.0
1637,A-slc-fill,39850,39,58906,58,58,57,2165,78,1344,6011,2608433963,377144170,0.00,312.87,1,98.0
1638,A-slc-fill,39850,39,59000,59,59,57,2170,78,1497,6052,2608433963,377437546,0.00,150.21,1,100.0
1639,A-slc-fill,39850,39,59031,59,59,57,2167,78,1344,6257,2608433963,377730922,0.00,150.21,1,100.0
1640,A-slc-fill,39850,39,59156,59,59,57,2165,78,1497,6655,2608433963,378024298,0.00,150.21,1,100.0
1641,A-slc-fill,39850,39,59031,59,59,57,2167,78,1497,6257,2608433963,378317426,0.00,150.08,1,100.0
1642,A-slc-fill,39850,39,58812,58,59,57,2165,78,1497,6052,2608433963,378611058,0.00,150.34,1,100.0
1643,A-slc-fill,39850,39,59187,59,59,57,2168,78,1344,6011,2608433963,378904178,0.00,150.08,1,100.0
1644,A-slc-fill,39850,39,59375,59,59,57,2165,78,1497,6093,2608433963,379526458,0.00,318.61,1,100.0
1646,A-slc-fill,39850,39,59250,59,59,57,2165,78,1497,6257,2608433963,380698426,0.00,600.05,1,93.6
1647,A-slc-fill,39850,39,59187,59,59,57,2168,78,1420,5970,2608433963,381337434,0.00,327.17,1,95.6
1648,A-slc-fill,39850,39,59468,59,59,57,2168,78,1344,6011,2608433963,381863002,0.00,269.09,1,100.0
1649,A-slc-fill,39850,39,59125,59,59,57,2167,78,1267,6011,2608433963,382144090,0.00,143.92,1,100.0
1650,A-slc-fill,39850,39,59156,59,59,57,2165,78,1344,6052,2608433963,382437466,0.00,150.21,1,100.0
1651,A-slc-fill,39850,39,59375,59,59,57,2165,78,1344,6052,2608433963,382718810,0.00,144.05,1,100.0
1652,A-slc-fill,39850,39,59468,59,59,57,2167,78,1497,6052,2608433963,382999842,0.00,143.89,1,96.4
1653,A-slc-fill,39850,39,59281,59,59,57,2167,78,1420,6093,2608433963,383293218,0.00,150.21,1,100.0
1654,A-slc-fill,39850,39,59468,59,59,57,2168,78,1344,6052,2608433963,383574306,0.00,143.92,1,100.0
1655,A-slc-fill,39850,39,59250,59,59,57,2167,78,1497,6052,2608433963,384084770,0.00,261.36,1,100.0
1656,A-slc-fill,39850,39,59656,59,59,57,2163,78,1497,6379,2608433963,385241642,0.00,592.32,0,93.2
1657,A-slc-fill,39850,39,59343,59,59,57,2165,78,1344,6052,2608433963,385921666,0.00,348.17,1,98.0
1658,A-slc-fill,39850,39,59343,59,59,57,2167,78,1497,5929,2608433963,386471810,0.00,281.67,1,100.0
1659,A-slc-fill,39850,39,59562,59,59,57,2167,78,1267,6093,2608433963,386777474,0.00,156.50,1,100.0
1660,A-slc-fill,39850,39,59531,59,59,57,2168,78,1344,6052,2608433963,387070850,0.00,150.21,1,100.0
1661,A-slc-fill,39850,39,59468,59,59,57,2167,78,1420,6052,2608433963,387364194,0.00,150.19,1,100.0
1663,A-slc-fill,39850,39,59343,59,59,57,2167,78,1497,6052,2608433963,387657570,0.00,150.21,1,100.0
1664,A-slc-fill,39850,39,59281,59,59,57,2165,78,1344,6093,2608433963,387950946,0.00,150.21,1,100.0
1665,A-slc-fill,39850,39,59312,59,59,57,2168,78,1344,6093,2608433963,388244322,0.00,150.21,1,100.0
1666,A-slc-fill,39850,39,59375,59,59,57,2167,78,1497,6011,2608433963,388663906,0.00,214.83,1,100.0
1667,A-slc-fill,39850,39,59562,59,59,57,2163,78,1344,6257,2608433963,389839682,0.00,602.00,1,92.4
1668,A-slc-fill,39850,39,59406,59,59,57,2167,78,1344,6011,2608433963,390701634,0.00,441.32,1,99.6
1669,A-slc-fill,39850,39,59656,59,59,57,2167,78,1420,5929,2608433963,391056194,0.00,181.53,1,99.6
1670,A-slc-fill,39850,39,59312,59,59,57,2167,78,1344,6052,2608433963,391435074,0.00,193.99,1,100.0
1671,A-slc-fill,39850,39,59406,59,59,57,2167,78,1497,6052,2608433963,391728450,0.00,150.21,1,100.0
1672,A-slc-fill,39850,39,59312,59,59,57,2167,78,1420,6052,2608433963,392021818,0.00,150.20,1,100.0
1673,A-slc-fill,39850,39,59593,59,59,57,2167,78,1267,6052,2608433963,392302906,0.00,143.92,1,100.0
1674,A-slc-fill,39850,39,59406,59,59,57,2165,78,1267,6093,2608433963,392596282,0.00,150.21,1,100.0
1675,A-slc-fill,39850,39,59625,59,59,57,2167,78,1497,6093,2608433963,392889658,0.00,150.21,1,100.0
1676,A-slc-fill,39850,39,59437,59,59,57,2167,78,1344,5970,2608433963,393207274,0.00,162.62,1,100.0
1678,A-slc-fill,39850,39,59500,59,59,57,2165,78,1344,6093,2608433963,394102002,0.00,458.10,1,96.8
1679,A-slc-fill,39850,39,59531,59,59,57,2165,78,1420,6257,2608433963,395282418,0.00,604.37,0,95.2
1680,A-slc-fill,39850,39,59625,59,59,57,2167,78,1420,5970,2608433963,395836658,0.00,283.77,1,100.0
1681,A-slc-fill,39850,39,59625,59,59,57,2167,78,1344,6011,2608433963,396178674,0.00,175.11,1,100.0
1682,A-slc-fill,39850,39,59625,59,59,57,2170,78,1344,6093,2608433963,396471778,0.00,150.07,1,100.0
1683,A-slc-fill,39850,39,59718,59,59,57,2168,78,1420,6093,2608433963,396765154,0.00,150.21,1,100.0
1684,A-slc-fill,39850,39,59656,59,59,57,2170,78,1344,6052,2608433963,397046498,0.00,144.05,1,100.0
1685,A-slc-fill,39850,39,59531,59,59,57,2168,78,1344,6093,2608433963,397327586,0.00,143.92,1,100.0
1686,A-slc-fill,39850,39,59656,59,59,57,2170,78,1344,6093,2608433963,397620962,0.00,150.21,1,100.0
1687,A-slc-fill,39850,39,59531,59,59,57,2172,78,1344,5929,2608433963,397938634,0.00,162.65,1,97.2
1688,A-slc-fill,39850,39,59718,59,59,57,2165,78,1420,6134,2608433963,398961354,0.00,523.63,1,90.0
1689,A-slc-fill,39850,39,59750,59,59,57,2168,78,1267,6175,2608433963,400078538,0.00,572.00,1,95.6
1690,A-slc-fill,39850,39,59781,59,59,57,2170,78,1497,5970,2608433963,400628682,0.00,281.67,1,96.8
1691,A-slc-fill,39850,39,59906,59,59,57,2167,78,1497,6502,2608433963,400934354,0.00,156.50,1,100.0
1693,A-slc-fill,39850,39,59500,59,59,57,2168,78,1497,6216,2608433963,401239778,0.00,156.38,1,100.0
1694,A-slc-fill,39850,39,59187,59,59,57,2167,78,1497,5848,2608433963,401557602,0.00,162.73,101,100.0
1695,A-slc-fill,39850,39,59437,59,59,57,2167,78,1420,6052,2608433963,401838762,0.00,143.95,1,100.0
1696,A-slc-fill,39850,39,59531,59,59,57,2165,78,1497,6175,2608433963,402132138,0.00,150.21,1,100.0
1697,A-slc-fill,39850,39,59781,59,59,57,2167,78,1344,6134,2608433963,402425386,0.00,150.14,256,100.0
1698,A-slc-fill,39850,39,59375,59,59,57,2167,78,1497,5929,2608433963,403060226,0.00,325.04,0,97.6
1699,A-slc-fill,39850,39,59500,59,59,57,2165,78,1420,6216,2608433963,404253954,0.00,611.19,1,95.2
1700,A-slc-fill,39850,39,59406,59,59,57,2165,78,1497,6134,2608433963,404980738,0.00,372.11,1,100.0
1701,A-slc-fill,39850,39,59000,59,59,57,2165,78,1113,5807,2608433963,405482114,0.00,256.70,247,100.0
1702,A-slc-fill,39850,39,59187,59,59,57,2165,78,1497,6052,2608433963,405775170,0.00,150.04,1,100.0
1703,A-slc-fill,39850,39,59250,59,59,57,2167,78,1497,6175,2608433963,406056514,0.00,144.05,1,100.0
1704,A-slc-fill,39850,39,59281,59,59,57,2165,78,1497,6216,2608433963,406337554,0.00,143.89,1,98.0
1706,A-slc-fill,39850,39,59187,59,59,57,2167,78,1497,6011,2608433963,406655450,0.00,162.76,1,97.6
1707,A-slc-fill,39850,39,59250,59,59,57,2167,78,1497,6134,2608433963,406948882,0.00,150.24,1,100.0
1708,A-slc-fill,39850,39,59312,59,59,57,2167,78,1497,6093,2608433963,407254554,0.00,156.50,1,99.6
1709,A-slc-fill,39850,39,59218,59,59,57,2165,78,1497,6257,2608433963,408256226,0.00,512.86,1,97.6
1710,A-slc-fill,39850,39,59250,59,59,57,2167,78,1497,6134,2608433963,409430754,0.00,601.36,1,94.4
1711,A-slc-fill,39850,39,59312,59,59,57,2167,78,1497,6134,2608433963,409981154,0.00,281.80,1,98.0
1712,A-slc-fill,39850,39,59375,59,59,57,2164,78,1036,5970,2608433963,410323218,0.00,175.14,491,100.0
1713,A-slc-fill,39850,39,59343,59,59,57,2167,78,1497,6052,2608433963,410628882,0.00,156.50,1,100.0
1714,A-slc-fill,39850,39,59437,59,59,57,2167,78,1497,6175,2608433963,410909970,0.00,143.92,1,100.0
1715,A-slc-fill,39850,39,59250,59,59,57,2167,78,1497,6175,2608433963,411191314,0.00,144.05,1,100.0
1716,A-slc-fill,39850,39,59218,59,59,57,2169,78,1497,6052,2608433963,411509210,0.00,162.76,1,100.0
1717,A-slc-fill,39850,39,59250,59,59,57,2167,78,1420,6134,2608433963,411790082,0.00,143.81,1,99.6
1718,A-slc-fill,39850,39,59406,59,59,57,2165,78,1497,6175,2608433963,412347410,0.00,285.35,1,98.4
1719,A-slc-fill,39850,39,59562,59,59,57,2169,78,1497,6297,2608433963,413578322,0.00,630.23,0,96.8
1721,A-slc-fill,39850,39,59468,59,59,57,2167,78,1497,6052,2608433963,414406482,0.00,424.02,1,99.6
1722,A-slc-fill,39850,39,59500,59,59,57,2167,78,1267,6134,2608433963,414834386,0.00,219.09,1,99.6
1723,A-slc-fill,39850,39,59343,59,59,57,2167,78,1344,5970,2608433963,415176666,0.00,175.25,256,100.0
1724,A-slc-fill,39850,39,59343,59,59,57,2167,78,1344,6093,2608433963,415482274,0.00,156.47,1,100.0
1725,A-slc-fill,39850,39,59656,59,59,57,2165,78,1497,6175,2608433963,415763634,0.00,144.06,1,100.0
1726,A-slc-fill,39850,39,59468,59,59,57,2165,78,1497,6216,2608433963,416044602,0.00,143.86,1,99.6
1727,A-slc-fill,39850,39,59687,59,59,57,2165,78,1267,5970,2608433963,416362306,0.00,162.66,1,100.0
1728,A-slc-fill,39850,39,59531,59,59,57,2165,78,1344,6011,2608433963,416692810,0.00,169.22,0,100.0
1729,A-slc-fill,39850,39,59625,59,59,57,2167,78,1497,6257,2608433963,417801290,0.00,567.54,1,90.4
1730,A-slc-fill,39850,39,59343,59,59,57,2164,78,806,6052,2608433963,418946762,0.00,586.48,228,100.0
1731,A-slc-fill,39850,39,59250,59,59,57,2169,78,1497,6011,2608433963,419455762,0.00,260.61,1,100.0
1732,A-slc-fill,39850,39,59375,59,59,57,2167,78,1497,6175,2608433963,419749042,0.00,150.16,1,100.0
1734,A-slc-fill,39850,39,59406,59,59,57,2167,78,1497,5889,2608433963,420091450,0.00,175.31,57,100.0
1735,A-slc-fill,39850,39,59593,59,59,57,2167,78,1497,6093,2608433963,420372610,0.00,143.95,1,100.0
1736,A-slc-fill,39850,39,59531,59,59,57,2165,78,1497,6216,2608433963,420653954,0.00,144.05,1,100.0
1737,A-slc-fill,39850,39,59375,59,59,57,2167,78,1497,6011,2608433963,420971642,0.00,162.66,1,100.0
1738,A-slc-fill,39850,39,59718,59,59,57,2167,78,1497,6093,2608433963,421265026,0.00,150.21,1,100.0
1739,A-slc-fill,39850,39,59687,59,59,58,2164,78,1497,6297,2608433963,422095434,0.00,425.17,1,98.8
1740,A-slc-fill,39850,39,59531,59,59,57,2164,78,1497,6257,2608433963,423259522,0.00,596.01,1,96.0
1741,A-slc-fill,39850,39,59156,59,59,57,2167,78,1420,5357,2608433963,423918210,0.00,337.25,1,99.2
1742,A-slc-fill,39850,39,59312,59,59,57,2167,78,1497,5439,2608433963,424284802,0.00,187.70,1,100.0
1743,A-slc-fill,39850,39,59218,59,59,57,2165,78,1267,5480,2608433963,424578186,0.00,150.21,1,100.0
1744,A-slc-fill,39850,39,59156,59,59,57,2167,78,1267,5439,2608433963,424871562,0.00,150.21,1,100.0
1745,A-slc-fill,39850,39,59343,59,59,57,2169,78,1344,5439,2608433963,425165058,0.00,150.27,1,100.0
1747,A-slc-fill,39850,39,59250,59,59,57,2167,78,1344,5398,2608433963,425458434,0.00,150.21,1,100.0
1748,A-slc-fill,39850,39,59125,59,59,57,2165,78,1344,5439,2608433963,425751474,0.00,150.04,1,100.0
1749,A-slc-fill,39850,39,59156,59,59,57,2165,78,1344,5234,2608433963,426081722,0.00,169.09,1,100.0
1750,A-slc-fill,39850,39,59281,59,59,57,2167,78,1036,5602,2608433963,427212474,0.00,578.95,0,94.4
1751,A-slc-fill,39850,39,59343,59,59,57,2164,78,1344,5520,2608433963,428270522,0.00,541.72,1,100.0
1752,A-slc-fill,39850,39,59312,59,59,57,2165,78,1344,5357,2608433963,428808106,0.00,275.24,1,100.0
1753,A-slc-fill,39850,39,59312,59,59,57,2169,78,1344,5439,2608433963,429101482,0.00,150.21,1,100.0
1754,A-slc-fill,39850,39,59093,59,59,57,2167,78,1344,5439,2608433963,429382834,0.00,144.05,1,100.0
1755,A-slc-fill,39850,39,59062,59,59,57,2168,78,1344,5439,2608433963,429676210,0.00,150.21,1,100.0
1756,A-slc-fill,39850,39,59687,59,59,57,2170,78,1267,6011,2608433963,429969602,0.00,150.22,1,100.0
1757,A-slc-fill,39850,39,60031,60,59,57,2167,78,1344,6502,2608433963,430262674,0.00,150.05,1,100.0
1758,A-slc-fill,39850,39,59781,59,59,57,2165,78,1267,6093,2608433963,430543762,0.00,143.92,1,100.0
1759,A-slc-fill,39850,39,60000,60,59,57,2165,78,1267,6052,2608433963,431024538,0.00,246.16,1,100.0
1761,A-slc-fill,39850,39,60062,60,59,57,2167,78,1420,6257,2608433963,432204698,0.00,604.24,1,96.0
1762,A-slc-fill,39850,39,59750,59,59,57,2165,78,729,6052,2608433963,433111450,0.00,464.26,1,97.2
1763,A-slc-fill,39850,39,59812,59,59,57,2167,78,1267,6052,2608433963,433588058,0.00,244.02,1,100.0
1764,A-slc-fill,39850,39,59843,59,59,57,2167,78,1267,6052,2608433963,433881450,0.00,150.22,1,100.0
1765,A-slc-fill,39850,39,59906,59,59,57,2165,78,1420,6093,2608433963,434174826,0.00,150.21,1,100.0
1766,A-slc-fill,39850,39,60000,60,59,57,2162,78,1344,6093,2608433963,434455914,0.00,143.92,1,100.0
1767,A-slc-fill,39850,39,59968,59,59,57,2165,78,1344,6093,2608433963,434736986,0.00,143.91,1,100.0
1768,A-slc-fill,39850,39,59781,59,60,57,2167,78,1344,6093,2608433963,435030362,0.00,150.21,1,100.0
1769,A-slc-fill,39850,39,59812,59,59,57,2169,78,1497,6011,2608433963,435332194,0.00,154.54,1,100.0
1770,A-slc-fill,39850,39,59437,59,59,57,2169,78,1497,6093,2608433963,436011874,0.00,348.00,0,98.0
1771,A-slc-fill,39850,39,59687,59,59,57,2164,78,1497,6216,2608433963,437219682,0.00,618.40,1,94.8
1772,A-slc-fill,39850,39,59625,59,59,57,2165,78,1497,6011,2608433963,437928130,0.00,362.73,1,94.8
1773,A-slc-fill,39850,39,59468,59,59,57,2165,78,1497,6052,2608433963,438319298,0.00,200.28,1,99.6
1774,A-slc-fill,39850,39,59531,59,59,57,2167,78,1497,6093,2608433963,438612682,0.00,150.21,1,100.0
1775,A-slc-fill,39850,39,59531,59,59,57,2167,78,1497,6093,2608433963,438906058,0.00,150.21,1,100.0
1777,A-slc-fill,39850,39,59406,59,59,57,2167,78,1497,6052,2608433963,439187146,0.00,143.92,1,100.0
1778,A-slc-fill,39850,39,59468,59,59,57,2164,78,1497,6052,2608433963,439468170,0.00,143.88,1,100.0
1779,A-slc-fill,39850,39,59593,59,59,57,2165,78,1497,6093,2608433963,439761546,0.00,150.21,1,100.0
1780,A-slc-fill,39850,39,59468,59,59,57,2162,78,1497,5929,2608433963,440067218,0.00,156.50,1,100.0
1781,A-slc-fill,39850,39,59687,59,59,57,2164,78,1497,6175,2608433963,440989330,0.00,472.12,1,95.2
1782,A-slc-fill,39850,39,59843,59,60,58,2165,78,1344,6175,2608433963,442200674,0.00,620.21,0,96.4
1783,A-slc-fill,39850,39,59875,59,59,57,2167,78,1344,5970,2608433963,442769506,0.00,291.24,1,98.4
1784,A-slc-fill,39850,39,59843,59,59,57,2165,78,1420,6052,2608433963,443099490,0.00,168.95,1,100.0
1785,A-slc-fill,39850,39,59906,59,59,57,2167,78,1344,6093,2608433963,443392874,0.00,150.21,1,100.0
1786,A-slc-fill,39850,39,59843,59,59,57,2165,78,1344,6052,2608433963,443674218,0.00,144.05,1,100.0
1787,A-slc-fill,39850,39,59968,59,59,57,2164,78,883,6052,2608433963,443955242,0.00,143.88,1,100.0
1788,A-slc-fill,39850,39,60000,60,60,58,2165,78,1267,6052,2608433963,444248634,0.00,150.22,1,100.0
1789,A-slc-fill,39850,39,59875,59,59,58,2165,78,1497,6093,2608433963,444529730,0.00,143.92,1,100.0
1790,A-slc-fill,39850,39,60125,60,60,57,2165,78,1420,5929,2608433963,444859714,0.00,168.95,1,100.0
1791,A-slc-fill,39850,39,59937,59,59,57,2169,78,1497,6134,2608433963,445927234,0.00,546.57,0,95.6
1793,A-slc-fill,39850,39,59968,59,59,57,2167,78,1497,6093,2608433963,446987234,0.00,542.72,1,93.6
1794,A-slc-fill,39850,39,59906,59,59,58,2170,78,1497,6011,2608433963,447573986,0.00,300.42,1,98.8
1795,A-slc-fill,39850,39,59968,59,59,58,2167,78,1344,6093,2608433963,447867370,0.00,150.21,1,100.0
1796,A-slc-fill,39850,39,59875,59,60,57,2167,78,1344,6093,2608433963,448160746,0.00,150.21,1,100.0
1797,A-slc-fill,39850,39,60000,60,59,57,2167,78,1497,6093,2608433963,448454074,0.00,150.18,1,100.0
1798,A-slc-fill,39850,39,59906,59,60,58,2167,78,1420,6052,2608433963,448735418,0.00,144.05,1,100.0
1799,A-slc-fill,39850,39,59843,59,59,57,2167,78,1420,6093,2608433963,449028794,0.00,150.21,1,100.0
1800,A-slc-fill,39850,39,60062,60,59,57,2168,78,1267,6052,2608433963,449321922,0.00,150.08,1,100.0
1801,A-slc-fill,39850,39,60062,60,60,57,2170,78,1497,6052,2608433963,449856962,0.00,273.94,1,100.0
1802,A-slc-fill,39850,39,60125,60,60,57,2167,78,1190,6175,2608433963,450970754,0.00,570.26,0,94.8
1803,A-slc-fill,39850,39,60125,60,60,57,2167,78,1497,6052,2608433963,451877506,0.00,464.26,1,96.4
1804,A-slc-fill,39850,39,59937,59,60,58,2167,78,1344,6052,2608433963,452366466,0.00,250.35,1,98.8
1805,A-slc-fill,39850,39,60125,60,60,57,2168,78,1344,6093,2608433963,452659850,0.00,150.21,1,100.0
1806,A-slc-fill,39850,39,59906,59,59,57,2167,78,1267,6093,2608433963,452953226,0.00,150.21,1,100.0
1807,A-slc-fill,39850,39,59875,59,59,57,2168,78,1267,6052,2608433963,453246306,0.00,150.06,1,100.0
1809,A-slc-fill,39850,39,59968,59,59,58,2165,78,1267,6093,2608433963,453539682,0.00,150.21,1,100.0
1810,A-slc-fill,39850,39,59906,59,60,57,2167,78,1267,6093,2608433963,453833074,0.00,150.22,1,100.0
1811,A-slc-fill,39850,39,59906,59,59,57,2163,78,1344,5970,2608433963,454126450,0.00,150.21,1,100.0
1812,A-slc-fill,39850,39,59562,59,59,58,2167,78,1497,5848,2608433963,454891098,0.00,391.50,1,100.0
1813,A-slc-fill,39850,39,59468,59,59,57,2168,78,1267,5520,2608433963,456016402,0.00,576.16,1,92.8
1814,A-slc-fill,39850,39,59281,59,59,58,2167,78,1267,5398,2608433963,456719122,0.00,359.79,1,100.0
1815,A-slc-fill,39850,39,59500,59,59,57,2170,78,1497,5439,2608433963,457109786,0.00,200.02,1,100.0
1816,A-slc-fill,39850,39,59250,59,59,57,2168,78,960,5439,2608433963,457403162,0.00,150.21,1,100.0
1817,A-slc-fill,39850,39,59093,59,59,57,2168,78,1344,5439,2608433963,457696498,0.00,150.19,1,100.0
1818,A-slc-fill,39850,39,59125,59,59,57,2167,78,1344,5439,2608433963,457977586,0.00,143.92,1,100.0
1819,A-slc-fill,39850,39,59156,59,59,57,2167,78,1497,5439,2608433963,458270978,0.00,150.22,1,100.0
1820,A-slc-fill,39850,39,59312,59,59,58,2165,78,1267,5439,2608433963,458564362,0.00,150.21,1,100.0
1821,A-slc-fill,39850,39,59312,59,59,57,2168,78,960,5234,2608433963,458882314,0.00,162.79,1,100.0
1823,A-slc-fill,39850,39,59343,59,59,57,2170,78,1267,5602,2608433963,459891370,0.00,516.64,1,96.8
1824,A-slc-fill,39850,39,59281,59,59,57,2167,78,1113,5602,2608433963,461058474,0.00,597.56,1,98.4
1825,A-slc-fill,39850,39,59343,59,59,57,2167,78,1344,5316,2608433963,461608874,0.00,281.80,1,100.0
1826,A-slc-fill,39850,39,59312,59,59,57,2167,78,1267,5439,2608433963,461914546,0.00,156.50,1,100.0
1827,A-slc-fill,39850,39,59406,59,59,57,2167,78,729,5439,2608433963,462207642,0.00,150.07,1,100.0
1828,A-slc-fill,39850,39,59312,59,59,57,2168,78,1344,5398,2608433963,462501018,0.00,150.21,1,100.0
1829,A-slc-fill,39850,39,59187,59,59,57,2172,78,1497,5439,2608433963,462782106,0.00,143.92,1,100.0
1830,A-slc-fill,39850,39,59468,59,59,57,2168,78,1420,5439,2608433963,463075738,0.00,150.34,1,100.0
1831,A-slc-fill,39850,39,59156,59,59,57,2168,78,1497,5439,2608433963,463369122,0.00,150.21,1,100.0
1832,A-slc-fill,39850,39,59156,59,59,57,2167,78,1497,5398,2608433963,463782202,0.00,211.50,1,100.0
1833,A-slc-fill,39850,39,59125,59,59,57,2165,78,1497,5480,2608433963,464897082,0.00,570.82,1,89.2
1834,A-slc-fill,39850,39,59093,59,59,57,2164,78,1267,5439,2608433963,465912122,0.00,519.70,1,95.6
1835,A-slc-fill,39850,39,59031,59,59,57,2170,78,1497,5398,2608433963,466425666,0.00,262.93,1,100.0
1837,A-slc-fill,39850,39,59031,59,59,57,2165,78,1267,5398,2608433963,466719042,0.00,150.21,1,100.0
1838,A-slc-fill,39850,39,59031,59,59,57,2167,78,1497,5439,2608433963,467012402,0.00,150.20,1,100.0
1839,A-slc-fill,39850,39,59093,59,59,57,2167,78,1344,5439,2608433963,467305778,0.00,150.21,1,100.0
1840,A-slc-fill,39850,39,59000,59,59,57,2165,78,1344,5439,2608433963,467599154,0.00,150.21,1,100.0
1841,A-slc-fill,39850,39,59156,59,59,57,2167,78,1267,5439,2608433963,467880250,0.00,143.92,1,100.0
1842,A-slc-fill,39850,39,58968,58,58,57,2168,78,1344,5357,2608433963,468173562,0.00,150.18,1,100.0
1843,A-slc-fill,39850,39,59125,59,59,57,2168,78,1267,5398,2608433963,468808186,0.00,324.93,1,97.6
1844,A-slc-fill,39850,39,59125,59,59,57,2170,78,1497,5602,2608433963,469981690,0.00,600.83,1,98.8
1845,A-slc-fill,39850,39,59281,59,59,57,2167,78,1267,5398,2608433963,470756602,0.00,396.75,0,100.0
1846,A-slc-fill,39850,39,59218,59,59,57,2163,78,1267,5398,2608433963,471169026,0.00,211.16,1,100.0
1847,A-slc-fill,39850,39,59000,59,59,57,2167,78,1497,5439,2608433963,471462114,0.00,150.06,1,100.0
1848,A-slc-fill,39850,39,58968,58,59,57,2167,78,1267,5439,2608433963,471755490,0.00,150.21,1,100.0
1849,A-slc-fill,39850,39,58937,58,59,57,2168,78,1344,5398,2608433963,472048866,0.00,150.21,1,100.0
1851,A-slc-fill,39850,39,58906,58,58,57,2168,78,1344,5439,2608433963,472342242,0.00,150.21,1,100.0
1852,A-slc-fill,39850,39,59031,59,58,57,2168,78,1344,5439,2608433963,472635634,0.00,150.22,1,100.0
1853,A-slc-fill,39850,39,59093,59,59,57,2168,78,1344,5275,2608433963,472953514,0.00,162.75,1,98.8
1854,A-slc-fill,39850,39,58968,58,59,57,2167,78,1344,5439,2608433963,473865386,0.00,466.88,1,95.2
1855,A-slc-fill,39850,39,59187,59,59,57,2167,78,1267,5602,2608433963,475083946,0.00,623.90,0,96.4
1856,A-slc-fill,39850,39,58937,58,59,57,2167,78,729,5316,2608433963,475631282,0.00,280.24,1,100.0
1857,A-slc-fill,39850,39,58937,58,59,57,2167,78,1344,5439,2608433963,475973290,0.00,175.11,1,100.0
1858,A-slc-fill,39850,39,59062,59,59,57,2167,78,1344,5766,2608433963,476266578,0.00,150.16,1,99.6
1859,A-slc-fill,39850,39,58968,58,58,57,2165,78,1344,5480,2608433963,476559954,0.00,150.21,1,100.0
1860,A-slc-fill,39850,39,59125,59,59,57,2167,78,1267,5439,2608433963,476841042,0.00,143.92,1,100.0
1861,A-slc-fill,39850,39,58937,58,58,57,2167,78,1497,5439,2608433963,477134426,0.00,150.21,1,100.0
1862,A-slc-fill,39850,39,59187,59,59,57,2167,78,1497,5480,2608433963,477427778,0.00,150.20,1,100.0
1863,A-slc-fill,39850,39,59000,59,58,57,2165,78,729,5439,2608433963,477793602,0.00,187.30,1,100.0
1865,A-slc-fill,39850,39,59156,59,59,57,2165,78,1267,5602,2608433963,478966082,0.00,600.31,0,94.0
1866,A-slc-fill,39850,39,58968,58,58,57,2167,78,1036,5480,2608433963,479970882,0.00,514.46,1,97.2
1867,A-slc-fill,39850,39,58906,58,59,57,2165,78,1344,5398,2608433963,480484426,0.00,262.93,1,97.6
1868,A-slc-fill,39850,39,59125,59,58,57,2165,78,1344,5439,2608433963,480777754,0.00,150.18,1,100.0
1869,A-slc-fill,39850,39,58906,58,59,57,2168,78,1344,5439,2608433963,481071130,0.00,150.21,1,100.0
1870,A-slc-fill,39850,39,58843,58,58,57,2167,78,1344,5398,2608433963,481352474,0.00,144.05,1,100.0
1871,A-slc-fill,39850,39,58875,58,58,57,2167,78,1344,5439,2608433963,481645850,0.00,150.21,1,100.0
1872,A-slc-fill,39850,39,59031,59,59,57,2163,78,1344,5439,2608433963,481939234,0.00,150.21,1,100.0
1873,A-slc-fill,39850,39,58875,58,58,57,2167,78,1344,5357,2608433963,482232290,0.00,150.04,1,100.0
1874,A-slc-fill,39850,39,59156,59,58,57,2170,78,1497,5480,2608433963,482864098,0.00,323.49,1,100.0
1875,A-slc-fill,39850,39,59031,59,59,57,2168,78,1344,5602,2608433963,484013026,0.00,588.25,1,90.8
1876,A-slc-fill,39850,39,59531,59,59,57,2167,78,1267,5929,2608433963,484848874,0.00,427.95,1,97.6
1877,A-slc-fill,39850,39,59406,59,59,57,2167,78,1267,6052,2608433963,485288914,0.00,225.30,0,100.0
1878,A-slc-fill,39850,39,59656,59,59,57,2168,78,1497,6052,2608433963,485582482,0.00,150.31,1,100.0
1880,A-slc-fill,39850,39,59531,59,59,57,2167,78,806,6093,2608433963,485875858,0.00,150.21,1,100.0
1881,A-slc-fill,39850,39,59468,59,59,57,2165,78,1344,6093,2608433963,486156946,0.00,143.92,1,100.0
1882,A-slc-fill,39850,39,59500,59,59,57,2168,78,1267,6093,2608433963,486462618,0.00,156.50,1,100.0
1883,A-slc-fill,39850,39,59250,59,59,57,2168,78,1497,6093,2608433963,486755922,0.00,150.17,1,100.0
1884,A-slc-fill,39850,39,59156,59,59,57,2167,78,1497,5929,2608433963,487067986,0.00,159.78,1,100.0
1885,A-slc-fill,39850,39,59625,59,59,57,2167,78,1497,6175,2608433963,487927122,0.00,439.88,1,94.8
1886,A-slc-fill,39850,39,59625,59,59,57,2165,78,1497,6216,2608433963,489141330,0.00,621.67,1,98.0
1887,A-slc-fill,39850,39,59156,59,59,57,2165,78,1497,5970,2608433963,489702746,0.00,287.44,1,96.8
1888,A-slc-fill,39850,39,59312,59,59,57,2165,78,1497,6052,2608433963,490020178,0.00,162.53,1,97.2
1889,A-slc-fill,39850,39,59343,59,59,57,2165,78,1497,6093,2608433963,490325850,0.00,156.50,1,100.0
1890,A-slc-fill,39850,39,59250,59,59,57,2165,78,1497,6093,2608433963,490619226,0.00,150.21,1,100.0
1891,A-slc-fill,39850,39,59187,59,59,57,2169,78,1497,6093,2608433963,490912602,0.00,150.21,1,100.0
1892,A-slc-fill,39850,39,59281,59,59,57,2170,78,1497,6093,2608433963,491205986,0.00,150.21,1,100.0
1893,A-slc-fill,39850,39,59250,59,59,57,2170,78,1497,6093,2608433963,491499330,0.00,150.19,1,100.0
1894,A-slc-fill,39850,39,59500,59,59,57,2168,78,1497,5929,2608433963,491843650,0.00,176.29,1,100.0
1896,A-slc-fill,39850,39,59593,59,59,57,2167,78,1497,6216,2608433963,493058114,0.00,621.81,1,97.6
1897,A-slc-fill,39850,39,59312,59,59,57,2167,78,1497,6052,2608433963,494079298,0.00,522.85,1,90.8
1898,A-slc-fill,39850,39,59312,59,59,57,2167,78,1497,6011,2608433963,494580562,0.00,256.65,1,100.0
1899,A-slc-fill,39850,39,59218,59,59,57,2168,78,1497,6093,2608433963,494861634,0.00,143.91,1,100.0
1900,A-slc-fill,39850,39,59250,59,59,57,2170,78,1497,6093,2608433963,495155010,0.00,150.21,1,100.0
1901,A-slc-fill,39850,39,59312,59,59,57,2165,78,1497,6052,2608433963,495436098,0.00,143.92,1,100.0
1902,A-slc-fill,39850,39,59562,59,59,57,2165,78,1497,6093,2608433963,495717450,0.00,144.05,1,100.0
1903,A-slc-fill,39850,39,59312,59,59,57,2165,78,1497,6093,2608433963,496010770,0.00,150.18,1,100.0
1904,A-slc-fill,39850,39,59468,59,59,57,2167,78,1497,6052,2608433963,496291858,0.00,143.92,1,100.0
1905,A-slc-fill,39850,39,59500,59,59,57,2167,78,1497,6052,2608433963,496838674,0.00,279.97,1,99.2
1906,A-slc-fill,39850,39,59406,59,59,57,2167,78,1497,6216,2608433963,498036754,0.00,613.42,0,98.8
1907,A-slc-fill,39850,39,59343,59,59,57,2168,78,1497,6052,2608433963,498908442,0.00,446.30,1,98.4
1908,A-slc-fill,39850,39,59312,59,59,57,2165,78,1497,6052,2608433963,499348466,0.00,225.29,1,100.0
1909,A-slc-fill,39850,39,59500,59,59,57,2165,78,1497,6093,2608433963,499641842,0.00,150.21,1,100.0
1910,A-slc-fill,39850,39,59531,59,59,57,2167,78,1497,6093,2608433963,499935218,0.00,150.21,1,100.0
1912,A-slc-fill,39850,39,59593,59,59,57,2165,78,1497,6052,2608433963,500216562,0.00,144.05,1,100.0
1913,A-slc-fill,39850,39,59375,59,59,57,2165,78,1497,6093,2608433963,500521906,0.00,156.34,1,100.0
1914,A-slc-fill,39850,39,59437,59,59,57,2167,78,1497,6093,2608433963,500815282,0.00,150.21,1,100.0
1915,A-slc-fill,39850,39,59468,59,59,57,2167,78,1497,5970,2608433963,501108658,0.00,150.21,1,100.0
1916,A-slc-fill,39850,39,59500,59,59,57,2163,78,1497,6093,2608433963,501874354,0.00,392.04,0,95.6
1917,A-slc-fill,39850,39,59531,59,59,57,2170,78,1497,6216,2608433963,503082930,0.00,618.79,1,94.8
1918,A-slc-fill,39850,39,59500,59,59,57,2167,78,1497,5970,2608433963,503724938,0.00,328.71,1,98.4
1919,A-slc-fill,39850,39,59406,59,59,57,2167,78,1497,6052,2608433963,504091786,0.00,187.83,1,100.0
1920,A-slc-fill,39850,39,59656,59,59,57,2165,78,1497,6093,2608433963,504385162,0.00,150.21,1,100.0
1921,A-slc-fill,39850,39,59500,59,59,57,2167,78,1497,6093,2608433963,504678554,0.00,150.22,1,100.0
1922,A-slc-fill,39850,39,59375,59,59,57,2165,78,1497,6093,2608433963,504947610,0.00,137.76,1,100.0
1923,A-slc-fill,39850,39,59562,59,59,57,2167,78,1497,6093,2608433963,505240954,0.00,150.19,1,100.0
1924,A-slc-fill,39850,39,59531,59,59,58,2165,78,1497,6093,2608433963,505534330,0.00,150.21,1,100.0
1925,A-slc-fill,39850,39,59406,59,59,58,2165,78,1497,5929,2608433963,505852026,0.00,162.66,1,100.0
1927,A-slc-fill,39850,39,59656,59,59,57,2167,78,1497,6134,2608433963,506835834,0.00,503.71,1,93.6
1928,A-slc-fill,39850,39,59500,59,59,57,2170,78,1497,6134,2608433963,507991906,0.00,591.91,1,95.2
1929,A-slc-fill,39850,39,59406,59,59,58,2167,78,1497,5970,2608433963,508541994,0.00,281.65,1,100.0
1930,A-slc-fill,39850,39,59593,59,59,57,2167,78,1497,6093,2608433963,508847658,0.00,156.50,1,100.0
1931,A-slc-fill,39850,39,59687,59,59,57,2168,78,1497,6093,2608433963,509141034,0.00,150.21,1,100.0
1932,A-slc-fill,39850,39,59468,59,59,57,2168,78,960,5725,2608433963,509434410,0.00,150.21,1,100.0
1933,A-slc-fill,39850,39,59156,59,59,57,2165,78,960,5480,2608433963,509727738,0.00,150.18,1,100.0
1934,A-slc-fill,39850,39,59156,59,59,57,2167,78,960,5439,2608433963,510008826,0.00,143.92,1,100.0
1935,A-slc-fill,39850,39,59281,59,59,57,2167,78,729,5398,2608433963,510302202,0.00,150.21,1,100.0
1936,A-slc-fill,39850,39,59156,59,59,57,2167,78,1267,5316,2608433963,510694138,0.00,200.67,1,100.0
1937,A-slc-fill,39850,39,59531,59,59,57,2167,78,1497,5561,2608433963,511860474,0.00,597.16,0,96.4
1938,A-slc-fill,39850,39,59531,59,59,57,2165,78,1344,5480,2608433963,512833202,0.00,498.04,1,92.4
1939,A-slc-fill,39850,39,59187,59,59,57,2167,78,1344,5357,2608433963,513346738,0.00,262.93,1,100.0
1940,A-slc-fill,39850,39,59062,59,59,57,2167,78,1267,5439,2608433963,513640114,0.00,150.21,1,100.0
1942,A-slc-fill,39850,39,59125,59,59,57,2167,78,1267,5439,2608433963,513933490,0.00,150.21,1,100.0
1943,A-slc-fill,39850,39,58968,58,59,57,2165,78,1420,5398,2608433963,514226810,0.00,150.18,1,100.0
1944,A-slc-fill,39850,39,59093,59,59,57,2165,78,729,5398,2608433963,514520202,0.00,150.22,1,100.0
1945,A-slc-fill,39850,39,59187,59,59,57,2165,78,1344,5480,2608433963,514813578,0.00,150.21,1,100.0
1946,A-slc-fill,39850,39,59062,59,59,57,2167,78,1344,5357,2608433963,515106954,0.00,150.21,1,100.0
1947,A-slc-fill,39850,39,59187,59,59,57,2168,78,1497,5398,2608433963,515734154,0.00,321.13,1,97.2
1948,A-slc-fill,39850,39,59250,59,59,57,2164,78,1420,5480,2608433963,516832874,0.00,562.54,1,96.8
1949,A-slc-fill,39850,39,59156,59,59,57,2165,78,1344,5398,2608433963,517686378,0.00,436.99,1,100.0
1950,A-slc-fill,39850,39,59062,59,59,57,2167,78,1344,5439,2608433963,518138986,0.00,231.74,1,100.0
1951,A-slc-fill,39850,39,59250,59,59,57,2167,78,1267,5480,2608433963,518432362,0.00,150.21,1,100.0
1952,A-slc-fill,39850,39,59312,59,59,57,2167,78,1344,5480,2608433963,518725738,0.00,150.21,1,100.0
1953,A-slc-fill,39850,39,59125,59,59,57,2167,78,960,5439,2608433963,519006538,0.00,143.77,1,100.0
1954,A-slc-fill,39850,39,59031,59,59,57,2165,78,1036,5439,2608433963,519299922,0.00,150.21,1,100.0
1956,A-slc-fill,39850,39,59093,59,59,57,2165,78,1267,5439,2608433963,519593298,0.00,150.21,1,100.0
1957,A-slc-fill,39850,39,59031,59,59,57,2172,78,960,5275,2608433963,519898962,0.00,156.50,1,100.0
1958,A-slc-fill,39850,39,59156,59,59,57,2168,78,1420,5561,2608433963,520766698,0.00,444.28,1,98.0
1959,A-slc-fill,39850,39,59062,59,59,57,2167,78,1267,5889,2608433963,521928946,0.00,595.07,1,91.2
1960,A-slc-fill,39850,39,59156,59,59,57,2169,78,1344,5398,2608433963,522564338,0.00,325.32,1,98.8
1961,A-slc-fill,39850,39,59156,59,59,57,2167,78,729,5398,2608433963,522918898,0.00,181.53,1,99.2
1962,A-slc-fill,39850,39,59125,59,59,57,2167,78,1420,5398,2608433963,523212274,0.00,150.21,1,100.0
1963,A-slc-fill,39850,39,58968,58,59,57,2170,78,1497,5398,2608433963,523493258,0.00,143.86,1,100.0
1964,A-slc-fill,39850,39,58906,58,59,57,2169,78,1344,5398,2608433963,523774626,0.00,144.06,1,100.0
1965,A-slc-fill,39850,39,59031,59,59,57,2167,78,1497,5439,2608433963,524068002,0.00,150.21,1,100.0
1966,A-slc-fill,39850,39,59156,59,59,57,2167,78,1497,5398,2608433963,524361378,0.00,150.21,1,100.0
1967,A-slc-fill,39850,39,58843,58,59,57,2167,78,1036,5275,2608433963,524692386,0.00,169.48,0,100.0
1968,A-slc-fill,39850,39,59000,59,59,57,2169,78,1344,5439,2608433963,525716386,0.00,524.29,1,91.2
1970,A-slc-fill,39850,39,59156,59,59,57,2164,78,1497,5439,2608433963,526806434,0.00,558.10,1,90.8
1971,A-slc-fill,39850,39,58968,58,58,57,2166,78,1420,5275,2608433963,527356834,0.00,281.80,1,98.8
1972,A-slc-fill,39850,39,58875,58,58,57,2164,78,1497,5439,2608433963,527674530,0.00,162.66,1,100.0
1973,A-slc-fill,39850,39,59062,59,59,57,2162,78,1344,5439,2608433963,527967914,0.00,150.21,1,99.2
1974,A-slc-fill,39850,39,58875,58,58,57,2164,78,1267,5439,2608433963,528261298,0.00,150.21,1,100.0
1975,A-slc-fill,39850,39,58968,58,58,57,2167,78,729,5439,2608433963,528542386,0.00,143.92,1,100.0
1976,A-slc-fill,39850,39,58843,58,58,57,2166,78,960,5439,2608433963,528835762,0.00,150.21,1,100.0
1977,A-slc-fill,39850,39,58968,58,58,57,2162,78,1344,5398,2608433963,529129138,0.00,150.21,1,100.0
1978,A-slc-fill,39850,39,58875,58,58,57,2167,78,1497,5316,2608433963,529569122,0.00,225.27,1,99.6
1979,A-slc-fill,39850,39,59031,59,59,57,2167,78,1497,5480,2608433963,530717034,0.00,587.73,1,91.6
1980,A-slc-fill,39850,39,59000,59,58,57,2165,78,1497,5357,2608433963,531672170,0.00,489.03,1,100.0
1981,A-slc-fill,39850,39,58968,58,58,57,2165,78,1497,5357,2608433963,532149098,0.00,244.19,1,100.0
1983,A-slc-fill,39850,39,58812,58,59,57,2167,78,1267,5398,2608433963,532442474,0.00,150.21,1,100.0
1984,A-slc-fill,39850,39,58968,58,59,57,2165,78,1344,5439,2608433963,532735554,0.00,150.06,1,100.0
1985,A-slc-fill,39850,39,58875,58,58,57,2167,78,1267,5439,2608433963,533028946,0.00,150.22,1,100.0
1986,A-slc-fill,39850,39,58812,58,59,57,2165,78,1267,5398,2608433963,533322322,0.00,150.21,1,100.0
1987,A-slc-fill,39850,39,58718,58,58,57,2167,78,1344,5398,2608433963,533615698,0.00,150.21,1,100.0
1988,A-slc-fill,39850,39,58937,58,58,57,2167,78,1267,5275,2608433963,533921050,0.00,156.34,1,100.0
1989,A-slc-fill,39850,39,59062,59,58,57,2167,78,1497,5398,2608433963,534640954,0.00,368.59,1,93.2
1990,A-slc-fill,39850,39,58937,58,58,57,2166,78,1267,5602,2608433963,535829818,0.00,608.70,1,97.2
1991,A-slc-fill,39850,39,59031,59,59,57,2165,78,1420,5357,2608433963,536549946,0.00,368.71,1,96.8
1992,A-slc-fill,39850,39,58812,58,59,57,2162,78,1267,5439,2608433963,536941370,0.00,200.41,1,100.0
1993,A-slc-fill,39850,39,58906,58,59,57,2164,78,1344,5398,2608433963,537234522,0.00,150.09,1,100.0
1994,A-slc-fill,39850,39,58781,58,58,57,2164,78,1344,5439,2608433963,537527906,0.00,150.21,1,100.0
1996,A-slc-fill,39850,39,58781,58,58,57,2168,78,1497,5439,2608433963,537809250,0.00,144.05,1,100.0
1997,A-slc-fill,39850,39,59250,59,59,57,2164,78,1497,5970,2608433963,538114914,0.00,156.50,1,100.0
1998,A-slc-fill,39850,39,59718,59,59,57,2165,78,1344,6093,2608433963,538407946,0.00,150.03,1,100.0
1999,A-slc-fill,39850,39,59593,59,59,57,2165,78,1344,5929,2608433963,538725898,0.00,162.79,1,100.0
2000,A-slc-fill,39850,39,59593,59,59,57,2164,78,1497,6134,2608433963,539706130,0.00,501.88,1,93.6
2001,A-slc-fill,39850,39,59593,59,59,57,2167,78,1420,6175,2608433963,540877842,0.00,599.92,1,100.0
2002,A-slc-fill,39850,39,59625,59,59,57,2168,78,1267,5970,2608433963,541415954,0.00,275.51,1,100.0
2003,A-slc-fill,39850,39,59750,59,59,57,2167,78,1420,6093,2608433963,541709266,0.00,150.18,1,100.0
2004,A-slc-fill,39850,39,59656,59,59,57,2167,78,1420,6093,2608433963,542002642,0.00,150.21,1,100.0
2005,A-slc-fill,39850,39,59593,59,59,57,2164,78,1267,6093,2608433963,542283738,0.00,143.92,1,98.0
2006,A-slc-fill,39850,39,59656,59,59,57,2165,78,1344,6093,2608433963,542564826,0.00,143.92,1,100.0
2007,A-slc-fill,39850,39,59625,59,59,57,2164,78,1344,6093,2608433963,542858202,0.00,150.21,1,100.0
2008,A-slc-fill,39850,39,59625,59,59,57,2163,78,1267,6093,2608433963,543139210,0.00,143.88,1,100.0
2009,A-slc-fill,39850,39,59718,59,59,57,2163,78,1497,5970,2608433963,543469202,0.00,168.96,1,100.0
2010,A-slc-fill,39850,39,59875,59,59,57,2163,78,1420,6216,2608433963,544641170,0.00,600.05,1,94.0
2012,A-slc-fill,39850,39,59750,59,59,57,2167,78,1497,6134,2608433963,545694610,0.00,539.36,1,100.0
2013,A-slc-fill,39850,39,59906,59,59,57,2165,78,1420,5970,2608433963,546171538,0.00,244.19,1,100.0
2014,A-slc-fill,39850,39,59718,59,59,57,2165,78,1420,6093,2608433963,546464586,0.00,150.04,1,100.0
2015,A-slc-fill,39850,39,59687,59,59,57,2165,78,1267,6134,2608433963,546757970,0.00,150.21,1,100.0
2016,A-slc-fill,39850,39,59718,59,59,57,2165,78,1267,6093,2608433963,547051346,0.00,150.21,1,100.0
2017,A-slc-fill,39850,39,59781,59,59,57,2164,78,1497,6093,2608433963,547332690,0.00,144.05,1,100.0
2018,A-slc-fill,39850,39,59843,59,59,57,2164,78,1420,6093,2608433963,547613714,0.00,143.88,1,98.8
2019,A-slc-fill,39850,39,59625,59,59,57,2164,78,1267,6093,2608433963,547906834,0.00,150.08,1,100.0
2020,A-slc-fill,39850,39,59718,59,59,57,2164,78,1497,6052,2608433963,548359194,0.00,231.61,1,98.8
2021,A-slc-fill,39850,39,59687,59,59,57,2164,78,1497,6216,2608433963,549515554,0.00,592.06,1,95.2
2022,A-slc-fill,39850,39,59718,59,59,57,2164,78,1344,6093,2608433963,550450210,0.00,478.54,1,96.0
2023,A-slc-fill,39850,39,59656,59,59,57,2164,78,1344,6052,2608433963,550951194,0.00,256.50,1,99.2
2024,A-slc-fill,39850,39,59906,59,59,57,2165,78,1497,6093,2608433963,551244570,0.00,150.21,1,100.0
2025,A-slc-fill,39850,39,59750,59,59,57,2164,78,1420,6093,2608433963,551537954,0.00,150.21,1,100.0
2026,A-slc-fill,39850,39,59843,59,59,57,2167,78,1267,6052,2608433963,551831330,0.00,150.21,1,100.0
2028,A-slc-fill,39850,39,59687,59,59,57,2165,78,1344,6093,2608433963,552124706,0.00,150.21,1,100.0
2029,A-slc-fill,39850,39,59781,59,59,57,2164,78,1344,6134,2608433963,552417994,0.00,150.16,1,100.0
2030,A-slc-fill,39850,39,59843,59,60,57,2165,78,1267,6011,2608433963,552723658,0.00,156.50,1,100.0
2031,A-slc-fill,39850,39,59750,59,59,57,2165,78,1344,6134,2608433963,553501914,0.00,398.47,1,98.8
2032,A-slc-fill,39850,39,59843,59,59,57,2164,78,1497,6175,2608433963,554686426,0.00,606.47,0,96.8
2033,A-slc-fill,39850,39,59781,59,60,57,2165,78,1267,6011,2608433963,555376858,0.00,353.50,1,100.0
2034,A-slc-fill,39850,39,59781,59,59,57,2164,78,1420,6093,2608433963,555743706,0.00,187.83,1,100.0
2035,A-slc-fill,39850,39,60031,60,60,57,2162,78,1344,6093,2608433963,556024802,0.00,143.92,1,98.8
2036,A-slc-fill,39850,39,59812,59,59,57,2164,78,1267,6093,2608433963,556318178,0.00,150.21,1,100.0
2037,A-slc-fill,39850,39,59718,59,59,57,2164,78,1497,6093,2608433963,556599522,0.00,144.05,1,100.0
2038,A-slc-fill,39850,39,60000,60,59,57,2163,78,1420,6093,2608433963,556892826,0.00,150.17,1,100.0
2039,A-slc-fill,39850,39,59781,59,60,57,2162,78,1420,6093,2608433963,557186202,0.00,150.21,1,100.0
2040,A-slc-fill,39850,39,59593,59,59,57,2165,78,1497,5929,2608433963,557516194,0.00,168.96,1,100.0
2041,A-slc-fill,39850,39,59406,59,59,57,2164,78,1497,6134,2608433963,558557346,0.00,533.07,0,90.8
2042,A-slc-fill,39850,39,59593,59,59,57,2165,78,1497,6134,2608433963,559668130,0.00,568.72,1,98.4
2043,A-slc-fill,39850,39,59656,59,59,58,2164,78,1497,6052,2608433963,560230290,0.00,287.83,1,100.0
2045,A-slc-fill,39850,39,59656,59,59,57,2164,78,1497,6093,2608433963,560511634,0.00,144.05,1,100.0
2046,A-slc-fill,39850,39,59656,59,59,57,2164,78,1497,6093,2608433963,560805018,0.00,150.21,1,100.0
2047,A-slc-fill,39850,39,59531,59,59,57,2164,78,1497,6052,2608433963,561098394,0.00,150.21,1,100.0
2048,A-slc-fill,39850,39,59656,59,59,57,2164,78,1497,6093,2608433963,561379410,0.00,143.88,1,100.0
2049,A-slc-fill,39850,39,59687,59,59,57,2164,78,1497,6052,2608433963,561672802,0.00,150.22,1,100.0
2050,A-slc-fill,39850,39,59406,59,59,58,2164,78,1497,6052,2608433963,561953890,0.00,143.92,1,100.0
2051,A-slc-fill,39850,39,59625,59,59,57,2164,78,1497,6011,2608433963,562405482,0.00,231.22,1,96.8
2052,A-slc-fill,39850,39,59312,59,59,57,2164,78,1344,5643,2608433963,563405418,0.00,511.97,0,95.6
2053,A-slc-fill,39850,39,59375,59,59,57,2164,78,1344,5520,2608433963,564435810,0.00,527.56,1,98.0
2054,A-slc-fill,39850,39,59375,59,59,57,2166,78,1497,5398,2608433963,564973922,0.00,275.51,1,95.6
2055,A-slc-fill,39850,39,59187,59,59,57,2165,78,1344,5439,2608433963,565267298,0.00,150.21,1,100.0
2056,A-slc-fill,39850,39,59156,59,59,57,2164,78,1344,5439,2608433963,565560682,0.00,150.21,1,100.0
2057,A-slc-fill,39850,39,59156,59,59,57,2165,78,1497,5439,2608433963,565854058,0.00,150.21,1,100.0
2059,A-slc-fill,39850,39,59406,59,59,57,2166,78,1497,5480,2608433963,566147370,0.00,150.18,1,100.0
2060,A-slc-fill,39850,39,59281,59,59,57,2167,78,1344,5602,2608433963,566440546,0.00,150.11,1,100.0
2061,A-slc-fill,39850,39,59218,59,59,57,2166,78,1267,5357,2608433963,566721642,0.00,143.92,1,99.6
2062,A-slc-fill,39850,39,59312,59,59,57,2167,78,1267,5480,2608433963,567375978,0.00,335.02,1,100.0
2063,A-slc-fill,39850,39,59156,59,59,57,2167,78,1420,5602,2608433963,568572010,0.00,612.37,0,93.6
2064,A-slc-fill,39850,39,59062,59,59,57,2164,78,1267,5357,2608433963,569387114,0.00,417.33,1,99.2
2065,A-slc-fill,39850,39,59375,59,59,57,2164,78,960,5439,2608433963,569814610,0.00,218.88,1,100.0
2066,A-slc-fill,39850,39,59156,59,59,57,2166,78,1497,5439,2608433963,570095962,0.00,144.05,1,100.0
2067,A-slc-fill,39850,39,59093,59,59,57,2164,78,960,5480,2608433963,570377306,0.00,144.05,1,100.0
2068,A-slc-fill,39850,39,59093,59,59,57,2164,78,1036,5398,2608433963,570658394,0.00,143.92,1,100.0
2069,A-slc-fill,39850,39,59125,59,59,57,2167,78,1267,5439,2608433963,570939402,0.00,143.88,1,100.0
2070,A-slc-fill,39850,39,59156,59,59,57,2166,78,1497,5439,2608433963,571232778,0.00,150.21,1,100.0
2071,A-slc-fill,39850,39,59125,59,59,57,2164,78,1267,5357,2608433963,571538450,0.00,156.50,1,100.0
2073,A-slc-fill,39850,39,59343,59,59,57,2165,78,1344,5561,2608433963,572396818,0.00,439.48,1,98.4
2074,A-slc-fill,39850,39,59156,59,59,57,2165,78,883,5643,2608433963,573616402,0.00,624.43,1,96.0
2075,A-slc-fill,39850,39,59312,59,59,57,2166,78,1267,5357,2608433963,574228218,0.00,313.25,1,97.6
2076,A-slc-fill,39850,39,59093,59,59,57,2166,78,1497,5398,2608433963,574545914,0.00,162.66,1,100.0
2077,A-slc-fill,39850,39,59218,59,59,57,2166,78,1267,5439,2608433963,574827274,0.00,144.06,1,100.0
2078,A-slc-fill,39850,39,59187,59,59,57,2166,78,1267,5398,2608433963,575120650,0.00,150.21,1,100.0
2079,A-slc-fill,39850,39,59125,59,59,57,2164,78,1344,5439,2608433963,575401738,0.00,143.92,1,100.0
2080,A-slc-fill,39850,39,59000,59,59,57,2166,78,1267,5439,2608433963,575707346,0.00,156.47,1,100.0
2081,A-slc-fill,39850,39,59031,59,59,57,2164,78,1344,5398,2608433963,576000730,0.00,150.21,1,100.0
2082,A-slc-fill,39850,39,59062,59,59,57,2166,78,729,5234,2608433963,576330714,0.00,168.95,1,100.0
2083,A-slc-fill,39850,39,59031,59,59,57,2162,78,806,5602,2608433963,577525210,0.00,611.58,0,98.0
2084,A-slc-fill,39850,39,58937,58,58,57,2164,78,1267,5480,2608433963,578555866,0.00,527.70,1,100.0
2085,A-slc-fill,39850,39,59187,59,59,57,2166,78,1497,5398,2608433963,579081690,0.00,269.22,1,98.0
2087,A-slc-fill,39850,39,58968,58,59,57,2167,78,1267,5439,2608433963,579375074,0.00,150.21,1,100.0
2088,A-slc-fill,39850,39,59156,59,59,57,2164,78,1267,5439,2608433963,579656162,0.00,143.92,1,100.0
2089,A-slc-fill,39850,39,59093,59,59,57,2167,78,1036,5398,2608433963,579937250,0.00,143.92,1,100.0
2090,A-slc-fill,39850,39,59000,59,59,57,2164,78,729,5439,2608433963,580218370,0.00,143.93,1,99.2
2091,A-slc-fill,39850,39,58906,58,59,57,2162,78,1267,5439,2608433963,580511746,0.00,150.21,1,100.0
2092,A-slc-fill,39850,39,59000,59,59,57,2166,78,960,5398,2608433963,580805130,0.00,150.21,1,100.0
2093,A-slc-fill,39850,39,59156,59,59,57,2166,78,1344,5357,2608433963,581352458,0.00,280.23,1,98.4
2094,A-slc-fill,39850,39,59093,59,59,57,2167,78,729,5602,2608433963,582519562,0.00,597.56,0,95.2
2095,A-slc-fill,39850,39,59031,59,59,57,2166,78,729,5439,2608433963,583372530,0.00,436.72,1,98.8
2096,A-slc-fill,39850,39,59000,59,59,57,2166,78,1036,5439,2608433963,583824882,0.00,231.60,1,100.0
2097,A-slc-fill,39850,39,58906,58,58,57,2164,78,1497,5398,2608433963,584118266,0.00,150.21,1,99.6
2098,A-slc-fill,39850,39,59000,59,58,57,2167,78,960,5398,2608433963,584411642,0.00,150.21,1,100.0
2099,A-slc-fill,39850,39,58937,58,58,57,2166,78,1344,5398,2608433963,584692674,0.00,143.89,1,100.0
2101,A-slc-fill,39850,39,58906,58,59,57,2165,78,1190,5398,2608433963,584986050,0.00,150.21,1,100.0
2102,A-slc-fill,39850,39,59062,59,59,57,2164,78,1344,5398,2608433963,585279434,0.00,150.21,1,100.0
2103,A-slc-fill,39850,39,58937,58,58,57,2166,78,1344,5275,2608433963,585588682,0.00,158.33,0,100.0
2104,A-slc-fill,39850,39,58937,58,58,57,2165,78,1497,5439,2608433963,586429642,0.00,430.57,1,98.8
2105,A-slc-fill,39850,39,58937,58,58,57,2164,78,1497,5561,2608433963,587670954,0.00,635.55,0,95.6
2106,A-slc-fill,39850,39,58937,58,58,57,2164,78,1267,5357,2608433963,588299434,0.00,321.78,1,100.0
2107,A-slc-fill,39850,39,58968,58,59,57,2164,78,883,5398,2608433963,588629426,0.00,168.96,1,100.0
2108,A-slc-fill,39850,39,58875,58,58,57,2165,78,729,5398,2608433963,588922802,0.00,150.21,1,100.0
2109,A-slc-fill,39850,39,58875,58,58,57,2167,78,1267,5398,2608433963,589203834,0.00,143.89,1,100.0
2110,A-slc-fill,39850,39,58906,58,58,57,2165,78,1497,5398,2608433963,589497210,0.00,150.21,1,100.0
2111,A-slc-fill,39850,39,58843,58,59,57,2167,78,1344,5398,2608433963,589790586,0.00,150.21,1,100.0
2113,A-slc-fill,39850,39,59000,59,59,57,2167,78,1267,5439,2608433963,590071682,0.00,143.92,1,100.0
2114,A-slc-fill,39850,39,58906,58,58,57,2167,78,1344,5234,2608433963,590417538,0.00,177.08,0,99.2
2115,A-slc-fill,39850,39,59093,59,59,57,2165,78,1497,5480,2608433963,591576146,0.00,593.21,0,96.8
2116,A-slc-fill,39850,39,59312,59,59,57,2167,78,1497,5684,2608433963,592614738,0.00,531.76,1,95.2
2117,A-slc-fill,39850,39,59093,59,59,57,2165,78,1497,6011,2608433963,593152850,0.00,275.51,1,100.0
2118,A-slc-fill,39850,39,59625,59,59,57,2167,78,1344,6052,2608433963,593446234,0.00,150.21,1,100.0
2119,A-slc-fill,39850,39,59625,59,59,57,2165,78,1344,6052,2608433963,593727322,0.00,143.92,1,100.0
2120,A-slc-fill,39850,39,59468,59,59,57,2165,78,1420,6052,2608433963,594008314,0.00,143.87,1,99.6
2121,A-slc-fill,39850,39,59593,59,59,57,2163,78,1420,6093,2608433963,594301722,0.00,150.22,1,100.0
2122,A-slc-fill,39850,39,59718,59,59,57,2167,78,1344,6052,2608433963,594595114,0.00,150.22,1,100.0
2123,A-slc-fill,39850,39,59687,59,59,57,2168,78,1497,6011,2608433963,594888490,0.00,150.21,1,100.0
2124,A-slc-fill,39850,39,59656,59,59,57,2168,78,1497,6052,2608433963,595526698,0.00,326.76,1,96.0
2125,A-slc-fill,39850,39,59781,59,59,57,2167,78,1267,6257,2608433963,596697386,0.00,599.39,0,94.0
2126,A-slc-fill,39850,39,59906,59,59,57,2168,78,1344,6011,2608433963,597529386,0.00,425.98,1,97.2
2128,A-slc-fill,39850,39,59718,59,59,57,2165,78,1420,6052,2608433963,597957426,0.00,219.16,1,100.0
2129,A-slc-fill,39850,39,59968,59,59,57,2163,78,1420,6052,2608433963,598250802,0.00,150.21,1,100.0
2130,A-slc-fill,39850,39,59781,59,59,57,2165,78,1344,6052,2608433963,598543890,0.00,150.06,1,100.0
2131,A-slc-fill,39850,39,59750,59,59,57,2165,78,729,6052,2608433963,598825234,0.00,144.05,1,100.0
2132,A-slc-fill,39850,39,59781,59,59,57,2165,78,1267,6093,2608433963,599118610,0.00,150.21,1,100.0
2133,A-slc-fill,39850,39,59687,59,59,57,2165,78,1420,6093,2608433963,599399706,0.00,143.92,1,96.0
2134,A-slc-fill,39850,39,59781,59,59,57,2164,78,1344,5929,2608433963,599705370,0.00,156.50,1,100.0
2135,A-slc-fill,39850,39,60000,60,60,57,2165,78,1497,6093,2608433963,600534738,0.00,424.64,0,92.4
2136,A-slc-fill,39850,39,59875,59,60,57,2165,78,1420,6134,2608433963,601649874,0.00,570.95,1,92.0
2137,A-slc-fill,39850,39,59718,59,59,57,2164,78,1420,6011,2608433963,602346194,0.00,356.52,1,98.0
2138,A-slc-fill,39850,39,59843,59,59,57,2167,78,1267,6093,2608433963,602712794,0.00,187.70,1,100.0
2139,A-slc-fill,39850,39,59937,59,59,57,2165,78,1344,6052,2608433963,602993882,0.00,143.92,1,100.0
2140,A-slc-fill,39850,39,59812,59,59,58,2167,78,1344,6093,2608433963,603287234,0.00,150.20,1,100.0
2141,A-slc-fill,39850,39,59718,59,59,57,2164,78,1267,6052,2608433963,603568578,0.00,144.05,1,100.0
2142,A-slc-fill,39850,39,59781,59,59,57,2165,78,1497,6052,2608433963,603861962,0.00,150.21,1,100.0
2144,A-slc-fill,39850,39,59843,59,59,57,2164,78,1267,6052,2608433963,604155338,0.00,150.21,1,100.0
2145,A-slc-fill,39850,39,59937,59,59,57,2162,78,1344,5889,2608433963,604472970,0.00,162.63,1,100.0
2146,A-slc-fill,39850,39,59937,59,60,57,2165,78,1497,6134,2608433963,605453194,0.00,501.87,1,94.8
2147,A-slc-fill,39850,39,60000,60,60,57,2165,78,1344,6175,2608433963,606588562,0.00,581.31,1,92.8
2148,A-slc-fill,39850,39,59812,59,59,57,2165,78,1420,6011,2608433963,607163034,0.00,294.13,1,99.6
2149,A-slc-fill,39850,39,59843,59,59,58,2167,78,1344,6052,2608433963,607456410,0.00,150.21,1,100.0
2150,A-slc-fill,39850,39,59937,59,59,57,2165,78,1267,6093,2608433963,607749514,0.00,150.07,1,100.0
2151,A-slc-fill,39850,39,59875,59,60,57,2165,78,1344,6093,2608433963,608030602,0.00,143.92,1,100.0
2152,A-slc-fill,39850,39,59875,59,60,57,2165,78,1267,6093,2608433963,608311946,0.00,144.05,1,100.0
2153,A-slc-fill,39850,39,59906,59,59,57,2165,78,1497,6093,2608433963,608605330,0.00,150.21,1,100.0
2154,A-slc-fill,39850,39,59937,59,59,58,2167,78,1344,6093,2608433963,608898370,0.00,150.04,1,100.0
2155,A-slc-fill,39850,39,59937,59,59,58,2167,78,1497,5970,2608433963,609246018,0.00,178.00,0,100.0
2156,A-slc-fill,39850,39,60031,60,60,57,2165,78,1497,6134,2608433963,610349178,0.00,564.82,1,90.8
2157,A-slc-fill,39850,39,59843,59,60,57,2164,78,1420,6093,2608433963,611356042,0.00,515.51,1,96.8
2159,A-slc-fill,39850,39,59843,59,59,57,2164,78,1344,6052,2608433963,611881874,0.00,269.23,1,98.8
2160,A-slc-fill,39850,39,60125,60,60,58,2164,78,1497,6502,2608433963,612175002,0.00,150.08,1,100.0
2161,A-slc-fill,39850,39,60093,60,59,58,2164,78,1420,6134,2608433963,612468378,0.00,150.21,1,100.0
2162,A-slc-fill,39850,39,59968,59,59,58,2167,78,1344,6052,2608433963,612761754,0.00,150.21,1,100.0
2163,A-slc-fill,39850,39,60093,60,60,58,2167,78,1344,6134,2608433963,613055130,0.00,150.21,1,100.0
2164,A-slc-fill,39850,39,59906,59,60,58,2167,78,1344,6093,2608433963,613348522,0.00,150.22,1,100.0
2165,A-slc-fill,39850,39,60156,60,60,57,2170,78,1344,6052,2608433963,613629458,0.00,143.84,1,100.0
2166,A-slc-fill,39850,39,60031,60,60,58,2167,78,1497,6052,2608433963,614157586,0.00,270.40,0,100.0
2167,A-slc-fill,39850,39,60125,60,60,57,2168,78,1344,6216,2608433963,615346194,0.00,608.57,1,94.0
2168,A-slc-fill,39850,39,59968,59,60,58,2167,78,1344,6011,2608433963,616246298,0.00,460.85,1,98.4
2169,A-slc-fill,39850,39,60000,60,60,58,2168,78,1344,6052,2608433963,616710938,0.00,237.90,1,100.0
2170,A-slc-fill,39850,39,60093,60,60,58,2167,78,1344,6093,2608433963,616991802,0.00,143.80,1,100.0
2171,A-slc-fill,39850,39,60062,60,60,58,2164,78,1344,6093,2608433963,617285178,0.00,150.21,1,100.0
2172,A-slc-fill,39850,39,59656,59,59,57,2164,78,1497,5520,2608433963,617566522,0.00,144.05,1,100.0
2174,A-slc-fill,39850,39,59406,59,59,57,2165,78,1344,5398,2608433963,617859906,0.00,150.21,1,100.0
2175,A-slc-fill,39850,39,59375,59,59,58,2165,78,1344,5480,2608433963,618152962,0.00,150.04,1,100.0
2176,A-slc-fill,39850,39,59281,59,59,57,2164,78,729,5316,2608433963,618434306,0.00,144.05,1,100.0
2177,A-slc-fill,39850,39,59250,59,59,57,2165,78,1267,5398,2608433963,619118850,0.00,350.49,1,94.4
2178,A-slc-fill,39850,39,59468,59,59,58,2164,78,1036,5602,2608433963,620345090,0.00,627.83,1,91.6
2179,A-slc-fill,39850,39,59437,59,59,57,2164,78,1190,5439,2608433963,621099786,0.00,386.40,1,96.8
2180,A-slc-fill,39850,39,59343,59,59,57,2164,78,1497,5439,2608433963,621490674,0.00,200.13,1,100.0
2181,A-slc-fill,39850,39,59343,59,59,57,2164,78,1267,5439,2608433963,621784050,0.00,150.21,1,100.0
2182,A-slc-fill,39850,39,59156,59,59,58,2162,78,960,5398,2608433963,622077426,0.00,150.21,1,100.0
2183,A-slc-fill,39850,39,59406,59,59,57,2162,78,1344,5439,2608433963,622358770,0.00,144.05,1,100.0
2184,A-slc-fill,39850,39,59312,59,59,57,2164,78,729,5398,2608433963,622651810,0.00,150.04,1,100.0
2185,A-slc-fill,39850,39,59343,59,59,57,2164,78,960,5480,2608433963,622945186,0.00,150.21,1,100.0
2186,A-slc-fill,39850,39,59218,59,59,57,2164,78,1344,5275,2608433963,623263138,0.00,162.79,1,100.0
2188,A-slc-fill,39850,39,59437,59,59,58,2164,78,1267,5480,2608433963,624249506,0.00,505.02,0,93.6
2189,A-slc-fill,39850,39,59531,59,59,57,2164,78,729,5520,2608433963,625390506,0.00,584.19,1,97.2
2190,A-slc-fill,39850,39,59468,59,59,57,2166,78,1497,5357,2608433963,625960602,0.00,291.89,0,100.0
2191,A-slc-fill,39850,39,59156,59,59,57,2164,78,1497,5480,2608433963,626258346,0.00,152.44,1,100.0
2192,A-slc-fill,39850,39,59437,59,59,57,2167,78,1267,5480,2608433963,626539434,0.00,143.92,1,100.0
2193,A-slc-fill,39850,39,59187,59,59,57,2169,78,1344,5439,2608433963,626820778,0.00,144.05,1,100.0
2194,A-slc-fill,39850,39,59156,59,59,57,2162,78,1267,5439,2608433963,627114162,0.00,150.21,1,100.0
2195,A-slc-fill,39850,39,59187,59,59,57,2164,78,1344,5439,2608433963,627407474,0.00,150.18,1,100.0
2196,A-slc-fill,39850,39,59125,59,59,57,2165,78,729,5398,2608433963,627700850,0.00,150.21,1,100.0
2197,A-slc-fill,39850,39,59500,59,59,57,2165,78,1344,5357,2608433963,628174962,0.00,242.75,1,98.0
2198,A-slc-fill,39850,39,59281,59,59,57,2167,78,1267,5520,2608433963,629300338,0.00,576.19,1,89.2
2199,A-slc-fill,39850,39,59187,59,59,57,2162,78,729,5439,2608433963,630255962,0.00,489.28,1,97.2
2201,A-slc-fill,39850,39,59062,59,59,57,2162,78,1344,5439,2608433963,630744842,0.00,250.31,1,100.0
2202,A-slc-fill,39850,39,59156,59,59,57,2164,78,1267,5439,2608433963,631038218,0.00,150.21,1,100.0
2203,A-slc-fill,39850,39,59093,59,59,57,2164,78,1344,5439,2608433963,631331594,0.00,150.21,1,100.0
2204,A-slc-fill,39850,39,59125,59,59,57,2165,78,1497,5439,2608433963,631612938,0.00,144.05,1,100.0
2205,A-slc-fill,39850,39,59156,59,59,57,2167,78,960,5439,2608433963,631906266,0.00,150.18,1,100.0
2206,A-slc-fill,39850,39,59156,59,59,57,2164,78,1267,5398,2608433963,632199642,0.00,150.21,1,100.0
2207,A-slc-fill,39850,39,59093,59,59,57,2164,78,1344,5316,2608433963,632505050,0.00,156.37,1,100.0
2208,A-slc-fill,39850,39,59156,59,59,57,2164,78,729,5561,2608433963,633297882,0.00,405.93,1,97.6
2209,A-slc-fill,39850,39,59156,59,59,57,2164,78,1036,5643,2608433963,634511338,0.00,621.29,1,96.0
2210,A-slc-fill,39850,39,59156,59,59,57,2164,78,1344,5439,2608433963,635231714,0.00,368.83,1,100.0
2211,A-slc-fill,39850,39,59281,59,59,57,2167,78,1497,5480,2608433963,635598306,0.00,187.70,1,100.0
2212,A-slc-fill,39850,39,59250,59,59,57,2162,78,1344,5398,2608433963,635891682,0.00,150.21,1,100.0
2214,A-slc-fill,39850,39,59250,59,59,57,2164,78,1267,5398,2608433963,636185058,0.00,150.21,1,100.0
2215,A-slc-fill,39850,39,59000,59,59,57,2167,78,1267,5439,2608433963,636478370,0.00,150.18,1,100.0
2216,A-slc-fill,39850,39,59000,59,59,57,2165,78,729,5398,2608433963,636771746,0.00,150.21,1,100.0
2217,A-slc-fill,39850,39,59031,59,59,57,2165,78,1497,5398,2608433963,637065122,0.00,150.21,1,100.0
2218,A-slc-fill,39850,39,59093,59,59,57,2167,78,1497,5234,2608433963,637395362,0.00,169.08,0,100.0
2219,A-slc-fill,39850,39,59156,59,59,57,2167,78,1267,5602,2608433963,638605730,0.00,619.71,1,96.4
2220,A-slc-fill,39850,39,59125,59,59,57,2165,78,1344,5439,2608433963,639620442,0.00,519.53,1,97.6
2221,A-slc-fill,39850,39,59687,59,59,57,2163,78,1420,6093,2608433963,640133738,0.00,262.81,1,100.0
2222,A-slc-fill,39850,39,59125,59,59,57,2164,78,1344,5848,2608433963,640427114,0.00,150.21,1,100.0
2223,A-slc-fill,39850,39,59375,59,59,57,2164,78,1267,5439,2608433963,640708458,0.00,144.05,1,100.0
2224,A-slc-fill,39850,39,59250,59,59,57,2164,78,1036,5398,2608433963,641001842,0.00,150.21,1,100.0
2226,A-slc-fill,39850,39,59062,59,59,57,2167,78,960,5439,2608433963,641343866,0.00,175.12,151,100.0
2227,A-slc-fill,39850,39,59062,59,59,57,2164,78,1497,5480,2608433963,641637370,0.00,150.27,1,100.0
2228,A-slc-fill,39850,39,58968,58,59,57,2164,78,1267,5316,2608433963,641930842,0.00,150.26,1,100.0
2229,A-slc-fill,39850,39,59218,59,59,57,2162,78,729,5520,2608433963,642752602,0.00,420.74,1,100.0
2230,A-slc-fill,39850,39,59187,59,59,57,2167,78,1344,5602,2608433963,643952482,0.00,614.34,0,94.8
2231,A-slc-fill,39850,39,59031,59,59,57,2167,78,1344,5398,2608433963,644620714,0.00,342.13,1,99.2
2232,A-slc-fill,39850,39,59031,59,59,57,2165,78,1267,5439,2608433963,644962986,0.00,175.24,1,100.0
2233,A-slc-fill,39850,39,58968,58,59,57,2165,78,1344,5439,2608433963,645256362,0.00,150.21,1,100.0
2234,A-slc-fill,39850,39,59000,59,59,57,2165,78,1267,5398,2608433963,645537450,0.00,143.92,1,100.0
2235,A-slc-fill,39850,39,59156,59,59,57,2162,78,1267,5398,2608433963,645818266,0.00,143.78,1,100.0
2236,A-slc-fill,39850,39,59562,59,59,57,2164,78,1267,5970,2608433963,646111898,0.00,150.34,1,100.0
2237,A-slc-fill,39850,39,59687,59,59,57,2165,78,1267,6093,2608433963,646405274,0.00,150.21,1,100.0
2238,A-slc-fill,39850,39,60000,60,60,57,2164,78,1344,5929,2608433963,646735258,0.00,168.95,1,100.0
2240,A-slc-fill,39850,39,59875,59,59,57,2162,78,1344,6175,2608433963,647904874,0.00,598.84,1,94.8
2241,A-slc-fill,39850,39,59718,59,59,57,2164,78,1344,6093,2608433963,648972658,0.00,546.71,1,96.8
2242,A-slc-fill,39850,39,59906,59,59,57,2162,78,1267,6052,2608433963,649510770,0.00,275.51,1,100.0
2243,A-slc-fill,39850,39,59656,59,59,57,2163,78,1267,6093,2608433963,649804146,0.00,150.21,1,100.0
2244,A-slc-fill,39850,39,59937,59,59,57,2162,78,1497,6093,2608433963,650097522,0.00,150.21,1,100.0
2245,A-slc-fill,39850,39,60062,60,59,57,2164,78,1344,6134,2608433963,650390610,0.00,150.06,1,100.0
2246,A-slc-fill,39850,39,59750,59,59,57,2163,78,1344,6093,2608433963,650671954,0.00,144.05,1,100.0
2247,A-slc-fill,39850,39,59718,59,59,58,2165,78,1344,6093,2608433963,650965330,0.00,150.21,1,100.0
2248,A-slc-fill,39850,39,59750,59,59,57,2162,78,1344,5970,2608433963,651258714,0.00,150.21,1,100.0
2249,A-slc-fill,39850,39,59968,59,59,57,2164,78,1497,6093,2608433963,651957850,0.00,357.96,1,100.0
2250,A-slc-fill,39850,39,60062,60,60,57,2164,78,1344,6216,2608433963,653182250,0.00,626.89,0,95.2
2251,A-slc-fill,39850,39,59812,59,60,57,2165,78,1344,6011,2608433963,653899562,0.00,367.26,1,96.4
2252,A-slc-fill,39850,39,60031,60,60,57,2164,78,1344,6052,2608433963,654290986,0.00,200.41,1,100.0
2253,A-slc-fill,39850,39,59875,59,59,57,2162,78,1497,6052,2608433963,654584378,0.00,150.22,1,100.0
2255,A-slc-fill,39850,39,59718,59,59,57,2162,78,1497,6052,2608433963,654877474,0.00,150.07,1,100.0
2256,A-slc-fill,39850,39,59812,59,59,57,2164,78,1497,6052,2608433963,655158834,0.00,144.06,1,100.0
2257,A-slc-fill,39850,39,59781,59,59,57,2164,78,1267,6093,2608433963,655439922,0.00,143.92,1,100.0
2258,A-slc-fill,39850,39,59937,59,59,57,2162,78,1420,6052,2608433963,655733298,0.00,150.21,1,100.0
2259,A-slc-fill,39850,39,59843,59,59,58,2164,78,1497,5929,2608433963,656051250,0.00,162.79,1,100.0
2260,A-slc-fill,39850,39,59875,59,59,57,2165,78,1497,6297,2608433963,657071618,0.00,522.43,1,96.0
2261,A-slc-fill,39850,39,60000,60,60,57,2165,78,1497,6297,2608433963,658239802,0.00,598.11,1,96.8
2262,A-slc-fill,39850,39,59843,59,59,57,2167,78,1497,6052,2608433963,658826554,0.00,300.42,1,100.0
2263,A-slc-fill,39850,39,59781,59,59,57,2164,78,1497,6093,2608433963,659132218,0.00,156.50,1,100.0
2264,A-slc-fill,39850,39,59968,59,59,58,2165,78,1497,6093,2608433963,659437882,0.00,156.50,1,100.0
2265,A-slc-fill,39850,39,59531,59,59,57,2164,78,1497,6093,2608433963,659731130,0.00,150.14,1,100.0
2266,A-slc-fill,39850,39,59531,59,59,57,2165,78,1497,6093,2608433963,660024514,0.00,150.21,1,100.0
2267,A-slc-fill,39850,39,59656,59,59,57,2165,78,1497,6093,2608433963,660317890,0.00,150.21,1,100.0
2268,A-slc-fill,39850,39,59468,59,59,57,2165,78,1497,6011,2608433963,660611266,0.00,150.21,1,100.0
2269,A-slc-fill,39850,39,59593,59,59,58,2164,78,1497,6052,2608433963,661246882,0.00,325.44,0,100.0
2271,A-slc-fill,39850,39,60000,60,60,57,2164,78,1497,6216,2608433963,662195114,0.00,485.49,1,95.2
2272,A-slc-fill,39850,39,59781,59,59,57,2164,78,1420,5929,2608433963,662714282,0.00,265.81,1,98.8
2273,A-slc-fill,39850,39,60062,60,60,57,2164,78,1497,6584,2608433963,663191210,0.00,244.19,1,100.0
2274,A-slc-fill,39850,39,60125,60,60,57,2162,78,1497,6696,2608433963,663484586,0.00,150.21,1,100.0
2275,A-slc-fill,39850,39,60125,60,60,57,2162,78,1497,6492,2608433963,663802050,0.00,162.54,1,100.0
2276,A-slc-fill,39850,39,60125,60,60,58,2163,78,1497,6614,2608433963,664095434,0.00,150.21,1,100.0
2277,A-slc-fill,39850,39,60312,60,60,58,2163,78,1497,6696,2608433963,664388810,0.00,150.21,1,100.0
2278,A-slc-fill,39850,39,60218,60,60,58,2163,78,1497,6737,2608433963,664694474,0.00,156.50,90,100.0
2279,A-slc-fill,39850,39,60343,60,60,58,2164,78,1497,6492,2608433963,665024658,0.00,169.05,1,100.0
2280,A-slc-fill,39850,39,60250,60,60,58,2160,78,1497,6696,2608433963,666046946,0.00,523.41,1,98.8
2281,A-slc-fill,39850,39,60218,60,60,58,2160,78,1497,6778,2608433963,667284434,0.00,633.59,1,93.6
2282,A-slc-fill,39850,39,60281,60,60,58,2164,78,1497,6614,2608433963,668093522,0.00,414.25,10,100.0
2283,A-slc-fill,39850,39,60218,60,60,58,2164,78,1497,6655,2608433963,668447898,0.00,181.44,1,100.0
2284,A-slc-fill,39850,39,60218,60,60,58,2160,78,1497,6737,2608433963,668741178,0.00,150.16,1,99.6
2286,A-slc-fill,39850,39,60343,60,60,58,2164,78,1497,6778,2608433963,669034554,0.00,150.21,65,100.0
2287,A-slc-fill,39850,39,60312,60,60,58,2164,78,1497,6614,2608433963,669340170,0.00,156.48,1,100.0
2288,A-slc-fill,39850,39,60156,60,60,58,2163,78,1497,6696,2608433963,669633546,0.00,150.21,1,100.0
2289,A-slc-fill,39850,39,60375,60,60,58,2165,78,1497,6737,2608433963,669926922,0.00,150.21,1,100.0
2290,A-slc-fill,39850,39,60468,60,60,58,2164,78,1497,6696,2608433963,670507162,0.00,297.08,1,94.4
2291,A-slc-fill,39850,39,60593,60,60,58,2167,78,1497,6737,2608433963,671733402,0.00,627.83,0,94.4
2292,A-slc-fill,39850,39,59937,59,59,58,2164,78,1497,6379,2608433963,672567970,0.00,427.30,1,98.4
2293,A-slc-fill,39850,39,59843,59,59,58,2165,78,1497,6297,2608433963,673032610,0.00,237.90,1,100.0
2294,A-slc-fill,39850,39,59843,59,59,58,2165,78,1497,6052,2608433963,673350522,0.00,162.77,1,99.6
2295,A-slc-fill,39850,39,59812,59,59,58,2164,78,1497,6216,2608433963,673643634,0.00,150.07,1,100.0
2296,A-slc-fill,39850,39,59968,59,59,58,2164,78,1497,6216,2608433963,673937010,0.00,150.21,1,100.0
2297,A-slc-fill,39850,39,59937,59,59,58,2164,78,1497,5929,2608433963,674266954,0.00,168.93,1,100.0
2298,A-slc-fill,39850,39,59906,59,59,58,2164,78,1497,6093,2608433963,674560330,0.00,150.21,1,100.0
2300,A-slc-fill,39850,39,59687,59,59,58,2164,78,1497,6052,2608433963,674890394,0.00,168.99,1,98.8
2301,A-slc-fill,39850,39,60187,60,59,58,2164,78,1497,6420,2608433963,676051394,0.00,594.43,0,94.8
2302,A-slc-fill,39850,39,60125,60,59,58,2163,78,1497,6175,2608433963,677120786,0.00,547.53,1,96.8
2303,A-slc-fill,39850,39,59968,59,60,58,2165,78,1497,6175,2608433963,677629458,0.00,260.44,1,100.0
2304,A-slc-fill,39850,39,60312,60,60,58,2164,78,1497,6297,2608433963,677922834,0.00,150.21,1,100.0
2305,A-slc-fill,39850,39,59968,59,60,58,2164,78,1497,6052,2608433963,678228050,0.00,156.27,1,99.6
2306,A-slc-fill,39850,39,60031,60,59,58,2165,78,1497,6134,2608433963,678509394,0.00,144.05,1,100.0
2307,A-slc-fill,39850,39,59906,59,59,58,2165,78,1497,6216,2608433963,678802778,0.00,150.21,1,100.0
2308,A-slc-fill,39850,39,59812,59,59,58,2162,78,1497,5848,2608433963,679145090,0.00,175.26,151,100.0
2309,A-slc-fill,39850,39,60031,60,59,58,2162,78,1497,6011,2608433963,679450570,0.00,156.41,1,100.0
2310,A-slc-fill,39850,39,60250,60,60,58,2162,78,1497,6216,2608433963,680199914,0.00,383.66,1,95.2
2311,A-slc-fill,39850,39,60531,60,60,58,2162,78,1497,6379,2608433963,681405690,0.00,617.36,253,97.2
2312,A-slc-fill,39850,39,59968,59,59,58,2165,78,1497,6093,2608433963,682153402,0.00,382.83,0,96.0
2314,A-slc-fill,39850,39,60375,60,60,58,2162,78,1344,6175,2608433963,682519482,0.00,187.43,1,100.0
2315,A-slc-fill,39850,39,60031,60,60,58,2162,78,1420,5807,2608433963,682861738,0.00,175.24,60,100.0
2316,A-slc-fill,39850,39,60187,60,60,58,2159,78,1344,6134,2608433963,683154978,0.00,150.14,1,100.0
2317,A-slc-fill,39850,39,60187,60,60,58,2162,78,1344,6257,2608433963,683448362,0.00,150.21,1,100.0
2318,A-slc-fill,39850,39,60125,60,60,58,2164,78,1344,6093,2608433963,683766258,0.00,162.76,1,100.0
2319,A-slc-fill,39850,39,60031,60,60,58,2164,78,1497,6175,2608433963,684047346,0.00,143.92,1,100.0
2320,A-slc-fill,39850,39,60125,60,60,58,2164,78,1497,6093,2608433963,684660194,0.00,313.78,1,100.0
2321,A-slc-fill,39850,39,60125,60,60,58,2164,78,1420,6216,2608433963,685824706,0.00,596.23,1,96.4
2322,A-slc-fill,39850,39,59937,59,59,58,2165,78,1267,5439,2608433963,686691786,0.00,443.94,0,96.4
2323,A-slc-fill,39850,39,59656,59,59,58,2165,78,1267,5398,2608433963,687140554,0.00,229.77,1,100.0
2324,A-slc-fill,39850,39,59812,59,59,58,2165,78,1344,5439,2608433963,687433938,0.00,150.21,1,100.0
2326,A-slc-fill,39850,39,59656,59,59,58,2165,78,1267,5439,2608433963,687727314,0.00,150.21,1,100.0
2327,A-slc-fill,39850,39,59656,59,59,58,2165,78,1267,5439,2608433963,687996130,0.00,137.63,1,100.0
2328,A-slc-fill,39850,39,59531,59,59,58,2164,78,1344,5439,2608433963,688277226,0.00,143.92,1,100.0
2329,A-slc-fill,39850,39,59750,59,59,58,2164,78,1190,5439,2608433963,688558570,0.00,144.05,1,100.0
2330,A-slc-fill,39850,39,59625,59,59,58,2162,78,1190,5316,2608433963,688864234,0.00,156.50,1,100.0
2331,A-slc-fill,39850,39,59593,59,59,58,2162,78,1344,5439,2608433963,689580522,0.00,366.74,0,96.8
2332,A-slc-fill,39850,39,59750,59,59,58,2167,78,1344,5643,2608433963,690794738,0.00,621.68,1,98.4
2333,A-slc-fill,39850,39,59593,59,59,58,2162,78,1344,5398,2608433963,691507194,0.00,364.78,0,96.4
2334,A-slc-fill,39850,39,59656,59,59,58,2164,78,1267,5439,2608433963,691871994,0.00,186.78,1,100.0
2335,A-slc-fill,39850,39,59625,59,59,58,2165,78,1267,5439,2608433963,692153082,0.00,143.92,1,100.0
2336,A-slc-fill,39850,39,59531,59,59,58,2164,78,1344,5480,2608433963,692446418,0.00,150.19,1,100.0
2337,A-slc-fill,39850,39,59562,59,59,58,2165,78,1344,5480,2608433963,692739802,0.00,150.21,1,100.0
2339,A-slc-fill,39850,39,59625,59,59,58,2165,78,1344,5439,2608433963,693033178,0.00,150.21,1,100.0
2340,A-slc-fill,39850,39,59437,59,59,58,2164,78,960,5439,2608433963,693326554,0.00,150.21,1,100.0
2341,A-slc-fill,39850,39,59593,59,59,58,2165,78,1497,5316,2608433963,693644250,0.00,162.66,1,100.0
2342,A-slc-fill,39850,39,59562,59,59,57,2167,78,1344,5561,2608433963,694445930,0.00,410.46,1,100.0
2343,A-slc-fill,39850,39,59593,59,59,57,2162,78,1420,5643,2608433963,695656570,0.00,619.85,1,96.8
2344,A-slc-fill,39850,39,59531,59,59,58,2164,78,1497,5357,2608433963,696272762,0.00,315.49,1,100.0
2345,A-slc-fill,39850,39,59781,59,59,57,2164,78,1267,5439,2608433963,696615290,0.00,175.37,1,100.0
2346,A-slc-fill,39850,39,59718,59,59,57,2165,78,1267,5439,2608433963,696908402,0.00,150.07,1,100.0
2347,A-slc-fill,39850,39,59468,59,59,58,2162,78,1344,5439,2608433963,697201778,0.00,150.21,1,100.0
2348,A-slc-fill,39850,39,59687,59,59,58,2165,78,1267,5439,2608433963,697482874,0.00,143.92,1,100.0
2349,A-slc-fill,39850,39,59468,59,59,58,2164,78,729,5439,2608433963,697764218,0.00,144.05,1,100.0
2350,A-slc-fill,39850,39,59375,59,59,57,2162,78,1344,5439,2608433963,698045306,0.00,143.92,1,100.0
2351,A-slc-fill,39850,39,59343,59,59,57,2164,78,1344,5275,2608433963,698375114,0.00,168.86,1,99.6
2353,A-slc-fill,39850,39,59625,59,59,58,2164,78,1267,5602,2608433963,699499978,0.00,575.93,1,98.0
2354,A-slc-fill,39850,39,59406,59,59,58,2164,78,1267,5520,2608433963,700575954,0.00,550.90,1,92.0
2355,A-slc-fill,39850,39,59656,59,59,58,2164,78,1420,5398,2608433963,701114066,0.00,275.51,1,100.0
2356,A-slc-fill,39850,39,59812,59,60,58,2164,78,1344,5725,2608433963,701407442,0.00,150.21,1,100.0
2357,A-slc-fill,39850,39,60250,60,60,58,2164,78,1344,6093,2608433963,701700554,0.00,150.07,1,100.0
2358,A-slc-fill,39850,39,60187,60,60,58,2165,78,1344,6093,2608433963,701993938,0.00,150.21,1,100.0
2359,A-slc-fill,39850,39,60062,60,60,57,2167,78,1344,6093,2608433963,702287330,0.00,150.22,1,100.0
2360,A-slc-fill,39850,39,60031,60,60,58,2166,78,1420,6093,2608433963,702580706,0.00,150.21,1,100.0
2361,A-slc-fill,39850,39,60531,60,60,58,2162,78,1344,6420,2608433963,702854706,0.00,140.29,1,100.0
2362,A-slc-fill,39850,39,60156,60,60,58,2160,78,1344,6134,2608433963,703403314,0.00,280.89,1,100.0
2363,A-slc-fill,39850,39,60218,60,60,58,2162,78,1420,6257,2608433963,704567610,0.00,596.12,1,95.6
2364,A-slc-fill,39850,39,60281,60,60,57,2162,78,1420,6093,2608433963,705417530,0.00,435.16,0,97.2
2365,A-slc-fill,39850,39,60125,60,60,58,2164,78,1344,6093,2608433963,705869370,0.00,231.34,1,100.0
2366,A-slc-fill,39850,39,60281,60,60,58,2164,78,1420,6093,2608433963,706162722,0.00,150.20,1,100.0
2368,A-slc-fill,39850,39,60375,60,60,58,2162,78,1420,6093,2608433963,706456098,0.00,150.21,1,100.0
2369,A-slc-fill,39850,39,60343,60,60,58,2164,78,1420,6093,2608433963,706749482,0.00,150.21,1,100.0
2370,A-slc-fill,39850,39,60125,60,60,58,2164,78,1344,6093,2608433963,707042858,0.00,150.21,1,100.0
2371,A-slc-fill,39850,39,60343,60,60,58,2160,78,1497,6093,2608433963,707336234,0.00,150.21,1,100.0
2372,A-slc-fill,39850,39,60187,60,60,58,2165,78,1267,5970,2608433963,707641058,0.00,156.07,1,100.0
2373,A-slc-fill,39850,39,60062,60,60,58,2168,78,1497,6134,2608433963,708457698,0.00,418.12,0,92.8
2374,A-slc-fill,39850,39,60281,60,60,58,2165,78,1344,6257,2608433963,709638122,0.00,604.38,1,96.8
2375,A-slc-fill,39850,39,60218,60,60,58,2162,78,1344,6052,2608433963,710307306,0.00,342.62,1,95.6
2376,A-slc-fill,39850,39,60125,60,60,58,2164,78,1420,6093,2608433963,710661866,0.00,181.53,1,100.0
2377,A-slc-fill,39850,39,60218,60,60,58,2164,78,1267,6134,2608433963,710942674,0.00,143.77,1,100.0
2378,A-slc-fill,39850,39,60375,60,60,58,2165,78,1344,6093,2608433963,711236058,0.00,150.21,1,100.0
2379,A-slc-fill,39850,39,60375,60,60,58,2164,78,1420,6093,2608433963,711517402,0.00,144.05,1,100.0
2380,A-slc-fill,39850,39,60437,60,60,58,2162,78,1497,6093,2608433963,711810778,0.00,150.21,1,100.0
2381,A-slc-fill,39850,39,60250,60,60,58,2163,78,1267,6093,2608433963,712091762,0.00,143.86,1,98.8
2383,A-slc-fill,39850,39,60156,60,60,58,2163,78,1344,5929,2608433963,712397426,0.00,156.50,1,98.8
2384,A-slc-fill,39850,39,60343,60,60,58,2164,78,1420,6134,2608433963,713327226,0.00,476.06,1,91.6
2385,A-slc-fill,39850,39,60531,60,60,58,2160,78,1420,6257,2608433963,714314106,0.00,505.28,1,98.4
2386,A-slc-fill,39850,39,60406,60,60,58,2162,78,1420,6052,2608433963,714991226,0.00,346.69,0,99.2
2387,A-slc-fill,39850,39,60250,60,60,58,2160,78,1267,6093,2608433963,715343970,0.00,180.60,1,98.8
2388,A-slc-fill,39850,39,60187,60,60,58,2162,78,1267,6093,2608433963,715649634,0.00,156.50,1,100.0
2389,A-slc-fill,39850,39,60218,60,60,58,2162,78,1267,6093,2608433963,715943026,0.00,150.22,1,99.6
2390,A-slc-fill,39850,39,60281,60,60,58,2162,78,1344,6093,2608433963,716224114,0.00,143.92,1,100.0
2391,A-slc-fill,39850,39,60250,60,60,58,2162,78,1267,6134,2608433963,716505458,0.00,144.05,1,100.0
2392,A-slc-fill,39850,39,60125,60,60,58,2162,78,1344,6134,2608433963,716786266,0.00,143.77,1,99.6
2393,A-slc-fill,39850,39,60437,60,60,58,2164,78,1344,5970,2608433963,717104218,0.00,162.79,1,100.0
2394,A-slc-fill,39850,39,60156,60,60,58,2165,78,1420,6175,2608433963,718081890,0.00,500.57,1,94.0
2395,A-slc-fill,39850,39,60125,60,60,58,2162,78,1344,6216,2608433963,719268194,0.00,607.39,1,98.0
2396,A-slc-fill,39850,39,60281,60,60,58,2164,78,1267,6052,2608433963,719842642,0.00,294.12,1,99.2
2397,A-slc-fill,39850,39,60343,60,60,58,2165,78,1344,6093,2608433963,720136018,0.00,150.21,1,100.0
2399,A-slc-fill,39850,39,60187,60,60,58,2167,78,1420,6093,2608433963,720429394,0.00,150.21,1,100.0
2400,A-slc-fill,39850,39,60187,60,60,58,2165,78,1267,6093,2608433963,720722778,0.00,150.21,1,100.0
2401,A-slc-fill,39850,39,60250,60,60,58,2165,78,1497,6093,2608433963,721016154,0.00,150.21,1,100.0
2402,A-slc-fill,39850,39,60187,60,60,58,2162,78,1420,6093,2608433963,721297426,0.00,144.01,1,100.0
2403,A-slc-fill,39850,39,60125,60,60,58,2162,78,1344,6093,2608433963,721578514,0.00,143.92,1,100.0
2404,A-slc-fill,39850,39,60218,60,60,58,2162,78,1344,6011,2608433963,722030362,0.00,231.35,1,100.0
2405,A-slc-fill,39850,39,60375,60,60,58,2162,78,1497,6257,2608433963,723198746,0.00,598.21,1,97.2
2406,A-slc-fill,39850,39,60281,60,60,58,2164,78,1344,6093,2608433963,724146202,0.00,485.10,1,97.6
2407,A-slc-fill,39850,39,60125,60,60,58,2162,78,806,6052,2608433963,724635138,0.00,250.34,1,100.0
2408,A-slc-fill,39850,39,60156,60,60,58,2165,78,1497,6093,2608433963,724916226,0.00,143.92,1,100.0
2409,A-slc-fill,39850,39,60281,60,60,58,2165,78,1344,6093,2608433963,725209610,0.00,150.21,1,100.0
2410,A-slc-fill,39850,39,60156,60,60,58,2162,78,1344,6093,2608433963,725490954,0.00,144.05,1,100.0
2411,A-slc-fill,39850,39,60281,60,60,58,2165,78,1344,6093,2608433963,725771970,0.00,143.88,1,100.0
2412,A-slc-fill,39850,39,59718,59,59,58,2162,78,1344,5480,2608433963,726053138,0.00,143.96,1,100.0
2414,A-slc-fill,39850,39,59687,59,59,58,2164,78,1344,5357,2608433963,726347282,0.00,150.60,1,100.0
2415,A-slc-fill,39850,39,59625,59,59,58,2162,78,1420,5398,2608433963,726924826,0.00,295.70,1,100.0
2416,A-slc-fill,39850,39,59906,59,59,58,2162,78,1267,5602,2608433963,728145178,0.00,624.82,1,97.2
2417,A-slc-fill,39850,39,59437,59,59,58,2164,78,1267,5439,2608433963,728950522,0.00,412.34,1,97.2
2418,A-slc-fill,39850,39,59593,59,59,58,2164,78,1344,5439,2608433963,729378554,0.00,219.15,1,99.2
2419,A-slc-fill,39850,39,59625,59,59,58,2164,78,1497,5439,2608433963,729671930,0.00,150.21,1,100.0
2420,A-slc-fill,39850,39,59500,59,59,57,2164,78,1497,5439,2608433963,729953026,0.00,143.92,1,98.8
2421,A-slc-fill,39850,39,59593,59,59,58,2164,78,1267,5439,2608433963,730234370,0.00,144.05,1,100.0
2422,A-slc-fill,39850,39,59593,59,59,58,2165,78,1344,5439,2608433963,730527674,0.00,150.17,1,100.0
2423,A-slc-fill,39850,39,59625,59,59,57,2165,78,1420,5439,2608433963,730821050,0.00,150.21,1,100.0
2424,A-slc-fill,39850,39,59687,59,59,58,2165,78,1344,5275,2608433963,731126722,0.00,156.50,1,100.0
2425,A-slc-fill,39850,39,59500,59,59,57,2165,78,1497,5439,2608433963,731751874,0.00,320.08,0,97.6
2426,A-slc-fill,39850,39,59656,59,59,58,2165,78,1497,5520,2608433963,732936882,0.00,606.72,1,93.2
2428,A-slc-fill,39850,39,59562,59,59,58,2163,78,1420,5398,2608433963,733694130,0.00,387.71,1,98.4
2429,A-slc-fill,39850,39,59468,59,59,57,2164,78,1420,5398,2608433963,734097586,0.00,206.57,1,100.0
2430,A-slc-fill,39850,39,59406,59,59,58,2164,78,960,5439,2608433963,734391226,0.00,150.34,1,100.0
2431,A-slc-fill,39850,39,59531,59,59,57,2164,78,1344,5439,2608433963,734684602,0.00,150.21,1,100.0
2432,A-slc-fill,39850,39,59437,59,59,58,2162,78,1344,5398,2608433963,734965354,0.00,143.75,1,100.0
2433,A-slc-fill,39850,39,59375,59,59,58,2160,78,1036,5439,2608433963,735258730,0.00,150.21,1,100.0
2434,A-slc-fill,39850,39,59343,59,59,58,2160,78,1344,5439,2608433963,735540074,0.00,144.05,1,100.0
2435,A-slc-fill,39850,39,59406,59,59,58,2162,78,1344,5316,2608433963,735833466,0.00,150.22,1,100.0
2436,A-slc-fill,39850,39,59593,59,59,57,2164,78,1267,5520,2608433963,736652666,0.00,419.43,1,96.8
2437,A-slc-fill,39850,39,59500,59,59,58,2164,78,1344,5602,2608433963,737858914,0.00,617.60,1,92.0
2438,A-slc-fill,39850,39,59312,59,59,58,2163,78,1420,5316,2608433963,738462050,0.00,308.81,1,100.0
2439,A-slc-fill,39850,39,59562,59,59,57,2162,78,1267,5439,2608433963,738816610,0.00,181.53,1,100.0
2440,A-slc-fill,39850,39,59312,59,59,57,2162,78,1344,5480,2608433963,739109738,0.00,150.08,1,100.0
2442,A-slc-fill,39850,39,59312,59,59,57,2160,78,1267,5439,2608433963,739403074,0.00,150.19,1,100.0
2443,A-slc-fill,39850,39,59437,59,59,58,2164,78,1344,5439,2608433963,739684418,0.00,144.05,1,100.0
2444,A-slc-fill,39850,39,59218,59,59,58,2165,78,729,5439,2608433963,739977794,0.00,150.21,1,100.0
2445,A-slc-fill,39850,39,59343,59,59,57,2160,78,1344,5439,2608433963,740271178,0.00,150.21,1,100.0
2446,A-slc-fill,39850,39,59250,59,59,57,2162,78,1344,5275,2608433963,740613450,0.00,175.24,1,100.0
2447,A-slc-fill,39850,39,59406,59,59,57,2164,78,1267,5520,2608433963,741678594,0.00,545.35,1,94.4
2448,A-slc-fill,39850,39,59312,59,59,57,2165,78,1267,5520,2608433963,742766850,0.00,557.19,0,95.2
2449,A-slc-fill,39850,39,59250,59,59,57,2164,78,1267,5398,2608433963,743315458,0.00,280.89,1,100.0
2450,A-slc-fill,39850,39,59375,59,59,57,2167,78,1267,5439,2608433963,743609098,0.00,150.34,1,100.0
2451,A-slc-fill,39850,39,59187,59,59,57,2163,78,1420,5439,2608433963,743902474,0.00,150.21,1,100.0
2452,A-slc-fill,39850,39,59125,59,59,57,2165,78,1497,5398,2608433963,744195802,0.00,150.18,1,100.0
2453,A-slc-fill,39850,39,59125,59,59,57,2165,78,1267,5439,2608433963,744489178,0.00,150.21,1,100.0
2455,A-slc-fill,39850,39,59375,59,59,57,2163,78,1497,5439,2608433963,744782554,0.00,150.21,1,100.0
2456,A-slc-fill,39850,39,59375,59,59,57,2163,78,1190,5398,2608433963,745063906,0.00,144.05,1,100.0
2457,A-slc-fill,39850,39,59343,59,59,57,2162,78,1267,5357,2608433963,745477010,0.00,211.51,0,100.0
2458,A-slc-fill,39850,39,59375,59,59,57,2164,78,1344,5602,2608433963,746686610,0.00,619.32,1,95.6
2459,A-slc-fill,39850,39,59406,59,59,58,2164,78,1267,5439,2608433963,747606930,0.00,471.20,1,94.0
2460,A-slc-fill,39850,39,59437,59,59,57,2163,78,1267,5398,2608433963,748083602,0.00,244.06,1,99.6
2461,A-slc-fill,39850,39,59250,59,59,57,2165,78,1267,5439,2608433963,748364954,0.00,144.05,1,98.4
2462,A-slc-fill,39850,39,59281,59,59,57,2162,78,1344,5643,2608433963,748658170,0.00,150.13,1,100.0
2463,A-slc-fill,39850,39,59281,59,59,58,2162,78,1344,5439,2608433963,748951546,0.00,150.21,1,100.0
2464,A-slc-fill,39850,39,59125,59,59,57,2167,78,1344,5398,2608433963,749244922,0.00,150.21,1,100.0
2465,A-slc-fill,39850,39,59187,59,59,57,2167,78,1497,5439,2608433963,749538306,0.00,150.21,1,100.0
2466,A-slc-fill,39850,39,59343,59,59,57,2164,78,1344,5316,2608433963,749831650,0.00,150.19,1,100.0
2467,A-slc-fill,39850,39,59187,59,59,57,2165,78,1497,5398,2608433963,750476874,0.00,330.35,1,96.0
2469,A-slc-fill,39850,39,59187,59,59,57,2165,78,1497,5561,2608433963,751676746,0.00,614.33,1,97.6
2470,A-slc-fill,39850,39,59000,59,59,57,2165,78,1267,5357,2608433963,752460362,0.00,401.21,1,100.0
2471,A-slc-fill,39850,39,59218,59,59,57,2163,78,1344,5398,2608433963,752876114,0.00,212.87,1,100.0
2472,A-slc-fill,39850,39,59093,59,59,57,2162,78,1267,5480,2608433963,753169234,0.00,150.08,1,100.0
2473,A-slc-fill,39850,39,59062,59,59,57,2167,78,1344,5439,2608433963,753462866,0.00,150.34,1,100.0
2474,A-slc-fill,39850,39,59250,59,59,57,2163,78,1344,5398,2608433963,753743954,0.00,143.92,1,100.0
2475,A-slc-fill,39850,39,59125,59,59,57,2163,78,1344,5439,2608433963,754037330,0.00,150.21,1,100.0
2476,A-slc-fill,39850,39,59687,59,59,57,2165,78,1420,5889,2608433963,754330722,0.00,150.22,1,100.0
2477,A-slc-fill,39850,39,59781,59,59,57,2162,78,1344,5929,2608433963,754636074,0.00,156.34,1,100.0
2478,A-slc-fill,39850,39,59937,59,59,57,2163,78,1344,6175,2608433963,755548714,0.00,467.27,0,99.2
2479,A-slc-fill,39850,39,59781,59,60,57,2160,78,1344,6175,2608433963,756772394,0.00,626.52,1,96.4
2480,A-slc-fill,39850,39,59968,59,59,57,2162,78,1267,6011,2608433963,757326122,0.00,283.51,1,100.0
2481,A-slc-fill,39850,39,59781,59,59,57,2162,78,1344,6093,2608433963,757631794,0.00,156.50,1,100.0
2482,A-slc-fill,39850,39,59812,59,59,57,2163,78,1344,6093,2608433963,757924906,0.00,150.07,1,100.0
2483,A-slc-fill,39850,39,59812,59,59,57,2163,78,1267,6093,2608433963,758218282,0.00,150.21,1,100.0
2485,A-slc-fill,39850,39,59968,59,59,57,2162,78,1497,6093,2608433963,758499626,0.00,144.05,1,100.0
2486,A-slc-fill,39850,39,59562,59,59,58,2160,78,1497,6093,2608433963,758793002,0.00,150.21,1,100.0
2487,A-slc-fill,39850,39,59500,59,59,57,2162,78,1497,6093,2608433963,759086282,0.00,150.16,1,100.0
2488,A-slc-fill,39850,39,59718,59,59,57,2160,78,1497,5970,2608433963,759433162,0.00,177.60,0,100.0
2489,A-slc-fill,39850,39,59875,59,59,57,2163,78,1497,6134,2608433963,760533706,0.00,563.48,1,90.0
2490,A-slc-fill,39850,39,59375,59,59,57,2162,78,1497,6052,2608433963,761556170,0.00,523.50,1,92.0
2491,A-slc-fill,39850,39,59500,59,59,58,2163,78,1497,6011,2608433963,762106322,0.00,281.68,1,96.8
2492,A-slc-fill,39850,39,59500,59,59,57,2163,78,1497,6093,2608433963,762399418,0.00,150.07,1,100.0
2493,A-slc-fill,39850,39,59562,59,59,57,2163,78,1497,6093,2608433963,762692818,0.00,150.22,1,99.2
2494,A-slc-fill,39850,39,59906,59,59,57,2163,78,1267,6093,2608433963,762961874,0.00,137.76,1,100.0
2495,A-slc-fill,39850,39,59531,59,59,57,2162,78,1497,6093,2608433963,763243218,0.00,144.05,1,99.6
2496,A-slc-fill,39850,39,59562,59,59,57,2163,78,1497,6093,2608433963,763536602,0.00,150.21,1,96.4
2497,A-slc-fill,39850,39,59625,59,59,58,2165,78,1497,6093,2608433963,763817626,0.00,143.88,1,100.0
2498,A-slc-fill,39850,39,59500,59,59,57,2162,78,1497,5970,2608433963,764213146,0.00,202.51,1,100.0
2499,A-slc-fill,39850,39,59781,59,59,58,2163,78,1497,6257,2608433963,765302938,0.00,557.97,0,95.6
2500,A-slc-fill,39850,39,59781,59,59,57,2162,78,1497,6134,2608433963,766275226,0.00,497.81,1,99.6
2502,A-slc-fill,39850,39,59687,59,59,58,2162,78,1497,6011,2608433963,766813074,0.00,275.38,1,98.0
2503,A-slc-fill,39850,39,59562,59,59,58,2162,78,1497,6093,2608433963,767106450,0.00,150.21,1,100.0
2504,A-slc-fill,39850,39,59593,59,59,57,2162,78,1497,6093,2608433963,767387538,0.00,143.92,1,100.0
2505,A-slc-fill,39850,39,59500,59,59,58,2163,78,1497,6093,2608433963,767667858,0.00,143.52,1,100.0
2506,A-slc-fill,39850,39,59656,59,59,58,2162,78,1497,6093,2608433963,767937682,0.00,138.15,1,99.6
2507,A-slc-fill,39850,39,59656,59,59,58,2162,78,1497,6134,2608433963,768230962,0.00,150.16,1,100.0
2508,A-slc-fill,39850,39,59593,59,59,57,2162,78,1497,6134,2608433963,768524338,0.00,150.21,1,100.0
2509,A-slc-fill,39850,39,59531,59,59,58,2164,78,1497,5970,2608433963,768858674,0.00,171.18,1,100.0
2510,A-slc-fill,39850,39,59656,59,59,58,2162,78,1497,6175,2608433963,769998130,0.00,583.40,1,92.8
2511,A-slc-fill,39850,39,59687,59,59,58,2165,78,1497,6093,2608433963,770994226,0.00,510.00,1,94.4
2512,A-slc-fill,39850,39,59625,59,59,58,2165,78,1497,6093,2608433963,771507506,0.00,262.80,1,98.8
2513,A-slc-fill,39850,39,59656,59,59,57,2163,78,1497,6134,2608433963,771800882,0.00,150.21,1,100.0
2514,A-slc-fill,39850,39,59843,59,59,57,2163,78,1497,6134,2608433963,772094258,0.00,150.21,1,100.0
2515,A-slc-fill,39850,39,59625,59,59,58,2160,78,1497,6134,2608433963,772375346,0.00,143.92,1,100.0
2517,A-slc-fill,39850,39,59750,59,59,58,2162,78,1497,6134,2608433963,772656362,0.00,143.88,1,100.0
2518,A-slc-fill,39850,39,59781,59,59,58,2162,78,1497,6134,2608433963,772949666,0.00,150.17,1,100.0
2519,A-slc-fill,39850,39,59718,59,59,57,2160,78,1497,6093,2608433963,773218722,0.00,137.76,1,100.0
2520,A-slc-fill,39850,39,59562,59,59,58,2162,78,1497,6011,2608433963,773649058,0.00,220.33,0,96.4
2521,A-slc-fill,39850,39,59656,59,59,58,2162,78,1497,6257,2608433963,774849954,0.00,614.86,0,92.4
2522,A-slc-fill,39850,39,59656,59,59,57,2160,78,1497,6093,2608433963,775774106,0.00,473.17,1,97.6
2523,A-slc-fill,39850,39,59656,59,59,58,2162,78,1497,6052,2608433963,776251034,0.00,244.19,1,100.0
2524,A-slc-fill,39850,39,59562,59,59,58,2163,78,1497,6093,2608433963,776532138,0.00,143.93,1,100.0
2525,A-slc-fill,39850,39,59906,59,59,57,2162,78,1497,6093,2608433963,776801194,0.00,137.76,1,100.0
2526,A-slc-fill,39850,39,59625,59,59,58,2165,78,1497,6093,2608433963,777082282,0.00,143.92,1,99.6
2527,A-slc-fill,39850,39,59750,59,59,58,2165,78,1497,6093,2608433963,777363346,0.00,143.90,1,99.6
2528,A-slc-fill,39850,39,59687,59,59,58,2163,78,1497,6093,2608433963,777644434,0.00,143.92,1,100.0
2529,A-slc-fill,39850,39,59625,59,59,58,2163,78,1497,6052,2608433963,777925778,0.00,144.05,1,100.0
2530,A-slc-fill,39850,39,59843,59,59,58,2162,78,1497,6052,2608433963,778410642,0.00,248.25,1,99.2
2531,A-slc-fill,39850,39,59843,59,59,58,2162,78,1497,6175,2608433963,779511186,0.00,563.48,1,88.8
2533,A-slc-fill,39850,39,59812,59,59,58,2160,78,1497,5520,2608433963,780468850,0.00,490.32,1,99.2
2534,A-slc-fill,39850,39,59437,59,59,57,2160,78,729,5398,2608433963,780957810,0.00,250.35,1,100.0
2535,A-slc-fill,39850,39,59718,59,59,58,2163,78,1267,5439,2608433963,781251186,0.00,150.21,1,100.0
2536,A-slc-fill,39850,39,59281,59,59,57,2163,78,1267,5480,2608433963,781544562,0.00,150.21,1,100.0
2537,A-slc-fill,39850,39,59406,59,59,57,2162,78,1497,5398,2608433963,781825554,0.00,143.87,1,100.0
2538,A-slc-fill,39850,39,59375,59,59,58,2160,78,1344,5439,2608433963,782106650,0.00,143.92,1,100.0
2539,A-slc-fill,39850,39,59343,59,59,57,2160,78,1267,5439,2608433963,782400026,0.00,150.21,1,100.0
2540,A-slc-fill,39850,39,59500,59,59,57,2162,78,729,5357,2608433963,782696730,0.00,151.91,0,100.0
2541,A-slc-fill,39850,39,59500,59,59,57,2162,78,1267,5439,2608433963,783337498,0.00,328.07,1,97.6
2542,A-slc-fill,39850,39,59437,59,59,57,2162,78,1267,5480,2608433963,784373250,0.00,530.31,1,93.2
2543,A-slc-fill,39850,39,59562,59,59,57,2163,78,1036,5398,2608433963,785236482,0.00,441.97,1,98.0
2544,A-slc-fill,39850,39,59281,59,59,58,2163,78,1344,5439,2608433963,785701122,0.00,237.90,1,100.0
2545,A-slc-fill,39850,39,59281,59,59,57,2163,78,729,5480,2608433963,785994498,0.00,150.21,1,100.0
2547,A-slc-fill,39850,39,59468,59,59,57,2165,78,1344,5439,2608433963,786287826,0.00,150.18,1,100.0
2548,A-slc-fill,39850,39,59375,59,59,57,2165,78,729,5398,2608433963,786556570,0.00,137.60,1,99.6
2549,A-slc-fill,39850,39,59562,59,59,58,2163,78,1267,5439,2608433963,786837658,0.00,143.92,1,100.0
2550,A-slc-fill,39850,39,59343,59,59,58,2165,78,1344,5439,2608433963,787131290,0.00,150.34,1,100.0
2551,A-slc-fill,39850,39,59406,59,59,57,2163,78,1267,5357,2608433963,787424410,0.00,150.08,1,100.0
2552,A-slc-fill,39850,39,59406,59,59,57,2163,78,1267,5520,2608433963,788152178,0.00,372.62,1,100.0
2553,A-slc-fill,39850,39,59281,59,59,57,2167,78,1344,5602,2608433963,789261178,0.00,567.81,1,94.4
2554,A-slc-fill,39850,39,59156,59,59,57,2163,78,1267,5398,2608433963,790028666,0.00,392.95,1,97.6
2555,A-slc-fill,39850,39,59093,59,59,57,2163,78,960,5398,2608433963,790444410,0.00,212.86,1,100.0
2556,A-slc-fill,39850,39,59250,59,59,57,2163,78,1267,5439,2608433963,790737786,0.00,150.21,1,100.0
2557,A-slc-fill,39850,39,59062,59,59,57,2167,78,1344,5439,2608433963,791031146,0.00,150.20,1,99.6
2558,A-slc-fill,39850,39,59281,59,59,57,2162,78,729,5398,2608433963,791312242,0.00,143.92,1,100.0
2559,A-slc-fill,39850,39,59156,59,59,57,2163,78,729,5398,2608433963,791581298,0.00,137.76,1,100.0
2561,A-slc-fill,39850,39,59156,59,59,57,2163,78,1036,5439,2608433963,791874674,0.00,150.21,1,100.0
2562,A-slc-fill,39850,39,59406,59,59,57,2163,78,1497,5398,2608433963,792180010,0.00,156.33,1,100.0
2563,A-slc-fill,39850,39,59281,59,59,57,2165,78,1267,5725,2608433963,793028946,0.00,434.66,1,98.0
2564,A-slc-fill,39850,39,59343,59,59,57,2167,78,1497,5643,2608433963,794217298,0.00,608.44,1,92.4
2565,A-slc-fill,39850,39,59218,59,59,57,2167,78,1420,5316,2608433963,794823506,0.00,310.38,1,96.4
2566,A-slc-fill,39850,39,59187,59,59,57,2163,78,1344,5439,2608433963,795175506,0.00,180.22,1,100.0
2567,A-slc-fill,39850,39,59156,59,59,57,2163,78,1344,5439,2608433963,795468930,0.00,150.23,1,100.0
2568,A-slc-fill,39850,39,59062,59,59,57,2162,78,1267,5439,2608433963,795749922,0.00,143.87,1,100.0
2569,A-slc-fill,39850,39,59062,59,59,57,2160,78,729,5439,2608433963,796031010,0.00,143.92,1,100.0
2570,A-slc-fill,39850,39,59187,59,59,57,2162,78,1267,5439,2608433963,796324386,0.00,150.21,1,100.0
2571,A-slc-fill,39850,39,59156,59,59,57,2163,78,960,5398,2608433963,796617762,0.00,150.21,1,100.0
2572,A-slc-fill,39850,39,59218,59,59,57,2165,78,729,5275,2608433963,796947882,0.00,169.02,1,100.0
2573,A-slc-fill,39850,39,59375,59,59,57,2165,78,1420,5602,2608433963,798033074,0.00,555.62,1,98.4
2575,A-slc-fill,39850,39,59312,59,59,57,2163,78,729,5520,2608433963,799136434,0.00,564.92,1,100.0
2576,A-slc-fill,39850,39,59312,59,59,57,2162,78,1267,5439,2608433963,799686578,0.00,281.67,1,100.0
2577,A-slc-fill,39850,39,59093,59,59,57,2163,78,1344,5398,2608433963,799979954,0.00,150.21,1,100.0
2578,A-slc-fill,39850,39,59343,59,59,57,2163,78,729,5398,2608433963,800273314,0.00,150.20,1,100.0
2579,A-slc-fill,39850,39,59187,59,59,57,2165,78,960,5398,2608433963,800566698,0.00,150.21,1,100.0
2580,A-slc-fill,39850,39,59312,59,59,57,2163,78,729,5398,2608433963,800848042,0.00,144.05,1,100.0
2581,A-slc-fill,39850,39,59406,59,59,57,2165,78,1344,5398,2608433963,801141418,0.00,150.21,1,100.0
2582,A-slc-fill,39850,39,58937,58,59,57,2165,78,1036,5357,2608433963,801422434,0.00,143.88,1,100.0
2583,A-slc-fill,39850,39,59156,59,59,57,2163,78,1267,5398,2608433963,801929506,0.00,259.62,0,100.0
2584,A-slc-fill,39850,39,59000,59,59,57,2163,78,1420,5480,2608433963,803062306,0.00,579.99,1,87.2
2585,A-slc-fill,39850,39,59093,59,59,57,2162,78,1344,5357,2608433963,803970850,0.00,465.17,1,96.4
2586,A-slc-fill,39850,39,59156,59,59,57,2165,78,1497,5398,2608433963,804430370,0.00,235.27,1,100.0
2587,A-slc-fill,39850,39,59000,59,59,57,2163,78,1497,5439,2608433963,804723466,0.00,150.07,1,100.0
2589,A-slc-fill,39850,39,59218,59,59,57,2165,78,1344,5398,2608433963,805016850,0.00,150.21,1,100.0
2590,A-slc-fill,39850,39,59156,59,59,57,2167,78,1344,5398,2608433963,805298194,0.00,144.05,1,100.0
2591,A-slc-fill,39850,39,59031,59,59,57,2163,78,1267,5398,2608433963,805591570,0.00,150.21,1,100.0
2592,A-slc-fill,39850,39,59125,59,59,57,2165,78,1267,5398,2608433963,805884962,0.00,150.22,1,100.0
2593,A-slc-fill,39850,39,59250,59,59,57,2162,78,1344,5316,2608433963,806178002,0.00,150.04,1,100.0
2594,A-slc-fill,39850,39,59125,59,58,57,2163,78,1267,5398,2608433963,806880218,0.00,359.53,0,91.2
2595,A-slc-fill,39850,39,58968,58,59,57,2162,78,1497,5602,2608433963,808076506,0.00,612.50,0,95.6
2596,A-slc-fill,39850,39,59218,59,59,57,2162,78,1497,5807,2608433963,808806874,0.00,373.95,1,100.0
2597,A-slc-fill,39850,39,59156,59,59,57,2163,78,1497,6011,2608433963,809210314,0.00,206.56,1,100.0
2598,A-slc-fill,39850,39,59156,59,59,57,2163,78,1497,6052,2608433963,809503690,0.00,150.21,1,100.0
2599,A-slc-fill,39850,39,59437,59,59,57,2160,78,1497,6011,2608433963,809797074,0.00,150.21,1,100.0
2600,A-slc-fill,39850,39,59500,59,59,57,2162,78,1497,6011,2608433963,810090450,0.00,150.21,1,100.0
2601,A-slc-fill,39850,39,59562,59,59,57,2164,78,1497,6052,2608433963,810383826,0.00,150.21,1,100.0
2602,A-slc-fill,39850,39,59156,59,59,57,2167,78,1497,6052,2608433963,810676858,0.00,150.03,1,100.0
2604,A-slc-fill,39850,39,59375,59,59,57,2163,78,1497,5889,2608433963,811006850,0.00,168.96,1,100.0
2605,A-slc-fill,39850,39,59687,59,59,57,2162,78,1420,6093,2608433963,812045954,0.00,532.02,1,94.4
2606,A-slc-fill,39850,39,59718,59,59,57,2162,78,1420,6134,2608433963,813171074,0.00,576.06,1,94.8
2607,A-slc-fill,39850,39,59750,59,59,57,2162,78,1344,5970,2608433963,813721474,0.00,281.80,1,98.0
2608,A-slc-fill,39850,39,59968,59,59,57,2165,78,1344,6052,2608433963,814014578,0.00,150.07,1,100.0
2609,A-slc-fill,39850,39,59781,59,60,57,2163,78,1267,6093,2608433963,814307970,0.00,150.22,1,100.0
2610,A-slc-fill,39850,39,59781,59,59,57,2163,78,1344,6093,2608433963,814589314,0.00,144.05,1,100.0
2611,A-slc-fill,39850,39,59687,59,59,57,2163,78,1267,6093,2608433963,814882690,0.00,150.21,1,100.0
2612,A-slc-fill,39850,39,59812,59,59,57,2162,78,1344,6052,2608433963,815176066,0.00,150.21,1,100.0
2613,A-slc-fill,39850,39,59843,59,60,57,2163,78,1267,6093,2608433963,815469370,0.00,150.17,1,100.0
2614,A-slc-fill,39850,39,59750,59,59,58,2162,78,1497,5970,2608433963,815889730,0.00,215.22,0,100.0
2615,A-slc-fill,39850,39,59875,59,60,57,2163,78,1497,6257,2608433963,817061442,0.00,599.92,0,95.6
2616,A-slc-fill,39850,39,59812,59,59,57,2165,78,1420,6093,2608433963,818012738,0.00,487.06,1,99.2
2617,A-slc-fill,39850,39,60000,60,59,57,2162,78,1497,6011,2608433963,818513962,0.00,256.63,1,99.6
2619,A-slc-fill,39850,39,59906,59,59,58,2163,78,1497,6134,2608433963,818807338,0.00,150.21,1,100.0
2620,A-slc-fill,39850,39,59875,59,59,58,2163,78,1344,6134,2608433963,819100722,0.00,150.21,1,98.8
2621,A-slc-fill,39850,39,60031,60,59,58,2162,78,1497,6052,2608433963,819394098,0.00,150.21,1,100.0
2622,A-slc-fill,39850,39,59875,59,59,57,2163,78,1497,6093,2608433963,819675194,0.00,143.92,1,99.6
2623,A-slc-fill,39850,39,59906,59,59,58,2163,78,1344,6093,2608433963,819956178,0.00,143.86,1,96.8
2624,A-slc-fill,39850,39,59937,59,59,58,2160,78,1267,6011,2608433963,820237266,0.00,143.92,1,100.0
2625,A-slc-fill,39850,39,59875,59,59,58,2160,78,1497,6052,2608433963,820796378,0.00,286.27,1,98.4
2626,A-slc-fill,39850,39,60125,60,59,57,2162,78,1267,6175,2608433963,821901018,0.00,565.58,0,90.0
2627,A-slc-fill,39850,39,59968,59,60,57,2163,78,1420,6052,2608433963,822780378,0.00,450.23,1,99.2
2628,A-slc-fill,39850,39,60125,60,60,57,2162,78,1344,6052,2608433963,823244730,0.00,237.75,1,100.0
2629,A-slc-fill,39850,39,59906,59,59,57,2162,78,1344,6134,2608433963,823538114,0.00,150.21,1,100.0
2630,A-slc-fill,39850,39,59937,59,59,57,2162,78,1344,6052,2608433963,823819202,0.00,143.92,1,100.0
2631,A-slc-fill,39850,39,60000,60,59,57,2162,78,1344,6093,2608433963,824112834,0.00,150.34,1,100.0
2632,A-slc-fill,39850,39,59906,59,60,58,2160,78,1267,6052,2608433963,824393834,0.00,143.87,1,99.2
2634,A-slc-fill,39850,39,59906,59,60,58,2160,78,1344,6093,2608433963,824687210,0.00,150.21,1,100.0
2635,A-slc-fill,39850,39,60000,60,60,57,2160,78,1267,5970,2608433963,824992882,0.00,156.50,1,100.0
2636,A-slc-fill,39850,39,60125,60,60,57,2163,78,1344,6134,2608433963,825767026,0.00,396.36,1,99.2
2637,A-slc-fill,39850,39,59718,59,59,58,2162,78,1497,6216,2608433963,826971506,0.00,616.69,1,92.8
2638,A-slc-fill,39850,39,59687,59,59,57,2165,78,1497,5970,2608433963,827611994,0.00,327.93,0,97.2
2639,A-slc-fill,39850,39,59593,59,59,58,2163,78,1497,6052,2608433963,827988314,0.00,192.68,1,100.0
2640,A-slc-fill,39850,39,59656,59,59,58,2165,78,1497,6093,2608433963,828281698,0.00,150.21,1,100.0
2641,A-slc-fill,39850,39,59593,59,59,58,2163,78,1497,6093,2608433963,828575074,0.00,150.21,1,100.0
2642,A-slc-fill,39850,39,59750,59,59,58,2162,78,1497,6052,2608433963,828856418,0.00,144.05,1,100.0
2643,A-slc-fill,39850,39,59750,59,59,57,2163,78,1497,6093,2608433963,829149442,0.00,150.03,1,100.0
2644,A-slc-fill,39850,39,59625,59,59,58,2162,78,1497,6093,2608433963,829430786,0.00,144.05,1,100.0
2645,A-slc-fill,39850,39,60000,60,60,58,2160,78,1420,5889,2608433963,829748490,0.00,162.66,1,100.0
2646,A-slc-fill,39850,39,60093,60,60,58,2163,78,1497,6216,2608433963,830746890,0.00,511.18,1,97.2
2647,A-slc-fill,39850,39,60125,60,59,57,2163,78,1267,6216,2608433963,831912690,0.00,596.89,1,96.4
2648,A-slc-fill,39850,39,60031,60,60,58,2163,78,1344,6011,2608433963,832450546,0.00,275.38,1,98.0
2650,A-slc-fill,39850,39,60093,60,60,58,2162,78,1344,6134,2608433963,832768498,0.00,162.79,1,100.0
2651,A-slc-fill,39850,39,60000,60,60,57,2162,78,1267,6134,2608433963,833074170,0.00,156.50,1,100.0
2652,A-slc-fill,39850,39,59468,59,59,57,2162,78,1267,5889,2608433963,833367546,0.00,150.21,1,100.0
2653,A-slc-fill,39850,39,59406,59,59,57,2163,78,1267,5439,2608433963,833648546,0.00,143.87,1,100.0
2654,A-slc-fill,39850,39,59625,59,59,57,2162,78,1267,5439,2608433963,833941922,0.00,150.21,1,100.0
2655,A-slc-fill,39850,39,59500,59,59,57,2162,78,1344,5398,2608433963,834235314,0.00,150.22,1,100.0
2656,A-slc-fill,39850,39,59375,59,59,58,2162,78,1497,5357,2608433963,834677938,0.00,226.62,0,100.0
2657,A-slc-fill,39850,39,59343,59,59,58,2160,78,1420,5602,2608433963,835841458,0.00,595.72,0,96.8
2658,A-slc-fill,39850,39,59531,59,59,57,2160,78,1267,5398,2608433963,836766114,0.00,473.42,1,94.4
2659,A-slc-fill,39850,39,59250,59,59,57,2162,78,1420,5439,2608433963,837267378,0.00,256.65,1,98.4
2660,A-slc-fill,39850,39,59343,59,59,57,2162,78,1344,5439,2608433963,837573050,0.00,156.50,1,100.0
2661,A-slc-fill,39850,39,59187,59,59,57,2162,78,1497,5439,2608433963,837854138,0.00,143.92,1,100.0
2662,A-slc-fill,39850,39,59406,59,59,58,2162,78,1344,5684,2608433963,838147490,0.00,150.20,1,100.0
2664,A-slc-fill,39850,39,59406,59,59,57,2160,78,1344,5561,2608433963,838440866,0.00,150.21,1,100.0
2665,A-slc-fill,39850,39,59218,59,59,57,2162,78,1267,5439,2608433963,838734242,0.00,150.21,1,100.0
2666,A-slc-fill,39850,39,59187,59,59,57,2165,78,960,5357,2608433963,839039914,0.00,156.50,1,100.0
2667,A-slc-fill,39850,39,59437,59,59,57,2164,78,1497,5480,2608433963,839723178,0.00,349.83,0,94.4
2668,A-slc-fill,39850,39,59218,59,59,57,2162,78,1497,5602,2608433963,840890898,0.00,597.87,0,92.0
2669,A-slc-fill,39850,39,59343,59,59,57,2162,78,1267,5398,2608433963,841664018,0.00,395.84,1,96.8
2670,A-slc-fill,39850,39,59281,59,59,57,2165,78,1344,5480,2608433963,842084370,0.00,215.22,1,100.0
2671,A-slc-fill,39850,39,59218,59,59,57,2165,78,1344,5439,2608433963,842377754,0.00,150.21,1,100.0
2672,A-slc-fill,39850,39,59406,59,59,57,2167,78,1267,5439,2608433963,842671130,0.00,150.21,1,100.0
2673,A-slc-fill,39850,39,59406,59,59,57,2165,78,729,5439,2608433963,842964490,0.00,150.20,1,100.0
2674,A-slc-fill,39850,39,59156,59,59,57,2162,78,1036,5439,2608433963,843257866,0.00,150.21,1,100.0
2675,A-slc-fill,39850,39,59468,59,59,57,2164,78,729,5439,2608433963,843551250,0.00,150.21,1,100.0
2677,A-slc-fill,39850,39,59406,59,59,57,2162,78,1267,5275,2608433963,843868946,0.00,162.66,1,100.0
2678,A-slc-fill,39850,39,59281,59,59,57,2165,78,1497,5602,2608433963,844867514,0.00,511.27,1,96.4
2679,A-slc-fill,39850,39,59218,59,59,57,2163,78,1344,5561,2608433963,846033082,0.00,596.77,1,100.0
2680,A-slc-fill,39850,39,59093,59,59,57,2163,78,1344,5316,2608433963,846577082,0.00,278.53,1,99.2
2681,A-slc-fill,39850,39,59093,59,59,57,2158,78,1344,5398,2608433963,846888898,0.00,159.65,1,100.0
2682,A-slc-fill,39850,39,59062,59,59,57,2162,78,960,5398,2608433963,847182274,0.00,150.21,1,100.0
2683,A-slc-fill,39850,39,59156,59,59,57,2163,78,1344,5439,2608433963,847475634,0.00,150.20,1,100.0
2684,A-slc-fill,39850,39,59218,59,59,57,2160,78,1344,5398,2608433963,847756978,0.00,144.05,1,100.0
2685,A-slc-fill,39850,39,59218,59,59,57,2162,78,1344,5480,2608433963,848050354,0.00,150.21,1,100.0
2686,A-slc-fill,39850,39,59093,59,59,57,2163,78,1344,5439,2608433963,848343738,0.00,150.21,1,100.0
2687,A-slc-fill,39850,39,59156,59,59,57,2163,78,1497,5275,2608433963,848698474,0.00,181.62,1,100.0
2688,A-slc-fill,39850,39,59125,59,59,57,2160,78,1497,5480,2608433963,849835010,0.00,581.91,1,92.0
2689,A-slc-fill,39850,39,59156,59,59,57,2163,78,1344,5439,2608433963,850850050,0.00,519.70,1,98.4
2691,A-slc-fill,39850,39,59343,59,59,57,2163,78,1267,5357,2608433963,851363586,0.00,262.93,1,100.0
2692,A-slc-fill,39850,39,59281,59,59,57,2163,78,1497,5439,2608433963,851656978,0.00,150.22,1,99.6
2693,A-slc-fill,39850,39,59437,59,59,57,2167,78,1344,5439,2608433963,851950090,0.00,150.07,1,100.0
2694,A-slc-fill,39850,39,59093,59,59,57,2163,78,729,5439,2608433963,852243466,0.00,150.21,1,100.0
2695,A-slc-fill,39850,39,59343,59,59,57,2163,78,1344,5439,2608433963,852536842,0.00,150.21,1,100.0
2696,A-slc-fill,39850,39,59218,59,59,57,2160,78,1344,5439,2608433963,852830226,0.00,150.21,1,100.0
2697,A-slc-fill,39850,39,59000,59,59,57,2162,78,1344,5357,2608433963,853111586,0.00,144.06,1,100.0
2698,A-slc-fill,39850,39,59156,59,59,57,2163,78,1267,5398,2608433963,853708762,0.00,305.75,0,99.6
2699,A-slc-fill,39850,39,59093,59,59,57,2162,78,1497,5602,2608433963,854891482,0.00,605.55,1,97.2
2700,A-slc-fill,39850,39,59031,59,59,57,2165,78,1267,5357,2608433963,855715546,0.00,421.92,1,98.8
2701,A-slc-fill,39850,39,59187,59,59,57,2168,78,1344,5398,2608433963,856143594,0.00,219.16,1,98.4
2702,A-slc-fill,39850,39,59062,59,59,57,2168,78,1497,5439,2608433963,856436714,0.00,150.08,1,100.0
2703,A-slc-fill,39850,39,59156,59,59,57,2165,78,1267,5398,2608433963,856730090,0.00,150.21,1,100.0
2705,A-slc-fill,39850,39,59250,59,59,57,2163,78,1267,5398,2608433963,857011434,0.00,144.05,1,100.0
2706,A-slc-fill,39850,39,59093,59,59,57,2162,78,729,5398,2608433963,857304810,0.00,150.21,1,100.0
2707,A-slc-fill,39850,39,59125,59,59,57,2162,78,1420,5398,2608433963,857598194,0.00,150.21,1,100.0
2708,A-slc-fill,39850,39,59156,59,59,57,2167,78,1267,5275,2608433963,857903514,0.00,156.32,1,100.0
2709,A-slc-fill,39850,39,59156,59,59,57,2163,78,1497,5520,2608433963,858747802,0.00,432.28,0,98.0
2710,A-slc-fill,39850,39,59312,59,59,57,2163,78,1497,5561,2608433963,859875994,0.00,577.63,1,91.2
2711,A-slc-fill,39850,39,59062,59,59,57,2167,78,1497,5357,2608433963,860508066,0.00,323.62,1,100.0
2712,A-slc-fill,39850,39,58968,58,59,57,2163,78,1497,5439,2608433963,860862626,0.00,181.53,1,100.0
2713,A-slc-fill,39850,39,58906,58,59,57,2162,78,1497,5439,2608433963,861155730,0.00,150.07,1,100.0
2714,A-slc-fill,39850,39,59031,59,59,57,2162,78,1344,5439,2608433963,861449106,0.00,150.21,1,100.0
2715,A-slc-fill,39850,39,59187,59,59,57,2163,78,729,5439,2608433963,861730450,0.00,144.05,1,100.0
2716,A-slc-fill,39850,39,59656,59,59,57,2160,78,1267,6052,2608433963,862023834,0.00,150.21,1,100.0
2718,A-slc-fill,39850,39,59875,59,59,57,2163,78,1344,6093,2608433963,862316850,0.00,150.02,1,100.0
2719,A-slc-fill,39850,39,59718,59,59,57,2163,78,1344,5970,2608433963,862646834,0.00,168.95,1,100.0
2720,A-slc-fill,39850,39,59718,59,59,57,2162,78,1497,6175,2608433963,863635762,0.00,506.33,1,93.2
2721,A-slc-fill,39850,39,59937,59,59,57,2160,78,1420,6216,2608433963,864762418,0.00,576.85,1,92.8
2722,A-slc-fill,39850,39,59843,59,59,57,2162,78,1420,6011,2608433963,865324858,0.00,287.97,1,100.0
2723,A-slc-fill,39850,39,59843,59,59,57,2163,78,1497,6093,2608433963,865630266,0.00,156.37,1,100.0
2724,A-slc-fill,39850,39,59781,59,59,57,2160,78,1420,6093,2608433963,865923642,0.00,150.21,1,100.0
2725,A-slc-fill,39850,39,59718,59,59,57,2160,78,1420,6134,2608433963,866217018,0.00,150.21,1,100.0
2726,A-slc-fill,39850,39,59875,59,59,57,2162,78,1344,6134,2608433963,866510394,0.00,150.21,1,100.0
2727,A-slc-fill,39850,39,60062,60,60,57,2163,78,1344,6134,2608433963,866803778,0.00,150.21,1,100.0
2728,A-slc-fill,39850,39,59875,59,60,57,2163,78,1267,6093,2608433963,867084778,0.00,143.87,1,99.2
2729,A-slc-fill,39850,39,59906,59,59,57,2163,78,1267,6052,2608433963,867540714,0.00,233.44,1,100.0
2730,A-slc-fill,39850,39,59781,59,59,57,2160,78,1497,6216,2608433963,868714218,0.00,600.83,0,94.4
2731,A-slc-fill,39850,39,59937,59,59,57,2162,78,1344,6093,2608433963,869652458,0.00,480.38,1,100.0
2733,A-slc-fill,39850,39,59906,59,59,57,2162,78,1344,6052,2608433963,870141418,0.00,250.35,1,100.0
2734,A-slc-fill,39850,39,59843,59,60,57,2163,78,1420,6093,2608433963,870422506,0.00,143.92,1,100.0
2735,A-slc-fill,39850,39,60062,60,59,58,2163,78,1344,6093,2608433963,870715882,0.00,150.21,1,100.0
2736,A-slc-fill,39850,39,59812,59,59,57,2162,78,1344,6093,2608433963,871009258,0.00,150.21,1,100.0
2737,A-slc-fill,39850,39,59750,59,59,57,2160,78,1267,6093,2608433963,871290610,0.00,144.05,1,100.0
2738,A-slc-fill,39850,39,59906,59,59,57,2163,78,1420,6093,2608433963,871583882,0.00,150.16,1,100.0
2739,A-slc-fill,39850,39,59906,59,59,57,2162,78,1420,6011,2608433963,871877258,0.00,150.21,1,100.0
2740,A-slc-fill,39850,39,59875,59,59,57,2162,78,1497,6134,2608433963,872564106,0.00,351.67,1,98.8
2741,A-slc-fill,39850,39,60062,60,59,57,2165,78,1497,6216,2608433963,873746826,0.00,605.55,1,95.6
2742,A-slc-fill,39850,39,60093,60,59,58,2163,78,1267,6011,2608433963,874505874,0.00,388.63,1,100.0
2743,A-slc-fill,39850,39,59875,59,60,57,2160,78,1344,6052,2608433963,874921602,0.00,212.85,1,100.0
2744,A-slc-fill,39850,39,59812,59,59,58,2163,78,1267,6093,2608433963,875214978,0.00,150.21,1,100.0
2745,A-slc-fill,39850,39,59906,59,59,57,2163,78,1420,6093,2608433963,875508354,0.00,150.21,1,100.0
2746,A-slc-fill,39850,39,59843,59,59,58,2165,78,1420,6093,2608433963,875789442,0.00,143.92,1,100.0
2747,A-slc-fill,39850,39,60062,60,60,58,2163,78,1344,6093,2608433963,876082786,0.00,150.19,1,100.0
2749,A-slc-fill,39850,39,59906,59,59,58,2162,78,1344,6093,2608433963,876376114,0.00,150.18,1,100.0
2750,A-slc-fill,39850,39,60156,60,60,57,2163,78,1344,5929,2608433963,876679474,0.00,155.32,1,100.0
2751,A-slc-fill,39850,39,60000,60,59,57,2165,78,1497,6134,2608433963,877513522,0.00,427.03,0,91.2
2752,A-slc-fill,39850,39,60062,60,59,58,2162,78,1420,6216,2608433963,878696498,0.00,605.68,1,95.2
2753,A-slc-fill,39850,39,60093,60,59,57,2163,78,1267,5970,2608433963,879310938,0.00,314.59,0,100.0
2754,A-slc-fill,39850,39,60031,60,60,57,2163,78,1344,6093,2608433963,879689562,0.00,193.86,1,100.0
2755,A-slc-fill,39850,39,60093,60,60,58,2162,78,1420,6093,2608433963,879982938,0.00,150.21,1,100.0
2756,A-slc-fill,39850,39,60125,60,60,58,2160,78,1344,6093,2608433963,880276314,0.00,150.21,1,100.0
2757,A-slc-fill,39850,39,60031,60,60,57,2160,78,1344,6093,2608433963,880557402,0.00,143.92,1,100.0
2758,A-slc-fill,39850,39,60125,60,60,57,2163,78,1344,6093,2608433963,880838434,0.00,143.89,1,100.0
2759,A-slc-fill,39850,39,60000,60,60,58,2163,78,1344,6134,2608433963,881131810,0.00,150.21,1,100.0
2760,A-slc-fill,39850,39,59937,59,59,58,2162,78,1267,5929,2608433963,881449506,0.00,162.66,1,100.0
2761,A-slc-fill,39850,39,60187,60,60,57,2162,78,1267,6134,2608433963,882407714,0.00,490.60,1,92.8
2762,A-slc-fill,39850,39,60062,60,60,57,2162,78,1420,6134,2608433963,883564842,0.00,592.45,1,96.0
2763,A-slc-fill,39850,39,60281,60,60,58,2162,78,1344,6461,2608433963,884107034,0.00,277.60,1,100.0
2765,A-slc-fill,39850,39,60281,60,60,58,2162,78,1344,6134,2608433963,884420650,0.00,160.57,1,100.0
2766,A-slc-fill,39850,39,60000,60,60,57,2162,78,1267,6093,2608433963,884714026,0.00,150.21,1,100.0
2767,A-slc-fill,39850,39,60125,60,60,58,2162,78,1344,6093,2608433963,884983082,0.00,137.76,1,100.0
2768,A-slc-fill,39850,39,60062,60,60,58,2163,78,1344,6093,2608433963,885263858,0.00,143.76,1,100.0
2769,A-slc-fill,39850,39,60125,60,60,57,2163,78,1344,6093,2608433963,885569538,0.00,156.51,1,100.0
2770,A-slc-fill,39850,39,60156,60,59,57,2163,78,1267,6093,2608433963,885862914,0.00,150.21,1,100.0
2771,A-slc-fill,39850,39,60062,60,60,57,2163,78,1267,5848,2608433963,886021890,0.00,81.40,1,100.0
2772,A-slc-fill,39850,39,59531,59,59,58,2162,78,1344,5643,2608433963,886796034,0.00,396.36,0,95.2
2773,A-slc-fill,39850,39,59500,59,59,57,2160,78,729,5643,2608433963,888002554,0.00,617.74,1,97.6
2774,A-slc-fill,39850,39,59406,59,59,57,2162,78,1267,5357,2608433963,888650490,0.00,331.74,1,96.8
2775,A-slc-fill,39850,39,59437,59,59,58,2160,78,1267,5439,2608433963,889029626,0.00,194.12,1,100.0
2776,A-slc-fill,39850,39,59312,59,59,58,2160,78,1267,5439,2608433963,889323002,0.00,150.21,1,100.0
2777,A-slc-fill,39850,39,59281,59,59,58,2162,78,1267,5439,2608433963,889616378,0.00,150.21,1,100.0
2778,A-slc-fill,39850,39,59250,59,59,57,2164,78,1344,5439,2608433963,889897386,0.00,143.88,1,99.2
2780,A-slc-fill,39850,39,59218,59,59,57,2162,78,1267,5439,2608433963,890190762,0.00,150.21,1,100.0
2781,A-slc-fill,39850,39,59375,59,59,57,2164,78,729,5398,2608433963,890484138,0.00,150.21,1,100.0
2782,A-slc-fill,39850,39,59343,59,59,57,2165,78,1267,5275,2608433963,890814122,0.00,168.95,1,100.0
2783,A-slc-fill,39850,39,59375,59,59,57,2160,78,1267,5480,2608433963,891809658,0.00,509.71,1,91.2
2784,A-slc-fill,39850,39,59343,59,59,57,2162,78,1344,5520,2608433963,892949114,0.00,583.40,1,94.4
2785,A-slc-fill,39850,39,59468,59,59,57,2164,78,729,5316,2608433963,893491578,0.00,277.74,1,100.0
2786,A-slc-fill,39850,39,59156,59,59,57,2162,78,1267,5439,2608433963,893797242,0.00,156.50,1,100.0
2787,A-slc-fill,39850,39,59125,59,59,57,2162,78,1036,5439,2608433963,894102906,0.00,156.50,1,100.0
2788,A-slc-fill,39850,39,59343,59,59,57,2160,78,729,5439,2608433963,894396002,0.00,150.07,1,99.6
2789,A-slc-fill,39850,39,59312,59,59,57,2162,78,1344,5439,2608433963,894677090,0.00,143.92,1,100.0
2790,A-slc-fill,39850,39,59250,59,59,57,2162,78,1344,5480,2608433963,894982754,0.00,156.50,1,100.0
2791,A-slc-fill,39850,39,59406,59,59,57,2162,78,729,5439,2608433963,895276130,0.00,150.21,1,100.0
2793,A-slc-fill,39850,39,59281,59,59,57,2162,78,729,5398,2608433963,895774514,0.00,255.17,1,100.0
2794,A-slc-fill,39850,39,59531,59,59,57,2162,78,1344,5602,2608433963,896969018,0.00,611.59,0,94.4
2795,A-slc-fill,39850,39,59312,59,59,57,2164,78,1344,5398,2608433963,897855818,0.00,454.04,1,98.8
2796,A-slc-fill,39850,39,59187,59,59,57,2163,78,1497,5398,2608433963,898296138,0.00,225.44,1,100.0
2797,A-slc-fill,39850,39,59187,59,59,57,2163,78,1267,5439,2608433963,898589514,0.00,150.21,1,100.0
2798,A-slc-fill,39850,39,59125,59,59,57,2165,78,960,5439,2608433963,898882586,0.00,150.05,1,100.0
2799,A-slc-fill,39850,39,59343,59,59,57,2162,78,1267,5480,2608433963,899175970,0.00,150.21,1,100.0
2800,A-slc-fill,39850,39,59281,59,59,57,2162,78,1267,5439,2608433963,899457058,0.00,143.92,1,100.0
2801,A-slc-fill,39850,39,59218,59,59,57,2160,78,1267,5480,2608433963,899750690,0.00,150.34,1,100.0
2802,A-slc-fill,39850,39,59750,59,59,57,2162,78,1267,6052,2608433963,900057378,0.00,157.02,1,100.0
2803,A-slc-fill,39850,39,59281,59,59,57,2160,78,1497,5929,2608433963,900771994,0.00,365.88,1,97.2
2804,A-slc-fill,39850,39,59312,59,59,57,2160,78,1497,5643,2608433963,901997210,0.00,627.31,0,95.6
2805,A-slc-fill,39850,39,59156,59,59,57,2159,78,883,5520,2608433963,903122586,0.00,576.19,1,87.6
2807,A-slc-fill,39850,39,59250,59,59,57,2160,78,729,5439,2608433963,904115602,0.00,508.42,254,100.0
2808,A-slc-fill,39850,39,59250,59,59,57,2162,78,1497,5398,2608433963,904604378,0.00,250.25,1,100.0
2809,A-slc-fill,39850,39,59156,59,59,57,2163,78,1344,5439,2608433963,904897762,0.00,150.21,1,100.0
2810,A-slc-fill,39850,39,59125,59,59,57,2165,78,1344,5439,2608433963,905191138,0.00,150.21,1,100.0
2811,A-slc-fill,39850,39,59125,59,59,57,2164,78,960,5439,2608433963,905484514,0.00,150.21,1,100.0
2812,A-slc-fill,39850,39,59093,59,59,57,2160,78,1420,5398,2608433963,905765858,0.00,144.05,1,100.0
2813,A-slc-fill,39850,39,59156,59,59,57,2165,78,1344,5398,2608433963,906058906,0.00,150.04,1,100.0
2814,A-slc-fill,39850,39,59093,59,59,57,2165,78,1267,5316,2608433963,906364578,0.00,156.50,1,100.0
2815,A-slc-fill,39850,39,59343,59,59,57,2165,78,1344,5520,2608433963,907169698,0.00,412.22,0,98.4
2816,A-slc-fill,39850,39,59156,59,59,57,2163,78,1344,5643,2608433963,908373410,0.00,616.30,1,94.4
2817,A-slc-fill,39850,39,59437,59,59,57,2162,78,729,5316,2608433963,909030562,0.00,336.46,1,99.6
2818,A-slc-fill,39850,39,59093,59,59,57,2165,78,729,5439,2608433963,909421178,0.00,200.00,1,100.0
2820,A-slc-fill,39850,39,59406,59,59,57,2160,78,729,5439,2608433963,909714562,0.00,150.21,1,100.0
2821,A-slc-fill,39850,39,59000,59,59,57,2162,78,1344,5398,2608433963,910007938,0.00,150.21,1,100.0
2822,A-slc-fill,39850,39,59312,59,59,57,2160,78,1267,5439,2608433963,910301314,0.00,150.21,1,100.0
2823,A-slc-fill,39850,39,59062,59,59,57,2160,78,1344,5439,2608433963,910594618,0.00,150.17,1,100.0
2824,A-slc-fill,39850,39,59312,59,59,57,2165,78,1344,5439,2608433963,910888002,0.00,150.21,1,100.0
2825,A-slc-fill,39850,39,59125,59,59,57,2167,78,1267,5275,2608433963,911218242,0.00,169.08,1,100.0
2826,A-slc-fill,39850,39,59031,59,59,57,2165,78,1344,5561,2608433963,912294466,0.00,551.03,1,94.4
2827,A-slc-fill,39850,39,59062,59,59,57,2165,78,1344,5480,2608433963,913357906,0.00,544.48,1,97.2
2828,A-slc-fill,39850,39,58968,58,59,57,2165,78,1344,5316,2608433963,913895498,0.00,275.25,1,99.6
2829,A-slc-fill,39850,39,59062,59,59,57,2160,78,729,5398,2608433963,914188890,0.00,150.22,1,100.0
2830,A-slc-fill,39850,39,59093,59,58,57,2163,78,1344,5398,2608433963,914482266,0.00,150.21,1,100.0
2831,A-slc-fill,39850,39,59093,59,59,57,2165,78,1344,5398,2608433963,914763610,0.00,144.05,1,100.0
2833,A-slc-fill,39850,39,58875,58,58,57,2167,78,1344,5398,2608433963,915044698,0.00,143.92,2,98.4
2834,A-slc-fill,39850,39,58968,58,59,57,2165,78,1344,5398,2608433963,915337994,0.00,150.17,1,100.0
2835,A-slc-fill,39850,39,59125,59,59,57,2163,78,1344,5439,2608433963,915619098,0.00,143.93,1,100.0
2836,A-slc-fill,39850,39,59593,59,59,57,2162,78,1344,5684,2608433963,916072586,0.00,232.19,1,100.0
2837,A-slc-fill,39850,39,59593,59,59,57,2160,78,1497,6093,2608433963,917181066,0.00,567.54,1,93.2
2838,A-slc-fill,39850,39,59343,59,59,57,2162,78,1497,6052,2608433963,918162330,0.00,502.41,1,98.0
2839,A-slc-fill,39850,39,59625,59,59,57,2162,78,1497,6052,2608433963,918663578,0.00,256.64,1,100.0
2840,A-slc-fill,39850,39,59343,59,59,57,2163,78,1497,6093,2608433963,918944674,0.00,143.92,1,100.0
2841,A-slc-fill,39850,39,59312,59,59,57,2163,78,1497,6093,2608433963,919238058,0.00,150.21,1,100.0
2842,A-slc-fill,39850,39,59468,59,59,57,2165,78,1497,6093,2608433963,919519146,0.00,143.92,1,100.0
2843,A-slc-fill,39850,39,59281,59,59,57,2167,78,1497,6093,2608433963,919800490,0.00,144.05,1,100.0
2844,A-slc-fill,39850,39,59968,59,59,57,2162,78,1267,6093,2608433963,920093874,0.00,150.21,1,100.0
2845,A-slc-fill,39850,39,59656,59,59,57,2163,78,1344,6052,2608433963,920387250,0.00,150.21,1,100.0
2846,A-slc-fill,39850,39,59781,59,59,57,2162,78,1420,6093,2608433963,921018706,0.00,323.31,1,97.2
2847,A-slc-fill,39850,39,59781,59,59,57,2162,78,1420,6011,2608433963,921634130,0.00,315.10,1,96.0
2848,A-slc-fill,39850,39,59906,59,59,57,2162,78,1497,6052,2608433963,921964114,0.00,168.95,1,100.0
2850,A-slc-fill,39850,39,59656,59,59,57,2158,78,1267,6052,2608433963,922257498,0.00,150.21,1,100.0
2851,A-slc-fill,39850,39,59750,59,59,57,2160,78,1344,6052,2608433963,922550818,0.00,150.18,1,100.0
2852,A-slc-fill,39850,39,59812,59,60,57,2162,78,1267,6052,2608433963,922831906,0.00,143.92,1,100.0
2853,A-slc-fill,39850,39,59875,59,59,57,2160,78,1344,6093,2608433963,923125282,0.00,150.21,1,100.0
2854,A-slc-fill,39850,39,60062,60,60,58,2160,78,1497,6584,2608433963,923418658,0.00,150.21,1,100.0
2855,A-slc-fill,39850,39,60156,60,60,58,2163,78,1497,6655,2608433963,923748906,0.00,169.09,1,99.6
2856,A-slc-fill,39850,39,60156,60,60,57,2163,78,1497,6737,2608433963,924985506,0.00,633.14,1,98.0
2857,A-slc-fill,39850,39,60281,60,60,58,2163,78,1497,6696,2608433963,925986210,0.00,512.36,1,100.0
2858,A-slc-fill,39850,39,60250,60,60,58,2162,78,1497,6696,2608433963,926524322,0.00,275.51,1,100.0
2859,A-slc-fill,39850,39,60281,60,60,58,2163,78,1497,6533,2608433963,926854434,0.00,169.02,151,100.0
2860,A-slc-fill,39850,39,60125,60,60,58,2162,78,1497,6614,2608433963,927147890,0.00,150.25,1,98.8
2861,A-slc-fill,39850,39,60218,60,60,57,2162,78,1497,6696,2608433963,927441130,0.00,150.14,1,100.0
2863,A-slc-fill,39850,39,60250,60,60,58,2162,78,1497,6625,2608433963,927759042,0.00,162.77,253,100.0
2864,A-slc-fill,39850,39,60406,60,60,57,2160,78,1497,6737,2608433963,928064394,0.00,156.34,1,100.0
2865,A-slc-fill,39850,39,60312,60,60,57,2162,78,1497,6696,2608433963,928382354,0.00,162.80,1,100.0
2866,A-slc-fill,39850,39,60250,60,60,58,2160,78,1497,6737,2608433963,929386290,0.00,514.02,1,100.0
2867,A-slc-fill,39850,39,60062,60,60,57,2160,78,1497,6778,2608433963,930622218,0.00,632.80,0,93.6
2868,A-slc-fill,39850,39,60125,60,60,58,2160,78,1497,6696,2608433963,931753410,0.00,579.17,0,90.4
2869,B-entropy-control,39850,39,60250,60,60,58,2160,78,1420,6655,2608433963,932404706,0.00,333.46,32,73.6
2870,B-entropy-control,39850,39,59843,59,60,57,2164,78,1497,6614,2608433963,932893882,0.00,250.46,241,100.0
2871,B-entropy-control,39850,39,60156,60,60,58,2164,78,1497,6573,2608433963,933224066,0.00,169.05,32,100.0
2872,B-entropy-control,39850,39,60218,60,60,58,2163,78,1497,6696,2608433963,933542018,0.00,162.79,32,100.0
2873,B-entropy-control,39850,39,60000,60,60,58,2162,78,1497,6737,2608433963,933859610,0.00,162.61,32,100.0
2875,B-entropy-control,39850,39,60000,60,60,58,2162,78,1497,6461,2608433963,934238618,0.00,194.05,202,100.0
2876,B-entropy-control,39850,39,60125,60,60,58,2162,78,1497,6533,2608433963,934605546,0.00,187.87,32,100.0
2877,B-entropy-control,39850,39,60625,60,60,58,2162,78,1497,6818,2608433963,936105706,0.00,768.08,32,94.0
2878,B-entropy-control,39850,39,59968,59,60,58,2160,78,1497,6655,2608433963,937163666,0.00,541.68,31,96.4
2879,B-entropy-control,39850,39,60000,60,60,58,2160,78,1497,6614,2608433963,937601114,0.00,223.97,32,100.0
2880,B-entropy-control,39850,39,60125,60,60,58,2160,78,1497,6655,2608433963,937919082,0.00,162.80,32,100.0
2881,B-entropy-control,39850,39,60000,60,60,58,2159,78,1497,6737,2608433963,938249066,0.00,168.95,32,100.0
2882,B-entropy-control,39850,39,60000,60,60,58,2162,78,1344,6338,2608433963,938603498,0.00,181.47,283,100.0
2883,B-entropy-control,39850,39,60187,60,60,58,2162,78,1497,6614,2608433963,938921266,0.00,162.70,32,100.0
2885,B-entropy-control,39850,39,60187,60,60,58,2163,78,1497,6655,2608433963,939263794,0.00,175.37,32,100.0
2886,B-entropy-control,39850,39,60406,60,60,58,2163,78,1497,6818,2608433963,940491066,0.00,628.36,31,98.4
2887,B-entropy-control,39850,39,60125,60,60,58,2160,78,1497,6696,2608433963,941721346,0.00,629.90,32,99.2
2888,B-entropy-control,39850,39,60281,60,60,58,2220,85,1344,6696,2608433963,942210562,0.00,250.48,32,100.0
2889,B-entropy-control,39850,39,60125,60,60,58,2374,85,1497,6737,2608433963,942540546,0.00,168.95,32,100.0
2890,B-entropy-control,39850,39,60093,60,60,58,2327,81,1267,6379,2608433963,942895082,0.00,181.52,283,100.0
2891,B-entropy-control,39850,39,60406,60,60,58,2273,81,1497,6655,2608433963,943212858,0.00,162.70,32,100.0
2892,B-entropy-control,39850,39,59968,59,59,58,2266,81,1497,6297,2608433963,943542850,0.00,168.96,32,100.0
2893,B-entropy-control,39850,39,60562,60,60,58,2264,81,1344,6175,2608433963,943873074,0.00,169.07,32,100.0
2894,B-entropy-control,39850,39,60250,60,60,58,2266,81,1497,6093,2608433963,944948218,0.00,550.47,32,98.8
2895,B-entropy-control,39850,39,60406,60,60,58,2264,81,1420,6175,2608433963,946330626,0.00,707.79,32,98.4
2897,B-entropy-control,39850,39,59937,59,59,58,2262,81,1420,6011,2608433963,946892994,0.00,287.93,276,100.0
2898,B-entropy-control,39850,39,60093,60,60,58,2264,81,1420,6052,2608433963,947223258,0.00,169.10,32,100.0
2899,B-entropy-control,39850,39,60156,60,60,58,2268,81,1344,6216,2608433963,947552962,0.00,168.81,32,100.0
2900,B-entropy-control,39850,39,59625,59,59,58,2266,81,1420,5725,2608433963,947895362,0.00,175.31,283,100.0
2901,B-entropy-control,39850,39,60125,60,60,58,2266,81,1497,6134,2608433963,948213394,0.00,162.83,32,100.0
2902,B-entropy-control,39850,39,60468,60,60,58,2264,81,1344,6175,2608433963,948543378,0.00,168.95,32,100.0
2903,B-entropy-control,39850,39,60125,60,60,58,2264,81,1497,6093,2608433963,949532962,0.00,506.67,31,96.4
2904,B-entropy-control,39850,39,59812,59,59,58,2266,81,1344,5725,2608433963,951010594,0.00,756.55,32,94.8
2905,B-entropy-control,39850,39,59875,59,59,58,2264,81,1420,5398,2608433963,951563554,0.00,283.12,32,100.0
2906,B-entropy-control,39850,39,59656,59,59,58,2266,81,1344,5439,2608433963,951893546,0.00,168.96,32,100.0
2908,B-entropy-control,39850,39,59625,59,59,58,2266,81,1036,5439,2608433963,952223786,0.00,169.08,32,100.0
2909,B-entropy-control,39850,39,59562,59,59,58,2266,81,1036,5439,2608433963,952541530,0.00,162.68,121,100.0
2910,B-entropy-control,39850,39,59781,59,59,58,2264,81,1267,5439,2608433963,952871514,0.00,168.95,32,100.0
2911,B-entropy-control,39850,39,59406,59,59,58,2266,81,1036,5439,2608433963,953189474,0.00,162.80,32,100.0
2912,B-entropy-control,39850,39,59656,59,59,58,2268,81,1267,5193,2608433963,953519458,0.00,168.95,32,100.0
2913,B-entropy-control,39850,39,59468,59,59,58,2266,81,729,5357,2608433963,953641418,0.00,62.44,32,100.0
2914,B-entropy-control,39850,39,59406,59,59,57,2266,81,1344,5398,2608433963,953763786,0.00,62.65,32,100.0
2915,B-entropy-control,39850,39,59375,59,59,57,2268,81,1267,5398,2608433963,953873610,0.00,56.23,32,100.0
2916,B-entropy-control,39850,39,59593,59,59,57,2268,81,1267,5398,2608433963,953983698,0.00,56.37,32,98.8
2918,B-entropy-control,39850,39,59687,59,59,58,2268,81,1344,5398,2608433963,954093522,0.00,56.23,32,100.0
2919,B-entropy-control,39850,39,59562,59,59,58,2268,81,1344,5398,2608433963,954675282,0.00,297.86,32,95.6
2920,B-entropy-control,39850,39,59562,59,59,58,2266,81,1344,5357,2608433963,955860306,0.00,606.73,31,96.4
2921,B-entropy-control,39850,39,59437,59,59,58,2269,81,1267,5439,2608433963,956318802,0.00,234.75,32,100.0
2922,B-entropy-control,39850,39,59500,59,59,58,2266,81,1267,5439,2608433963,956661090,0.00,175.25,32,100.0
2923,B-entropy-control,39850,39,59593,59,59,58,2262,81,1267,5439,2608433963,956991330,0.00,169.08,32,100.0
2924,B-entropy-control,39850,39,59437,59,59,58,2262,81,1036,5480,2608433963,957321018,0.00,168.80,32,100.0
2925,B-entropy-control,39850,39,59437,59,59,57,2266,81,1344,5439,2608433963,957651002,0.00,168.95,32,100.0
2926,B-entropy-control,39850,39,59281,59,59,58,2266,81,1344,5316,2608433963,957993554,0.00,175.39,32,100.0
2927,B-entropy-control,39850,39,59406,59,59,57,2266,81,1344,5520,2608433963,959211346,0.00,623.51,31,92.0
2929,B-entropy-control,39850,39,59468,59,59,58,2264,81,1267,5357,2608433963,960510410,0.00,665.12,32,98.0
2930,B-entropy-control,39850,39,59312,59,59,57,2266,81,960,5398,2608433963,961001162,0.00,251.27,32,100.0
2931,B-entropy-control,39850,39,59218,59,59,57,2266,81,1344,5439,2608433963,961343434,0.00,175.24,32,100.0
2932,B-entropy-control,39850,39,59531,59,59,58,2268,81,1267,5439,2608433963,961673426,0.00,168.96,32,100.0
2933,B-entropy-control,39850,39,59250,59,59,58,2269,81,1497,5439,2608433963,962003666,0.00,169.08,32,100.0
2934,B-entropy-control,39850,39,59218,59,59,57,2268,81,729,5439,2608433963,962333570,0.00,168.91,32,100.0
2935,B-entropy-control,39850,39,59468,59,59,57,2268,81,1344,5275,2608433963,962675842,0.00,175.24,32,100.0
2936,B-entropy-control,39850,39,59531,59,59,58,2266,81,1420,5520,2608433963,963902082,0.00,627.83,32,89.6
2937,B-entropy-control,39850,39,59343,59,59,57,2268,81,960,5398,2608433963,965219210,0.00,674.37,32,90.8
2938,B-entropy-control,39850,39,59250,59,59,57,2266,81,1497,5439,2608433963,965692154,0.00,242.15,0,88.8
2939,B-entropy-control,39850,39,59312,59,59,57,2266,81,1113,5480,2608433963,965940474,0.00,127.14,32,77.2
2941,B-entropy-control,39850,39,59312,59,59,57,2266,81,1267,5480,2608433963,966258426,0.00,162.79,32,97.2
2942,B-entropy-control,39850,39,59218,59,59,57,2269,81,729,5480,2608433963,966576426,0.00,162.82,32,98.4
2943,B-entropy-control,39850,39,59218,59,59,57,2269,81,1497,5480,2608433963,966894378,0.00,162.79,32,100.0
2944,B-entropy-control,39850,39,59218,59,59,57,2268,81,729,5480,2608433963,967212138,0.00,162.69,32,99.6
2945,B-entropy-control,39850,39,59062,59,59,57,2268,81,1113,5316,2608433963,967604074,0.00,200.67,32,97.6
2946,B-entropy-control,39850,39,59218,59,59,57,2266,81,1497,5766,2608433963,969207658,0.00,821.04,31,58.0
2947,B-entropy-control,39850,39,59406,59,59,57,2267,81,1344,5848,2608433963,970826098,0.00,828.64,31,58.0
2948,B-entropy-control,39850,39,59343,59,59,57,2266,81,1344,5848,2608433963,972440178,0.00,826.41,31,48.4
2949,B-entropy-control,39850,39,59312,59,59,57,2269,81,806,5848,2608433963,974062570,0.00,830.66,31,56.0
2950,B-entropy-control,39850,39,59218,59,59,57,2266,81,1344,5889,2608433963,975684586,0.00,830.47,31,49.2
2951,B-entropy-control,39850,39,59281,59,59,57,2262,81,1420,5848,2608433963,977299178,0.00,826.67,32,49.6
2952,B-entropy-control,39850,39,59343,59,59,57,2266,81,1420,5848,2608433963,978893810,0.00,816.45,32,55.6
2953,B-entropy-control,39850,39,59468,59,59,57,2266,81,1344,5848,2608433963,980491194,0.00,817.86,31,56.4
2955,B-entropy-control,39850,39,59281,59,59,57,2266,81,1344,5848,2608433963,982111930,0.00,829.82,31,54.0
2956,B-entropy-control,39850,39,59593,59,59,57,2266,81,1344,5929,2608433963,983717306,0.00,821.95,31,57.6
2957,B-entropy-control,39850,39,59562,59,59,57,2266,81,1497,6461,2608433963,985314234,0.00,817.63,27,61.6
2958,B-entropy-control,39850,39,59656,59,59,57,2268,81,1497,6533,2608433963,986946242,0.00,835.59,31,58.8
2959,B-entropy-control,39850,39,59812,59,59,57,2264,81,1497,6533,2608433963,988571962,0.00,832.37,32,56.8
2960,B-entropy-control,39850,39,59687,59,59,58,2266,81,1497,6533,2608433963,990196794,0.00,831.91,22,59.2
2961,B-entropy-control,39850,39,59750,59,59,57,2266,81,1497,6533,2608433963,991817274,0.00,829.69,31,56.4
2962,B-entropy-control,39850,39,59812,59,59,57,2264,81,1497,6533,2608433963,993442634,0.00,832.18,31,52.4
2963,B-entropy-control,39850,39,59718,59,59,57,2264,81,1497,6533,2608433963,995063114,0.00,829.69,31,52.0
2964,B-entropy-control,39850,39,59718,59,59,58,2267,81,1497,6614,2608433963,996677930,0.00,826.79,31,58.0
2965,B-entropy-control,39850,39,60125,60,60,57,2269,81,1420,6696,2608433963,998317610,0.00,839.52,31,76.8
2966,B-entropy-control,39850,39,60093,60,60,58,2266,81,1497,6533,2608433963,999936554,0.00,828.90,32,62.0
2967,B-entropy-control,39850,39,60187,60,60,57,2268,81,1344,6216,2608433963,1001155122,0.00,623.91,32,70.8
2969,B-entropy-control,39850,39,60187,60,59,58,2269,81,1344,6134,2608433963,1001668682,0.00,262.94,32,98.0
2970,B-entropy-control,39850,39,60000,60,60,57,2262,81,1344,6175,2608433963,1001986594,0.00,162.77,32,96.8
2971,B-entropy-control,39850,39,60093,60,60,57,2264,81,1497,6134,2608433963,1002304546,0.00,162.79,32,98.0
2972,B-entropy-control,39850,39,60125,60,60,57,2266,81,1344,6175,2608433963,1002622242,0.00,162.66,32,97.2
2973,B-entropy-control,39850,39,60250,60,59,57,2268,81,1344,6134,2608433963,1002940202,0.00,162.80,32,95.6
2974,B-entropy-control,39850,39,60093,60,60,58,2264,81,1267,6175,2608433963,1003258034,0.00,162.73,32,100.0
2975,B-entropy-control,39850,39,60031,60,60,57,2264,81,1344,6297,2608433963,1003895474,0.00,326.37,31,88.4
2976,B-entropy-control,39850,39,60125,60,60,58,2262,81,1036,6543,2608433963,1005501362,0.00,822.21,31,56.0
2977,B-entropy-control,39850,39,60000,60,60,58,2266,81,1344,6134,2608433963,1006197938,0.00,356.65,32,86.8
2978,B-entropy-control,39850,39,60125,60,60,58,2266,81,1344,6175,2608433963,1006534442,0.00,172.29,47,98.4
2979,B-entropy-control,39850,39,60062,60,60,58,2264,81,1497,6175,2608433963,1006864554,0.00,169.02,32,99.6
2980,B-entropy-control,39850,39,60031,60,60,58,2264,81,1344,6134,2608433963,1007182506,0.00,162.79,32,94.8
2982,B-entropy-control,39850,39,60062,60,60,58,2269,81,1344,6175,2608433963,1007500458,0.00,162.79,32,100.0
2983,B-entropy-control,39850,39,60125,60,60,57,2269,81,1344,6134,2608433963,1007818162,0.00,162.66,32,96.4
2984,B-entropy-control,39850,39,59937,59,59,57,2264,81,1420,6011,2608433963,1008160538,0.00,175.30,32,98.0
2985,B-entropy-control,39850,39,60031,60,60,58,2264,81,1344,5807,2608433963,1008319258,0.00,81.26,32,100.0
2986,B-entropy-control,39850,39,59937,59,60,57,2266,81,1497,6052,2608433963,1008441626,0.00,62.65,32,100.0
2987,B-entropy-control,39850,39,60125,60,60,57,2264,81,1344,6093,2608433963,1008563738,0.00,62.52,32,100.0
2988,B-entropy-control,39850,39,59937,59,60,57,2266,81,1267,6093,2608433963,1008673826,0.00,56.37,32,93.6
2989,B-entropy-control,39850,39,60062,60,60,57,2264,81,1344,6052,2608433963,1008783498,0.00,56.15,32,100.0
2990,B-entropy-control,39850,39,59968,59,60,58,2262,81,1420,6011,2608433963,1008893578,0.00,56.36,32,100.0
2991,B-entropy-control,39850,39,60093,60,60,58,2264,81,1036,6420,2608433963,1009924234,0.00,527.70,31,72.4
2993,B-entropy-control,39850,39,60156,60,60,58,2264,81,1497,6134,2608433963,1010813330,0.00,455.22,32,76.8
2994,B-entropy-control,39850,39,60187,60,60,57,2264,81,1344,6175,2608433963,1011192146,0.00,193.95,32,94.8
2995,B-entropy-control,39850,39,60125,60,60,57,2264,81,1267,6175,2608433963,1011522130,0.00,168.95,32,100.0
2996,B-entropy-control,39850,39,60125,60,60,57,2264,81,1344,6134,2608433963,1011840082,0.00,162.79,32,100.0
2997,B-entropy-control,39850,39,60062,60,60,57,2264,81,1036,6175,2608433963,1012158034,0.00,162.79,32,100.0
2998,B-entropy-control,39850,39,60062,60,59,57,2264,81,1267,6175,2608433963,1012476002,0.00,162.80,32,100.0
2999,B-entropy-control,39850,39,60000,60,60,57,2266,81,1344,6052,2608433963,1012818130,0.00,175.17,32,100.0
3000,B-entropy-control,39850,39,60062,60,60,57,2265,81,1497,6461,2608433963,1014004690,0.00,607.52,31,74.0
3001,B-entropy-control,39850,39,60093,60,60,58,2266,81,1497,6257,2608433963,1015219154,0.00,621.81,32,67.2
3002,B-entropy-control,39850,39,60000,60,60,58,2266,81,1267,6175,2608433963,1015728082,0.00,260.57,32,94.0
3003,B-entropy-control,39850,39,60093,60,60,58,2264,81,1420,6175,2608433963,1016045930,0.00,162.74,32,95.6
3004,B-entropy-control,39850,39,60062,60,60,57,2266,81,1267,6175,2608433963,1016363962,0.00,162.83,32,98.4
3005,B-entropy-control,39850,39,60250,60,60,58,2266,81,1420,6175,2608433963,1016681914,0.00,162.79,32,100.0
3007,B-entropy-control,39850,39,60218,60,60,58,2262,81,1344,6175,2608433963,1017011898,0.00,168.95,32,100.0
3008,B-entropy-control,39850,39,60187,60,60,58,2266,81,1420,6134,2608433963,1017329850,0.00,162.79,32,98.4
3009,08-cooldown,39850,39,60125,60,60,57,2266,81,1267,6052,2608433963,1017774394,0.00,227.61,0,75.2
3010,08-cooldown,39850,39,60031,60,60,58,2264,81,1267,5725,2608433963,1017774394,0.00,0.00,0,0.0
3011,08-cooldown,39850,39,60093,60,60,58,2268,81,1267,5684,2608433963,1017774394,0.00,0.00,0,0.0
3012,08-cooldown,39850,39,59406,59,59,57,2269,81,1420,5316,2608433963,1017774394,0.00,0.00,0,0.0
3013,08-cooldown,39850,39,59531,59,59,57,2267,81,1497,5071,2608433963,1017774394,0.00,0.00,0,0.0
3014,08-cooldown,39850,39,59250,59,59,58,2267,81,729,5071,2608433963,1017774666,0.00,0.14,0,0.0
3015,08-cooldown,39850,39,59562,59,59,57,2266,81,1344,5071,2608433963,1017774666,0.00,0.00,0,0.0
3016,08-cooldown,39850,39,59281,59,59,57,2264,81,729,5030,2608433963,1017774666,0.00,0.00,0,0.0
3017,08-cooldown,39850,39,59156,59,59,57,2267,81,1267,5030,2608433963,1017774666,0.00,0.00,0,0.0
3018,08-cooldown,39850,39,59218,59,59,57,2267,81,729,5030,2608433963,1017774666,0.00,0.00,0,0.0
3019,08-cooldown,39850,39,59156,59,59,57,2266,81,1344,5030,2608433963,1017774874,0.00,0.11,0,0.4
3020,08-cooldown,39850,39,59375,59,59,57,2266,81,1267,5030,2608433963,1017774874,0.00,0.00,0,0.0
3022,08-cooldown,39850,39,59343,59,59,57,2267,81,1344,5030,2608433963,1017774874,0.00,0.00,0,0.0
3023,08-cooldown,39850,39,59156,59,59,57,2269,81,1344,5030,2608433963,1017774874,0.00,0.00,0,0.0
3024,08-cooldown,39850,39,59156,59,59,57,2267,81,1497,5071,2608433963,1017774874,0.00,0.00,0,0.0
3025,08-cooldown,39850,39,59031,59,59,57,2265,81,1344,5071,2608433963,1017774994,0.00,0.06,0,0.0
3026,08-cooldown,39850,39,59125,59,59,57,2266,81,1267,5030,2608433963,1017774994,0.00,0.00,0,0.0
3027,08-cooldown,39850,39,59125,59,59,57,2269,81,1344,5030,2608433963,1017774994,0.00,0.00,0,0.0
3028,08-cooldown,39850,39,59156,59,59,57,2266,81,1267,5030,2608433963,1017775010,0.00,0.01,0,0.0
3029,08-cooldown,39850,39,58968,58,58,57,2266,81,1344,5030,2608433963,1017775010,0.00,0.00,0,0.0
3030,08-cooldown,39850,39,59156,59,59,57,2264,81,1267,5030,2608433963,1017775138,0.00,0.07,0,0.0
3031,08-cooldown,39850,39,58968,58,59,57,2267,81,1344,5030,2608433963,1017775146,0.00,0.00,0,0.4
3032,08-cooldown,39850,39,58906,58,59,57,2265,81,729,5030,2608433963,1017775146,0.00,0.00,0,0.0
3033,08-cooldown,39850,39,59031,59,59,57,2266,81,960,5030,2608433963,1017775146,0.00,0.00,0,0.0
3034,08-cooldown,39850,39,58875,58,58,57,2264,81,1267,5030,2608433963,1017775146,0.00,0.00,0,0.0
3035,08-cooldown,39850,39,59000,59,59,57,2264,81,729,5030,2608433963,1017775282,0.00,0.07,1,0.4
3036,08-cooldown,39850,39,59000,59,58,57,2266,81,1267,5030,2608433963,1017775290,0.00,0.00,0,0.0
3038,08-cooldown,39850,39,58843,58,59,57,2266,81,1267,5030,2608433963,1017775290,0.00,0.00,0,0.0
3039,08-cooldown,39850,39,58875,58,58,57,2266,81,1497,5030,2608433963,1017775290,0.00,0.00,0,0.0
3040,08-cooldown,39850,39,59156,59,59,57,2251,77,1267,5030,2608433963,1017775290,0.00,0.00,0,0.0
3041,08-cooldown,39850,39,58937,58,58,57,2147,77,1344,5071,2608433963,1017775418,0.00,0.07,0,0.4
3042,08-cooldown,39850,39,58750,58,58,57,2129,77,1267,5030,2608433963,1017775418,0.00,0.00,0,0.0
3043,08-cooldown,39850,39,58843,58,58,57,2126,77,1497,5030,2608433963,1017775418,0.00,0.00,0,0.0
3044,08-cooldown,39850,39,58718,58,58,57,2128,77,1344,5030,2608433963,1017775418,0.00,0.00,0,0.0
3045,08-cooldown,39850,39,58937,58,58,57,2126,77,729,5030,2608433963,1017775418,0.00,0.00,0,0.0
3046,08-cooldown,39850,39,58718,58,58,57,2128,77,729,5030,2608433963,1017775522,0.00,0.05,1,0.0
3047,08-cooldown,39850,39,58968,58,58,57,2124,77,729,5030,2608433963,1017775530,0.00,0.00,0,0.0
3048,08-cooldown,39850,39,59062,59,59,57,2126,77,1344,5030,2608433963,1017775530,0.00,0.00,0,0.0
3049,08-cooldown,39850,39,58781,58,58,57,2126,77,1267,5030,2608433963,1017775530,0.00,0.00,0,0.0
3050,08-cooldown,39850,39,58656,58,58,57,2126,77,1497,5030,2608433963,1017775530,0.00,0.00,0,0.0
3051,08-cooldown,39850,39,58781,58,58,57,2126,77,960,5030,2608433963,1017775674,0.00,0.07,0,0.0
3053,08-cooldown,39850,39,58625,58,58,57,2128,77,1497,5030,2608433963,1017775674,0.00,0.00,0,0.0
3054,08-cooldown,39850,39,58843,58,58,57,2126,77,1267,5030,2608433963,1017775674,0.00,0.00,0,0.0
3055,08-cooldown,39850,39,58625,58,58,57,2128,77,1267,5030,2608433963,1017775674,0.00,0.00,0,0.0
3056,08-cooldown,39850,39,58875,58,58,57,2126,77,1497,5030,2608433963,1017775674,0.00,0.00,0,0.0
3057,08-cooldown,39850,39,58687,58,58,57,2126,77,729,5030,2608433963,1017775818,0.00,0.07,0,0.0
3058,08-cooldown,39850,39,58593,58,58,57,2131,77,1267,5030,2608433963,1017775818,0.00,0.00,0,0.0
3059,08-cooldown,39850,39,58656,58,58,57,2128,77,729,5030,2608433963,1017775818,0.00,0.00,0,0.0
3060,08-cooldown,39850,39,58562,58,58,57,2126,77,1344,5030,2608433963,1017775818,0.00,0.00,0,0.0
3061,08-cooldown,39850,39,58656,58,58,57,2126,77,1190,4989,2608433963,1017775818,0.00,0.00,0,0.0
3062,08-cooldown,39850,39,58593,58,58,57,2124,77,1344,5030,2608433963,1017775954,0.00,0.07,1,0.0
3063,08-cooldown,39850,39,58593,58,58,57,2127,77,729,5030,2608433963,1017775962,0.00,0.00,0,0.0
3064,08-cooldown,39850,39,58593,58,58,57,2123,77,1344,5030,2608433963,1017775962,0.00,0.00,0,0.0
3065,08-cooldown,39850,39,58812,58,58,57,2126,77,1497,5561,2608433963,1017776506,0.00,0.28,0,0.4
3066,08-cooldown,39850,39,58625,58,58,57,2128,77,729,5112,2608433963,1017776506,0.00,0.00,0,0.0
3067,08-cooldown,39850,39,58656,58,58,57,2126,77,1344,5030,2608433963,1017776698,0.00,0.10,0,0.0
3069,08-cooldown,39850,39,58437,58,58,57,2128,77,1036,5030,2608433963,1017776698,0.00,0.00,0,0.0
3070,08-cooldown,39850,39,58625,58,58,57,2126,77,1344,5030,2608433963,1017776698,0.00,0.00,0,0.0
3071,08-cooldown,39850,39,58562,58,58,57,2128,77,960,5030,2608433963,1017777058,0.00,0.18,0,0.0
3072,08-cooldown,39850,39,58750,58,58,56,2124,77,729,5030,2608433963,1017777058,0.00,0.00,0,0.0
3073,08-cooldown,39850,39,58562,58,58,57,2129,77,960,4989,2608433963,1017777066,0.00,0.00,0,0.0
3074,08-cooldown,39850,39,58468,58,58,57,2128,77,1267,5030,2608433963,1017777066,0.00,0.00,0,0.0
3075,08-cooldown,39850,39,58625,58,58,57,2126,77,1344,5071,2608433963,1017777066,0.00,0.00,0,0.0
3076,08-cooldown,39850,39,59000,59,59,57,2126,77,1344,5480,2608433963,1017777410,0.00,0.18,0,0.0
3077,08-cooldown,39850,39,59218,59,59,57,2126,77,1497,5643,2608433963,1017777418,0.00,0.00,0,0.0
3078,08-cooldown,39850,39,59156,59,59,57,2126,77,1267,5684,2608433963,1017777426,0.00,0.00,0,0.0
3079,08-cooldown,39850,39,59062,59,59,57,2125,77,1267,5643,2608433963,1017777426,0.00,0.00,0,0.0
3080,08-cooldown,39850,39,59093,59,59,57,2124,77,1344,5643,2608433963,1017777426,0.00,0.00,0,0.0
3081,08-cooldown,39850,39,59375,59,59,57,2125,77,1344,5684,2608433963,1017777522,0.00,0.05,0,0.0
3082,08-cooldown,39850,39,59187,59,59,57,2124,77,729,5684,2608433963,1017777530,0.00,0.00,0,0.0
3083,08-cooldown,39850,39,59218,59,59,57,2126,77,1344,5725,2608433963,1017777538,0.00,0.00,0,0.0
3084,08-cooldown,39850,39,59187,59,59,57,2126,77,1344,5684,2608433963,1017777538,0.00,0.00,0,0.0
3086,08-cooldown,39850,39,59281,59,59,57,2124,77,1267,5684,2608433963,1017777538,0.00,0.00,0,0.0
3087,08-cooldown,39850,39,58843,58,58,57,2126,77,1497,5684,2608433963,1017777730,0.00,0.10,0,0.0
3088,08-cooldown,39850,39,59125,59,59,57,2126,77,1497,5643,2608433963,1017777730,0.00,0.00,0,0.0
3089,08-cooldown,39850,39,58875,58,58,57,2129,77,1497,5643,2608433963,1017777754,0.00,0.01,0,0.0
3090,08-cooldown,39850,39,59031,59,58,57,2126,77,1497,5684,2608433963,1017777754,0.00,0.00,0,0.0
3091,08-cooldown,39850,39,58875,58,58,57,2124,77,1497,5643,2608433963,1017777754,0.00,0.00,0,0.0
3092,08-cooldown,39850,39,59187,59,59,57,2126,77,1497,5684,2608433963,1017777962,0.00,0.11,0,0.0
3093,08-cooldown,39850,39,58937,58,58,57,2124,77,1497,5684,2608433963,1017777970,0.00,0.00,0,0.4
3094,08-cooldown,39850,39,58906,58,58,57,2128,77,1497,5684,2608433963,1017778002,0.00,0.02,0,0.0
3095,08-cooldown,39850,39,58906,58,59,57,2126,77,1497,5643,2608433963,1017778002,0.00,0.00,0,0.0
3096,08-cooldown,39850,39,59156,59,59,57,2126,77,1497,5643,2608433963,1017778002,0.00,0.00,0,0.0
3097,08-cooldown,39850,39,58968,58,58,57,2124,77,1497,5684,2608433963,1017778178,0.00,0.09,0,0.0
3098,08-cooldown,39850,39,59000,59,58,57,2124,77,1497,5684,2608433963,1017778186,0.00,0.00,0,0.0
3099,08-cooldown,39850,39,59312,59,59,57,2126,77,1344,5684,2608433963,1017778210,0.00,0.01,0,0.0
3100,08-cooldown,39850,39,59437,59,59,57,2128,77,1344,5643,2608433963,1017778210,0.00,0.00,0,0.0
3101,08-cooldown,39850,39,59281,59,59,57,2124,77,1344,5684,2608433963,1017778210,0.00,0.00,0,0.0
3102,08-cooldown,39850,39,59343,59,59,57,2128,77,1267,5684,2608433963,1017778378,0.00,0.09,0,0.0
3103,08-cooldown,39850,39,59156,59,59,57,2126,77,1497,5643,2608433963,1017778386,0.00,0.00,0,0.4
3104,08-cooldown,39850,39,59156,59,59,57,2128,77,1497,5643,2608433963,1017778394,0.00,0.00,0,0.0
3106,08-cooldown,39850,39,58875,58,58,57,2129,77,1497,5643,2608433963,1017778394,0.00,0.00,0,0.0
3107,08-cooldown,39850,39,58843,58,58,57,2126,77,1497,5684,2608433963,1017778394,0.00,0.00,0,0.0
3108,08-cooldown,39850,39,58968,58,58,57,2126,77,1497,5684,2608433963,1017778522,0.00,0.07,0,0.0
3109,08-cooldown,39850,39,59093,59,59,57,2126,77,1497,5643,2608433963,1017778522,0.00,0.00,0,0.0
3110,08-cooldown,39850,39,58781,58,58,57,2126,77,1497,5684,2608433963,1017778530,0.00,0.00,0,0.0
3111,08-cooldown,39850,39,58937,58,58,57,2124,77,1497,5643,2608433963,1017778530,0.00,0.00,0,0.0
3112,08-cooldown,39850,39,58812,58,59,57,2126,77,1497,5643,2608433963,1017778530,0.00,0.00,0,0.0
3113,08-cooldown,39850,39,59125,59,59,57,2128,77,1497,5643,2608433963,1017778626,0.00,0.05,0,0.0
3114,08-cooldown,39850,39,58937,58,58,57,2129,77,1497,5684,2608433963,1017778634,0.00,0.00,0,0.0
3115,08-cooldown,39850,39,59031,59,58,57,2128,77,1497,5643,2608433963,1017778642,0.00,0.00,0,0.0
3116,08-cooldown,39850,39,58875,58,59,57,2128,77,1497,5643,2608433963,1017778642,0.00,0.00,0,0.0
3117,08-cooldown,39850,39,59125,59,59,57,2129,77,1497,5684,2608433963,1017778642,0.00,0.00,0,0.0
3118,08-cooldown,39850,39,58906,58,58,57,2127,77,1497,5643,2608433963,1017778746,0.00,0.05,0,0.0
3119,08-cooldown,39850,39,58781,58,58,57,2128,77,1497,5643,2608433963,1017778754,0.00,0.00,0,0.0
3120,08-cooldown,39850,39,58875,58,59,57,2129,77,1497,5684,2608433963,1017778762,0.00,0.00,0,0.0
3121,08-cooldown,39850,39,59031,59,58,57,2128,77,1497,5643,2608433963,1017778762,0.00,0.00,0,0.0
3122,08-cooldown,39850,39,58906,58,59,57,2127,77,1497,5643,2608433963,1017778762,0.00,0.00,0,0.0
3123,08-cooldown,39850,39,58812,58,58,57,2129,77,1497,5684,2608433963,1017778874,0.00,0.06,0,0.0
3124,08-cooldown,39850,39,58937,58,58,57,2128,77,1497,5643,2608433963,1017778882,0.00,0.00,0,0.0
3126,08-cooldown,39850,39,59000,59,58,57,2126,77,1497,5643,2608433963,1017778890,0.00,0.00,0,0.0
3127,08-cooldown,39850,39,58906,58,59,57,2126,77,1497,5684,2608433963,1017778890,0.00,0.00,0,0.0
3128,08-cooldown,39850,39,58812,58,59,57,2127,77,1497,5643,2608433963,1017778890,0.00,0.00,0,0.0
3129,08-cooldown,39850,39,58968,58,58,57,2128,77,1497,5643,2608433963,1017779010,0.00,0.06,0,0.0
3130,08-cooldown,39850,39,58906,58,58,57,2127,77,1497,5684,2608433963,1017779018,0.00,0.00,0,0.4
3131,08-cooldown,39850,39,59125,59,59,57,2128,77,1497,5684,2608433963,1017779018,0.00,0.00,0,0.0
3132,08-cooldown,39850,39,58687,58,58,57,2124,77,1344,5316,2608433963,1017779042,0.00,0.01,0,0.0
3133,08-cooldown,39850,39,58687,58,58,57,2126,77,1344,5030,2608433963,1017779042,0.00,0.00,0,0.0
3134,08-cooldown,39850,39,58656,58,58,57,2129,77,1344,5030,2608433963,1017779170,0.00,0.07,0,0.0
3135,08-cooldown,39850,39,58500,58,58,57,2126,77,1344,5030,2608433963,1017779178,0.00,0.00,0,0.4
3136,08-cooldown,39850,39,58500,58,58,57,2124,77,1267,5030,2608433963,1017779194,0.00,0.01,0,0.0
3137,08-cooldown,39850,39,58781,58,58,57,2128,77,1036,5030,2608433963,1017779194,0.00,0.00,0,0.0
3138,08-cooldown,39850,39,58562,58,58,57,2126,77,1344,5030,2608433963,1017779194,0.00,0.00,0,0.0
3139,08-cooldown,39850,39,58500,58,58,57,2126,77,1344,4989,2608433963,1017779322,0.00,0.07,0,0.0
3140,08-cooldown,39850,39,58500,58,58,57,2129,77,960,5030,2608433963,1017779330,0.00,0.00,0,0.0
3142,08-cooldown,39850,39,58406,58,58,57,2126,77,1497,5030,2608433963,1017779338,0.00,0.00,0,0.0
3143,08-cooldown,39850,39,58531,58,58,57,2128,77,1267,5030,2608433963,1017779338,0.00,0.00,0,0.0
3144,08-cooldown,39850,39,58312,58,58,56,2129,77,1497,5030,2608433963,1017779338,0.00,0.00,0,0.0
3145,08-cooldown,39850,39,58625,58,58,57,2129,77,729,5030,2608433963,1017779474,0.00,0.07,0,0.0
3146,08-cooldown,39850,39,58593,58,58,57,2128,77,1267,5030,2608433963,1017779474,0.00,0.00,0,0.0
3147,08-cooldown,39850,39,58375,58,58,56,2128,77,1497,5030,2608433963,1017779482,0.00,0.00,0,0.0
3148,08-cooldown,39850,39,58312,58,58,56,2126,77,1267,4989,2608433963,1017779482,0.00,0.00,0,0.0
3149,08-cooldown,39850,39,58375,58,58,56,2126,77,1267,5030,2608433963,1017779482,0.00,0.00,0,0.0
3150,08-cooldown,39850,39,58312,58,58,56,2128,77,1267,5030,2608433963,1017779586,0.00,0.05,0,0.0
3151,08-cooldown,39850,39,58437,58,58,56,2128,77,1267,4989,2608433963,1017779594,0.00,0.00,0,0.4
3152,08-cooldown,39850,39,58187,58,58,57,2128,77,1267,5030,2608433963,1017779602,0.00,0.00,0,0.0
3153,08-cooldown,39850,39,58531,58,58,56,2126,77,1344,5030,2608433963,1017779602,0.00,0.00,0,0.0
3154,08-cooldown,39850,39,58312,58,58,57,2126,77,729,5030,2608433963,1017779602,0.00,0.00,0,0.0
3155,08-cooldown,39850,39,58187,58,58,56,2126,77,1420,5030,2608433963,1017779714,0.00,0.06,1,0.0
3156,08-cooldown,39850,39,58281,58,58,57,2124,77,1267,5030,2608433963,1017779722,0.00,0.00,0,0.4
3158,08-cooldown,39850,39,58218,58,58,56,2124,77,1497,5030,2608433963,1017779730,0.00,0.00,0,0.0
3159,08-cooldown,39850,39,58375,58,58,56,2124,77,1267,5030,2608433963,1017779730,0.00,0.00,0,0.0
3160,08-cooldown,39850,39,58187,58,58,56,2126,77,883,5030,2608433963,1017779730,0.00,0.00,0,0.0
3161,08-cooldown,39850,39,58437,58,58,56,2126,77,1344,5030,2608433963,1017779922,0.00,0.10,0,0.4
3162,08-cooldown,39850,39,58093,58,58,57,2126,77,1036,5030,2608433963,1017779922,0.00,0.00,0,0.0
3163,08-cooldown,39850,39,58500,58,58,56,2129,77,729,5030,2608433963,1017779930,0.00,0.00,0,0.0
3164,08-cooldown,39850,39,58156,58,58,56,2126,77,1267,5030,2608433963,1017779930,0.00,0.00,0,0.0
3165,08-cooldown,39850,39,58000,58,58,56,2126,77,1344,4989,2608433963,1017779930,0.00,0.00,0,0.0
3166,08-cooldown,39850,39,58531,58,58,56,2126,77,1344,5602,2608433963,1017780194,0.00,0.14,0,0.4
3167,08-cooldown,39850,39,58156,58,58,56,2124,77,1267,5071,2608433963,1017780194,0.00,0.00,0,0.0
3168,08-cooldown,39850,39,58062,58,58,56,2128,77,1344,5030,2608433963,1017780210,0.00,0.01,0,0.0
3169,08-cooldown,39850,39,58218,58,58,56,2126,77,1344,5030,2608433963,1017780210,0.00,0.00,0,0.0
3170,08-cooldown,39850,39,58250,58,58,56,2126,77,1344,5030,2608433963,1017780210,0.00,0.00,0,0.0
3171,08-cooldown,39850,39,58187,58,58,56,2124,77,729,5030,2608433963,1017780746,0.00,0.27,0,0.0
3172,08-cooldown,39850,39,57937,57,57,56,2126,77,1267,5030,2608433963,1017780746,0.00,0.00,0,0.0
3174,08-cooldown,39850,39,58125,58,58,56,2126,77,1267,5030,2608433963,1017780754,0.00,0.00,0,0.0
3175,08-cooldown,39850,39,58000,58,58,56,2129,77,1497,5030,2608433963,1017780754,0.00,0.00,0,0.0
3176,08-cooldown,39850,39,58062,58,58,56,2127,77,729,5030,2608433963,1017781274,0.00,0.27,0,0.0
3177,08-cooldown,39850,39,58062,58,58,56,2129,77,1267,5030,2608433963,1017781274,0.00,0.00,0,0.0
3178,08-cooldown,39850,39,58156,58,58,56,2126,77,729,5030,2608433963,1017781274,0.00,0.00,0,0.0
3179,08-cooldown,39850,39,58031,58,58,56,2123,77,1267,5030,2608433963,1017781282,0.00,0.00,0,0.0
3180,08-cooldown,39850,39,58000,58,57,56,2124,77,1267,5030,2608433963,1017781282,0.00,0.00,0,0.0
3181,08-cooldown,39850,39,57750,57,58,56,2126,77,1344,5030,2608433963,1017781402,0.00,0.06,0,0.0
3182,08-cooldown,39850,39,57937,57,58,56,2124,77,1267,5030,2608433963,1017781410,0.00,0.00,0,0.4
3183,08-cooldown,39850,39,57875,57,58,56,2126,77,1267,5030,2608433963,1017781410,0.00,0.00,0,0.0
3184,08-cooldown,39850,39,58062,58,57,56,2127,77,1267,5030,2608433963,1017781426,0.00,0.01,0,0.0
3185,08-cooldown,39850,39,57843,57,58,56,2130,77,1497,5030,2608433963,1017781426,0.00,0.00,0,0.0
3186,08-cooldown,39850,39,58062,58,57,56,2129,77,1497,5030,2608433963,1017781570,0.00,0.07,1,0.0
3187,08-cooldown,39850,39,57812,57,58,56,2129,77,729,5030,2608433963,1017781578,0.00,0.00,0,0.0
3189,08-cooldown,39850,39,57781,57,57,56,2127,77,1344,5030,2608433963,1017781578,0.00,0.00,0,0.0
3190,08-cooldown,39850,39,57937,57,57,56,2129,77,1497,5030,2608433963,1017781586,0.00,0.00,0,0.0
3191,08-cooldown,39850,39,57875,57,57,56,2126,77,729,5030,2608433963,1017781586,0.00,0.00,0,0.0
3192,08-cooldown,39850,39,57750,57,57,56,2126,77,1344,5030,2608433963,1017781826,0.00,0.12,0,0.4
3193,08-cooldown,39850,39,57937,57,57,56,2124,77,1036,5030,2608433963,1017781826,0.00,0.00,0,0.0
3194,08-cooldown,39850,39,57875,57,57,56,2127,77,1267,5030,2608433963,1017781826,0.00,0.00,0,0.0
3195,08-cooldown,39850,39,58000,58,58,56,2127,77,1036,5030,2608433963,1017781834,0.00,0.00,0,0.0
3196,08-cooldown,39850,39,58093,58,58,56,2129,77,1497,5439,2608433963,1017781834,0.00,0.00,0,0.0
3197,08-cooldown,39850,39,57937,57,57,56,2129,77,1497,5602,2608433963,1017781922,0.00,0.05,0,0.0
3198,08-cooldown,39850,39,58031,58,58,56,2127,77,1497,5643,2608433963,1017781954,0.00,0.02,0,0.0
3199,08-cooldown,39850,39,58187,58,58,56,2127,77,1497,5643,2608433963,1017781954,0.00,0.00,0,0.0
3200,08-cooldown,39850,39,58093,58,58,56,2130,77,1497,5643,2608433963,1017781962,0.00,0.00,0,0.0
3201,08-cooldown,39850,39,58468,58,58,56,2124,77,1344,5684,2608433963,1017781962,0.00,0.00,0,0.0
3202,08-cooldown,39850,39,58562,58,58,56,2124,77,1344,5643,2608433963,1017782074,0.00,0.06,0,0.0
3203,08-cooldown,39850,39,58468,58,58,56,2124,77,1344,5684,2608433963,1017782082,0.00,0.00,0,0.0
3204,08-cooldown,39850,39,58406,58,58,56,2126,77,1344,5684,2608433963,1017782082,0.00,0.00,0,0.0
3205,08-cooldown,39850,39,58375,58,58,56,2126,77,1344,5684,2608433963,1017782090,0.00,0.00,0,0.0
3207,08-cooldown,39850,39,58562,58,58,56,2124,77,1267,5684,2608433963,1017782090,0.00,0.00,0,0.0
3208,08-cooldown,39850,39,58500,58,58,56,2124,77,1344,5684,2608433963,1017782210,0.00,0.06,0,0.4
3209,08-cooldown,39850,39,58500,58,58,56,2126,77,1267,5643,2608433963,1017782218,0.00,0.00,0,0.0
3210,08-cooldown,39850,39,58437,58,58,56,2125,77,1267,5684,2608433963,1017782218,0.00,0.00,0,0.0
3211,08-cooldown,39850,39,58593,58,58,56,2125,77,1344,5684,2608433963,1017782226,0.00,0.00,0,0.0
3212,08-cooldown,39850,39,58437,58,58,56,2125,77,1344,5684,2608433963,1017782226,0.00,0.00,0,0.0
3213,08-cooldown,39850,39,58718,58,58,56,2127,77,1497,5684,2608433963,1017782402,0.00,0.09,0,0.4
3214,08-cooldown,39850,39,58500,58,58,56,2127,77,1497,5684,2608433963,1017782402,0.00,0.00,0,0.0
3215,08-cooldown,39850,39,58500,58,58,56,2126,77,1344,5684,2608433963,1017782402,0.00,0.00,0,0.0
3216,08-cooldown,39850,39,58468,58,58,56,2124,77,1344,5684,2608433963,1017782410,0.00,0.00,0,0.0
3217,08-cooldown,39850,39,58750,58,58,56,2126,77,1267,5684,2608433963,1017782410,0.00,0.00,0,0.0
3218,08-cooldown,39850,39,58562,58,58,56,2127,77,1344,5684,2608433963,1017782522,0.00,0.06,0,0.0
3219,08-cooldown,39850,39,58531,58,58,56,2127,77,1344,5684,2608433963,1017782530,0.00,0.00,0,0.0
3220,08-cooldown,39850,39,58406,58,58,56,2126,77,1344,5684,2608433963,1017782530,0.00,0.00,0,0.0
3221,08-cooldown,39850,39,58625,58,58,56,2126,77,1344,5643,2608433963,1017782538,0.00,0.00,0,0.0
3222,08-cooldown,39850,39,58437,58,58,56,2129,77,1267,5643,2608433963,1017782538,0.00,0.00,0,0.0
3223,08-cooldown,39850,39,58593,58,58,56,2126,77,1344,5684,2608433963,1017782650,0.00,0.06,0,0.4
3224,08-cooldown,39850,39,58437,58,58,56,2127,77,1497,5643,2608433963,1017782658,0.00,0.00,0,0.0
3226,08-cooldown,39850,39,58562,58,58,56,2129,77,1344,5684,2608433963,1017782658,0.00,0.00,0,0.0
3227,08-cooldown,39850,39,58500,58,58,56,2126,77,1344,5684,2608433963,1017782658,0.00,0.00,0,0.0
3228,08-cooldown,39850,39,58593,58,58,56,2124,77,1497,5684,2608433963,1017782674,0.00,0.01,0,0.0
3229,08-cooldown,39850,39,58437,58,58,56,2126,77,1344,5684,2608433963,1017782802,0.00,0.07,0,0.0
3230,08-cooldown,39850,39,58687,58,58,56,2126,77,1344,5684,2608433963,1017782802,0.00,0.00,0,0.0
3231,08-cooldown,39850,39,58718,58,58,56,2124,77,1267,5684,2608433963,1017782802,0.00,0.00,0,0.0
3232,08-cooldown,39850,39,58500,58,58,56,2127,77,1497,5684,2608433963,1017782810,0.00,0.00,0,0.0
3233,08-cooldown,39850,39,58375,58,58,56,2127,77,1267,5684,2608433963,1017782818,0.00,0.00,0,0.0
3234,08-cooldown,39850,39,58656,58,58,56,2126,77,1344,5684,2608433963,1017782954,0.00,0.07,0,0.4
3235,08-cooldown,39850,39,58687,58,58,56,2129,77,1267,5643,2608433963,1017782954,0.00,0.00,0,0.0
3236,08-cooldown,39850,39,58656,58,58,56,2126,77,1344,5684,2608433963,1017782954,0.00,0.00,0,0.0
3237,08-cooldown,39850,39,58531,58,58,56,2124,77,1267,5643,2608433963,1017782962,0.00,0.00,0,0.0
3238,08-cooldown,39850,39,58625,58,58,56,2124,77,1344,5643,2608433963,1017782962,0.00,0.00,0,0.0
3239,08-cooldown,39850,39,58562,58,58,56,2124,77,1344,5684,2608433963,1017783066,0.00,0.05,0,0.0
3240,08-cooldown,39850,39,58500,58,58,56,2127,77,1267,5643,2608433963,1017783074,0.00,0.00,0,0.0
3241,08-cooldown,39850,39,58468,58,58,56,2124,77,1497,5643,2608433963,1017783074,0.00,0.00,0,0.0
3242,08-cooldown,39850,39,58656,58,58,56,2126,77,1267,5684,2608433963,1017783082,0.00,0.00,0,0.0
3243,08-cooldown,39850,39,58468,58,58,56,2124,77,1344,5643,2608433963,1017783082,0.00,0.00,0,0.0
3244,08-cooldown,39850,39,58500,58,58,56,2123,77,1344,5643,2608433963,1017783202,0.00,0.06,0,0.0
3246,08-cooldown,39850,39,58468,58,58,56,2124,77,1267,5684,2608433963,1017783210,0.00,0.00,0,0.0
3247,08-cooldown,39850,39,58656,58,58,56,2127,77,1344,5684,2608433963,1017783210,0.00,0.00,0,0.0
3248,08-cooldown,39850,39,58406,58,58,56,2126,77,1344,5684,2608433963,1017783218,0.00,0.00,0,0.0
3249,08-cooldown,39850,39,58531,58,58,56,2126,77,1344,5684,2608433963,1017783218,0.00,0.00,0,0.0
3250,08-cooldown,39850,39,58562,58,58,56,2124,77,1344,5684,2608433963,1017783418,0.00,0.10,0,0.4
3251,08-cooldown,39850,39,58468,58,58,56,2124,77,1267,5684,2608433963,1017783418,0.00,0.00,0,0.0
3252,08-cooldown,39850,39,58062,58,57,56,2127,77,1267,5316,2608433963,1017783418,0.00,0.00,0,0.0
3253,08-cooldown,39850,39,57781,57,57,56,2125,77,1267,5030,2608433963,1017783426,0.00,0.00,0,0.0
3254,08-cooldown,39850,39,57687,57,57,56,2129,77,1344,5030,2608433963,1017783426,0.00,0.00,0,0.0
3255,08-cooldown,39850,39,57687,57,57,56,2126,77,1267,5030,2608433963,1017783522,0.00,0.05,0,0.0
3256,08-cooldown,39850,39,57656,57,57,56,2127,77,1344,4989,2608433963,1017783530,0.00,0.00,0,0.4
3257,08-cooldown,39850,39,57812,57,57,56,2126,77,1344,5030,2608433963,1017783530,0.00,0.00,0,0.0
3258,08-cooldown,39850,39,57750,57,57,56,2129,77,1497,4989,2608433963,1017783538,0.00,0.00,0,0.0
3259,08-cooldown,39850,39,57875,57,57,56,2126,77,729,5030,2608433963,1017783538,0.00,0.00,0,0.0
3260,08-cooldown,39850,39,57625,57,57,56,2127,77,1344,4989,2608433963,1017783634,0.00,0.05,0,0.0
3261,08-cooldown,39850,39,57875,57,57,56,2126,77,1344,4989,2608433963,1017783642,0.00,0.00,0,0.4
3263,08-cooldown,39850,39,57812,57,57,56,2126,77,729,5030,2608433963,1017783642,0.00,0.00,0,0.0
3264,08-cooldown,39850,39,57625,57,57,56,2127,77,1344,5030,2608433963,1017783650,0.00,0.00,0,0.0
3265,08-cooldown,39850,39,57812,57,57,56,2126,77,729,5030,2608433963,1017783666,0.00,0.01,0,0.0
3266,08-cooldown,39850,39,57718,57,57,56,2124,77,729,4989,2608433963,1017783786,0.00,0.06,0,0.0
3267,08-cooldown,39850,39,57687,57,57,56,2126,77,1267,5480,2608433963,1017783794,0.00,0.00,0,0.4
3268,08-cooldown,39850,39,57781,57,57,56,2127,77,1267,5030,2608433963,1017783794,0.00,0.00,0,0.0
3269,08-cooldown,39850,39,57687,57,57,56,2127,77,729,5030,2608433963,1017783802,0.00,0.00,0,0.0
3270,08-cooldown,39850,39,57593,57,57,56,2127,77,1267,4989,2608433963,1017783802,0.00,0.00,0,0.0
3271,08-cooldown,39850,39,57718,57,57,56,2124,77,729,5030,2608433963,1017784314,0.00,0.26,0,0.4
3272,08-cooldown,39850,39,57562,57,57,56,2126,77,1344,5030,2608433963,1017784330,0.00,0.01,0,0.0
3273,08-cooldown,39850,39,57687,57,57,56,2124,77,1344,5030,2608433963,1017784330,0.00,0.00,0,0.0
3274,08-cooldown,39850,39,57468,57,57,56,2126,77,1497,5030,2608433963,1017784346,0.00,0.01,0,0.0
3275,08-cooldown,39850,39,57656,57,57,56,2127,77,1267,4989,2608433963,1017784346,0.00,0.00,0,0.0
3276,08-cooldown,39850,39,57531,57,57,56,2129,77,960,5030,2608433963,1017784890,0.00,0.28,0,0.0
3278,08-cooldown,39850,39,57750,57,57,56,2129,77,1267,5030,2608433963,1017784898,0.00,0.00,0,0.0
3279,08-cooldown,39850,39,57562,57,57,56,2126,77,729,4989,2608433963,1017784898,0.00,0.00,0,0.0
3280,08-cooldown,39850,39,57406,57,57,56,2124,77,729,4989,2608433963,1017784906,0.00,0.00,0,0.0
3281,08-cooldown,39850,39,57562,57,57,56,2126,77,1267,5030,2608433963,1017784906,0.00,0.00,0,0.0
3282,08-cooldown,39850,39,57406,57,57,56,2126,77,883,5030,2608433963,1017785170,0.00,0.14,0,0.0
3283,08-cooldown,39850,39,57593,57,57,56,2126,77,1267,5030,2608433963,1017785170,0.00,0.00,0,0.0
3284,08-cooldown,39850,39,57468,57,57,56,2126,77,1344,4989,2608433963,1017785170,0.00,0.00,0,0.0
3285,08-cooldown,39850,39,57687,57,57,56,2127,77,1267,4989,2608433963,1017785178,0.00,0.00,0,0.0
3286,08-cooldown,39850,39,57656,57,57,56,2126,77,960,4989,2608433963,1017785178,0.00,0.00,0,0.0
3287,08-cooldown,39850,39,57500,57,57,56,2127,77,1497,5030,2608433963,1017785274,0.00,0.05,0,0.0
3288,08-cooldown,39850,39,57312,57,57,56,2126,77,1267,4989,2608433963,1017785282,0.00,0.00,0,0.4
3289,08-cooldown,39850,39,57531,57,57,56,2122,77,1036,4989,2608433963,1017785282,0.00,0.00,0,0.0
3290,08-cooldown,39850,39,57250,57,57,56,2126,77,1267,4989,2608433963,1017785290,0.00,0.00,0,0.0
3291,08-cooldown,39850,39,57562,57,57,56,2126,77,960,4989,2608433963,1017785290,0.00,0.00,0,0.0
3292,08-cooldown,39850,39,57468,57,57,55,2126,77,729,4989,2608433963,1017785386,0.00,0.05,0,0.0
3294,08-cooldown,39850,39,57562,57,57,55,2122,77,1267,4989,2608433963,1017785394,0.00,0.00,0,0.4
3295,08-cooldown,39850,39,57406,57,57,56,2126,77,1267,4989,2608433963,1017785394,0.00,0.00,0,0.0
3296,08-cooldown,39850,39,57343,57,57,56,2124,77,1267,5030,2608433963,1017785402,0.00,0.00,0,0.0
3297,08-cooldown,39850,39,57250,57,57,55,2124,77,1344,5030,2608433963,1017785418,0.00,0.01,0,0.0
3298,08-cooldown,39850,39,57281,57,57,56,2124,77,1267,5030,2608433963,1017785546,0.00,0.07,0,0.0
3299,08-cooldown,39850,39,57250,57,57,56,2124,77,960,4989,2608433963,1017785546,0.00,0.00,0,0.0
3300,08-cooldown,39850,39,57531,57,57,55,2126,77,1344,5030,2608433963,1017785546,0.00,0.00,0,0.0
3301,08-cooldown,39850,39,57218,57,57,55,2124,77,960,4989,2608433963,1017785554,0.00,0.00,0,0.0
3302,08-cooldown,39850,39,57218,57,57,55,2124,77,1344,5030,2608433963,1017785570,0.00,0.01,0,0.0
3303,08-cooldown,39850,39,57156,57,57,55,2127,77,1344,5030,2608433963,1017785730,0.00,0.08,0,0.4
3304,08-cooldown,39850,39,57281,57,57,56,2127,77,1267,4989,2608433963,1017785730,0.00,0.00,0,0.0
3305,08-cooldown,39850,39,57187,57,57,55,2130,77,960,4989,2608433963,1017785730,0.00,0.00,0,0.0
3306,08-cooldown,39850,39,57250,57,57,55,2129,77,1344,4989,2608433963,1017785738,0.00,0.00,0,0.0
3307,08-cooldown,39850,39,57218,57,57,56,2125,77,960,4989,2608433963,1017785738,0.00,0.00,0,0.0
3309,08-cooldown,39850,39,57375,57,57,55,2129,77,729,5030,2608433963,1017785890,0.00,0.08,0,0.0
3310,08-cooldown,39850,39,57218,57,57,55,2126,77,1344,4989,2608433963,1017785890,0.00,0.00,0,0.0
3311,08-cooldown,39850,39,57406,57,57,55,2126,77,729,4989,2608433963,1017785890,0.00,0.00,0,0.0
3312,08-cooldown,39850,39,57218,57,57,55,2124,77,1267,5030,2608433963,1017785898,0.00,0.00,0,0.0
3313,08-cooldown,39850,39,57156,57,57,55,2126,77,1344,4989,2608433963,1017785898,0.00,0.00,0,0.0
3314,08-cooldown,39850,39,57281,57,57,55,2127,77,729,5030,2608433963,1017786018,0.00,0.06,0,0.0
3315,08-cooldown,39850,39,57218,57,57,55,2126,77,729,5030,2608433963,1017786018,0.00,0.00,0,0.0
3316,08-cooldown,39850,39,57781,57,57,55,2124,77,1344,5439,2608433963,1017786018,0.00,0.00,0,0.0
3317,08-cooldown,39850,39,57812,57,57,56,2122,77,1267,5643,2608433963,1017786034,0.00,0.01,0,0.0
3318,08-cooldown,39850,39,57750,57,57,55,2124,77,1344,5684,2608433963,1017786034,0.00,0.00,0,0.0
3319,08-cooldown,39850,39,57812,57,57,55,2126,77,1267,5643,2608433963,1017786154,0.00,0.06,0,0.0
3320,08-cooldown,39850,39,57843,57,57,55,2126,77,1344,5643,2608433963,1017786162,0.00,0.00,0,0.4
3321,08-cooldown,39850,39,57843,57,58,55,2126,77,1344,5643,2608433963,1017786162,0.00,0.00,0,0.0
3322,08-cooldown,39850,39,58062,58,57,55,2124,77,1267,5643,2608433963,1017786162,0.00,0.00,0,0.0
3323,08-cooldown,39850,39,57781,57,57,55,2124,77,1497,5643,2608433963,1017786170,0.00,0.00,0,0.0
3324,08-cooldown,39850,39,57968,57,57,56,2124,77,1344,5643,2608433963,1017786298,0.00,0.07,0,0.0
3325,08-cooldown,39850,39,57812,57,57,56,2124,77,1267,5684,2608433963,1017786306,0.00,0.00,0,0.4
3327,08-cooldown,39850,39,58031,58,58,55,2127,77,1344,5684,2608433963,1017786306,0.00,0.00,0,0.0
3328,08-cooldown,39850,39,57875,57,57,56,2124,77,1420,5643,2608433963,1017786306,0.00,0.00,0,0.0
3329,08-cooldown,39850,39,57937,57,57,56,2127,77,1267,5643,2608433963,1017786306,0.00,0.00,0,0.0
3330,08-cooldown,39850,39,57843,57,57,56,2125,77,1344,5643,2608433963,1017786410,0.00,0.05,0,0.0
3331,08-cooldown,39850,39,58156,58,58,56,2125,77,1344,5684,2608433963,1017786418,0.00,0.00,0,0.4
3332,08-cooldown,39850,39,57906,57,57,56,2125,77,1267,5643,2608433963,1017786418,0.00,0.00,0,0.0
3333,08-cooldown,39850,39,57781,57,57,56,2124,77,1497,5684,2608433963,1017786418,0.00,0.00,0,0.0
3334,08-cooldown,39850,39,58031,58,58,56,2124,77,1497,5684,2608433963,1017786426,0.00,0.00,0,0.0
3335,08-cooldown,39850,39,58062,58,57,55,2127,77,1267,5684,2608433963,1017786538,0.00,0.06,0,0.0
3336,08-cooldown,39850,39,58000,58,58,56,2127,77,1267,5643,2608433963,1017786546,0.00,0.00,0,0.4
3337,08-cooldown,39850,39,57781,57,57,55,2129,77,960,5643,2608433963,1017786546,0.00,0.00,0,0.0
3338,08-cooldown,39850,39,57968,57,57,56,2125,77,1344,5684,2608433963,1017786546,0.00,0.00,0,0.0
3339,08-cooldown,39850,39,58125,58,57,55,2124,77,1267,5643,2608433963,1017786546,0.00,0.00,0,0.0
3340,08-cooldown,39850,39,57843,57,58,56,2125,77,1497,5643,2608433963,1017786666,0.00,0.06,0,0.0
3341,08-cooldown,39850,39,57875,57,57,55,2125,77,1267,5684,2608433963,1017786666,0.00,0.00,0,0.0
3342,08-cooldown,39850,39,57968,57,57,56,2124,77,1113,5643,2608433963,1017786666,0.00,0.00,0,0.0
3343,08-cooldown,39850,39,57906,57,57,56,2125,77,1344,5643,2608433963,1017786666,0.00,0.00,0,0.0
3344,08-cooldown,39850,39,57937,57,58,56,2124,77,1267,5643,2608433963,1017786666,0.00,0.00,0,0.0
3346,08-cooldown,39850,39,57843,57,57,56,2125,77,1497,5643,2608433963,1017786762,0.00,0.05,0,0.0
3347,08-cooldown,39850,39,57937,57,57,56,2125,77,1267,5643,2608433963,1017786770,0.00,0.00,0,0.4
3348,08-cooldown,39850,39,57906,57,57,56,2125,77,1344,5684,2608433963,1017786770,0.00,0.00,0,0.0
3349,08-cooldown,39850,39,58156,58,58,55,2125,77,1267,5684,2608433963,1017786770,0.00,0.00,0,0.0
3350,08-cooldown,39850,39,57906,57,57,56,2127,77,1344,5684,2608433963,1017786770,0.00,0.00,0,0.0
3351,08-cooldown,39850,39,58062,58,57,56,2124,77,1267,5684,2608433963,1017786866,0.00,0.05,0,0.0
3352,08-cooldown,39850,39,57843,57,57,55,2124,77,1344,5643,2608433963,1017786874,0.00,0.00,0,0.4
3353,08-cooldown,39850,39,58093,58,58,56,2125,77,1344,5643,2608433963,1017786874,0.00,0.00,0,0.0
3354,08-cooldown,39850,39,57937,57,57,56,2124,77,1267,5684,2608433963,1017786882,0.00,0.00,0,0.0
3355,08-cooldown,39850,39,57906,57,57,56,2125,77,1267,5643,2608433963,1017786882,0.00,0.00,0,0.0
3356,08-cooldown,39850,39,57875,57,58,56,2125,77,1267,5684,2608433963,1017786986,0.00,0.05,0,0.0
3357,08-cooldown,39850,39,58156,58,58,55,2129,77,1344,5684,2608433963,1017786994,0.00,0.00,0,0.4
3358,08-cooldown,39850,39,57968,57,57,56,2127,77,1267,5643,2608433963,1017786994,0.00,0.00,0,0.0
3359,08-cooldown,39850,39,57906,57,57,55,2125,77,1267,5643,2608433963,1017786994,0.00,0.00,0,0.0
3360,08-cooldown,39850,39,57906,57,58,55,2125,77,1267,5684,2608433963,1017786994,0.00,0.00,0,0.0
3361,08-cooldown,39850,39,58187,58,58,55,2124,77,1344,5684,2608433963,1017787098,0.00,0.05,0,0.4
3362,08-cooldown,39850,39,57937,57,57,56,2125,77,1344,5643,2608433963,1017787106,0.00,0.00,0,0.0
3363,08-cooldown,39850,39,57843,57,57,55,2125,77,1344,5643,2608433963,1017787106,0.00,0.00,0,0.0
3364,08-cooldown,39850,39,57843,57,58,56,2128,77,1267,5643,2608433963,1017787106,0.00,0.00,0,0.0
3366,08-cooldown,39850,39,58062,58,57,56,2127,77,1497,5643,2608433963,1017787106,0.00,0.00,0,0.0
3367,08-cooldown,39850,39,57968,57,57,56,2125,77,1267,5643,2608433963,1017787226,0.00,0.06,1,0.0
3368,08-cooldown,39850,39,57937,57,57,56,2125,77,1344,5929,2608433963,1017787602,0.00,0.19,0,0.4
3369,08-cooldown,39850,39,58062,58,58,56,2124,77,1267,5684,2608433963,1017787602,0.00,0.00,0,0.0
3370,08-cooldown,39850,39,57843,57,57,56,2125,77,1344,5643,2608433963,1017787602,0.00,0.00,0,0.0
3371,08-cooldown,39850,39,57968,57,58,56,2125,77,1344,5684,2608433963,1017787602,0.00,0.00,0,0.0
3372,08-cooldown,39850,39,57343,57,57,55,2125,77,1267,5275,2608433963,1017788122,0.00,0.27,0,0.0
3373,08-cooldown,39850,39,57312,57,57,56,2124,77,729,5030,2608433963,1017788146,0.00,0.01,0,0.4
3374,08-cooldown,39850,39,57125,57,57,55,2127,77,1344,4989,2608433963,1017788146,0.00,0.00,0,0.0
3375,08-cooldown,39850,39,57343,57,57,55,2127,77,1267,4989,2608433963,1017788146,0.00,0.00,0,0.0
3376,08-cooldown,39850,39,57187,57,57,56,2130,77,729,4989,2608433963,1017788146,0.00,0.00,0,0.0
3377,08-cooldown,39850,39,57468,57,57,56,2125,77,1344,5030,2608433963,1017788266,0.00,0.06,0,0.0
3378,08-cooldown,39850,39,57343,57,57,55,2127,77,1267,4989,2608433963,1017788274,0.00,0.00,0,0.4
3379,08-cooldown,39850,39,57218,57,57,56,2125,77,1344,5030,2608433963,1017788274,0.00,0.00,0,0.0
3380,08-cooldown,39850,39,57218,57,57,55,2127,77,1267,4989,2608433963,1017788274,0.00,0.00,0,0.0
3381,08-cooldown,39850,39,57062,57,57,55,2122,77,1267,4989,2608433963,1017788274,0.00,0.00,0,0.0
3383,08-cooldown,39850,39,57187,57,57,56,2124,77,729,4989,2608433963,1017788370,0.00,0.05,1,0.4
3384,08-cooldown,39850,39,57031,57,57,55,2124,77,1267,4989,2608433963,1017788378,0.00,0.00,0,0.0
3385,08-cooldown,39850,39,57468,57,57,55,2124,77,1497,5725,2608433963,1017788378,0.00,0.00,0,0.0
3386,08-cooldown,39850,39,57500,57,57,55,2124,77,1497,6052,2608433963,1017788394,0.00,0.01,0,0.0
3387,08-cooldown,39850,39,57187,57,57,55,2122,77,1267,5112,2608433963,1017788394,0.00,0.00,0,0.0
3388,08-cooldown,39850,39,56968,56,57,55,2124,77,960,5030,2608433963,1017789082,0.00,0.35,0,0.4
3389,08-cooldown,39850,39,57125,57,57,55,2125,77,729,5030,2608433963,1017789082,0.00,0.00,0,0.0
3390,08-cooldown,39850,39,57031,57,57,55,2127,77,960,5030,2608433963,1018009698,0.00,112.96,0,12.0
3391,08-cooldown,39850,39,57187,57,57,55,2127,77,1344,4989,2608433963,1018009698,0.00,0.00,0,0.0
3392,08-cooldown,39850,39,57093,57,57,55,2124,77,1267,4989,2608433963,1018009698,0.00,0.00,0,0.0
3393,08-cooldown,39850,39,57312,57,57,55,2124,77,1267,4989,2608433963,1018009842,0.00,0.07,0,0.0
3394,08-cooldown,39850,39,57062,57,57,55,2124,77,1497,4989,2608433963,1018009850,0.00,0.00,0,0.0
3395,08-cooldown,39850,39,56968,56,57,55,2125,77,1344,4989,2608433963,1018009850,0.00,0.00,0,0.0
3396,08-cooldown,39850,39,57125,57,57,55,2127,77,729,4989,2608433963,1018009850,0.00,0.00,0,0.0
3398,08-cooldown,39850,39,56906,56,57,55,2125,77,1267,4989,2608433963,1018009850,0.00,0.00,0,0.0
3399,08-cooldown,39850,39,57125,57,56,55,2126,77,1497,4989,2608433963,1018009954,0.00,0.05,0,0.0
3400,08-cooldown,39850,39,56906,56,57,55,2126,77,729,4989,2608433963,1018009962,0.00,0.00,0,0.0
3401,08-cooldown,39850,39,57156,57,57,55,2127,77,960,4989,2608433963,1018009962,0.00,0.00,0,0.0
3402,08-cooldown,39850,39,57218,57,57,55,2126,77,1267,4989,2608433963,1018009962,0.00,0.00,0,0.0
3403,08-cooldown,39850,39,56843,56,56,55,2125,77,1344,4989,2608433963,1018010834,0.00,0.45,0,0.0
3404,08-cooldown,39850,39,56906,56,56,55,2124,77,1344,4989,2608433963,1018010962,0.00,0.07,0,0.0
3405,08-cooldown,39850,39,57031,57,57,55,2124,77,1344,4989,2608433963,1018010970,0.00,0.00,0,0.4
3406,08-cooldown,39850,39,56968,56,56,55,2125,77,1497,5030,2608433963,1018010970,0.00,0.00,0,0.0
3407,08-cooldown,39850,39,56843,56,57,55,2125,77,729,4989,2608433963,1018010970,0.00,0.00,0,0.0
3408,08-cooldown,39850,39,57062,57,56,55,2127,77,1267,5030,2608433963,1018010986,0.00,0.01,0,0.0
3409,08-cooldown,39850,39,56781,56,57,55,2127,77,1267,4989,2608433963,1018011090,0.00,0.05,1,0.4
3410,08-cooldown,39850,39,56718,56,56,55,2125,77,729,4989,2608433963,1018011098,0.00,0.00,0,0.0
3411,08-cooldown,39850,39,56718,56,56,55,2122,77,729,4989,2608433963,1018011106,0.00,0.00,0,0.0
3412,08-cooldown,39850,39,56781,56,56,55,2125,77,960,5030,2608433963,1018011106,0.00,0.00,0,0.0
3414,08-cooldown,39850,39,56718,56,56,55,2127,77,729,4989,2608433963,1018011106,0.00,0.00,0,0.0
3415,08-cooldown,39850,39,56906,56,56,55,2128,77,1344,4989,2608433963,1018011210,0.00,0.05,0,0.0
3416,08-cooldown,39850,39,56750,56,56,55,2109,71,1344,4989,2608433963,1018011218,0.00,0.00,0,0.4
3417,08-cooldown,39850,39,56937,56,56,55,1945,71,1344,4989,2608433963,1018011234,0.00,0.01,0,0.0
3418,08-cooldown,39850,39,56812,56,56,55,1919,71,1267,4989,2608433963,1018011234,0.00,0.00,0,0.0
3419,08-cooldown,39850,39,56656,56,56,55,1916,71,1267,4989,2608433963,1018011234,0.00,0.00,0,0.0
3420,08-cooldown,39850,39,56906,56,56,55,1914,71,729,4989,2608433963,1018011354,0.00,0.06,0,0.0
3421,08-cooldown,39850,39,56718,56,56,55,1914,71,1344,4989,2608433963,1018011362,0.00,0.00,0,0.4
3422,08-cooldown,39850,39,56750,56,56,55,1912,71,1267,4989,2608433963,1018011362,0.00,0.00,0,0.0
3423,08-cooldown,39850,39,56718,56,56,55,1912,71,1267,4989,2608433963,1018011362,0.00,0.00,0,0.0
3424,08-cooldown,39850,39,56937,56,56,55,1914,71,1267,4989,2608433963,1018011362,0.00,0.00,0,0.0
3425,08-cooldown,39850,39,56718,56,56,55,1915,71,1267,4989,2608433963,1018011490,0.00,0.07,1,0.0
3426,08-cooldown,39850,39,57062,57,56,55,1916,71,729,4989,2608433963,1018011498,0.00,0.00,0,0.4
3427,08-cooldown,39850,39,56750,56,57,55,1914,71,729,4989,2608433963,1018011498,0.00,0.00,0,0.0
3429,08-cooldown,39850,39,56687,56,56,55,1914,71,1344,4989,2608433963,1018011498,0.00,0.00,0,0.0
3430,08-cooldown,39850,39,56875,56,56,55,1915,71,1344,4989,2608433963,1018011498,0.00,0.00,0,0.0
3431,08-cooldown,39850,39,56687,56,56,55,2059,76,729,4989,2608433963,1018011610,0.00,0.06,0,0.0
3432,08-cooldown,39850,39,56875,56,56,55,2068,72,1344,4989,2608433963,1018011610,0.00,0.00,0,0.0
3433,08-cooldown,39850,39,56781,56,56,55,1971,72,1497,4989,2608433963,1018011610,0.00,0.00,0,0.0
3434,08-cooldown,39850,39,56906,56,56,55,1953,72,1344,4989,2608433963,1018011610,0.00,0.00,0,0.0
3435,08-cooldown,39850,39,56812,56,56,55,1951,72,1344,4989,2608433963,1018011610,0.00,0.00,0,0.0
3436,08-cooldown,39850,39,57343,57,57,55,1998,75,1267,5439,2608433963,1018011706,0.00,0.05,0,0.0
3437,08-cooldown,39850,39,57656,57,57,55,2045,75,1497,6410,2608433963,1018011722,0.00,0.01,0,0.0
3438,08-cooldown,39850,39,57625,57,57,55,2051,75,1497,6655,2608433963,1018232338,0.00,112.96,0,13.2
3439,08-cooldown,39850,39,57593,57,57,55,2053,75,1497,6410,2608433963,1018232338,0.00,0.00,0,0.0
3440,08-cooldown,39850,39,57687,57,57,55,2054,75,1497,6492,2608433963,1018232338,0.00,0.00,0,0.0
3441,08-cooldown,39850,39,57843,57,57,55,2051,75,1497,6573,2608433963,1018233362,0.00,0.52,0,0.0
3442,08-cooldown,39850,39,57843,57,57,55,2053,75,1497,6492,2608433963,1018453978,0.00,112.96,0,12.8
3443,08-cooldown,39850,39,57906,57,57,55,2054,75,1497,6492,2608433963,1018453978,0.00,0.00,0,0.0
3444,08-cooldown,39850,39,57687,57,57,56,2056,75,1497,6492,2608433963,1018453978,0.00,0.00,0,0.0
3446,08-cooldown,39850,39,57750,57,58,55,2056,75,1497,6451,2608433963,1018674594,0.00,112.96,0,13.2
3447,08-cooldown,39850,39,57968,57,57,55,2059,75,1497,6492,2608433963,1018675106,0.00,0.26,0,0.4
3448,08-cooldown,39850,39,58000,58,58,56,2054,75,1497,6492,2608433963,1018675114,0.00,0.00,0,0.0
3449,08-cooldown,39850,39,57750,57,58,56,2056,75,1497,6492,2608433963,1018895762,0.00,112.97,0,12.0
3450,08-cooldown,39850,39,57843,57,57,55,2056,75,1420,6492,2608433963,1018895762,0.00,0.00,0,0.0
3451,08-cooldown,39850,39,57968,57,57,56,2057,75,1497,6492,2608433963,1018895762,0.00,0.00,0,0.0
3452,08-cooldown,39850,39,57875,57,57,55,2057,75,1497,6533,2608433963,1019116874,0.00,113.21,0,13.2
3453,08-cooldown,39850,39,57875,57,57,55,2054,75,1497,6410,2608433963,1019116874,0.00,0.00,0,0.0
3454,08-cooldown,39850,39,58125,58,58,56,2053,75,1497,6492,2608433963,1019116874,0.00,0.00,0,0.0
3455,08-cooldown,39850,39,58187,58,57,56,2053,75,1497,6614,2608433963,1019337498,0.00,112.96,0,12.8
3456,08-cooldown,39850,39,58187,58,58,55,2054,75,1497,6451,2608433963,1019337498,0.00,0.00,0,0.0
3457,08-cooldown,39850,39,58375,58,58,56,2056,75,1497,6492,2608433963,1019338002,0.00,0.26,0,0.4
3458,08-cooldown,39850,39,58125,58,58,56,2056,75,1497,6614,2608433963,1019448210,0.00,56.43,0,5.2
3459,08-cooldown,39850,39,58125,58,58,56,2056,75,1497,6451,2608433963,1019558618,0.00,56.53,0,6.8
3460,08-cooldown,39850,39,58187,58,58,56,2057,75,1497,6492,2608433963,1019558618,0.00,0.00,0,0.0
3461,08-cooldown,39850,39,58343,58,58,56,2059,75,1497,6533,2608433963,1019559578,0.00,0.49,0,0.0
3462,08-cooldown,39850,39,58187,58,58,56,2059,75,1497,6492,2608433963,1019780194,0.00,112.96,0,12.8
3464,08-cooldown,39850,39,58343,58,58,56,2054,75,1497,6492,2608433963,1019780194,0.00,0.00,0,0.0
3465,08-cooldown,39850,39,58406,58,58,56,2053,75,1497,6533,2608433963,1019780194,0.00,0.00,0,0.0
3466,08-cooldown,39850,39,58312,58,58,56,2054,75,1497,6451,2608433963,1020000810,0.00,112.96,0,13.2
3467,08-cooldown,39850,39,58343,58,58,56,2055,75,1497,6492,2608433963,1020001346,0.00,0.27,0,0.4
3468,08-cooldown,39850,39,58843,58,58,56,2056,75,1497,6859,2608433963,1020001362,0.00,0.01,0,0.0
3469,08-cooldown,39850,39,58187,58,58,56,2056,75,1497,6573,2608433963,1020222002,0.00,112.97,0,12.8
3470,08-cooldown,39850,39,58187,58,58,56,2053,75,1497,6492,2608433963,1020222002,0.00,0.00,0,0.0
3471,08-cooldown,39850,39,58375,58,58,56,2054,75,1497,6492,2608433963,1020222002,0.00,0.00,0,0.0
3472,08-cooldown,39850,39,58437,58,58,56,2053,75,1497,6573,2608433963,1020443482,0.00,113.40,0,12.0
3473,08-cooldown,39850,39,58593,58,58,56,2056,75,1497,6492,2608433963,1020443506,0.00,0.01,0,0.0
3474,08-cooldown,39850,39,58406,58,58,56,2054,75,1497,6533,2608433963,1020443506,0.00,0.00,0,0.0
3475,08-cooldown,39850,39,58437,58,58,56,2056,75,1497,6533,2608433963,1020664482,0.00,113.14,0,12.8
3476,08-cooldown,39850,39,58218,58,58,56,2056,75,1497,6492,2608433963,1020664482,0.00,0.00,0,0.0
3477,08-cooldown,39850,39,58250,58,58,56,2053,75,1497,6533,2608433963,1020885626,0.00,113.23,0,13.2
3478,08-cooldown,39850,39,58656,58,58,56,2050,75,1497,6492,2608433963,1020885626,0.00,0.00,0,0.0
3479,08-cooldown,39850,39,58437,58,58,56,2054,75,1497,6573,2608433963,1021106258,0.00,112.96,0,12.8
3481,08-cooldown,39850,39,58375,58,58,56,2057,75,1497,6379,2608433963,1021106258,0.00,0.00,0,0.0
3482,08-cooldown,39850,39,58187,58,58,56,2056,75,1420,5725,2608433963,1021107482,0.00,0.63,1,0.0
3483,08-cooldown,39850,39,58468,58,58,56,2056,75,1267,5684,2608433963,1021107490,0.00,0.00,0,0.0
3484,08-cooldown,39850,39,58156,58,58,56,2053,75,1344,5684,2608433963,1021107490,0.00,0.00,0,0.0
3485,08-cooldown,39850,39,58187,58,58,56,2053,75,1267,5684,2608433963,1021107490,0.00,0.00,0,0.0
3486,08-cooldown,39850,39,58343,58,58,56,2054,75,1344,5684,2608433963,1021107498,0.00,0.00,0,0.0
3487,08-cooldown,39850,39,58218,58,58,56,2057,75,1344,5684,2608433963,1021108698,0.00,0.61,0,0.0
3488,08-cooldown,39850,39,58437,58,58,56,2057,75,1497,5684,2608433963,1021108698,0.00,0.00,0,0.0
3489,08-cooldown,39850,39,58031,58,58,56,2057,75,1344,5684,2608433963,1021108698,0.00,0.00,0,0.0
3490,08-cooldown,39850,39,58250,58,58,56,2059,75,1267,5684,2608433963,1021108698,0.00,0.00,0,0.0
3491,08-cooldown,39850,39,58187,58,58,56,2053,75,1497,5684,2608433963,1021108698,0.00,0.00,0,0.0
3492,08-cooldown,39850,39,57812,57,57,56,2056,75,960,5193,2608433963,1021108826,0.00,0.07,0,0.0
3493,08-cooldown,39850,39,57593,57,57,56,2054,75,1344,5030,2608433963,1021108834,0.00,0.00,0,0.4
3494,08-cooldown,39850,39,57468,57,57,56,2054,75,1344,4989,2608433963,1021108834,0.00,0.00,0,0.0
3495,08-cooldown,39850,39,57593,57,57,56,2056,75,1267,5030,2608433963,1021108834,0.00,0.00,0,0.0
3496,08-cooldown,39850,39,57437,57,57,56,2056,75,1036,5030,2608433963,1021108834,0.00,0.00,0,0.0
3497,08-cooldown,39850,39,57593,57,57,56,2054,75,1344,5030,2608433963,1021108954,0.00,0.06,0,0.0
3499,08-cooldown,39850,39,57375,57,57,56,2054,75,1036,5030,2608433963,1021108994,0.00,0.02,0,0.4
3500,08-cooldown,39850,39,57687,57,57,56,2054,75,1344,5030,2608433963,1021108994,0.00,0.00,0,0.0
3501,08-cooldown,39850,39,57375,57,57,56,2054,75,1344,5030,2608433963,1021108994,0.00,0.00,0,0.0
3502,08-cooldown,39850,39,57343,57,57,56,2054,75,729,5030,2608433963,1021108994,0.00,0.00,0,0.0
3503,08-cooldown,39850,39,57500,57,57,56,2053,75,729,5030,2608433963,1021109138,0.00,0.07,0,0.0
3504,08-cooldown,39850,39,57312,57,57,56,2056,75,1267,4989,2608433963,1021109138,0.00,0.00,0,0.0
3505,08-cooldown,39850,39,57500,57,57,56,2056,75,1267,5030,2608433963,1021109138,0.00,0.00,0,0.0
3506,08-cooldown,39850,39,57281,57,57,55,2057,75,1267,4989,2608433963,1021109138,0.00,0.00,0,0.0
3507,08-cooldown,39850,39,57562,57,57,56,2056,75,1344,5030,2608433963,1021109138,0.00,0.00,0,0.0
3508,08-cooldown,39850,39,57375,57,57,56,2056,75,1267,4989,2608433963,1021109274,0.00,0.07,0,0.0
3509,08-cooldown,39850,39,57281,57,57,56,2056,75,1344,4989,2608433963,1021109282,0.00,0.00,0,0.4
3510,08-cooldown,39850,39,57406,57,57,55,2054,75,729,5030,2608433963,1021109298,0.00,0.01,0,0.0
3511,08-cooldown,39850,39,57218,57,57,55,2059,75,1267,4989,2608433963,1021109298,0.00,0.00,0,0.0
3512,08-cooldown,39850,39,57312,57,57,55,2056,75,729,5030,2608433963,1021109298,0.00,0.00,0,0.0
3513,08-cooldown,39850,39,57375,57,57,56,2056,75,1267,4989,2608433963,1021109426,0.00,0.07,0,0.0
3515,08-cooldown,39850,39,57468,57,57,55,2059,75,1267,4989,2608433963,1021109434,0.00,0.00,0,0.0
3516,08-cooldown,39850,39,57218,57,57,55,2057,75,1190,4989,2608433963,1021109434,0.00,0.00,0,0.0
3517,08-cooldown,39850,39,57437,57,57,55,2054,75,1344,4989,2608433963,1021109434,0.00,0.00,0,0.0
3518,08-cooldown,39850,39,57281,57,57,55,2054,75,1344,5030,2608433963,1021109434,0.00,0.00,0,0.0
3519,08-cooldown,39850,39,57125,57,57,55,2054,75,1344,4989,2608433963,1021109570,0.00,0.07,0,0.0
3520,08-cooldown,39850,39,57218,57,57,55,2053,75,1190,4989,2608433963,1021109570,0.00,0.00,0,0.0
3521,08-cooldown,39850,39,57062,57,57,55,2054,75,1344,5030,2608433963,1021109570,0.00,0.00,0,0.0
3522,08-cooldown,39850,39,57312,57,57,55,2054,75,1344,5030,2608433963,1021109570,0.00,0.00,0,0.0
3523,08-cooldown,39850,39,57125,57,57,56,2054,75,729,5030,2608433963,1021109570,0.00,0.00,0,0.0
3524,08-cooldown,39850,39,57375,57,57,56,2056,75,1267,5030,2608433963,1021109682,0.00,0.06,0,0.0
3525,08-cooldown,39850,39,57156,57,57,55,2057,75,729,4989,2608433963,1021109690,0.00,0.00,0,0.4
3526,08-cooldown,39850,39,56937,56,56,55,2057,75,1344,5030,2608433963,1021109690,0.00,0.00,0,0.0
3527,08-cooldown,39850,39,57125,57,57,55,2059,75,1344,4989,2608433963,1021109690,0.00,0.00,0,0.0
3528,08-cooldown,39850,39,57000,57,57,55,2056,75,1267,4989,2608433963,1021109690,0.00,0.00,0,0.0
3530,08-cooldown,39850,39,57000,57,57,55,2057,75,1267,4989,2608433963,1021109802,0.00,0.06,0,0.0
3531,08-cooldown,39850,39,57000,57,57,55,2057,75,1267,4989,2608433963,1021109810,0.00,0.00,0,0.4
3532,08-cooldown,39850,39,57031,57,57,55,2057,75,1344,4989,2608433963,1021109810,0.00,0.00,0,0.0
3533,08-cooldown,39850,39,56968,56,56,55,2056,75,729,5030,2608433963,1021109810,0.00,0.00,0,0.0
3534,08-cooldown,39850,39,57250,57,57,55,2057,75,1190,5030,2608433963,1021109810,0.00,0.00,0,0.0
3535,08-cooldown,39850,39,56875,56,57,55,2056,75,729,5030,2608433963,1021109914,0.00,0.05,0,0.0
3536,08-cooldown,39850,39,57031,57,57,55,2057,75,1497,4989,2608433963,1021109914,0.00,0.00,0,0.0
3537,08-cooldown,39850,39,57000,57,57,55,2056,75,1497,4989,2608433963,1021109922,0.00,0.00,0,0.0
3538,08-cooldown,39850,39,57062,57,57,55,2056,75,729,4989,2608433963,1021109922,0.00,0.00,0,0.0
3539,08-cooldown,39850,39,56968,56,57,55,2056,75,883,4989,2608433963,1021109922,0.00,0.00,0,0.0
3540,08-cooldown,39850,39,57156,57,56,55,2054,75,1344,4989,2608433963,1021110034,0.00,0.06,0,0.4
3541,08-cooldown,39850,39,57343,57,57,55,2056,75,729,4989,2608433963,1021110050,0.00,0.01,0,0.0
3542,08-cooldown,39850,39,56875,56,56,55,2056,75,1344,4989,2608433963,1021110050,0.00,0.00,0,0.0
3543,08-cooldown,39850,39,56968,56,56,55,2053,75,729,4989,2608433963,1021110050,0.00,0.00,0,0.0
3544,08-cooldown,39850,39,56718,56,56,55,2053,75,729,4989,2608433963,1021110050,0.00,0.00,0,0.0
3546,08-cooldown,39850,39,57000,57,57,55,2053,75,1267,4989,2608433963,1021110186,0.00,0.07,1,0.0
3547,08-cooldown,39850,39,56875,56,56,55,2056,75,1267,4989,2608433963,1021110194,0.00,0.00,0,0.0
3548,08-cooldown,39850,39,56781,56,57,55,2057,75,729,4989,2608433963,1021110194,0.00,0.00,0,0.0
3549,08-cooldown,39850,39,56875,56,56,55,2054,75,1267,4989,2608433963,1021110194,0.00,0.00,0,0.0
3550,08-cooldown,39850,39,56875,56,57,55,2054,75,1344,4989,2608433963,1021110194,0.00,0.00,0,0.0
3551,08-cooldown,39850,39,56718,56,56,55,2053,75,1344,4989,2608433963,1021110434,0.00,0.12,0,0.4
3552,08-cooldown,39850,39,56968,56,56,55,2056,75,1344,4989,2608433963,1021110434,0.00,0.00,0,0.0
3553,08-cooldown,39850,39,56781,56,56,55,2054,75,729,5030,2608433963,1021110434,0.00,0.00,0,0.0
3554,08-cooldown,39850,39,56968,56,56,55,2056,75,729,4989,2608433963,1021110434,0.00,0.00,0,0.0
3555,08-cooldown,39850,39,56812,56,56,55,2053,75,729,5030,2608433963,1021110434,0.00,0.00,0,0.0
3556,08-cooldown,39850,39,57531,57,57,55,2053,75,1267,5520,2608433963,1021110530,0.00,0.05,0,0.0
3557,08-cooldown,39850,39,57500,57,57,55,2054,75,1267,5643,2608433963,1021110538,0.00,0.00,0,0.0
3558,08-cooldown,39850,39,57375,57,57,55,2054,75,1344,5643,2608433963,1021110538,0.00,0.00,0,0.0
3559,08-cooldown,39850,39,57562,57,57,55,2056,75,1267,5643,2608433963,1021110538,0.00,0.00,0,0.0
3560,08-cooldown,39850,39,57500,57,57,55,2057,75,1420,5643,2608433963,1021110538,0.00,0.00,0,0.0
3562,08-cooldown,39850,39,57718,57,57,55,2057,75,1267,5643,2608433963,1021110634,0.00,0.05,0,0.0
3563,08-cooldown,39850,39,57406,57,57,55,2057,75,1267,5643,2608433963,1021110642,0.00,0.00,0,0.0
3564,08-cooldown,39850,39,57625,57,57,55,2059,75,1267,5643,2608433963,1021110642,0.00,0.00,0,0.0
3565,08-cooldown,39850,39,57437,57,57,55,2055,75,1267,5643,2608433963,1021110642,0.00,0.00,0,0.0
3566,08-cooldown,39850,39,57593,57,57,55,2055,75,1267,5684,2608433963,1021110642,0.00,0.00,0,0.0
3567,08-cooldown,39850,39,57500,57,57,55,2056,75,1497,5643,2608433963,1021110738,0.00,0.05,0,0.0
3568,08-cooldown,39850,39,57562,57,57,55,2057,75,1267,5643,2608433963,1021110762,0.00,0.01,0,0.4
3569,08-cooldown,39850,39,57218,57,57,55,2054,75,1497,5889,2608433963,1021111290,0.00,0.27,0,0.0
3570,08-cooldown,39850,39,57406,57,57,55,2056,75,1497,5643,2608433963,1021111290,0.00,0.00,0,0.0
3571,08-cooldown,39850,39,57062,57,57,55,2056,75,1497,5643,2608433963,1021111290,0.00,0.00,0,0.0
3572,08-cooldown,39850,39,57593,57,57,55,2056,75,1420,5643,2608433963,1021111562,0.00,0.14,0,0.0
3573,08-cooldown,39850,39,57437,57,57,55,2056,75,1267,5643,2608433963,1021111562,0.00,0.00,0,0.0
3574,08-cooldown,39850,39,57656,57,57,55,2054,75,1267,5643,2608433963,1021111842,0.00,0.14,0,0.0
3575,08-cooldown,39850,39,57562,57,57,55,2054,75,1267,5643,2608433963,1021111842,0.00,0.00,0,0.0
3576,08-cooldown,39850,39,57531,57,57,55,2054,75,1267,5643,2608433963,1021111842,0.00,0.00,0,0.0
3577,08-cooldown,39850,39,57656,57,57,55,2054,75,1344,5643,2608433963,1021111842,0.00,0.00,0,0.0
3578,08-cooldown,39850,39,57750,57,57,55,2053,75,1267,5684,2608433963,1021111842,0.00,0.00,0,0.0
3579,08-cooldown,39850,39,57562,57,57,55,2057,75,1344,5684,2608433963,1021112106,0.00,0.14,0,0.0
3580,08-cooldown,39850,39,57531,57,57,55,2057,75,1344,5643,2608433963,1021112114,0.00,0.00,0,0.0
3582,08-cooldown,39850,39,57187,57,57,55,2054,75,1497,5643,2608433963,1021112114,0.00,0.00,0,0.0
3583,08-cooldown,39850,39,57437,57,57,55,2057,75,1497,5643,2608433963,1021112114,0.00,0.00,0,0.0
3584,08-cooldown,39850,39,57281,57,57,55,2057,75,1497,5643,2608433963,1021112114,0.00,0.00,0,0.0
3585,08-cooldown,39850,39,57281,57,57,55,2059,75,1497,5643,2608433963,1021112226,0.00,0.06,0,0.4
3586,08-cooldown,39850,39,57187,57,57,55,2056,75,1497,5643,2608433963,1021112234,0.00,0.00,0,0.0
3587,08-cooldown,39850,39,57468,57,57,55,2054,75,1497,5643,2608433963,1021112234,0.00,0.00,0,0.0
3588,08-cooldown,39850,39,57281,57,57,55,2057,75,1497,5643,2608433963,1021112234,0.00,0.00,0,0.0
3589,08-cooldown,39850,39,57250,57,57,56,2054,75,1497,5643,2608433963,1021112234,0.00,0.00,0,0.0
3590,08-cooldown,39850,39,57125,57,57,55,2054,75,1497,5643,2608433963,1021112346,0.00,0.06,0,0.4
3591,08-cooldown,39850,39,57437,57,57,55,2056,75,1497,5643,2608433963,1021112354,0.00,0.00,0,0.0
3592,08-cooldown,39850,39,57250,57,57,55,2056,75,1497,5602,2608433963,1021112354,0.00,0.00,0,0.0
3593,08-cooldown,39850,39,57312,57,57,55,2056,75,1497,5643,2608433963,1021112354,0.00,0.00,0,0.0
3594,08-cooldown,39850,39,57250,57,57,55,2054,75,1497,5643,2608433963,1021112354,0.00,0.00,0,0.0
3595,08-cooldown,39850,39,57406,57,57,55,2054,75,1497,5643,2608433963,1021112450,0.00,0.05,0,0.0
3596,08-cooldown,39850,39,57156,57,57,55,2053,75,1497,5643,2608433963,1021112458,0.00,0.00,0,0.4
3597,08-cooldown,39850,39,57218,57,57,55,2054,75,1497,5643,2608433963,1021112458,0.00,0.00,0,0.0
3598,08-cooldown,39850,39,57250,57,57,55,2054,75,1497,5643,2608433963,1021112458,0.00,0.00,0,0.0
3599,08-cooldown,39850,39,57218,57,57,55,2054,75,1497,5643,2608433963,1021112474,0.00,0.01,0,0.0
3600,08-cooldown,39850,39,57531,57,57,56,2056,75,1497,5643,2608433963,1021112578,0.00,0.05,0,0.0
3602,08-cooldown,39850,39,57281,57,57,55,2054,75,1497,5643,2608433963,1021112586,0.00,0.00,0,0.4
3603,08-cooldown,39850,39,57687,57,57,55,2053,75,1344,5643,2608433963,1021112586,0.00,0.00,0,0.0
3604,08-cooldown,39850,39,57625,57,57,55,2054,75,1344,5643,2608433963,1021112602,0.00,0.01,0,0.0
3605,08-cooldown,39850,39,57937,57,57,55,2054,75,1267,5643,2608433963,1021112602,0.00,0.00,0,0.0
3606,08-cooldown,39850,39,57656,57,57,55,2054,75,1344,5643,2608433963,1021112746,0.00,0.07,0,0.0
3607,08-cooldown,39850,39,57625,57,57,55,2054,75,1344,5643,2608433963,1021112746,0.00,0.00,0,0.0
3608,08-cooldown,39850,39,57687,57,57,55,2054,75,1344,5643,2608433963,1021112746,0.00,0.00,0,0.0
3609,C-seqread,39850,39,57687,57,57,55,2056,75,1497,5807,2608433963,1021112746,0.00,0.00,0,0.0
3610,C-seqread,39850,39,57500,57,57,56,2056,75,1497,6533,2612861995,1021112746,2267.15,0.00,31,71.6
3611,C-seqread,39850,39,57843,57,57,56,2054,75,1420,6614,2617546283,1021112778,2398.36,0.02,33,80.4
3612,C-seqread,39850,39,57312,57,57,55,2056,75,1344,6093,2622199083,1021113362,2382.23,0.30,31,73.2
3613,C-seqread,39850,39,57500,57,57,55,2054,75,1190,5929,2626841387,1021113362,2376.86,0.00,31,72.4
3614,C-seqread,39850,39,57312,57,57,55,2053,75,1497,5970,2631477547,1021113362,2373.71,0.00,32,80.0
3615,C-seqread,39850,39,57343,57,57,55,2057,75,1497,5929,2636131883,1021113362,2383.02,0.00,32,82.0
3616,C-seqread,39850,39,57281,57,57,55,2053,75,1497,5929,2640773163,1021113842,2376.34,0.25,32,76.0
3617,C-seqread,39850,39,57187,57,57,55,2056,75,1420,5929,2645444651,1021113946,2391.80,0.05,32,71.6
3619,C-seqread,39850,39,57281,57,57,55,2056,75,960,5929,2650115627,1021113946,2391.54,0.00,32,73.2
3620,C-seqread,39850,39,57375,57,57,55,2055,75,1420,5889,2654734379,1021113946,2364.80,0.00,31,73.2
3621,C-seqread,39850,39,57437,57,57,55,2054,75,1420,5929,2659394347,1021113946,2385.90,0.00,31,74.0
3622,C-seqread,39850,39,57437,57,57,55,2057,75,1497,5889,2663989547,1021114050,2352.74,0.05,14,74.8
3623,C-seqread,39850,39,57312,57,57,55,2056,75,1344,5929,2668573483,1021114050,2346.98,0.00,32,72.0
3624,C-seqread,39850,39,57281,57,57,56,2054,75,1497,5929,2673135915,1021114050,2335.97,0.00,31,85.2
3625,C-seqread,39850,39,57437,57,57,55,2056,75,1497,5929,2677720363,1021114050,2347.24,0.00,31,70.4
3626,C-seqread,39850,39,57406,57,57,55,2056,75,1497,5929,2682308651,1021114050,2349.20,0.00,31,74.0
3627,C-seqread,39850,39,57281,57,57,55,2057,75,1113,5929,2686899243,1021114154,2350.38,0.05,31,70.8
3628,C-seqread,39850,39,57406,57,57,55,2056,75,1420,5889,2691466283,1021114154,2338.32,0.00,31,76.0
3629,C-seqread,39850,39,57531,57,57,56,2054,75,1497,5889,2696024107,1021114154,2333.61,0.00,31,72.0
3630,C-seqread,39850,39,57375,57,57,56,2059,75,1420,5889,2700636459,1021114154,2361.52,0.00,28,71.6
3631,C-seqread,39850,39,57500,57,57,55,2054,75,1420,5889,2705200427,1021114170,2336.75,0.01,5,75.2
3632,C-seqread,39850,39,57375,57,57,55,2054,75,1497,5929,2709783595,1021114170,2346.58,0.00,32,80.0
3633,C-seqread,39850,39,57562,57,57,56,2057,75,1420,5889,2714385451,1021114298,2356.15,0.07,31,69.6
3635,C-seqread,39850,39,57375,57,57,56,2054,75,883,5889,2718969643,1021114314,2347.11,0.01,30,80.0
3636,C-seqread,39850,39,57437,57,57,55,2056,75,1190,5929,2723498283,1021114314,2318.66,0.00,9,78.0
3637,C-seqread,39850,39,57437,57,57,55,2053,75,1420,5889,2728079147,1021114314,2345.40,0.00,32,77.6
3638,C-seqread,39850,39,57343,57,57,55,2056,75,1036,5889,2732613419,1021114458,2321.55,0.07,32,78.4
3639,C-seqread,39850,39,57406,57,57,56,2056,75,1113,5889,2737191467,1021114458,2343.96,0.00,31,76.4
3640,C-seqread,39850,39,57625,57,57,56,2056,75,1420,5929,2741765163,1021114474,2341.73,0.01,26,82.0
3641,C-seqread,39850,39,57406,57,57,55,2053,75,1497,5929,2746334507,1021114474,2339.50,0.00,15,76.0
3642,C-seqread,39850,39,57500,57,57,55,2056,75,1420,5929,2750909227,1021114474,2342.26,0.00,31,77.6
3643,C-seqread,39850,39,57406,57,57,55,2054,75,1497,5929,2755469355,1021114706,2334.79,0.12,32,75.2
3644,C-seqread,39850,39,57500,57,57,55,2054,75,1497,5929,2760051243,1021114706,2345.93,0.00,3,77.2
3645,C-seqread,39850,39,57437,57,57,55,2056,75,1497,5929,2764645675,1021114706,2352.35,0.00,30,71.2
3646,C-seqread,39850,39,57562,57,57,55,2056,75,1190,5889,2769227051,1021114706,2345.66,0.00,9,76.4
3647,C-seqread,39850,39,57437,57,57,55,2057,75,1267,5929,2773797931,1021114706,2340.29,0.00,32,78.8
3648,C-seqread,39850,39,57343,57,57,56,2056,75,1497,5889,2778381099,1021114802,2346.58,0.05,32,80.4
3650,C-seqread,39850,39,57531,57,57,55,2053,75,1420,5889,2782970155,1021114810,2349.60,0.00,25,75.2
3651,C-seqread,39850,39,57531,57,57,56,2056,75,1344,5889,2787581739,1021114810,2361.13,0.00,6,77.6
3652,C-seqread,39850,39,57656,57,57,56,2054,75,1497,5929,2792167211,1021114810,2347.76,0.00,31,79.6
3653,C-seqread,39850,39,57593,57,57,56,2056,75,1036,5929,2796766763,1021114810,2354.97,0.00,31,78.4
3654,C-seqread,39850,39,57656,57,57,55,2053,75,1190,5929,2801316651,1021114914,2329.54,0.05,26,78.8
3655,C-seqread,39850,39,57562,57,57,55,2054,75,1420,5929,2805898283,1021114914,2345.80,0.00,31,72.4
3656,C-seqread,39850,39,57781,57,57,55,2056,75,1344,5889,2810505771,1021114914,2359.03,0.00,30,70.4
3657,C-seqread,39850,39,57500,57,57,56,2056,75,1344,5929,2815077163,1021114914,2340.55,0.00,31,72.4
3658,C-seqread,39850,39,57531,57,57,56,2054,75,1420,5929,2819651883,1021114914,2342.26,0.00,31,71.2
3659,C-seqread,39850,39,57468,57,57,55,2056,75,1344,5929,2824219435,1021114914,2338.59,0.00,32,73.6
3660,C-seqread,39850,39,57593,57,57,56,2056,75,1497,5929,2828786475,1021115018,2338.32,0.05,31,75.6
3661,C-seqread,39850,39,57625,57,57,55,2054,75,1267,5929,2833403179,1021115018,2363.75,0.00,31,76.8
3662,C-seqread,39850,39,57562,57,57,56,2056,75,1113,5929,2838002219,1021115018,2354.71,0.00,31,77.2
3663,C-seqread,39850,39,57718,57,57,55,2056,75,1420,5929,2842575147,1021115026,2341.34,0.00,24,79.6
3664,C-seqread,39850,39,57593,57,57,56,2054,75,1497,5889,2847162667,1021115234,2348.81,0.11,32,74.8
3666,C-seqread,39850,39,57531,57,57,56,2054,75,1497,5929,2851741739,1021115242,2344.48,0.00,24,79.6
3667,C-seqread,39850,39,57687,57,57,56,2054,75,806,5929,2856329515,1021115242,2348.94,0.00,26,79.2
3668,C-seqread,39850,39,57562,57,57,56,2051,75,1344,5929,2860919851,1021115242,2350.25,0.00,31,78.4
3669,C-seqread,39850,39,57781,57,58,56,2051,75,1497,6175,2865509163,1021115242,2349.73,0.00,31,69.2
3670,C-seqread,39850,39,57687,57,57,56,2054,75,1497,6052,2870089771,1021115730,2345.27,0.25,31,77.6
3671,C-seqread,39850,39,57843,57,57,56,2054,75,1497,5929,2874681131,1021115730,2350.78,0.00,31,76.4
3672,C-seqread,39850,39,57687,57,57,56,2053,75,729,5929,2879276331,1021115730,2352.74,0.00,32,74.4
3673,C-seqread,39850,39,57937,57,57,56,2055,75,1190,5929,2883863595,1021115730,2348.68,0.00,30,76.8
3674,C-seqread,39850,39,57656,57,57,56,2056,75,1497,5929,2888448555,1021116130,2347.50,0.20,26,78.0
3675,C-seqread,39850,39,57687,57,57,56,2054,75,1344,5929,2893028139,1021116130,2344.75,0.00,33,76.0
3676,C-seqread,39850,39,57875,57,58,56,2053,75,1497,6492,2897639979,1021116282,2361.26,0.08,31,78.8
3677,C-seqread,39850,39,57937,57,58,56,2054,75,1497,6614,2902257451,1021116282,2364.15,0.00,32,74.8
3678,C-seqread,39850,39,58281,58,58,56,2054,75,1113,6614,2906874923,1021116282,2364.15,0.00,29,75.6
3679,C-seqread,39850,39,58281,58,58,56,2056,75,1497,6614,2911492139,1021116282,2364.01,0.00,31,82.0
3681,C-seqread,39850,39,58187,58,58,56,2055,75,1497,6614,2916128555,1021116378,2373.84,0.05,32,72.8
3682,C-seqread,39850,39,58250,58,57,56,2057,75,1497,6614,2920729387,1021116386,2355.63,0.00,30,78.0
3683,C-seqread,39850,39,58718,58,58,56,2055,75,1497,6573,2925321771,1021116386,2351.30,0.00,31,78.8
3684,C-seqread,39850,39,57906,57,57,56,2054,75,1497,6573,2929900331,1021116386,2344.22,0.00,31,88.4
3685,C-seqread,39850,39,58156,58,58,56,2056,75,1497,6614,2934501931,1021116386,2356.02,0.00,32,81.2
3686,C-seqread,39850,39,58062,58,58,56,2056,75,1497,6614,2939124011,1021116490,2366.50,0.05,29,78.8
3687,C-seqread,39850,39,58187,58,58,56,2056,75,1497,6614,2943725611,1021116490,2356.02,0.00,31,77.6
3688,C-seqread,39850,39,58281,58,58,56,2054,75,1497,6614,2948341547,1021116490,2363.36,0.00,32,72.8
3689,C-seqread,39850,39,58593,58,58,56,2057,75,1497,6614,2953002283,1021116490,2386.30,0.00,32,80.0
3690,C-seqread,39850,39,58187,58,58,56,2053,75,1497,6614,2957603371,1021116490,2355.76,0.00,30,74.4
3691,C-seqread,39850,39,58468,58,58,56,2054,75,1497,6655,2962208299,1021116490,2357.72,0.00,33,77.6
3692,C-seqread,39850,39,58562,58,58,56,2054,75,1497,6655,2966806059,1021116602,2354.05,0.06,32,74.0
3693,C-seqread,39850,39,58312,58,58,56,2056,75,1497,6614,2971461931,1021116602,2383.81,0.00,31,70.8
3694,C-seqread,39850,39,58437,58,58,56,2135,78,1497,6655,2976012075,1021116618,2329.67,0.01,32,72.0
3696,C-seqread,39850,39,58437,58,58,56,2154,78,1497,6655,2980675115,1021116618,2387.48,0.00,31,78.8
3697,C-seqread,39850,39,58343,58,58,56,2161,78,1497,6655,2985277995,1021116770,2356.67,0.08,30,75.2
3698,C-seqread,39850,39,58343,58,58,56,2163,78,1497,6655,2989922091,1021116770,2377.78,0.00,32,73.6
3699,C-seqread,39850,39,58406,58,58,56,2164,78,1497,6614,2994564651,1021116786,2376.99,0.01,31,75.6
3700,C-seqread,39850,39,58375,58,58,56,2161,78,1497,6614,2999175211,1021116786,2360.61,0.00,31,74.4
3701,C-seqread,39850,39,58437,58,58,56,2159,78,1497,6655,3003787563,1021116786,2361.52,0.00,30,73.2
3702,C-seqread,39850,39,58750,58,58,56,2159,78,1344,6614,3008344875,1021116938,2333.34,0.08,30,77.6
3703,C-seqread,39850,39,58406,58,58,56,2159,78,1497,6614,3012953643,1021116938,2359.69,0.00,30,69.6
3704,C-seqread,39850,39,58406,58,58,57,2159,78,1497,6655,3017527595,1021116938,2341.86,0.00,31,87.6
3705,C-seqread,39850,39,58593,58,58,56,2159,78,1497,6655,3022108203,1021116938,2345.27,0.00,31,71.6
3706,C-seqread,39850,39,58562,58,58,56,2156,78,1497,6655,3026725163,1021117050,2363.88,0.06,30,74.4
3707,C-seqread,39850,39,58625,58,58,56,2158,78,1497,6614,3031354923,1021117146,2370.44,0.05,31,75.6
3708,C-seqread,39850,39,58500,58,58,56,2158,78,1497,6614,3035987243,1021117146,2371.75,0.00,31,78.8
3710,C-seqread,39850,39,58593,58,58,57,2161,78,1497,6655,3040610859,1021117146,2367.29,0.00,32,80.0
3711,C-seqread,39850,39,58562,58,58,56,2161,78,1497,6655,3045224747,1021117146,2362.31,0.00,32,72.4
3712,C-seqread,39850,39,58718,58,58,56,2161,78,1497,6655,3049857067,1021117146,2371.75,0.00,31,72.4
3713,C-seqread,39850,39,58687,58,58,56,2159,78,1497,6655,3054453291,1021117250,2353.27,0.05,31,77.2
3714,C-seqread,39850,39,58750,58,58,56,2161,78,1497,6655,3059071531,1021117250,2364.54,0.00,31,78.4
3715,C-seqread,39850,39,58781,58,58,56,2161,78,1497,6655,3063683627,1021117250,2361.39,0.00,31,77.6
3716,C-seqread,39850,39,58843,58,58,56,2158,78,1497,6655,3068319531,1021117250,2373.58,0.00,31,72.8
3717,C-seqread,39850,39,58843,58,58,56,2163,78,1497,6696,3072972075,1021117250,2382.10,0.00,31,86.8
3718,C-seqread,39850,39,59031,59,59,56,2166,78,729,6614,3077553195,1021117250,2345.53,0.00,32,76.4
3719,C-seqread,39850,39,59000,59,59,56,2161,78,1036,6614,3082156843,1021117354,2357.07,0.05,4,78.0
3720,C-seqread,39850,39,58968,58,58,57,2161,78,1497,6614,3086774571,1021117354,2364.28,0.00,31,75.2
3721,C-seqread,39850,39,58875,58,58,56,2163,78,1497,6614,3091407915,1021117354,2372.27,0.00,31,78.4
3722,C-seqread,39850,39,59062,59,58,57,2163,78,1497,6655,3096018475,1021117354,2360.61,0.00,32,71.2
3724,C-seqread,39850,39,58843,58,58,56,2163,78,1497,6655,3100641067,1021117354,2366.77,0.00,32,70.8
3725,C-seqread,39850,39,58937,58,58,57,2166,78,1497,6655,3105283115,1021117474,2376.73,0.06,30,82.8
3726,C-seqread,39850,39,58718,58,58,57,2169,78,1497,6655,3109925675,1021117474,2376.99,0.00,31,72.4
3727,C-seqread,39850,39,58937,58,58,57,2174,78,1497,6655,3114554411,1021117474,2369.91,0.00,31,75.2
3728,C-seqread,39850,39,58875,58,58,56,2176,78,1497,6614,3119193899,1021117490,2375.42,0.01,32,78.8
3729,C-seqread,39850,39,59000,59,59,56,2181,78,1344,6655,3123727147,1021117634,2321.02,0.07,32,87.2
3730,C-seqread,39850,39,58781,58,58,57,2184,78,1497,6451,3126761771,1021117642,1553.73,0.00,56,53.2
3731,C-seqread,39850,39,59125,59,58,56,2188,78,1190,6492,3131499819,1021117642,2425.88,0.00,60,84.0
3732,C-seqread,39850,39,58468,58,58,57,2186,78,1497,6052,3136226347,1021117642,2419.98,0.00,61,84.0
3733,C-seqread,39850,39,58437,58,58,57,2189,78,1497,5889,3140922923,1021117642,2404.65,0.00,59,91.6
3734,C-seqread,39850,39,58437,58,58,56,2186,78,1420,5848,3145657643,1021117666,2424.18,0.01,59,87.6
3735,C-seqread,39850,39,58500,58,58,56,2181,78,729,5848,3150429739,1021118210,2443.31,0.28,59,86.0
3736,C-seqread,39850,39,58500,58,58,56,2186,78,1497,5848,3155131691,1021118210,2407.40,0.00,60,85.6
3738,C-seqread,39850,39,58437,58,58,56,2186,78,1420,5848,3159864619,1021118210,2423.26,0.00,60,84.0
3739,C-seqread,39850,39,58312,58,58,57,2188,78,1497,5848,3164554027,1021118210,2400.98,0.00,62,79.6
3740,C-seqread,39850,39,58500,58,58,56,2188,78,1420,5889,3169281835,1021118754,2420.64,0.28,58,83.2
3741,C-seqread,39850,39,58375,58,58,56,2189,78,1267,5848,3173978411,1021118754,2404.65,0.00,54,82.8
3742,C-seqread,39850,39,58343,58,58,57,2191,78,1420,5848,3178622251,1021118754,2377.65,0.00,60,84.0
3743,C-seqread,39850,39,58531,58,58,57,2188,78,1344,5889,3183259179,1021118754,2374.11,0.00,51,88.4
3744,C-seqread,39850,39,58531,58,58,57,2186,78,1267,5848,3187898155,1021118754,2375.16,0.00,58,85.6
3745,C-seqread,39850,39,58562,58,58,56,2189,78,729,5848,3192486187,1021118754,2349.07,0.00,57,81.6
3746,C-seqread,39850,39,58406,58,58,57,2189,78,1344,5848,3197098283,1021118858,2361.39,0.05,56,86.8
3747,C-seqread,39850,39,58625,58,58,57,2191,78,1267,5848,3201734699,1021118858,2373.84,0.00,56,85.2
3748,C-seqread,39850,39,58562,58,58,57,2193,78,1497,5848,3206354219,1021118858,2365.19,0.00,59,95.6
3749,C-seqread,39850,39,58437,58,58,57,2191,78,1113,5848,3210992171,1021118858,2374.63,0.00,58,88.8
3750,C-seqread,39850,39,58468,58,58,57,2198,78,1497,5848,3215591979,1021118970,2355.10,0.06,63,89.6
3752,C-seqread,39850,39,58281,58,58,56,2198,78,1420,5848,3220167723,1021118970,2342.78,0.00,61,84.0
3753,C-seqread,39850,39,58500,58,58,56,2183,78,1420,5848,3224800811,1021118970,2372.14,0.00,59,87.2
3754,C-seqread,39850,39,58312,58,58,56,2173,78,1497,5848,3229417771,1021118970,2363.88,0.00,56,83.2
3755,C-seqread,39850,39,58375,58,58,56,2171,78,1420,5848,3233999915,1021118970,2346.06,0.00,61,85.6
3756,C-seqread,39850,39,58343,58,58,56,2171,78,1497,5848,3238566699,1021119082,2338.19,0.06,54,88.4
3757,C-seqread,39850,39,58593,58,58,56,2168,78,806,5848,3243205419,1021119082,2375.02,0.00,58,91.2
3758,C-seqread,39850,39,58593,58,58,56,2171,78,1420,5848,3247853611,1021119082,2379.87,0.00,57,86.8
3759,C-seqread,39850,39,58562,58,58,56,2168,78,1344,5848,3252486443,1021119090,2372.01,0.00,56,79.2
3760,C-seqread,39850,39,58656,58,58,57,2166,78,1344,5848,3257080619,1021119090,2352.22,0.00,62,86.4
3761,C-seqread,39850,39,58656,58,58,56,2165,78,1420,5848,3261675563,1021119106,2352.61,0.01,58,86.4
3762,C-seqread,39850,39,58656,58,58,56,2166,78,1420,5848,3266353195,1021119242,2394.95,0.07,57,83.6
3763,C-seqread,39850,39,58437,58,58,56,2165,78,1344,5848,3270984747,1021119242,2371.35,0.00,61,83.6
3765,C-seqread,39850,39,58312,58,58,56,2163,78,1497,5807,3275558187,1021119274,2341.60,0.02,60,88.4
3766,C-seqread,39850,39,58500,58,58,57,2163,78,1497,5848,3280191275,1021119274,2372.14,0.00,58,83.6
3767,C-seqread,39850,39,58406,58,58,56,2161,78,1420,5848,3284818987,1021119298,2369.39,0.01,61,80.0
3768,C-seqread,39850,39,58437,58,58,56,2160,78,1497,5848,3289439275,1021119426,2365.59,0.07,61,79.6
3769,C-seqread,39850,39,58375,58,58,57,2161,78,1344,5848,3294098731,1021119426,2385.64,0.00,60,82.8
3770,C-seqread,39850,39,58500,58,58,57,2161,78,1497,6216,3298709291,1021119426,2360.61,0.00,58,92.8
3771,C-seqread,39850,39,58375,58,58,56,2160,78,1497,5889,3303290155,1021119426,2345.40,0.00,60,80.0
3772,C-seqread,39850,39,58281,58,58,56,2160,78,729,5848,3307909931,1021120402,2365.33,0.50,62,91.2
3773,C-seqread,39850,39,58468,58,58,56,2160,78,1497,5889,3312553771,1021120402,2377.65,0.00,58,85.2
3774,C-seqread,39850,39,58281,58,58,57,2163,78,1420,5848,3317192235,1021120402,2374.89,0.00,55,86.8
3775,C-seqread,39850,39,58531,58,58,56,2158,78,729,5848,3321791531,1021120426,2354.84,0.01,61,87.6
3776,C-seqread,39850,39,58343,58,58,56,2160,78,1497,5848,3326412587,1021120426,2365.98,0.00,58,84.4
3778,C-seqread,39850,39,58312,58,58,56,2160,78,1344,5848,3331027243,1021120426,2362.70,0.00,64,86.4
3779,C-seqread,39850,39,58531,58,58,56,2160,78,1344,5848,3335604523,1021120562,2343.57,0.07,56,89.2
3780,C-seqread,39850,39,58406,58,58,56,2160,78,960,5848,3340215851,1021120562,2361.00,0.00,44,85.6
3781,C-seqread,39850,39,58468,58,58,56,2158,78,1497,5807,3344787755,1021120562,2340.81,0.00,56,79.6
3782,C-seqread,39850,39,58312,58,58,56,2160,78,1267,5848,3349417259,1021120562,2370.31,0.00,59,87.6
3783,C-seqread,39850,39,58437,58,58,56,2163,78,1420,5848,3354018859,1021120714,2356.02,0.08,61,83.2
3784,C-seqread,39850,39,58468,58,58,56,2160,78,1497,5848,3358668843,1021120714,2380.79,0.00,57,86.8
3785,C-seqread,39850,39,58562,58,58,56,2158,78,806,5848,3363286315,1021120714,2364.15,0.00,60,87.2
3786,C-seqread,39850,39,58406,58,58,56,2160,78,1267,5848,3367870763,1021120714,2347.24,0.00,56,86.4
3787,C-seqread,39850,39,58468,58,58,57,2163,78,1420,5848,3372513067,1021120714,2376.86,0.00,58,87.2
3788,C-seqread,39850,39,58562,58,58,56,2160,78,1344,5848,3377122091,1021120730,2359.82,0.01,63,86.4
3789,C-seqread,39850,39,58531,58,58,56,2160,78,1344,5807,3381714731,1021120850,2351.43,0.06,57,85.6
3791,C-seqread,39850,39,58375,58,58,56,2165,78,1420,5807,3386292523,1021120850,2343.83,0.00,56,82.0
3792,C-seqread,39850,39,58656,58,58,56,2163,78,1344,5848,3390911787,1021120850,2365.06,0.00,60,86.0
3793,C-seqread,39850,39,58406,58,58,56,2160,78,1267,5848,3395515435,1021120850,2357.07,0.00,61,80.0
3794,C-seqread,39850,39,58437,58,58,56,2158,78,1497,5807,3400059691,1021120994,2326.66,0.07,62,80.0
3795,C-seqread,39850,39,58406,58,58,56,2160,78,1497,5848,3404678699,1021120994,2364.93,0.00,59,81.6
3796,C-seqread,39850,39,58718,58,58,57,2160,78,1497,6257,3409268779,1021120994,2350.12,0.00,57,85.6
3797,C-seqread,39850,39,58781,58,58,57,2161,78,1497,6492,3413865259,1021120994,2353.40,0.00,62,85.2
3798,C-seqread,39850,39,58875,58,58,57,2161,78,1497,6573,3418424875,1021121010,2334.52,0.01,59,81.6
3799,C-seqread,39850,39,58781,58,58,56,2160,78,1497,6533,3423025451,1021121042,2355.49,0.02,65,85.6
3800,C-seqread,39850,39,58718,58,58,57,2160,78,1497,6533,3427617323,1021121162,2351.04,0.06,58,87.6
3801,C-seqread,39850,39,58687,58,58,57,2160,78,1497,6533,3432239659,1021121162,2366.64,0.00,63,83.6
3802,C-seqread,39850,39,58875,58,58,57,2160,78,1497,6533,3436840491,1021121162,2355.63,0.00,59,84.8
3803,C-seqread,39850,39,59031,59,59,57,2158,78,1497,6533,3441420587,1021121170,2345.01,0.00,56,85.6
3805,C-seqread,39850,39,59062,59,59,57,2160,78,1497,6533,3445947691,1021121194,2317.88,0.01,61,88.4
3806,C-seqread,39850,39,59187,59,59,57,2160,78,1497,6533,3450528043,1021121290,2345.14,0.05,55,92.0
3807,C-seqread,39850,39,58968,58,58,57,2158,78,1497,6533,3455125035,1021121290,2353.66,0.00,58,89.2
3808,C-seqread,39850,39,59000,59,59,57,2160,78,1497,6573,3459699243,1021121290,2341.99,0.00,56,87.2
3809,C-seqread,39850,39,59093,59,59,57,2162,78,1497,6533,3464305195,1021121290,2358.25,0.00,58,86.8
3810,C-seqread,39850,39,58968,58,58,57,2160,78,1497,6533,3468908075,1021121394,2356.67,0.05,59,84.0
3811,C-seqread,39850,39,59125,59,59,57,2161,78,1497,6573,3473526059,1021121394,2364.41,0.00,59,83.2
3812,C-seqread,39850,39,58937,58,59,57,2158,78,1497,6533,3478159147,1021121394,2372.14,0.00,58,85.2
3813,C-seqread,39850,39,59062,59,59,57,2161,78,1497,6573,3482758443,1021121394,2354.84,0.00,60,86.8
3814,C-seqread,39850,39,59062,59,59,57,2161,78,1497,6573,3487374379,1021121394,2363.36,0.00,61,88.4
3815,C-seqread,39850,39,59156,59,59,57,2160,78,1497,6573,3491962667,1021121394,2349.20,0.00,58,91.2
3816,C-seqread,39850,39,59093,59,59,57,2160,78,1497,6573,3496534315,1021121506,2340.68,0.06,56,85.2
3817,C-seqread,39850,39,59250,59,59,57,2161,78,1497,6573,3501117739,1021121506,2346.71,0.00,55,84.4
3819,C-seqread,39850,39,59375,59,59,57,2163,78,1497,6533,3505709867,1021121506,2351.17,0.00,62,88.8
3820,C-seqread,39850,39,59468,59,59,57,2165,78,1497,6533,3510319915,1021121506,2360.34,0.00,62,91.2
3821,C-seqread,39850,39,59500,59,59,57,2160,78,1497,6533,3514886955,1021121770,2338.32,0.14,61,81.2
3822,C-seqread,39850,39,59093,59,59,57,2163,78,1497,6533,3519447595,1021121770,2335.05,0.00,63,80.0
3823,C-seqread,39850,39,59312,59,59,57,2163,78,1497,6533,3524068395,1021121770,2365.85,0.00,61,88.0
3824,C-seqread,39850,39,59187,59,59,57,2160,78,1497,6533,3528683563,1021121770,2362.97,0.00,57,84.8
3825,C-seqread,39850,39,59125,59,59,57,2158,78,1497,6573,3533279787,1021121770,2353.27,0.00,54,88.4
3826,C-seqread,39850,39,59187,59,59,57,2160,78,1497,6533,3537877291,1021121890,2353.92,0.06,56,86.8
3827,C-seqread,39850,39,59156,59,59,57,2161,78,1497,6573,3542489387,1021121890,2361.39,0.00,56,82.4
3828,C-seqread,39850,39,59156,59,59,57,2161,78,1497,6573,3547083051,1021121890,2351.96,0.00,64,88.8
3829,C-seqread,39850,39,59250,59,59,57,2158,78,1497,6573,3551670571,1021121898,2348.81,0.00,56,85.6
3830,C-seqread,39850,39,59218,59,59,57,2158,78,1497,6533,3556282667,1021121898,2361.39,0.00,64,84.0
3831,C-seqread,39850,39,59312,59,59,57,2158,78,1497,6533,3560868395,1021121898,2347.89,0.00,63,80.4
3833,C-seqread,39850,39,59187,59,59,57,2161,78,1497,6533,3565472555,1021122002,2357.33,0.05,61,87.6
3834,C-seqread,39850,39,59437,59,59,57,2160,78,1497,6533,3570085419,1021122002,2361.79,0.00,59,84.0
3835,C-seqread,39850,39,59406,59,59,57,2160,78,1497,6573,3574676779,1021122002,2350.78,0.00,60,88.0
3836,C-seqread,39850,39,59468,59,59,57,2160,78,1497,6533,3579282731,1021122002,2358.25,0.00,60,83.6
3837,C-seqread,39850,39,59250,59,59,57,2158,78,1497,6533,3583870507,1021122106,2348.94,0.05,59,86.8
3838,C-seqread,39850,39,59343,59,59,57,2163,78,1497,6573,3588491563,1021122106,2365.98,0.00,56,84.0
3839,C-seqread,39850,39,59656,59,59,57,2162,78,1420,6533,3593065259,1021122106,2341.73,0.00,61,90.0
3840,C-seqread,39850,39,59656,59,59,57,2162,78,1497,6533,3597632043,1021122106,2338.19,0.00,62,87.6
3841,C-seqread,39850,39,59437,59,59,57,2159,78,1497,6533,3602256171,1021122106,2367.55,0.00,56,87.2
3842,C-seqread,39850,39,59437,59,59,57,2160,78,1497,6573,3606883115,1021122226,2369.00,0.06,62,88.4
3843,C-seqread,39850,39,59406,59,59,57,2163,78,1497,6533,3611470891,1021122226,2348.94,0.00,61,81.6
3844,C-seqread,39850,39,59500,59,59,57,2158,78,1497,6573,3616086571,1021122226,2363.23,0.00,61,88.8
3845,C-seqread,39850,39,59562,59,59,57,2159,78,1497,6533,3620698667,1021122226,2361.39,0.00,55,86.4
3847,C-seqread,39850,39,59562,59,59,57,2159,78,1497,6573,3625296171,1021122226,2353.92,0.00,56,86.0
3848,C-seqread,39850,39,59468,59,59,57,2160,78,1497,6573,3629911595,1021122226,2363.10,0.00,59,82.8
3849,C-seqread,39850,39,59562,59,59,57,2159,78,1497,6573,3634550571,1021122330,2375.16,0.05,57,86.8
3850,C-seqread,39850,39,59593,59,59,57,2158,78,1497,6297,3637541675,1021122330,1531.45,0.00,31,58.4
3851,C-seqread,39850,39,59656,59,59,57,2159,78,1497,6492,3641072171,1021122330,1807.61,0.00,32,80.8
3852,C-seqread,39850,39,59468,59,59,57,2163,78,1420,6134,3644616235,1021122346,1814.56,0.01,30,81.6
3853,C-seqread,39850,39,59250,59,59,57,2160,78,1420,5929,3648312363,1021122346,1892.42,0.00,34,74.8
3854,C-seqread,39850,39,59312,59,59,57,2163,78,1420,5929,3652280619,1021122914,2031.75,0.29,32,82.8
3855,C-seqread,39850,39,59218,59,59,57,2165,78,1497,5929,3655882283,1021122914,1844.05,0.00,32,74.0
3856,C-seqread,39850,39,59343,59,59,57,2165,78,1497,5929,3659436075,1021122914,1819.54,0.00,32,82.0
3857,C-seqread,39850,39,59250,59,59,57,2163,78,729,5889,3662869291,1021123394,1757.81,0.25,31,79.2
3859,C-seqread,39850,39,59375,59,59,57,2167,78,1420,5929,3666448171,1021123394,1832.39,0.00,32,74.8
3860,C-seqread,39850,39,59562,59,59,57,2163,78,1420,5889,3670749227,1021123498,2202.14,0.05,31,92.4
3861,C-seqread,39850,39,59562,59,59,57,2167,78,1420,5929,3674268971,1021123498,1802.11,0.00,31,76.8
3862,C-seqread,39850,39,59218,59,59,57,2168,78,1420,5889,3677767467,1021123498,1791.23,0.00,31,70.4
3863,C-seqread,39850,39,59187,59,59,57,2170,78,806,5889,3681251627,1021123498,1783.89,0.00,31,72.4
3864,C-seqread,39850,39,59312,59,59,57,2167,78,1497,5929,3684750635,1021123602,1791.49,0.05,30,78.0
3865,C-seqread,39850,39,59406,59,59,57,2172,78,1497,5929,3688322091,1021123602,1828.59,0.00,31,74.4
3866,C-seqread,39850,39,59250,59,59,57,2172,78,1420,5929,3691811627,1021123618,1786.64,0.01,31,77.6
3867,C-seqread,39850,39,59375,59,59,57,2173,78,1344,5889,3695372587,1021123618,1823.21,0.00,32,71.6
3868,C-seqread,39850,39,59437,59,59,57,2173,78,1344,5929,3698949419,1021123618,1831.34,0.00,32,71.6
3869,C-seqread,39850,39,59562,59,59,57,2177,78,1497,5929,3702478123,1021123618,1806.70,0.00,32,77.2
3871,C-seqread,39850,39,59562,59,59,57,2175,78,1420,6379,3706194731,1021124234,1902.90,0.32,31,82.4
3872,C-seqread,39850,39,59375,59,59,57,2172,78,1420,5929,3709758251,1021124234,1824.52,0.00,31,78.4
3873,C-seqread,39850,39,59281,59,59,57,2170,78,729,5929,3713356587,1021124234,1842.35,0.00,31,72.0
3874,C-seqread,39850,39,59250,59,59,57,2172,78,1344,5929,3716956715,1021124234,1843.27,0.00,32,77.2
3875,C-seqread,39850,39,59312,59,59,57,2168,78,729,5889,3720381483,1021124234,1753.48,0.00,31,77.2
3876,C-seqread,39850,39,59531,59,59,57,2168,78,1190,5889,3723803179,1021124250,1751.91,0.01,33,77.6
3877,C-seqread,39850,39,59218,59,59,57,2165,78,1420,5929,3727410219,1021124386,1846.80,0.07,32,84.8
3878,C-seqread,39850,39,59343,59,59,57,2163,78,1420,5889,3730902827,1021124386,1788.22,0.00,30,75.2
3879,C-seqread,39850,39,59312,59,59,57,2163,78,1497,5889,3734442027,1021124386,1812.07,0.00,31,80.4
3880,C-seqread,39850,39,59218,59,59,57,2162,78,1344,5929,3737998891,1021124386,1821.11,0.00,30,76.0
3881,C-seqread,39850,39,59187,59,59,57,2162,78,1497,5929,3741637675,1021124386,1863.06,0.00,32,76.4
3883,C-seqread,39850,39,59250,59,59,57,2157,78,1420,5970,3745734443,1021124538,2097.55,0.08,31,82.4
3884,C-seqread,39850,39,59250,59,59,57,2158,78,1420,5929,3749256491,1021124538,1803.29,0.00,31,80.0
3885,C-seqread,39850,39,59281,59,59,57,2160,78,1420,5929,3752788267,1021124538,1808.27,0.00,31,70.4
3886,C-seqread,39850,39,59281,59,59,57,2160,78,1190,5929,3756383019,1021124538,1840.51,0.00,31,82.4
3887,C-seqread,39850,39,59187,59,59,57,2159,78,1497,5929,3760005163,1021124658,1854.54,0.06,31,77.6
3888,C-seqread,39850,39,59343,59,59,57,2160,78,1420,5929,3763488811,1021124658,1783.63,0.00,32,76.8
3889,C-seqread,39850,39,59281,59,59,57,2162,78,1420,5889,3766911275,1021124658,1752.30,0.00,30,73.2
3890,C-seqread,39850,39,59531,59,59,57,2160,78,1267,5889,3770380331,1021124658,1776.16,0.00,32,79.6
3891,C-seqread,39850,39,59156,59,59,57,2160,78,1420,5929,3773902635,1021124658,1803.42,0.00,32,76.0
3892,C-seqread,39850,39,59156,59,59,57,2160,78,1497,5929,3777394731,1021125298,1787.95,0.33,30,76.0
3893,C-seqread,39850,39,59125,59,59,57,2164,78,1267,5929,3780954411,1021125298,1822.56,0.00,32,69.2
3894,C-seqread,39850,39,59281,59,59,57,2162,78,729,5929,3784561963,1021125298,1847.07,0.00,31,81.6
3895,C-seqread,39850,39,59156,59,59,57,2163,78,729,5889,3788036395,1021125298,1778.91,0.00,31,73.2
3897,C-seqread,39850,39,59156,59,59,57,2160,78,1420,5929,3791608619,1021125298,1828.98,0.00,31,78.0
3898,C-seqread,39850,39,59281,59,59,57,2159,78,1420,5929,3795295787,1021125298,1887.83,0.00,32,74.4
3899,C-seqread,39850,39,59250,59,59,57,2160,78,1344,5929,3800383531,1021125410,2604.92,0.06,31,100.0
3900,C-seqread,39850,39,59187,59,59,57,2159,78,1420,5929,3803951403,1021125410,1826.75,0.00,30,72.0
3901,C-seqread,39850,39,59375,59,59,57,2159,78,1497,5929,3807476267,1021125410,1804.73,0.00,31,76.4
3902,C-seqread,39850,39,59375,59,59,57,2160,78,1497,5929,3811034923,1021125410,1822.03,0.00,32,76.0
3903,C-seqread,39850,39,59312,59,59,57,2162,78,1497,5889,3814582827,1021125546,1816.53,0.07,30,77.2
3905,C-seqread,39850,39,59375,59,59,57,2159,78,1344,5889,3817969963,1021125546,1734.21,0.00,30,74.0
3906,C-seqread,39850,39,59250,59,59,57,2162,78,1344,5929,3821475371,1021125546,1794.77,0.00,32,76.8
3907,C-seqread,39850,39,59187,59,59,57,2162,78,1497,5889,3824891179,1021125546,1748.89,0.00,31,76.4
3908,C-seqread,39850,39,59250,59,59,57,2162,78,1344,5929,3828450091,1021125546,1822.16,0.00,31,70.8
3909,C-seqread,39850,39,59218,59,59,57,2160,78,1497,5929,3832379947,1021125674,2012.09,0.07,32,82.8
3910,C-seqread,39850,39,59187,59,59,57,2160,78,1497,5929,3836026923,1021125674,1867.25,0.00,32,78.4
3911,C-seqread,39850,39,59312,59,59,57,2162,78,1036,5929,3839616811,1021125674,1838.02,0.00,32,68.8
3912,C-seqread,39850,39,59218,59,59,57,2160,78,1420,5929,3843178283,1021125674,1823.47,0.00,31,74.8
3913,C-seqread,39850,39,59281,59,59,57,2159,78,1497,5929,3846662443,1021125794,1783.89,0.06,31,77.2
3914,C-seqread,39850,39,59250,59,59,57,2159,78,1497,5929,3850159659,1021125810,1790.57,0.01,32,78.0
3915,C-seqread,39850,39,59156,59,59,57,2159,78,1420,5929,3853682987,1021125810,1803.94,0.00,31,80.0
3916,C-seqread,39850,39,60031,60,59,57,2160,78,1344,6543,3857136171,1021125810,1768.03,0.00,31,82.0
3918,C-seqread,39850,39,59937,59,60,57,2163,78,1497,6573,3860593707,1021125810,1770.26,0.00,31,82.0
3919,C-seqread,39850,39,60000,60,60,57,2160,78,1344,6614,3864156459,1021125930,1824.13,0.06,31,80.8
3920,C-seqread,39850,39,60250,60,60,57,2159,78,1344,6614,3867669035,1021125938,1798.44,0.00,32,83.2
3921,C-seqread,39850,39,59750,59,59,57,2160,78,1497,6614,3871218219,1021125938,1817.18,0.00,31,81.6
3922,C-seqread,39850,39,59875,59,59,57,2163,78,1497,6655,3874781739,1021125938,1824.52,0.00,32,77.2
3923,C-seqread,39850,39,59843,59,59,58,2160,78,1497,6614,3878301483,1021125938,1802.11,0.00,31,85.6
3924,C-seqread,39850,39,59750,59,60,58,2163,78,1497,6614,3881738027,1021125938,1759.51,0.00,32,79.2
3925,C-seqread,39850,39,60031,60,60,57,2162,78,1497,6614,3885129771,1021126034,1736.57,0.05,31,77.2
3926,C-seqread,39850,39,60125,60,60,57,2162,78,1497,6614,3888545579,1021126034,1748.89,0.00,32,82.8
3927,C-seqread,39850,39,60062,60,60,57,2160,78,1190,6614,3892020523,1021126034,1779.17,0.00,32,82.0
3928,C-seqread,39850,39,60406,60,60,57,2160,78,1344,6614,3895540523,1021126034,1802.24,0.00,31,86.0
3929,C-seqread,39850,39,60125,60,60,57,2162,78,1420,6614,3899027243,1021126034,1785.20,0.00,33,82.8
3930,C-seqread,39850,39,60500,60,60,58,2163,78,1497,6614,3902495531,1021126138,1775.76,0.05,31,86.0
3931,C-seqread,39850,39,59937,59,59,57,2163,78,1344,6614,3906055467,1021126138,1822.69,0.00,32,85.2
3933,C-seqread,39850,39,59906,59,59,58,2160,78,1497,6573,3909620779,1021126138,1825.44,0.00,32,81.2
3934,C-seqread,39850,39,59875,59,60,58,2163,78,1497,6533,3913098027,1021126202,1780.35,0.03,32,75.6
3935,C-seqread,39850,39,59812,59,59,58,2165,78,1497,6533,3916514603,1021126346,1749.29,0.07,32,81.2
3936,C-seqread,39850,39,60218,60,60,58,2162,78,1497,6614,3919984427,1021126346,1776.55,0.00,31,76.4
3937,C-seqread,39850,39,60343,60,60,58,2162,78,1497,6614,3923523627,1021126346,1812.07,0.00,31,81.6
3938,C-seqread,39850,39,60531,60,60,58,2160,78,1497,6614,3926960939,1021126346,1759.90,0.00,31,82.8
3939,C-seqread,39850,39,60343,60,60,58,2160,78,1267,6573,3930414891,1021126346,1768.42,0.00,31,77.6
3940,C-seqread,39850,39,60156,60,60,58,2162,78,1497,6614,3933841707,1021126346,1754.53,0.00,32,87.2
3941,C-seqread,39850,39,60156,60,60,58,2163,78,806,6614,3937340459,1021126450,1791.36,0.05,30,82.8
3942,C-seqread,39850,39,60218,60,60,58,2163,78,1497,6614,3940650027,1021126450,1694.50,0.00,32,83.6
3943,C-seqread,39850,39,60093,60,60,58,2160,78,1344,6614,3944170027,1021126450,1802.24,0.00,32,86.0
3944,C-seqread,39850,39,60312,60,60,58,2163,78,1420,6614,3947768875,1021126450,1842.61,0.00,31,86.8
3945,C-seqread,39850,39,60375,60,60,58,2163,78,1420,6614,3951251755,1021126610,1783.23,0.08,31,85.6
3946,C-seqread,39850,39,60312,60,60,58,2162,78,1497,6614,3954732843,1021126610,1782.32,0.00,32,84.0
3948,C-seqread,39850,39,60562,60,60,58,2165,78,1190,6573,3958122539,1021126610,1735.52,0.00,31,81.6
3949,C-seqread,39850,39,60718,60,60,58,2163,78,1497,6614,3961595691,1021126610,1778.25,0.00,31,81.6
3950,C-seqread,39850,39,60750,60,60,58,2163,78,1497,6614,3965101355,1021126610,1794.90,0.00,31,84.4
3951,C-seqread,39850,39,60468,60,60,58,2162,78,1267,6614,3968539179,1021126722,1760.17,0.06,32,83.2
3952,C-seqread,39850,39,60406,60,60,58,2241,85,1497,6573,3972103467,1021126722,1824.92,0.00,32,85.2
3953,C-seqread,39850,39,60531,60,60,58,2382,85,1497,6614,3975582251,1021126722,1781.14,0.00,32,85.2
3954,C-seqread,39850,39,60406,60,60,58,2398,85,1267,6614,3979116331,1021126722,1809.45,0.00,31,81.2
3955,C-seqread,39850,39,60468,60,60,58,2400,85,1497,6614,3982616107,1021126722,1791.89,0.00,30,80.0
3956,C-seqread,39850,39,60562,60,60,58,2302,80,1497,6614,3986085419,1021126818,1776.29,0.05,32,84.8
3957,C-seqread,39850,39,60500,60,60,58,2240,80,1267,6614,3989493291,1021126826,1744.83,0.00,30,80.8
3958,C-seqread,39850,39,60718,60,60,58,2325,84,1497,6614,3992974635,1021126826,1782.45,0.00,31,82.8
3959,C-seqread,39850,39,60750,60,60,58,2360,84,1420,6614,3996450091,1021126826,1779.43,0.00,32,84.4
3960,C-seqread,39850,39,60125,60,60,58,2288,81,1497,6573,3999909419,1021126826,1771.18,0.00,32,80.4
3961,C-seqread,39850,39,60500,60,60,58,2268,81,1497,7104,4003423531,1021127114,1799.23,0.15,32,88.4
3963,C-seqread,39850,39,60312,60,60,58,2264,81,1497,6982,4006863659,1021127114,1761.35,0.00,31,86.4
3964,C-seqread,39850,39,60281,60,60,58,2264,81,1497,6655,4010424107,1021127114,1822.95,0.00,31,83.2
3965,C-seqread,39850,39,60375,60,60,58,2264,81,1497,6614,4013930027,1021127114,1795.03,0.00,32,80.8
3966,C-seqread,39850,39,60312,60,60,58,2264,81,1497,6614,4017410347,1021153282,1781.92,13.40,253,82.4
3967,C-seqread,39850,39,60406,60,60,58,2264,81,1497,6614,4020686891,1021238066,1677.59,43.41,31,80.4
3968,C-seqread,39850,39,60500,60,60,58,2264,81,1497,6614,4024212779,1021238066,1805.25,0.00,30,76.0
3969,C-seqread,39850,39,60281,60,60,58,2266,81,1497,6655,4027677739,1021238082,1774.06,0.01,32,81.2
3970,C-seqread,39850,39,60187,60,60,58,2262,81,1497,6297,4030047787,1021238082,1213.46,0.00,32,55.6
3971,C-seqread,39850,39,60625,60,60,58,2264,81,1497,6941,4034482987,1021348490,2270.82,56.53,27,84.4
3972,C-seqread,39850,39,60093,60,60,58,2264,81,1497,6175,4039140651,1021349338,2384.72,0.43,31,86.0
3973,C-seqread,39850,39,60000,60,60,58,2264,81,1420,5970,4043833643,1021349338,2402.81,0.00,31,81.6
3974,C-seqread,39850,39,59937,59,59,58,2266,81,1267,5970,4048522795,1021349338,2400.85,0.00,14,80.4
3975,C-seqread,39850,39,60031,60,60,58,2262,81,1420,5970,4053206571,1021349338,2398.09,0.00,31,80.4
3976,C-seqread,39850,39,59812,59,59,58,2268,81,729,5929,4057871147,1021349362,2388.26,0.01,30,76.0
3978,C-seqread,39850,39,60062,60,60,58,2262,81,1344,6011,4062542123,1021349362,2391.54,0.00,32,80.0
3979,C-seqread,39850,39,60031,60,60,58,2266,81,1420,6011,4067201067,1021349498,2385.38,0.07,30,86.8
3980,C-seqread,39850,39,59937,59,59,58,2264,81,1420,5970,4071885611,1021349498,2398.49,0.00,32,76.8
3981,C-seqread,39850,39,59812,59,59,58,2266,81,1420,6011,4076575019,1021349498,2400.98,0.00,31,84.4
3982,C-seqread,39850,39,59812,59,59,58,2264,81,1267,5970,4081274155,1021349498,2405.96,0.00,3,82.0
3983,C-seqread,39850,39,59937,59,59,58,2266,81,1420,6011,4085868587,1021349602,2352.35,0.05,32,82.8
3984,C-seqread,39850,39,59937,59,59,58,2264,81,1344,5929,4090435371,1021349610,2338.19,0.00,19,73.2
3985,C-seqread,39850,39,59812,59,59,58,2264,81,1267,5970,4095020843,1021349610,2347.76,0.00,31,86.8
3986,C-seqread,39850,39,59875,59,59,58,2266,81,1267,6011,4099634219,1021349610,2362.05,0.00,32,76.8
3987,C-seqread,39850,39,59843,59,59,58,2262,81,1420,6011,4104302891,1021349610,2390.36,0.00,31,76.4
3988,C-seqread,39850,39,60125,60,59,58,2262,81,1344,5970,4108988459,1021349618,2399.01,0.00,32,80.4
3989,C-seqread,39850,39,60093,60,59,58,2264,81,1344,5970,4113675307,1021349722,2399.67,0.05,19,78.8
3990,C-seqread,39850,39,59937,59,60,58,2262,81,1344,5970,4118345771,1021349722,2391.28,0.00,31,83.2
3991,C-seqread,39850,39,59812,59,59,58,2264,81,1420,5970,4123021355,1021349722,2393.90,0.00,32,76.8
3993,C-seqread,39850,39,59812,59,59,58,2266,81,1497,6011,4127689771,1021349722,2390.23,0.00,6,76.8
3994,C-seqread,39850,39,59812,59,59,58,2266,81,1497,5970,4132327467,1021349826,2374.50,0.05,6,78.4
3995,C-seqread,39850,39,59968,59,59,58,2266,81,1420,5970,4137005867,1021349826,2395.34,0.00,31,75.6
3996,C-seqread,39850,39,59750,59,59,58,2262,81,1344,5970,4141669675,1021349826,2387.87,0.00,31,78.4
3997,C-seqread,39850,39,59750,59,59,58,2264,81,1497,5970,4146302251,1021349826,2371.88,0.00,32,82.0
3998,C-seqread,39850,39,60062,60,60,58,2262,81,1420,5970,4150929963,1021349826,2369.39,0.00,32,81.2
3999,C-seqread,39850,39,59750,59,59,58,2262,81,729,5970,4155536939,1021349826,2358.77,0.00,32,76.8
4000,C-seqread,39850,39,59781,59,59,58,2262,81,729,6011,4160101163,1021349930,2336.88,0.05,32,78.8
4001,C-seqread,39850,39,59875,59,59,58,2264,81,1497,5929,4164686123,1021349954,2347.50,0.01,30,76.0
4002,C-seqread,39850,39,59718,59,59,57,2264,81,1344,5970,4169343275,1021351018,2384.46,0.54,31,75.6
4003,C-seqread,39850,39,59718,59,59,58,2264,81,1497,5970,4174048043,1021351018,2408.84,0.00,31,79.2
4004,C-seqread,39850,39,59875,59,59,58,2266,81,1420,5970,4178740011,1021351018,2402.29,0.00,32,78.4
4005,C-seqread,39850,39,59781,59,59,58,2266,81,1497,5684,4181947691,1021351154,1642.33,0.07,25,47.2
4006,C-seqread,39850,39,59656,59,59,58,2268,81,1344,5889,4186482475,1021351154,2321.81,0.00,8,85.2
4008,C-seqread,39850,39,59656,59,59,58,2268,81,1497,5970,4191043115,1021351170,2335.05,0.01,31,79.6
4009,C-seqread,39850,39,59781,59,59,58,2264,81,1420,5970,4195632939,1021351170,2349.99,0.00,31,80.4
4010,C-seqread,39850,39,59718,59,59,58,2262,81,1420,5929,4200167723,1021351170,2321.81,0.00,35,73.6
4011,C-seqread,39850,39,59718,59,59,57,2264,81,1420,5929,4204720171,1021351722,2330.85,0.28,30,74.4
4012,C-seqread,39850,39,59687,59,59,58,2264,81,1267,5929,4209317675,1021351722,2353.92,0.00,31,77.2
4013,C-seqread,39850,39,60125,60,59,58,2262,81,1420,6379,4213922347,1021351722,2357.59,0.00,31,73.2
4014,C-seqread,39850,39,60281,60,59,58,2266,81,1497,6696,4218554411,1021351722,2371.62,0.00,30,78.4
4015,C-seqread,39850,39,60218,60,60,58,2262,81,1497,6655,4222559019,1021572850,2050.36,113.22,31,81.6
4016,C-seqread,39850,39,60031,60,60,58,2262,81,1497,6614,4227159595,1021572850,2355.49,0.00,31,76.0
4017,C-seqread,39850,39,60187,60,60,58,2264,81,1497,6696,4231787563,1021572850,2369.52,0.00,20,77.2
4018,C-seqread,39850,39,59968,59,60,58,2266,81,1497,6655,4235852587,1021793466,2081.29,112.96,31,82.0
4019,C-seqread,39850,39,60125,60,60,58,2264,81,1497,6614,4240510763,1021793466,2384.99,0.00,32,78.4
4020,C-seqread,39850,39,60156,60,60,58,2264,81,1497,6696,4245140011,1021793986,2370.17,0.27,31,81.2
4022,C-seqread,39850,39,60062,60,60,58,2264,81,1497,6737,4249794091,1021793986,2382.89,0.00,31,80.4
4023,C-seqread,39850,39,60187,60,60,58,2264,81,1497,6696,4253817131,1022014602,2059.80,112.96,32,84.8
4024,C-seqread,39850,39,60125,60,60,58,2264,81,1497,6696,4258456875,1022014602,2375.55,0.00,30,78.0
4025,C-seqread,39850,39,60125,60,60,58,2264,81,1497,6737,4263067947,1022015114,2360.87,0.26,31,85.2
4026,C-seqread,39850,39,60125,60,60,58,2259,81,1497,6614,4267100459,1022235730,2064.65,112.96,30,75.2
4027,C-seqread,39850,39,60062,60,60,58,2262,81,1497,6614,4271687723,1022235730,2348.68,0.00,32,79.6
4028,C-seqread,39850,39,60218,60,60,58,2270,81,1497,6696,4276326443,1022235730,2375.02,0.00,32,74.4
4029,C-seqread,39850,39,60312,60,60,58,2268,81,1497,6655,4280370731,1022456346,2070.68,112.96,32,88.4
4030,C-seqread,39850,39,60468,60,60,58,2271,81,1497,6614,4284997675,1022456850,2369.00,0.26,32,77.6
4031,C-seqread,39850,39,60218,60,60,58,2269,81,1497,6696,4289642283,1022456850,2378.04,0.00,30,76.8
4032,C-seqread,39850,39,60343,60,60,58,2267,81,1497,6655,4293723947,1022677466,2089.81,112.96,32,83.6
4033,C-seqread,39850,39,60593,60,60,58,2269,81,1497,6573,4298338091,1022677466,2362.44,0.00,31,81.6
4034,C-seqread,39850,39,60468,60,60,58,2266,81,1497,6655,4302981931,1022677466,2377.65,0.00,32,76.4
4036,C-seqread,39850,39,60593,60,60,58,2266,81,1497,6778,4307492139,1022701066,2309.23,12.08,332,72.4
4037,C-seqread,39850,39,60437,60,60,58,2264,81,1497,7104,4311527467,1022899418,2066.09,101.56,30,78.8
4038,C-seqread,39850,39,60750,60,60,58,2267,81,1497,7227,4316100139,1022899466,2341.21,0.02,30,85.6
4039,C-seqread,39850,39,60625,60,60,58,2267,81,1497,7308,4320660011,1022899474,2334.65,0.00,30,90.4
4040,C-seqread,39850,39,60687,60,60,58,2268,81,1497,7227,4324634155,1023120090,2034.76,112.96,32,89.2
4041,C-seqread,39850,39,60812,60,60,58,2266,81,1497,7023,4327688747,1023120626,1563.95,0.27,31,62.0
4042,C-seqread,39850,39,60687,60,60,58,2264,81,1497,7227,4332335659,1023120626,2379.22,0.00,32,84.0
4043,C-seqread,39850,39,60937,60,60,58,2264,81,1497,7227,4336441387,1023341242,2102.13,112.96,31,83.2
4044,C-seqread,39850,39,60656,60,61,58,2264,81,1497,7186,4341128491,1023341242,2399.80,0.00,31,91.2
4045,C-seqread,39850,39,60625,60,60,58,2266,81,1497,7227,4345797675,1023341242,2390.62,0.00,31,79.6
4046,C-seqread,39850,39,60531,60,60,58,2264,81,1497,7227,4349842731,1023562730,2071.07,113.40,32,70.8
4047,C-seqread,39850,39,60875,60,60,58,2264,81,1497,7227,4354530603,1023562730,2400.19,0.00,32,87.2
4048,C-seqread,39850,39,60937,60,60,58,2264,81,1497,7227,4359210027,1023562730,2395.87,0.00,29,82.4
4049,C-seqread,39850,39,61437,61,61,58,2262,81,1497,7308,4363849515,1023562730,2375.42,0.00,30,87.6
4051,C-seqread,39850,39,61093,61,61,58,2264,81,1497,7186,4367920427,1023783346,2084.31,112.96,33,94.8
4052,C-seqread,39850,39,61093,61,61,58,2266,81,1497,7268,4372605483,1023783866,2398.75,0.27,31,88.8
4053,C-seqread,39850,39,61312,61,61,59,2264,81,1497,7268,4376682539,1024004482,2087.45,112.96,30,91.6
4054,C-seqread,39850,39,61156,61,61,58,2264,81,1497,7308,4381356587,1024004482,2393.11,0.00,31,93.2
4055,C-seqread,39850,39,61250,61,61,59,2264,81,1497,7308,4385654571,1024188162,2200.57,94.04,177,94.8
4056,C-seqread,39850,39,61375,61,61,58,2268,81,1497,7268,4390217003,1024225602,2335.97,19.17,30,88.0
4057,C-seqread,39850,39,61125,61,60,58,2268,81,1497,7268,4394874411,1024225602,2384.59,0.00,31,83.2
4058,C-seqread,39850,39,60750,60,60,58,2268,81,1497,7063,4398158123,1024446218,1681.26,112.96,31,91.2
4059,C-seqread,39850,39,60687,60,60,58,2269,81,1497,6941,4402826027,1024446218,2389.97,0.00,32,83.2
4060,C-seqread,39850,39,60843,60,60,58,2269,81,1497,6696,4407465771,1024446218,2375.55,0.00,31,76.0
4061,C-seqread,39850,39,60625,60,60,58,2271,81,1497,6696,4412159531,1024447378,2403.21,0.59,32,80.0
4062,C-seqread,39850,39,60687,60,60,58,2279,81,1497,6696,4416839211,1024447378,2396.00,0.00,31,78.0
4063,C-seqread,39850,39,61187,61,61,58,2284,81,1497,6655,4421538859,1024447378,2406.22,0.00,31,73.2
4064,C-seqread,39850,39,60687,60,60,58,2284,81,1497,6655,4426211115,1024447386,2392.20,0.00,32,82.4
4066,C-seqread,39850,39,61093,61,61,58,2288,81,1497,6655,4430829355,1024447386,2364.54,0.00,28,76.4
4067,C-seqread,39850,39,60875,60,60,59,2290,81,1497,6696,4435516203,1024447498,2399.67,0.06,31,76.4
4068,C-seqread,39850,39,60750,60,60,58,2290,81,1497,6696,4440212011,1024447498,2404.25,0.00,31,77.6
4069,C-seqread,39850,39,60812,60,60,58,2286,81,1497,6696,4444914987,1024447506,2407.92,0.00,31,74.4
4070,C-seqread,39850,39,60968,60,60,58,2288,81,1497,6737,4449539883,1024447506,2367.95,0.00,31,83.6
4071,C-seqread,39850,39,60937,60,60,58,2291,81,1497,6696,4454240043,1024447506,2406.48,0.00,33,74.0
4072,C-seqread,39850,39,61093,61,60,59,2292,81,1497,6982,4458847531,1024449506,2359.03,1.02,31,83.6
4073,C-seqread,39850,39,61031,61,60,58,2291,81,1497,6737,4463523883,1024449506,2394.29,0.00,32,80.0
4074,C-seqread,39850,39,60937,60,60,59,2293,81,1497,6696,4468172331,1024449538,2380.01,0.02,31,76.0
4075,C-seqread,39850,39,60843,60,60,58,2293,81,1497,6696,4472821035,1024449538,2380.14,0.00,30,79.6
4076,C2-seqwrite-burst,39850,39,60875,60,60,58,2295,81,1497,6175,4475158827,1024559106,1196.95,56.10,31,56.4
4077,C2-seqwrite-burst,39850,39,60562,60,60,58,2299,81,1497,6093,4475158827,1025072210,0.00,262.71,32,100.0
4078,C2-seqwrite-burst,39850,39,60750,60,60,58,2297,81,1497,6134,4475158827,1025402450,0.00,169.08,32,100.0
4080,C2-seqwrite-burst,39850,39,60781,60,60,58,2301,81,1497,6093,4475158827,1025732434,0.00,168.95,32,100.0
4081,C2-seqwrite-burst,39850,39,60562,60,60,58,2299,81,1497,6093,4475158827,1026050386,0.00,162.79,32,100.0
4082,C2-seqwrite-burst,39850,39,60625,60,60,58,2305,81,1497,6175,4475158827,1026368082,0.00,162.66,32,100.0
4083,C2-seqwrite-burst,39850,39,60562,60,60,58,2301,81,1497,6093,4475158827,1026685882,0.00,162.71,32,100.0
4084,C2-seqwrite-burst,39850,39,60625,60,60,58,2302,81,1497,6175,4475158827,1027503290,0.00,418.51,31,97.6
4085,C2-seqwrite-burst,39850,39,60593,60,60,59,2303,81,1497,6297,4475158827,1029160890,0.00,848.69,32,86.8
4086,C2-seqwrite-burst,39850,39,60687,60,60,58,2301,81,1497,6297,4475158827,1030821050,0.00,850.00,31,89.2
4087,C2-seqwrite-burst,39850,39,60625,60,60,58,2301,81,1497,6297,4475158827,1032483626,0.00,851.24,31,88.0
4088,C2-seqwrite-burst,39850,39,60625,60,60,58,2304,81,1497,6297,4475158827,1034153258,0.00,854.85,31,86.4
4089,C2-seqwrite-burst,39850,39,60781,60,60,59,2306,81,1497,6338,4475158827,1035819818,0.00,853.28,32,92.4
4090,C2-seqwrite-burst,39850,39,60781,60,60,58,2295,81,1497,6297,4475158827,1037466922,0.00,843.32,31,82.4
4091,C2-seqwrite-burst,39850,39,60625,60,60,58,2279,81,1497,6297,4475158827,1039118890,0.00,845.81,32,86.4
4092,C2-seqwrite-burst,39850,39,60406,60,60,58,2277,81,1420,5766,4475158827,1040797082,0.00,859.23,31,88.4
4093,C2-seqwrite-burst,39850,39,60187,60,60,58,2275,81,729,5643,4475158827,1042459034,0.00,850.92,32,82.8
4095,C2-seqwrite-burst,39850,39,60343,60,60,58,2271,81,1497,5725,4475158827,1044123290,0.00,852.10,31,84.8
4096,C2-seqwrite-burst,39850,39,60312,60,60,58,2268,81,1344,5643,4475158827,1045798810,0.00,857.87,31,84.8
4097,C2-seqwrite-burst,39850,39,60312,60,60,58,2266,81,1497,5684,4475158827,1047474330,0.00,857.87,32,83.6
4098,C2-seqwrite-burst,39850,39,60156,60,60,58,2270,81,1344,5684,4475158827,1049146362,0.00,856.08,32,87.6
4099,C2-seqwrite-burst,39850,39,60187,60,60,58,2268,81,1344,5643,4475158827,1050803962,0.00,848.69,32,82.0
4100,C2-seqwrite-burst,39850,39,60125,60,60,58,2264,81,1497,5643,4475158827,1052466698,0.00,851.32,32,87.6
4101,C2-seqwrite-burst,39850,39,60375,60,60,58,2266,81,1344,5643,4475158827,1054124554,0.00,848.82,31,82.4
4102,C2-seqwrite-burst,39850,39,59968,59,60,58,2266,81,1344,5643,4475158827,1055775746,0.00,845.41,28,86.0
4103,C2-seqwrite-burst,39850,39,60093,60,60,58,2266,81,1344,5684,4475158827,1057441826,0.00,853.03,32,83.2
4104,C2-seqwrite-burst,39850,39,60062,60,60,58,2268,81,1344,5643,4475158827,1059122722,0.00,860.62,32,82.4
4105,C2-seqwrite-burst,39850,39,60031,60,60,58,2268,81,1344,5684,4475158827,1060806434,0.00,862.06,31,82.8
4106,C2-seqwrite-burst,39850,39,60031,60,60,58,2268,81,1497,5643,4475158827,1062486818,0.00,860.36,32,84.8
4107,C2-seqwrite-burst,39850,39,60000,60,60,58,2266,81,1344,5643,4475158827,1064158386,0.00,855.84,31,82.8
4109,C2-seqwrite-burst,39850,39,60062,60,60,58,2266,81,1344,5684,4475158827,1065838258,0.00,860.09,32,80.8
4110,C2-seqwrite-burst,39850,39,60000,60,60,58,2264,81,1420,5684,4475158827,1067522274,0.00,862.22,32,83.6
4111,C2-seqwrite-burst,39850,39,59937,59,59,58,2268,81,1420,5643,4475158827,1069190114,0.00,853.93,31,88.0
4112,C2-seqwrite-burst,39850,39,60156,60,60,58,2266,81,1267,5684,4475158827,1070864354,0.00,857.21,32,86.4
4113,C2-seqwrite-burst,39850,39,60250,60,60,58,2268,81,1267,5643,4475158827,1072543074,0.00,859.50,31,88.0
4114,C2-seqwrite-burst,39850,39,60062,60,60,58,2264,81,1344,5643,4475158827,1074204514,0.00,850.66,31,80.4
4115,C2-seqwrite-burst,39850,39,60062,60,60,58,2264,81,1497,5684,4475158827,1075884386,0.00,860.09,28,84.8
4116,C2-seqwrite-burst,39850,39,59875,59,60,58,2268,81,1344,5684,4475158827,1077551970,0.00,853.80,32,84.0
4117,C2-seqwrite-burst,39850,39,59937,59,59,58,2266,81,1420,5643,4475158827,1079224522,0.00,856.35,6,87.2
4118,C2-seqwrite-burst,39850,39,59875,59,59,58,2264,81,1267,5643,4475158827,1080891594,0.00,853.54,32,81.2
4119,C2-seqwrite-burst,39850,39,59687,59,59,58,2262,81,729,5520,4475158827,1082369226,0.00,756.55,32,89.2
4120,C2-seqwrite-burst,39850,39,59875,59,59,58,2262,81,1267,5398,4475158827,1082956234,0.00,300.55,32,100.0
4121,C2-seqwrite-burst,39850,39,59781,59,59,58,2264,81,1344,5480,4475158827,1083286218,0.00,168.95,32,100.0
4123,C2-seqwrite-burst,39850,39,60062,60,59,58,2266,81,1344,5439,4475158827,1083616314,0.00,169.01,32,100.0
4124,C2-seqwrite-burst,39850,39,59656,59,59,58,2264,81,1497,5439,4475158827,1083921978,0.00,156.50,32,100.0
4125,C2-seqwrite-burst,39850,39,60031,60,60,58,2266,81,960,5480,4475158827,1084251706,0.00,168.82,32,100.0
4126,C2-seqwrite-burst,39850,39,59718,59,59,58,2268,81,1267,5439,4475158827,1084581690,0.00,168.95,32,100.0
4127,C2-seqwrite-burst,39850,39,59812,59,60,58,2266,81,1497,5398,4475158827,1085163162,0.00,297.71,32,100.0
4128,C2-seqwrite-burst,39850,39,59718,59,59,58,2266,81,729,5643,4475158827,1086831514,0.00,854.20,31,89.2
4129,C2-seqwrite-burst,39850,39,59656,59,59,58,2266,81,1497,5398,4475158827,1087528346,0.00,356.78,32,100.0
4130,C2-seqwrite-burst,39850,39,59906,59,59,58,2266,81,1344,5439,4475158827,1087858330,0.00,168.95,32,100.0
4131,C2-seqwrite-burst,39850,39,59687,59,59,58,2266,81,1344,5439,4475158827,1088188570,0.00,169.08,32,100.0
4132,C2-seqwrite-burst,39850,39,59625,59,59,58,2262,81,1344,5439,4475158827,1088506386,0.00,162.72,32,100.0
4134,C2-seqwrite-burst,39850,39,59750,59,59,58,2266,81,1344,5439,4475158827,1088836370,0.00,168.95,32,100.0
4135,C2-seqwrite-burst,39850,39,59750,59,59,58,2264,81,729,5439,4475158827,1089154322,0.00,162.79,32,100.0
4136,C2-seqwrite-burst,39850,39,59718,59,59,58,2266,81,1344,5275,4475158827,1089520930,0.00,187.70,32,100.0
4137,C2-seqwrite-burst,39850,39,59812,59,59,58,2268,81,1190,5602,4475158827,1091084330,0.00,800.46,32,83.2
4138,C2-seqwrite-burst,39850,39,59781,59,59,58,2268,81,806,5357,4475158827,1092076082,0.00,507.78,31,93.6
4139,C2-seqwrite-burst,39850,39,59562,59,59,58,2266,81,806,5439,4475158827,1092479794,0.00,206.70,32,100.0
4140,C2-seqwrite-burst,39850,39,59718,59,59,57,2266,81,1497,5439,4475158827,1092810034,0.00,169.08,32,100.0
4141,C2-seqwrite-burst,39850,39,59687,59,59,58,2264,81,1344,5439,4475158827,1093127730,0.00,162.66,32,100.0
4142,C2-seqwrite-burst,39850,39,59718,59,59,58,2264,81,1344,5439,4475158827,1093445522,0.00,162.71,32,100.0
4143,C2-seqwrite-burst,39850,39,59625,59,59,58,2267,81,729,5439,4475158827,1093763474,0.00,162.79,32,100.0
4144,C2-seqwrite-burst,39850,39,59437,59,59,57,2266,81,1344,5316,4475158827,1094118034,0.00,181.53,32,100.0
4145,C2-seqwrite-burst,39850,39,59625,59,59,57,2266,81,1267,5152,4475158827,1094325906,0.00,106.43,32,100.0
4147,D-randread-sweep,39850,39,59562,59,59,57,2268,81,1267,5398,4475158827,1094407314,0.00,41.68,0,72.0
4148,D-randread-sweep,39850,39,59437,59,59,58,2266,81,1344,5316,4475228403,1094407890,35.62,0.29,1,93.2
4149,D-randread-sweep,39850,39,59437,59,59,58,2266,81,1497,5275,4475299347,1094407890,36.32,0.00,1,94.0
4150,D-randread-sweep,39850,39,59656,59,59,57,2266,81,1420,5275,4475370707,1094407890,36.54,0.00,1,98.8
4151,D-randread-sweep,39850,39,59593,59,59,57,2266,81,1344,5316,4475442227,1094407890,36.62,0.00,1,94.8
4152,D-randread-sweep,39850,39,59406,59,59,57,2268,81,1344,5275,4475514211,1094407890,36.86,0.00,0,94.8
4153,D-randread-sweep,39850,39,59593,59,59,57,2264,81,1497,5275,4475584683,1094408002,36.08,0.06,1,95.2
4154,D-randread-sweep,39850,39,59593,59,59,57,2264,81,1036,5275,4475655851,1094408002,36.44,0.00,1,94.0
4155,D-randread-sweep,39850,39,59406,59,59,57,2264,81,806,5275,4475726659,1094408002,36.25,0.00,1,96.8
4156,D-randread-sweep,39850,39,59937,59,59,57,2264,81,1497,5766,4475798475,1094408002,36.77,0.00,1,93.2
4157,D-randread-sweep,39850,39,59562,59,59,58,2266,81,1497,5889,4475870211,1094408002,36.73,0.00,1,96.4
4158,D-randread-sweep,39850,39,59593,59,59,58,2264,81,1497,5970,4475926123,1094408106,28.63,0.05,1,95.6
4159,D-randread-sweep,39850,39,59562,59,59,58,2262,81,1497,5929,4475995235,1094408106,35.39,0.00,0,97.2
4160,D-randread-sweep,39850,39,59687,59,59,58,2264,81,1497,5970,4476064731,1094408106,35.58,0.00,1,97.6
4161,D-randread-sweep,39850,39,59843,59,59,58,2266,81,1497,5970,4476134523,1094408106,35.73,0.00,1,97.6
4163,D-randread-sweep,39850,39,59656,59,59,58,2266,81,1497,5970,4476204171,1094408106,35.66,0.00,1,94.4
4164,D-randread-sweep,39850,39,59562,59,59,58,2266,81,1497,5970,4476275771,1094408226,36.66,0.06,1,90.4
4165,D-randread-sweep,39850,39,59718,59,59,58,2266,81,1497,5929,4476345123,1094408226,35.51,0.00,1,95.2
4166,D-randread-sweep,39850,39,59750,59,59,58,2266,81,1497,5970,4476414603,1094408226,35.57,0.00,1,95.2
4167,D-randread-sweep,39850,39,59812,59,59,58,2264,81,1497,5929,4476486027,1094408226,36.57,0.00,1,94.4
4168,D-randread-sweep,39850,39,59656,59,59,58,2264,81,1497,5970,4476556875,1094408226,36.27,0.00,1,94.0
4169,D-randread-sweep,39850,39,59656,59,59,57,2262,81,1497,5970,4476626699,1094408322,35.75,0.05,1,93.6
4170,D-randread-sweep,39850,39,59687,59,59,57,2264,81,1497,5970,4476695947,1094408330,35.45,0.00,1,99.6
4171,D-randread-sweep,39850,39,59593,59,59,58,2268,81,1497,5970,4476766227,1094408346,35.98,0.01,1,94.4
4172,D-randread-sweep,39850,39,59812,59,60,57,2262,81,1497,6257,4476835955,1094408346,35.70,0.00,1,96.0
4173,D-randread-sweep,39850,39,59937,59,59,58,2268,81,1497,6011,4476910339,1094408706,38.08,0.18,1,98.8
4174,D-randread-sweep,39850,39,60062,60,60,57,2264,81,1344,5889,4476986019,1094409218,38.75,0.26,1,96.4
4175,D-randread-sweep,39850,39,60125,60,60,58,2264,81,1420,5929,4477056227,1094409226,35.95,0.00,1,97.6
4176,D-randread-sweep,39850,39,60000,60,60,57,2264,81,1420,5970,4477124539,1094409226,34.98,0.00,1,95.2
4177,D-randread-sweep,39850,39,60031,60,60,57,2266,81,1420,5970,4477195507,1094409242,36.34,0.01,1,94.4
4178,D-randread-sweep,39850,39,60156,60,60,58,2266,81,1420,6011,4477264147,1094409242,35.14,0.00,1,96.8
4179,D-randread-sweep,39850,39,59968,59,60,57,2268,81,1420,5929,4477335419,1094409378,36.49,0.07,1,94.4
4181,D-randread-sweep,39850,39,60031,60,60,57,2268,81,1420,5970,4477406131,1094409386,36.20,0.00,0,92.8
4182,D-randread-sweep,39850,39,60156,60,60,57,2264,81,1420,5929,4477477307,1094409434,36.44,0.02,1,93.2
4183,D-randread-sweep,39850,39,60218,60,60,58,2262,81,1420,5970,4477548523,1094409434,36.46,0.00,1,95.6
4184,D-randread-sweep,39850,39,60281,60,60,57,2264,81,1497,5970,4477618659,1094409434,35.91,0.00,1,93.2
4185,D-randread-sweep,39850,39,60062,60,60,57,2262,81,1497,5929,4477690043,1094409554,36.55,0.06,1,94.0
4186,D-randread-sweep,39850,39,60125,60,60,58,2266,81,1420,5970,4477758715,1094409562,35.16,0.00,1,95.2
4187,D-randread-sweep,39850,39,60125,60,60,58,2266,81,1420,5970,4477828923,1094409562,35.95,0.00,1,94.4
4188,D-randread-sweep,39850,39,60031,60,60,58,2269,81,1420,5929,4477900123,1094409562,36.45,0.00,1,96.4
4189,D-randread-sweep,39850,39,60031,60,60,57,2264,81,1344,5929,4477971051,1094409562,36.32,0.00,1,92.0
4190,D-randread-sweep,39850,39,59968,59,60,57,2262,81,1420,5929,4478042859,1094409674,36.77,0.06,1,93.2
4191,D-randread-sweep,39850,39,60093,60,59,57,2268,81,1420,5929,4478106267,1094409682,32.46,0.00,1,95.2
4192,D-randread-sweep,39850,39,60125,60,60,57,2264,81,1267,5929,4478178275,1094409682,36.87,0.00,1,91.6
4193,D-randread-sweep,39850,39,60218,60,60,57,2264,81,1420,5970,4478247995,1094409682,35.70,0.00,1,94.8
4194,D-randread-sweep,39850,39,60031,60,60,58,2262,81,1267,5929,4478318339,1094409682,36.02,0.00,1,94.4
4195,D-randread-sweep,39850,39,60000,60,60,58,2266,81,1497,5970,4478387907,1094409786,35.62,0.05,1,94.0
4196,D-randread-sweep,39850,39,60062,60,60,58,2266,81,1344,5929,4478459043,1094409786,36.42,0.00,1,89.6
4197,D-randread-sweep,39850,39,60031,60,59,57,2264,81,1420,5929,4478530795,1094409786,36.74,0.00,1,93.6
4199,D-randread-sweep,39850,39,60156,60,60,57,2264,81,1420,5970,4478602651,1094409786,36.79,0.00,1,97.6
4200,D-randread-sweep,39850,39,60125,60,60,58,2268,81,1420,5929,4478674035,1094409786,36.55,0.00,1,92.4
4201,D-randread-sweep,39850,39,59968,59,59,58,2264,81,1420,5970,4478742707,1094409882,35.16,0.05,2,92.8
4202,D-randread-sweep,39850,39,60000,60,60,57,2264,81,1497,5970,4478811251,1094409906,35.09,0.01,1,94.8
4203,D-randread-sweep,39850,39,59968,59,59,57,2264,81,1497,5970,4478882667,1094409906,36.56,0.00,1,95.6
4204,D-randread-sweep,39850,39,60000,60,60,58,2266,81,1420,5970,4478951603,1094409914,35.30,0.00,1,96.4
4205,D-randread-sweep,39850,39,60250,60,60,57,2264,81,1344,5970,4479027547,1094409914,38.88,0.00,1,99.2
4206,D-randread-sweep,39850,39,60093,60,60,57,2266,81,729,5970,4479104275,1094410042,39.28,0.07,1,99.2
4207,D-randread-sweep,39850,39,60031,60,60,57,2268,81,1344,5970,4479181539,1094410050,39.56,0.00,0,100.0
4208,D-randread-sweep,39850,39,60218,60,60,57,2267,81,1420,5970,4479257915,1094410050,39.10,0.00,0,97.6
4209,D-randread-sweep,39850,39,60031,60,60,58,2268,81,1344,6011,4479326627,1094410522,35.18,0.24,1,97.2
4210,D-randread-sweep,39850,39,59968,59,60,57,2266,81,1267,5970,4479403571,1094410522,39.40,0.00,1,100.0
4211,D-randread-sweep,39850,39,59937,59,59,57,2266,81,1344,5970,4479479523,1094410634,38.89,0.06,1,100.0
4212,D-randread-sweep,39850,39,59468,59,59,58,2266,81,1344,5398,4479551883,1094410634,37.05,0.00,0,96.4
4213,D-randread-sweep,39850,39,59343,59,59,57,2266,81,1344,5316,4479623187,1094410634,36.51,0.00,1,95.2
4214,D-randread-sweep,39850,39,59312,59,59,57,2266,81,1267,5275,4479693939,1094410634,36.23,0.00,1,94.8
4216,D-randread-sweep,39850,39,59531,59,59,57,2262,81,1267,5275,4479765291,1094410634,36.53,0.00,0,96.0
4217,D-randread-sweep,39850,39,59531,59,59,57,2266,81,1497,5275,4479836403,1094410746,36.41,0.06,1,95.6
4218,D-randread-sweep,39850,39,59375,59,59,57,2271,81,1344,5275,4479907595,1094410746,36.45,0.00,1,95.6
4219,D-randread-sweep,39850,39,59125,59,59,57,2268,81,1267,5275,4479978699,1094410746,36.41,0.00,1,97.6
4220,D-randread-sweep,39850,39,59250,59,59,57,2266,81,1344,5275,4480050203,1094410746,36.61,0.00,1,96.0
4221,D-randread-sweep,39850,39,59125,59,59,57,2266,81,1420,5275,4480121483,1094410746,36.50,0.00,0,92.0
4222,D-randread-sweep,39850,39,59093,59,59,57,2264,81,729,5275,4480192475,1094410858,36.35,0.06,2,96.4
4223,D-randread-sweep,39850,39,59187,59,59,57,2266,81,1344,5275,4480263843,1094410866,36.54,0.00,1,96.0
4224,D-randread-sweep,39850,39,59187,59,59,57,2268,81,1267,5275,4480334675,1094410866,36.27,0.00,0,94.8
4225,D-randread-sweep,39850,39,59218,59,59,57,2266,81,729,5275,4480404995,1094410866,36.00,0.00,1,94.4
4226,D-randread-sweep,39850,39,59093,59,59,57,2266,81,1497,5275,4480476371,1094410866,36.54,0.00,1,97.2
4227,D-randread-sweep,39850,39,59156,59,59,57,2266,81,1344,5275,4480546827,1094410978,36.07,0.06,2,94.0
4228,D-randread-sweep,39850,39,59031,59,59,57,2262,81,1267,5275,4480616251,1094410986,35.55,0.00,1,97.2
4229,D-randread-sweep,39850,39,59125,59,59,57,2264,81,1344,5275,4480686851,1094410986,36.15,0.00,1,95.2
4230,D-randread-sweep,39850,39,58937,58,59,57,2264,81,1497,5275,4480758411,1094410986,36.64,0.00,1,93.2
4232,D-randread-sweep,39850,39,59156,59,58,57,2266,81,1497,5275,4480829635,1094410986,36.47,0.00,1,96.4
4233,D-randread-sweep,39850,39,58937,58,59,57,2266,81,1497,5275,4480901635,1094411098,36.86,0.06,1,96.4
4234,D-randread-sweep,39850,39,59187,59,59,57,2266,81,1267,5275,4480973203,1094411098,36.64,0.00,1,96.4
4235,D-randread-sweep,39850,39,59187,59,59,57,2266,81,1420,5275,4481045379,1094411098,36.95,0.00,1,98.8
4236,D-randread-sweep,39850,39,58906,58,58,57,2223,77,1344,5275,4481117579,1094411098,36.97,0.00,0,99.2
4237,D-randread-sweep,39850,39,58906,58,58,57,2143,77,1344,5275,4481189579,1094411098,36.86,0.00,1,96.4
4238,D-randread-sweep,39850,39,58812,58,58,57,2132,77,1267,5275,4481260427,1094411194,36.27,0.05,2,97.6
4239,D-randread-sweep,39850,39,59062,59,58,57,2131,77,1267,5275,4481331323,1094411202,36.30,0.00,0,95.6
4240,D-randread-sweep,39850,39,58937,58,58,57,2128,77,729,5234,4481403459,1094411202,36.93,0.00,1,97.2
4241,D-randread-sweep,39850,39,58812,58,59,57,2129,77,1344,5275,4481475179,1094411218,36.72,0.01,1,96.0
4242,D-randread-sweep,39850,39,58812,58,58,57,2127,77,1344,5275,4481544563,1094411218,35.52,0.00,0,98.0
4243,D-randread-sweep,39850,39,59093,59,58,57,2131,77,1344,5275,4481615875,1094411338,36.51,0.06,1,93.6
4244,D-randread-sweep,39850,39,58906,58,59,57,2129,77,1190,5275,4481686915,1094411346,36.37,0.00,1,97.6
4245,D-randread-sweep,39850,39,58875,58,58,57,2128,77,1497,5275,4481758499,1094411346,36.65,0.00,1,96.4
4247,D-randread-sweep,39850,39,58843,58,58,57,2124,77,1420,5275,4481826115,1094411346,34.62,0.00,0,98.4
4248,D-randread-sweep,39850,39,58843,58,58,57,2126,77,1420,5275,4481896571,1094411346,36.07,0.00,1,92.4
4249,D-randread-sweep,39850,39,58750,58,58,57,2128,77,1267,5275,4481966139,1094411474,35.62,0.07,1,98.8
4250,D-randread-sweep,39850,39,58968,58,58,57,2126,77,1344,5275,4482035011,1094411474,35.26,0.00,1,95.6
4251,D-randread-sweep,39850,39,58687,58,58,57,2126,77,1344,5275,4482107155,1094411474,36.94,0.00,1,95.2
4252,D-randread-sweep,39850,39,58875,58,59,57,2123,77,1420,5234,4482179675,1094411474,37.13,0.00,1,96.4
4253,D-randread-sweep,39850,39,58750,58,58,57,2124,77,1420,5275,4482250747,1094411474,36.39,0.00,1,96.4
4254,D-randread-sweep,39850,39,58968,58,58,57,2124,77,1344,5234,4482322811,1094411586,36.90,0.06,2,96.8
4255,D-randread-sweep,39850,39,58718,58,58,57,2126,77,1267,5234,4482394651,1094411594,36.78,0.00,0,93.2
4256,D-randread-sweep,39850,39,58687,58,58,57,2126,77,1267,5275,4482466219,1094411594,36.64,0.00,1,96.8
4257,D-randread-sweep,39850,39,58875,58,58,57,2128,77,1420,5275,4482538643,1094411594,37.08,0.00,1,100.0
4258,D-randread-sweep,39850,39,58656,58,58,57,2126,77,1420,5275,4482609099,1094411594,36.07,0.00,1,94.8
4259,D-randread-sweep,39850,39,58687,58,58,57,2126,77,1344,5234,4482681275,1094411706,36.95,0.06,1,98.8
4260,D-randread-sweep,39850,39,58875,58,58,57,2126,77,1190,5275,4482751907,1094411714,36.16,0.00,0,94.8
4262,D-randread-sweep,39850,39,58687,58,58,57,2124,77,1190,5275,4482823075,1094411714,36.44,0.00,1,95.6
4263,D-randread-sweep,39850,39,58968,58,58,57,2127,77,1420,5275,4482893251,1094411714,35.93,0.00,1,92.4
4264,D-randread-sweep,39850,39,58656,58,58,57,2127,77,1267,5275,4482963563,1094411730,36.00,0.01,1,95.2
4265,D-randread-sweep,39850,39,58500,58,58,57,2131,77,1420,5234,4483034691,1094411866,36.42,0.07,1,94.0
4266,D-randread-sweep,39850,39,58531,58,58,57,2127,77,1420,5275,4483105243,1094411866,36.12,0.00,1,96.0
4267,D-randread-sweep,39850,39,58687,58,58,57,2126,77,1267,5275,4483177763,1094411866,37.13,0.00,1,94.8
4268,D-randread-sweep,39850,39,58750,58,58,57,2124,77,1267,5234,4483249603,1094411866,36.78,0.00,1,95.2
4269,D-randread-sweep,39850,39,58687,58,58,57,2126,77,1267,5275,4483322083,1094411866,37.11,0.00,1,98.4
4270,D-randread-sweep,39850,39,58718,58,58,57,2126,77,1344,5234,4483394763,1094412002,37.21,0.07,1,95.2
4271,D-randread-sweep,39850,39,58593,58,58,57,2127,77,1036,5275,4483466883,1094412010,36.93,0.00,1,95.6
4272,D-randread-sweep,39850,39,59000,59,58,57,2124,77,1267,5275,4483548563,1094412010,41.82,0.00,1,93.6
4273,D-randread-sweep,39850,39,58812,58,58,57,2127,77,1344,5602,4483618259,1094412026,35.68,0.01,1,94.8
4274,D-randread-sweep,39850,39,58500,58,58,57,2124,77,1344,5316,4483688675,1094412026,36.05,0.00,0,97.2
4275,D-randread-sweep,39850,39,58687,58,58,57,2126,77,1344,5275,4483745003,1094412530,28.84,0.26,1,100.0
4277,D-randread-sweep,39850,39,59218,59,59,57,2126,77,1344,5889,4483822347,1094412538,39.60,0.00,1,96.8
4278,D-randread-sweep,39850,39,59500,59,59,57,2127,77,1344,5970,4483899147,1094412538,39.32,0.00,0,98.0
4279,D-randread-sweep,39850,39,59593,59,59,57,2124,77,1344,5929,4483976115,1094412554,39.41,0.01,1,99.6
4280,D-randread-sweep,39850,39,59375,59,59,57,2126,77,1190,5970,4484050123,1094412554,37.89,0.00,1,96.8
4281,D-randread-sweep,39850,39,59375,59,59,57,2126,77,1267,5970,4484126803,1094413098,39.26,0.28,1,98.8
4282,D-randread-sweep,39850,39,59562,59,59,57,2129,77,1497,5970,4484203739,1094413098,39.39,0.00,0,98.0
4283,D-randread-sweep,39850,39,59281,59,59,57,2126,77,1344,6011,4484277627,1094413098,37.83,0.00,1,98.4
4284,D-randread-sweep,39850,39,59375,59,59,57,2126,77,1420,5970,4484347315,1094413098,35.68,0.00,1,92.4
4285,D-randread-sweep,39850,39,59250,59,59,57,2126,77,1497,5929,4484418395,1094413098,36.39,0.00,1,94.0
4286,D-randread-sweep,39850,39,59187,59,59,57,2126,77,1420,5929,4484489803,1094413242,36.56,0.07,2,95.2
4287,D-randread-sweep,39850,39,59531,59,59,57,2127,77,1344,5970,4484558547,1094413250,35.20,0.00,1,96.4
4288,D-randread-sweep,39850,39,59625,59,59,57,2126,77,1344,5970,4484629787,1094413250,36.47,0.00,1,92.4
4289,D-randread-sweep,39850,39,59218,59,59,57,2126,77,1420,5929,4484700307,1094413250,36.11,0.00,1,94.8
4290,D-randread-sweep,39850,39,59406,59,59,57,2124,77,1420,5929,4484771571,1094413250,36.49,0.00,1,98.4
4291,D-randread-sweep,39850,39,59406,59,59,57,2127,77,1420,5929,4484842483,1094413346,36.31,0.05,1,96.0
4292,D-randread-sweep,39850,39,59531,59,59,57,2228,81,1420,5929,4484913515,1094413354,36.37,0.00,1,95.6
4293,D-randread-sweep,39850,39,59375,59,59,57,2256,81,1420,5929,4484985035,1094413354,36.62,0.00,1,95.2
4295,D-randread-sweep,39850,39,59375,59,59,57,2183,78,1267,5970,4485057147,1094413370,36.92,0.01,1,94.8
4296,D-randread-sweep,39850,39,59375,59,59,57,2161,78,1420,5929,4485128947,1094413370,36.76,0.00,1,95.2
4297,D-randread-sweep,39850,39,59593,59,59,57,2162,78,1497,6011,4485186827,1094413506,29.63,0.07,0,82.4
4298,D-randread-sweep,39850,39,59531,59,59,57,2160,78,1497,6134,4485356731,1094413506,86.99,0.00,4,60.4
4299,D-randread-sweep,39850,39,59437,59,59,57,2160,78,1497,6175,4485573091,1094413506,110.78,0.00,2,80.4
4300,D-randread-sweep,39850,39,59343,59,59,57,2158,78,1190,6175,4485801571,1094413506,116.98,0.00,4,80.0
4301,D-randread-sweep,39850,39,59406,59,59,57,2160,78,1497,6175,4486020075,1094413506,111.87,0.00,4,78.8
4302,D-randread-sweep,39850,39,59187,59,59,57,2160,78,1497,6175,4486241763,1094414050,113.50,0.28,5,89.2
4303,D-randread-sweep,39850,39,59218,59,59,57,2161,78,1497,6216,4486464483,1094414074,114.03,0.01,4,79.2
4304,D-randread-sweep,39850,39,59218,59,59,57,2160,78,1497,6216,4486698787,1094414082,119.96,0.00,4,79.2
4305,D-randread-sweep,39850,39,59156,59,59,57,2160,78,1497,6175,4486871083,1094414082,88.22,0.00,4,82.8
4306,D-randread-sweep,39850,39,59250,59,59,57,2160,78,1497,6216,4487100979,1094414082,117.71,0.00,4,80.0
4307,D-randread-sweep,39850,39,59156,59,59,57,2160,78,1497,6216,4487323675,1094414610,114.02,0.27,4,73.6
4308,D-randread-sweep,39850,39,59187,59,59,57,2160,78,1497,6257,4487554515,1094414618,118.19,0.00,1,81.2
4309,D-randread-sweep,39850,39,59250,59,59,57,2160,78,1497,6257,4487789307,1094414626,120.21,0.00,4,78.0
4310,D-randread-sweep,39850,39,59343,59,59,57,2158,78,1497,6257,4488024491,1094414626,120.41,0.00,4,77.2
4312,D-randread-sweep,39850,39,59187,59,59,57,2161,78,1497,6216,4488260515,1094414626,120.84,0.00,4,77.6
4313,D-randread-sweep,39850,39,59343,59,59,57,2161,78,1497,6257,4488490699,1094414826,117.85,0.10,4,78.0
4314,D-randread-sweep,39850,39,59500,59,59,57,2161,78,1497,6216,4488711899,1094414826,113.25,0.00,4,80.4
4315,D-randread-sweep,39850,39,59125,59,59,57,2160,78,1497,6257,4488948507,1094414826,121.14,0.00,2,76.0
4316,D-randread-sweep,39850,39,59187,59,59,57,2160,78,1497,6257,4489178563,1094414826,117.79,0.00,4,77.2
4317,D-randread-sweep,39850,39,59250,59,59,57,2163,78,1497,6216,4489412147,1094414826,119.60,0.00,4,78.8
4318,D-randread-sweep,39850,39,59406,59,59,57,2161,78,1497,6216,4489645755,1094414930,119.61,0.05,4,73.6
4319,D-randread-sweep,39850,39,59375,59,59,57,2160,78,1497,6216,4489866563,1094414930,113.05,0.00,4,76.4
4320,D-randread-sweep,39850,39,59281,59,59,57,2160,78,1497,6216,4490086771,1094414930,112.75,0.00,4,83.6
4321,D-randread-sweep,39850,39,59281,59,59,57,2160,78,1497,6257,4490323259,1094414930,121.08,0.00,4,82.4
4322,D-randread-sweep,39850,39,59187,59,59,57,2160,78,1497,6216,4490559635,1094414930,121.02,0.00,4,76.4
4323,D-randread-sweep,39850,39,59218,59,59,57,2160,78,1497,6216,4490790419,1094415034,118.16,0.05,4,82.0
4324,D-randread-sweep,39850,39,59406,59,59,57,2162,78,1497,6216,4491018899,1094415042,116.98,0.00,4,78.4
4325,D-randread-sweep,39850,39,59406,59,59,57,2162,78,1497,6257,4491255475,1094415058,121.13,0.01,4,70.4
4326,D-randread-sweep,39850,39,59687,59,59,57,2162,78,1497,6175,4491479683,1094415058,114.79,0.00,3,80.4
4328,D-randread-sweep,39850,39,59968,59,59,57,2162,78,1267,6175,4491708507,1094415058,117.16,0.00,3,76.4
4329,D-randread-sweep,39850,39,59156,59,59,57,2160,78,1497,6216,4491944795,1094415186,120.98,0.07,4,77.2
4330,D-randread-sweep,39850,39,59281,59,59,57,2158,78,1497,6216,4492146651,1094415194,103.35,0.00,4,76.0
4331,D-randread-sweep,39850,39,59281,59,59,57,2160,78,1497,6216,4492366075,1094415242,112.35,0.02,3,80.4
4332,D-randread-sweep,39850,39,59281,59,59,57,2160,78,1497,5848,4492588667,1094415242,113.97,0.00,4,80.8
4333,D-randread-sweep,39850,39,58968,58,59,57,2160,78,1497,5520,4492817147,1094415242,116.98,0.00,3,71.6
4334,D-randread-sweep,39850,39,59187,59,59,57,2160,78,1420,5480,4493034843,1094415378,111.46,0.07,4,72.4
4335,D-randread-sweep,39850,39,58968,58,59,57,2160,78,1420,5480,4493252619,1094415386,111.50,0.00,4,79.6
4336,D-randread-sweep,39850,39,58843,58,59,57,2162,78,1267,5520,4493492203,1094415386,122.67,0.00,3,81.2
4337,D-randread-sweep,39850,39,58937,58,58,57,2160,78,729,5480,4493704323,1094415386,108.61,0.00,4,76.8
4338,D-randread-sweep,39850,39,58968,58,58,57,2158,78,729,5480,4493929075,1094415386,115.07,0.00,2,74.8
4339,D-randread-sweep,39850,39,59093,59,58,57,2160,78,1497,5480,4494147083,1094415522,111.62,0.07,4,76.8
4340,D-randread-sweep,39850,39,58968,58,59,57,2160,78,1344,5480,4494369355,1094415530,113.80,0.00,4,80.4
4341,D-randread-sweep,39850,39,59062,59,58,57,2160,78,729,5480,4494586603,1094415530,111.23,0.00,3,79.6
4342,D-randread-sweep,39850,39,58812,58,58,57,2160,78,729,5480,4494811683,1094415530,115.24,0.00,4,78.4
4344,D-randread-sweep,39850,39,58750,58,58,57,2161,78,729,5480,4495033723,1094415546,113.68,0.01,3,77.2
4345,D-randread-sweep,39850,39,58843,58,58,57,2160,78,1497,5480,4495256595,1094415674,114.11,0.07,5,81.2
4346,D-randread-sweep,39850,39,58968,58,58,57,2161,78,1344,5480,4495471939,1094415682,110.26,0.00,4,82.8
4347,D-randread-sweep,39850,39,58937,58,58,57,2160,78,1497,5520,4495693307,1094415682,113.34,0.00,4,74.8
4348,D-randread-sweep,39850,39,58750,58,58,57,2161,78,729,5520,4495928419,1094415682,120.38,0.00,3,74.4
4349,D-randread-sweep,39850,39,59031,59,59,57,2158,78,960,5439,4496148035,1094415682,112.44,0.00,4,78.4
4350,D-randread-sweep,39850,39,58718,58,59,57,2161,78,1344,5480,4496382555,1094415794,120.07,0.06,4,76.0
4351,D-randread-sweep,39850,39,59156,59,59,57,2160,78,1497,5520,4496612883,1094415802,117.93,0.00,4,80.4
4352,D-randread-sweep,39850,39,58781,58,58,57,2158,78,806,5480,4496829859,1094415802,111.09,0.00,3,79.2
4353,D-randread-sweep,39850,39,58718,58,58,57,2160,78,1497,5480,4497050715,1094415802,113.08,0.00,3,72.0
4354,D-randread-sweep,39850,39,58843,58,58,57,2162,78,1497,5480,4497279675,1094415802,117.23,0.00,4,79.2
4355,D-randread-sweep,39850,39,58812,58,58,57,2162,78,1497,5480,4497503267,1094415898,114.48,0.05,4,84.0
4356,D-randread-sweep,39850,39,58937,58,58,57,2160,78,1497,5520,4497736739,1094415914,119.54,0.01,3,76.8
4357,D-randread-sweep,39850,39,58781,58,58,57,2158,78,1497,5480,4497956163,1094415914,112.35,0.00,3,83.6
4359,D-randread-sweep,39850,39,58968,58,58,57,2163,78,1420,5520,4498187755,1094415914,118.58,0.00,3,76.8
4360,D-randread-sweep,39850,39,58812,58,59,57,2160,78,806,5520,4498418851,1094415914,118.32,0.00,4,73.6
4361,D-randread-sweep,39850,39,58656,58,58,57,2160,78,1497,5480,4498629411,1094416026,107.81,0.06,4,73.6
4362,D-randread-sweep,39850,39,58781,58,58,57,2160,78,1267,5520,4498860091,1094416026,118.11,0.00,4,74.8
4363,D-randread-sweep,39850,39,58718,58,58,57,2161,78,1497,5561,4499088843,1094416026,117.12,0.00,3,78.0
4364,D-randread-sweep,39850,39,58781,58,58,57,2160,78,729,5480,4499306771,1094416026,111.58,0.00,3,78.0
4365,D-randread-sweep,39850,39,58687,58,58,57,2160,78,1344,5520,4499532091,1094416026,115.36,0.00,4,78.0
4366,D-randread-sweep,39850,39,58781,58,58,57,2161,78,1420,5520,4499751947,1094416138,112.57,0.06,4,84.8
4367,D-randread-sweep,39850,39,58593,58,58,57,2158,78,1497,5480,4499969299,1094416146,111.28,0.00,4,80.0
4368,D-randread-sweep,39850,39,58937,58,58,57,2161,78,1267,5480,4500194059,1094416146,115.08,0.00,4,79.2
4369,D-randread-sweep,39850,39,58562,58,58,57,2161,78,1267,5480,4500414067,1094416146,112.64,0.00,4,79.2
4370,D-randread-sweep,39850,39,58625,58,58,57,2161,78,1497,5480,4500637475,1094416146,114.38,0.00,3,81.6
4371,D-randread-sweep,39850,39,58562,58,58,57,2160,78,1497,5439,4500841555,1094416258,104.49,0.06,4,80.8
4372,D-randread-sweep,39850,39,58625,58,58,56,2160,78,1267,5520,4501074299,1094416266,119.16,0.00,3,76.8
4374,D-randread-sweep,39850,39,58875,58,58,57,2161,78,1497,5970,4501300011,1094416778,115.56,0.26,4,80.0
4375,D-randread-sweep,39850,39,58625,58,58,57,2160,78,1344,5602,4501531563,1094416778,118.55,0.00,1,74.8
4376,D-randread-sweep,39850,39,58750,58,58,57,2160,78,1344,5520,4501766731,1094416778,120.41,0.00,4,75.6
4377,D-randread-sweep,39850,39,58875,58,58,57,2158,78,1420,5480,4501985531,1094417050,112.03,0.14,4,80.8
4378,D-randread-sweep,39850,39,58656,58,58,57,2160,78,1497,5480,4502202771,1094417050,111.23,0.00,2,76.0
4379,D-randread-sweep,39850,39,58687,58,58,57,2160,78,1420,5480,4502424507,1094417354,113.53,0.16,4,79.6
4380,D-randread-sweep,39850,39,58562,58,58,57,2160,78,1497,5480,4502643427,1094417354,112.09,0.00,4,81.6
4381,D-randread-sweep,39850,39,58468,58,58,56,2160,78,1497,5480,4502863707,1094417354,112.78,0.00,4,81.2
4382,D-randread-sweep,39850,39,58687,58,58,57,2160,78,1267,5520,4503091827,1094417354,116.80,0.00,4,75.2
4383,D-randread-sweep,39850,39,58500,58,58,57,2160,78,1036,5480,4503327395,1094417354,120.61,0.00,3,79.6
4384,D-randread-sweep,39850,39,58687,58,58,56,2158,78,1344,5520,4503546643,1094417642,112.25,0.15,5,83.2
4385,D-randread-sweep,39850,39,58500,58,58,57,2161,78,1497,5520,4503775219,1094417650,117.03,0.00,4,78.4
4386,D-randread-sweep,39850,39,58812,58,58,56,2161,78,1497,5520,4504000731,1094417650,115.46,0.00,4,81.2
4387,D-randread-sweep,39850,39,58531,58,58,57,2160,78,1267,5480,4504214731,1094417666,109.57,0.01,3,78.4
4388,D-randread-sweep,39850,39,58500,58,58,57,2161,78,729,5520,4504445891,1094417666,118.35,0.00,4,74.8
4390,D-randread-sweep,39850,39,58500,58,58,57,2161,78,1497,5520,4504673195,1094417802,116.38,0.07,2,81.2
4391,D-randread-sweep,39850,39,58593,58,58,57,2161,78,1497,5520,4504893563,1094417802,112.83,0.00,3,81.2
4392,D-randread-sweep,39850,39,58406,58,58,56,2163,78,1497,5520,4505117771,1094417802,114.79,0.00,4,83.2
4393,D-randread-sweep,39850,39,58531,58,58,57,2163,78,1267,5520,4505342883,1094417802,115.26,0.00,4,77.6
4394,D-randread-sweep,39850,39,58437,58,58,57,2161,78,1420,5520,4505557987,1094417802,110.13,0.00,3,78.8
4395,D-randread-sweep,39850,39,58812,58,58,56,2159,78,1497,5520,4505788315,1094417906,117.93,0.05,4,76.0
4396,D-randread-sweep,39850,39,58718,58,58,56,2161,78,1497,5970,4506011963,1094417906,114.51,0.00,4,80.0
4397,D-randread-sweep,39850,39,58937,58,58,57,2161,78,1497,6216,4506247499,1094417906,120.59,0.00,4,75.2
4398,D-randread-sweep,39850,39,58781,58,58,57,2161,78,1497,6216,4506481755,1094417906,119.94,0.00,4,75.6
4399,D-randread-sweep,39850,39,58843,58,58,57,2165,78,1497,6216,4506703859,1094417906,113.72,0.00,4,79.2
4400,D-randread-sweep,39850,39,58968,58,58,56,2163,78,1497,6257,4506939827,1094418018,120.82,0.06,5,77.2
4401,D-randread-sweep,39850,39,59156,59,59,57,2163,78,1497,6216,4507158571,1094418026,112.00,0.00,4,78.0
4402,D-randread-sweep,39850,39,58937,58,58,57,2166,78,1497,6257,4507394507,1094418026,120.80,0.00,3,74.4
4403,D-randread-sweep,39850,39,58937,58,58,56,2164,78,1497,6257,4507624355,1094418026,117.68,0.00,3,75.2
4405,D-randread-sweep,39850,39,58812,58,58,57,2163,78,1497,6257,4507858099,1094418026,119.68,0.00,4,78.0
4406,D-randread-sweep,39850,39,58843,58,59,57,2163,78,1497,6216,4508082051,1094418130,114.66,0.05,2,77.6
4407,D-randread-sweep,39850,39,58875,58,58,57,2164,78,1497,6257,4508317243,1094418130,120.42,0.00,2,77.2
4408,D-randread-sweep,39850,39,59187,59,58,57,2164,78,1497,6257,4508546835,1094418146,117.55,0.01,4,82.8
4409,D-randread-sweep,39850,39,58906,58,59,57,2161,78,1497,6257,4508774715,1094418146,116.67,0.00,2,76.4
4410,D-randread-sweep,39850,39,58781,58,58,57,2163,78,1497,6216,4509005043,1094418146,117.93,0.00,2,74.4
4411,D-randread-sweep,39850,39,58906,58,58,57,2161,78,1497,6216,4509209019,1094418274,104.44,0.07,4,77.6
4412,D-randread-sweep,39850,39,58937,58,58,57,2160,78,1497,6216,4509441339,1094418274,118.95,0.00,3,80.4
4413,D-randread-sweep,39850,39,58781,58,58,57,2160,78,1497,6175,4509667163,1094418274,115.62,0.00,3,81.6
4414,D-randread-sweep,39850,39,58937,58,59,57,2161,78,1497,6257,4509902163,1094418274,120.32,0.00,2,72.0
4415,D-randread-sweep,39850,39,59093,59,59,57,2161,78,1497,6216,4510130555,1094418346,116.94,0.04,4,80.4
4416,D-randread-sweep,39850,39,59156,59,59,57,2160,78,1497,6175,4510368307,1094418442,121.73,0.05,4,80.8
4417,D-randread-sweep,39850,39,58750,58,58,57,2160,78,1497,6134,4510558435,1094418466,97.35,0.01,4,84.8
4418,D-randread-sweep,39850,39,59031,59,59,57,2161,78,1497,6216,4510788427,1094418482,117.76,0.01,4,80.8
4419,D-randread-sweep,39850,39,58937,58,58,57,2158,78,1497,6216,4511011843,1094418482,114.39,0.00,4,77.6
4420,D-randread-sweep,39850,39,59031,59,59,57,2161,78,1497,6216,4511239291,1094418482,116.45,0.00,2,72.4
4422,D-randread-sweep,39850,39,58937,58,59,57,2163,78,1497,6175,4511458179,1094418618,112.07,0.07,4,84.4
4423,D-randread-sweep,39850,39,59000,59,58,57,2161,78,1497,6257,4511695275,1094418626,121.39,0.00,4,73.6
4424,D-randread-sweep,39850,39,59156,59,59,57,2160,78,1497,6216,4511927851,1094418626,119.08,0.00,4,81.6
4425,D-randread-sweep,39850,39,59156,59,59,57,2161,78,1497,6216,4512157387,1094418626,117.52,0.00,2,74.8
4426,D-randread-sweep,39850,39,58937,58,58,57,2163,78,1497,6216,4512378803,1094418626,113.36,0.00,4,77.6
4427,D-randread-sweep,39850,39,59031,59,59,57,2163,78,1497,6216,4512599475,1094418722,112.98,0.05,1,77.6
4428,D-randread-sweep,39850,39,59062,59,59,57,2160,78,1497,6216,4512823635,1094418722,114.77,0.00,3,76.4
4429,D-randread-sweep,39850,39,59093,59,59,57,2161,78,1497,6175,4513002899,1094418722,91.78,0.00,4,82.4
4430,D-randread-sweep,39850,39,59031,59,59,57,2163,78,1497,6175,4513223811,1094418722,113.11,0.00,3,75.6
4431,D-randread-sweep,39850,39,58968,58,59,57,2165,78,1497,6216,4513442779,1094418722,112.11,0.00,3,75.6
4432,D-randread-sweep,39850,39,59218,59,59,57,2163,78,1497,6216,4513671627,1094418834,117.17,0.06,4,74.8
4433,D-randread-sweep,39850,39,59187,59,59,57,2165,78,1497,6134,4513857371,1094418842,95.10,0.00,4,90.0
4434,D-randread-sweep,39850,39,59375,59,58,57,2166,78,1497,6257,4514090139,1094418842,119.18,0.00,3,77.6
4435,D-randread-sweep,39850,39,59125,59,59,57,2166,78,1497,6257,4514321307,1094418842,118.36,0.00,3,74.8
4436,D-randread-sweep,39850,39,59093,59,59,57,2165,78,1497,6216,4514544147,1094418842,114.09,0.00,3,80.0
4437,D-randread-sweep,39850,39,59156,59,59,57,2161,78,1497,6175,4514763627,1094418938,112.37,0.05,5,78.8
4439,D-randread-sweep,39850,39,59031,59,59,57,2161,78,1497,6216,4514985507,1094418946,113.60,0.00,4,76.4
4440,D-randread-sweep,39850,39,59093,59,59,57,2161,78,1497,6257,4515220451,1094418946,120.29,0.00,4,82.8
4441,D-randread-sweep,39850,39,59343,59,59,57,2160,78,1497,6216,4515451803,1094418946,118.45,0.00,4,78.4
4442,D-randread-sweep,39850,39,59062,59,59,57,2163,78,1497,6216,4515686611,1094418946,120.22,0.00,4,70.8
4443,D-randread-sweep,39850,39,59062,59,59,57,2163,78,1497,6216,4515914491,1094419050,116.67,0.05,4,81.6
4444,D-randread-sweep,39850,39,59218,59,59,57,2160,78,1497,6216,4516150155,1094419050,120.66,0.00,4,73.6
4445,D-randread-sweep,39850,39,59093,59,59,57,2161,78,1497,6216,4516387283,1094419050,121.41,0.00,4,77.2
4446,D-randread-sweep,39850,39,59062,59,59,57,2161,78,1497,6216,4516622123,1094419050,120.24,0.00,4,76.8
4447,D-randread-sweep,39850,39,59406,59,59,57,2157,78,1497,6175,4516812915,1094419098,97.69,0.02,0,64.4
4448,D-randread-sweep,39850,39,59281,59,59,57,2161,78,1497,6573,4517465395,1094419634,334.07,0.27,17,53.6
4449,D-randread-sweep,39850,39,59656,59,59,57,2160,78,1497,6778,4518330899,1094419634,443.14,0.00,11,69.6
4450,D-randread-sweep,39850,39,59625,59,59,57,2161,78,1497,6859,4519290187,1094419658,491.16,0.01,15,56.0
4451,D-randread-sweep,39850,39,59468,59,59,57,2163,78,1497,6818,4520224747,1094419658,478.49,0.00,27,57.2
4452,D-randread-sweep,39850,39,59406,59,59,57,2160,78,1497,6328,4521211667,1094419658,505.30,0.00,29,52.4
4454,D-randread-sweep,39850,39,59125,59,59,57,2156,78,1497,6175,4522089099,1094419794,449.25,0.07,29,60.0
4455,D-randread-sweep,39850,39,59218,59,59,57,2161,78,1497,6175,4522994571,1094419794,463.60,0.00,30,68.4
4456,D-randread-sweep,39850,39,59187,59,59,57,2160,78,1497,6175,4523874963,1094419794,450.76,0.00,30,61.6
4457,D-randread-sweep,39850,39,59250,59,59,57,2161,78,1497,6257,4524854435,1094419794,501.49,0.00,24,52.8
4458,D-randread-sweep,39850,39,59125,59,59,57,2161,78,1497,6134,4525713971,1094419794,440.08,0.00,13,55.2
4459,D-randread-sweep,39850,39,59531,59,59,57,2161,78,1497,6338,4526647091,1094419906,477.76,0.06,29,56.4
4460,D-randread-sweep,39850,39,59375,59,59,57,2162,78,1420,6297,4527550963,1094419906,462.78,0.00,19,56.4
4461,D-randread-sweep,39850,39,59343,59,59,57,2163,78,1267,6257,4528502371,1094419906,487.12,0.00,31,54.0
4462,D-randread-sweep,39850,39,59281,59,59,57,2160,78,1497,6338,4529498907,1094419906,510.23,0.00,28,52.4
4463,D-randread-sweep,39850,39,59468,59,59,57,2165,78,1497,6338,4530502227,1094419906,513.70,0.00,31,42.4
4464,D-randread-sweep,39850,39,59468,59,59,57,2163,78,1497,6288,4531487675,1094420010,504.55,0.05,32,54.8
4465,D-randread-sweep,39850,39,59156,59,59,57,2160,78,1497,6175,4532327955,1094420018,430.22,0.00,32,56.4
4466,D-randread-sweep,39850,39,59375,59,59,57,2158,78,1497,6328,4533312555,1094420018,504.12,0.00,26,45.2
4468,D-randread-sweep,39850,39,59312,59,59,57,2160,78,1420,6175,4534170107,1094420018,439.07,0.00,27,55.6
4469,D-randread-sweep,39850,39,59156,59,59,57,2160,78,1497,6216,4535085995,1094420018,468.93,0.00,31,60.8
4470,D-randread-sweep,39850,39,59218,59,59,57,2158,78,1344,6257,4536060467,1094420114,498.93,0.05,32,54.4
4471,D-randread-sweep,39850,39,59375,59,59,57,2158,78,1497,6134,4536901643,1094420122,430.68,0.00,28,59.2
4472,D-randread-sweep,39850,39,59531,59,59,57,2160,78,1497,6369,4537866379,1094420122,493.94,0.00,27,59.6
4473,D-randread-sweep,39850,39,59375,59,59,57,2158,78,1497,6369,4538880507,1094420122,519.23,0.00,28,54.4
4474,D-randread-sweep,39850,39,59656,59,59,57,2162,78,1497,6492,4539854987,1094420122,498.93,0.00,8,52.8
4475,D-randread-sweep,39850,39,59218,59,59,57,2158,78,1497,6216,4540670155,1094420378,417.37,0.13,33,58.4
4476,D-randread-sweep,39850,39,59250,59,59,57,2162,78,1497,6093,4541488123,1094420610,418.80,0.12,11,51.6
4477,D-randread-sweep,39850,39,59500,59,59,57,2160,78,1420,6216,4542422403,1094420610,478.35,0.00,30,43.6
4478,D-randread-sweep,39850,39,59250,59,59,57,2158,78,1420,6134,4543244243,1094421338,420.78,0.37,31,58.8
4479,D-randread-sweep,39850,39,59312,59,59,57,2158,78,1344,6216,4544156723,1094421354,467.19,0.01,29,52.4
4480,D-randread-sweep,39850,39,59500,59,59,57,2158,78,1420,6216,4545031923,1094421562,448.10,0.11,5,52.8
4481,D-randread-sweep,39850,39,59500,59,59,57,2160,78,1497,6011,4545849819,1094421578,418.76,0.01,8,53.6
4483,D-randread-sweep,39850,39,59406,59,59,57,2162,78,1497,6257,4546783243,1094421578,477.91,0.00,28,47.2
4484,D-randread-sweep,39850,39,59781,59,59,57,2160,78,1497,6216,4547695795,1094421578,467.23,0.00,11,59.6
4485,D-randread-sweep,39850,39,59531,59,59,57,2158,78,1497,6257,4548592563,1094421578,459.15,0.00,6,52.0
4486,D-randread-sweep,39850,39,59375,59,59,57,2160,78,1497,6216,4549480499,1094421698,454.62,0.06,29,60.0
4487,D-randread-sweep,39850,39,59250,59,59,57,2158,78,1497,5970,4550305259,1094421698,422.28,0.00,4,54.0
4488,D-randread-sweep,39850,39,59437,59,59,57,2158,78,1344,6052,4551069923,1094421698,391.51,0.00,14,66.4
4489,D-randread-sweep,39850,39,59562,59,59,57,2160,78,1190,6216,4551938427,1094421698,444.67,0.00,19,60.4
4490,D-randread-sweep,39850,39,59500,59,59,57,2160,78,1497,6297,4552868747,1094421698,476.32,0.00,30,54.8
4491,D-randread-sweep,39850,39,59625,59,59,57,2158,78,1497,6134,4553671699,1094421810,411.11,0.06,32,57.2
4492,D-randread-sweep,39850,39,59562,59,59,57,2160,78,1497,6297,4554571699,1094421818,460.80,0.00,32,49.6
4493,D-randread-sweep,39850,39,59406,59,59,57,2158,78,1497,6338,4555575099,1094421818,513.74,0.00,30,54.0
4494,D-randread-sweep,39850,39,59781,59,59,57,2158,78,1497,6297,4556538755,1094421818,493.39,0.00,29,56.8
4495,D-randread-sweep,39850,39,59312,59,59,57,2160,78,1497,6134,4557395851,1094421818,438.83,0.00,22,54.0
4496,D-randread-sweep,39850,39,59250,59,59,57,2160,78,1497,6011,4558116275,1094421914,368.86,0.05,32,53.2
4498,D-randread-sweep,39850,39,59468,59,59,57,2160,78,1267,6093,4558997979,1094421922,451.43,0.00,29,57.6
4499,D-randread-sweep,39850,39,59468,59,59,57,2160,78,1497,6216,4559982651,1094421922,504.15,0.00,28,53.2
4500,D-randread-sweep,39850,39,59625,59,59,57,2160,78,1420,6338,4560997731,1094421922,519.72,0.00,10,54.4
4501,D-randread-sweep,39850,39,59437,59,59,57,2160,78,1344,6328,4561976475,1094421922,501.12,0.00,27,52.0
4502,D-randread-sweep,39850,39,59562,59,59,57,2162,78,1497,6328,4562983203,1094422026,515.44,0.05,19,47.2
4503,D-randread-sweep,39850,39,59406,59,59,57,2163,78,1497,6297,4563939859,1094422026,489.81,0.00,30,53.2
4504,D-randread-sweep,39850,39,59656,59,59,57,2165,78,1420,6328,4564957227,1094422026,520.89,0.00,28,53.6
4505,D-randread-sweep,39850,39,59656,59,59,57,2161,78,1497,6410,4565917363,1094422026,491.59,0.00,32,49.2
4506,D-randread-sweep,39850,39,59500,59,59,57,2161,78,1420,6257,4566871787,1094422026,488.67,0.00,27,51.2
4507,D-randread-sweep,39850,39,59625,59,59,57,2160,78,1497,6216,4567777971,1094422138,463.97,0.06,32,53.6
4508,D-randread-sweep,39850,39,59562,59,59,57,2158,78,1497,6379,4568785923,1094422146,516.07,0.00,29,56.0
4509,D-randread-sweep,39850,39,59593,59,59,57,2158,78,1420,6379,4569801315,1094422146,519.88,0.00,28,59.2
4511,D-randread-sweep,39850,39,59468,59,59,57,2160,78,1497,5929,4570609899,1094422146,414.00,0.00,10,55.6
4512,D-randread-sweep,39850,39,59687,59,59,57,2157,78,1344,6297,4571584427,1094422162,498.96,0.01,27,49.2
4513,D-randread-sweep,39850,39,59656,59,59,57,2161,78,1497,6379,4572572075,1094422298,505.68,0.07,21,52.4
4514,D-randread-sweep,39850,39,59625,59,59,57,2162,78,1344,6297,4573475139,1094422426,462.37,0.07,10,54.8
4515,D-randread-sweep,39850,39,59656,59,59,57,2160,78,1497,6369,4574408531,1094422426,477.90,0.00,31,55.6
4516,D-randread-sweep,39850,39,59687,59,59,57,2163,78,1497,6533,4575298483,1094422426,455.66,0.00,13,58.8
4517,D-randread-sweep,39850,39,59875,59,59,57,2161,78,1497,6737,4576093547,1094422442,407.07,0.01,10,64.4
4518,D-randread-sweep,39850,39,59968,59,59,57,2160,78,1497,6859,4577064147,1094422562,496.95,0.06,26,52.8
4519,D-randread-sweep,39850,39,59906,59,59,57,2160,78,1497,6859,4578040443,1094422562,499.86,0.00,32,49.6
4520,D-randread-sweep,39850,39,59937,59,59,57,2160,78,1497,6900,4579047003,1094422562,515.36,0.00,25,48.4
4521,D-randread-sweep,39850,39,60125,60,60,57,2157,78,1497,6900,4580054059,1094422562,515.61,0.00,27,48.0
4522,D-randread-sweep,39850,39,59906,59,60,57,2158,78,1497,6900,4581082187,1094422562,526.40,0.00,28,55.6
4524,D-randread-sweep,39850,39,60031,60,60,57,2160,78,1497,6941,4582096299,1094422674,519.23,0.06,30,47.6
4525,D-randread-sweep,39850,39,59937,59,59,57,2158,78,1497,6900,4583114963,1094422682,521.56,0.00,30,52.8
4526,D-randread-sweep,39850,39,59906,59,59,57,2162,78,1497,6818,4584065259,1094422682,486.55,0.00,26,55.2
4527,D-randread-sweep,39850,39,60062,60,60,57,2158,78,1497,6818,4584956019,1094422682,456.07,0.00,10,59.6
4528,D-randread-sweep,39850,39,60218,60,60,57,2160,78,1497,6859,4585910451,1094422682,488.67,0.00,12,54.0
4529,D-randread-sweep,39850,39,60000,60,60,58,2161,78,1497,6696,4586661923,1094422786,384.75,0.05,12,62.8
4530,D-randread-sweep,39850,39,60250,60,60,57,2160,78,1497,6778,4587544707,1094422786,451.99,0.00,16,54.4
4531,D-randread-sweep,39850,39,60187,60,60,57,2158,78,1497,6859,4588493275,1094422786,485.67,0.00,15,54.0
4532,D-randread-sweep,39850,39,60343,60,60,58,2161,78,1497,6900,4589433187,1094422786,481.23,0.00,19,56.4
4533,D-randread-sweep,39850,39,60281,60,60,58,2160,78,1497,6818,4590305667,1094422786,446.71,0.00,26,59.6
4534,D-randread-sweep,39850,39,60375,60,60,58,2161,78,1497,6818,4591240619,1094422882,478.70,0.05,33,50.0
4535,D-randread-sweep,39850,39,60125,60,60,58,2158,78,1497,6778,4592148691,1094422890,464.93,0.00,11,55.6
4536,D-randread-sweep,39850,39,60187,60,60,58,2160,78,1497,6859,4593065771,1094422890,469.54,0.00,10,55.6
4537,D-randread-sweep,39850,39,60156,60,60,58,2157,78,1497,6900,4594013323,1094422890,485.15,0.00,28,62.8
4539,D-randread-sweep,39850,39,60156,60,60,58,2158,78,1497,6859,4594953979,1094422890,481.62,0.00,7,55.6
4540,D-randread-sweep,39850,39,60281,60,60,58,2162,78,1497,7186,4595919955,1094423178,494.58,0.15,31,70.4
4541,D-randread-sweep,39850,39,60343,60,60,58,2162,78,1497,7186,4596923467,1094423178,513.80,0.00,25,51.2
4542,D-randread-sweep,39850,39,60000,60,60,58,2160,78,1497,6778,4597826827,1094423178,462.52,0.00,11,54.4
4543,D-randread-sweep,39850,39,60125,60,60,58,2162,78,1497,6737,4598617187,1094423194,404.66,0.01,27,66.8
4545,D-randread-sweep,39850,39,59781,59,59,58,2158,78,1497,6093,4599483795,1094479002,443.70,28.57,249,90.0
4546,D-randread-sweep,39850,39,60218,60,60,58,2158,78,1497,6818,4600425419,1094534098,482.11,28.21,29,100.0
4547,D-randread-sweep,39850,39,60375,60,60,58,2160,78,1497,6696,4601202235,1094534098,397.73,0.00,25,66.8
4548,D-randread-sweep,39850,39,60562,60,60,58,2160,78,1420,6859,4602171507,1094534098,496.27,0.00,11,54.0
4550,D-randread-sweep,39850,39,60343,60,60,58,2162,78,1497,6011,4602866595,1094576186,355.89,21.55,304,82.0
4552,D-randread-sweep,39850,39,60250,60,60,58,2162,78,1497,6737,4603598675,1094645282,374.82,35.38,32,100.0
4553,D-randread-sweep,39850,39,60406,60,60,58,2160,78,1497,6859,4604607923,1094645282,516.73,0.00,25,51.2
4554,D-randread-sweep,39850,39,60312,60,60,58,2162,78,1497,6859,4605528379,1094645282,471.27,0.00,13,53.2
4555,D-randread-sweep,39850,39,60406,60,60,58,2162,78,1497,6818,4606499587,1094645442,497.26,0.08,32,58.4
4556,D-randread-sweep,39850,39,60437,60,60,58,2160,78,1497,6818,4607400971,1094645450,461.51,0.00,15,59.2
4557,D-randread-sweep,39850,39,60468,60,60,58,2161,78,1497,6859,4608342763,1094645450,482.20,0.00,29,57.6
4558,D-randread-sweep,39850,39,60500,60,60,58,2161,78,1497,6655,4609152619,1094645450,414.65,0.00,31,64.0
4559,D-randread-sweep,39850,39,60625,60,60,58,2160,78,1497,6859,4610140667,1094645450,505.88,0.00,32,45.6
4560,D-randread-sweep,39850,39,60812,60,60,58,2301,85,1497,6900,4611109371,1094645570,495.98,0.06,25,50.0
4561,D-randread-sweep,39850,39,60656,60,60,58,2384,85,1497,6859,4612101459,1094645578,507.95,0.00,28,54.0
4562,D-randread-sweep,39850,39,60562,60,60,58,2400,85,1497,6900,4613060899,1094645578,491.23,0.00,29,57.2
4563,D-randread-sweep,39850,39,60656,60,60,58,2398,85,1497,6859,4614019883,1094645578,491.00,0.00,16,54.8
4564,D-randread-sweep,39850,39,60718,60,60,58,2402,85,1497,6859,4614931835,1094645578,466.92,0.00,27,73.2
4566,D-randread-sweep,39850,39,60562,60,60,58,2402,85,1497,6859,4615884883,1094645690,487.96,0.06,6,56.4
4567,D-randread-sweep,39850,39,60531,60,60,58,2262,80,1497,6900,4616821267,1094645706,479.43,0.01,32,55.2
4568,D-randread-sweep,39850,39,60437,60,60,58,2233,80,1497,6696,4617686283,1094645706,442.89,0.00,26,62.4
4569,D-randread-sweep,39850,39,60687,60,60,58,2229,80,1497,6859,4618640251,1094645706,488.43,0.00,11,52.8
4570,D-randread-sweep,39850,39,60687,60,60,58,2276,84,1497,6778,4619528859,1094645706,454.97,0.00,7,58.8
4571,D-randread-sweep,39850,39,60718,60,60,58,2350,84,1497,6818,4620427427,1094645818,460.07,0.06,32,57.2
4572,D-randread-sweep,39850,39,59968,59,60,58,2317,81,1344,6379,4621339491,1094645826,466.98,0.00,5,52.4
4573,D-randread-sweep,39850,39,60125,60,60,58,2271,81,1497,6328,4622314347,1094645826,499.13,0.00,25,49.2
4574,D-randread-sweep,39850,39,60250,60,60,58,2267,81,1344,6338,4623261595,1094645842,484.99,0.01,29,50.0
4575,D-randread-sweep,39850,39,60250,60,60,58,2269,81,1497,6543,4624199563,1094645842,480.24,0.00,28,58.0
4576,D-randread-sweep,39850,39,60250,60,60,58,2262,81,1267,6379,4625133355,1094646346,478.10,0.26,32,53.2
4577,D-randread-sweep,39850,39,59968,59,60,58,2265,81,1497,6216,4626040267,1094646354,464.34,0.00,30,54.8
4578,D-randread-sweep,39850,39,59906,59,60,58,2271,81,1497,6257,4626974267,1094646354,478.21,0.00,32,61.2
4580,D-randread-sweep,39850,39,60187,60,60,58,2267,81,1497,6216,4627893163,1094646354,470.47,0.00,14,54.8
4581,D-randread-sweep,39850,39,60218,60,60,58,2265,81,1497,6257,4628829827,1094646370,479.57,0.01,31,54.8
4582,D-randread-sweep,39850,39,60375,60,60,58,2267,81,1497,6338,4629777915,1094646906,485.42,0.27,18,54.4
4583,D-randread-sweep,39850,39,60125,60,60,58,2264,81,1420,6338,4630740003,1094646906,492.59,0.00,29,54.4
4584,D-randread-sweep,39850,39,59906,59,60,58,2265,81,1497,6216,4631667035,1094646906,474.64,0.00,12,55.6
4585,D-randread-sweep,39850,39,59968,59,60,58,2269,81,1420,6338,4632598931,1094646906,477.13,0.00,26,56.4
4586,D-randread-sweep,39850,39,60375,60,60,58,2264,81,1497,6297,4633566219,1094646914,495.25,0.00,30,51.6
4587,D-randread-sweep,39850,39,60062,60,60,58,2264,81,1267,6093,4634403027,1094647042,428.45,0.07,32,62.8
4588,D-randread-sweep,39850,39,59875,59,60,58,2264,81,1344,6175,4635303531,1094647050,461.06,0.00,14,58.8
4589,D-randread-sweep,39850,39,60125,60,60,58,2267,81,1497,6338,4636294835,1094647050,507.55,0.00,30,50.8
4590,D-randread-sweep,39850,39,60250,60,60,58,2266,81,1497,6338,4637282163,1094647050,505.51,0.00,27,46.4
4591,D-randread-sweep,39850,39,60375,60,60,58,2266,81,1497,6859,4638273379,1094647050,507.50,0.00,31,62.4
4592,D-randread-sweep,39850,39,60343,60,60,58,2266,81,1497,6778,4639158491,1094647466,453.18,0.21,26,57.6
4594,D-randread-sweep,39850,39,59812,59,59,58,2264,81,1344,5480,4639425067,1094757034,136.49,56.10,286,100.0
4595,D-randread-sweep,39850,39,59906,59,59,58,2266,81,1497,6134,4639456027,1094868082,15.85,56.86,32,100.0
4596,D-randread-sweep,39850,39,60625,60,60,58,2266,81,1497,6859,4640445083,1094868082,506.40,0.00,27,52.8
4597,D-randread-sweep,39850,39,60562,60,60,58,2262,81,1497,6778,4641348499,1094869050,462.55,0.50,1,59.2
4598,D-randread-sweep,39850,39,59687,59,59,58,2266,81,1497,5970,4641491043,1095089674,72.98,112.96,110,95.6
4600,D-randread-sweep,39850,39,60656,60,60,58,2266,81,1497,7227,4642544115,1095089674,539.17,0.00,124,72.4
4601,D-randread-sweep,39850,39,60750,60,60,58,2266,81,1497,7308,4643615619,1095089674,548.61,0.00,85,77.2
4602,D-randread-sweep,39850,39,60500,60,60,58,2267,81,1497,7349,4644666603,1095089674,538.10,0.00,70,70.4
4603,D-randread-sweep,39850,39,60781,60,60,58,2262,81,1497,7104,4645476859,1095311138,414.85,113.39,107,72.0
4604,D-randread-sweep,39850,39,60750,60,60,58,2264,81,1497,7227,4646522395,1095311138,535.31,0.00,92,74.8
4605,D-randread-sweep,39850,39,60750,60,60,58,2264,81,1497,7390,4647578979,1095311146,540.97,0.00,100,69.6
4606,D-randread-sweep,39850,39,60687,60,60,58,2266,81,1497,7390,4648629979,1095311146,538.11,0.00,123,72.0
4607,D-randread-sweep,39850,39,60781,60,60,58,2264,81,1497,7186,4649453515,1095532034,421.65,113.09,129,80.4
4608,D-randread-sweep,39850,39,60625,60,60,58,2264,81,1497,7349,4650505259,1095533082,538.49,0.54,125,68.0
4609,D-randread-sweep,39850,39,60718,60,61,58,2262,81,1497,7349,4651559459,1095533082,539.75,0.00,100,66.0
4611,D-randread-sweep,39850,39,59968,59,59,58,2264,81,729,5398,4652219859,1095669146,338.12,69.66,383,100.0
4612,D-randread-sweep,39850,39,60625,60,60,58,2264,81,1497,7145,4653049931,1095753698,425.00,43.29,75,76.8
4613,D-randread-sweep,39850,39,60843,60,61,58,2260,81,1497,7431,4654158667,1095754194,567.67,0.25,105,70.4
4614,D-randread-sweep,39850,39,60781,60,60,58,2266,81,1497,7390,4655238643,1095754314,552.95,0.06,109,69.6
4615,D-randread-sweep,39850,39,60125,60,60,58,2266,81,1113,6052,4655833227,1095924426,304.43,87.10,326,87.2
4617,D-randread-sweep,39850,39,60843,60,60,58,2264,81,1497,7145,4656728675,1095974930,458.47,25.86,96,74.8
4618,D-randread-sweep,39850,39,60812,60,60,58,2262,81,1497,7349,4657826275,1095975426,561.97,0.25,91,76.8
4619,D-randread-sweep,39850,39,60843,60,60,58,2264,81,1497,7390,4658919451,1095975426,559.71,0.00,118,66.4
4620,D-randread-sweep,39850,39,60531,60,60,58,2266,81,1344,6257,4659502875,1096143490,298.71,86.05,334,89.2
4621,D-randread-sweep,39850,39,60718,60,60,58,2264,81,1497,7227,4660410563,1096196042,464.74,26.91,125,76.0
4622,D-randread-sweep,39850,39,61343,61,61,58,2264,81,1497,7390,4661534411,1096196058,575.41,0.01,109,74.8
4623,D-randread-sweep,39850,39,61093,61,61,58,2266,81,1497,7390,4662625731,1096197090,558.76,0.53,91,66.4
4624,D-randread-sweep,39850,39,60375,60,60,58,2269,81,1420,5889,4662961163,1096374114,171.74,90.64,300,95.6
4625,D-randread-sweep,39850,39,61031,61,60,58,2266,81,1497,7186,4663811043,1096417706,435.14,22.32,107,76.4
4626,D-randread-sweep,39850,39,60843,60,61,58,2264,81,1497,7431,4664918651,1096417706,567.10,0.00,120,76.0
4628,D-randread-sweep,39850,39,61187,61,61,58,2268,81,1497,7431,4666044563,1096418234,576.47,0.27,118,76.8
4629,D-randread-sweep,39850,39,60187,60,60,58,2266,81,1497,5970,4666477107,1096568890,221.46,77.14,402,100.0
4630,D-randread-sweep,39850,39,60875,60,60,58,2266,81,1497,7063,4667205483,1096638850,372.93,35.82,104,82.0
4631,D-randread-sweep,39850,39,61218,61,61,58,2264,81,1497,7431,4668340739,1096638890,581.25,0.02,81,75.6
4632,D-randread-sweep,39850,39,61281,61,61,58,2264,81,1497,7513,4669454515,1096638930,570.25,0.02,87,70.4
4633,D-randread-sweep,39850,39,60718,60,60,58,2262,81,1344,5889,4669592515,1096848482,70.66,107.29,174,100.0
4634,D-randread-sweep,39850,39,61093,61,61,58,2264,81,1497,7227,4670621171,1096860074,526.67,5.94,94,77.2
4635,D-randread-sweep,39850,39,61468,61,61,58,2266,81,1497,7513,4671724475,1096860074,564.89,0.00,98,72.0
4637,D-randread-sweep,39850,39,60875,60,60,58,2264,81,1497,7390,4672814051,1096884810,557.86,12.66,378,86.4
4638,D-randread-sweep,39850,39,61031,61,61,58,2264,81,1497,6778,4672871715,1097081234,29.52,100.57,90,100.0
4639,D-randread-sweep,39850,39,61375,61,61,58,2266,81,1497,7758,4673980779,1097081658,567.84,0.22,120,70.8
4640,D-randread-sweep,39850,39,61843,61,61,58,2268,81,1497,7717,4675016595,1097081658,530.34,0.00,96,71.2
4641,D-randread-sweep,39850,39,60625,60,60,58,2264,81,1497,6420,4675395507,1097249210,194.00,85.79,336,100.0
4642,D-randread-sweep,39850,39,61625,61,61,58,2266,81,1497,7717,4676204251,1097302274,414.08,27.17,123,86.8
4643,D-randread-sweep,39850,39,61593,61,61,59,2262,81,1497,7880,4677318691,1097302762,570.59,0.25,127,74.0
4644,D-randread-sweep,39850,39,60656,60,60,58,2264,81,1497,6737,4677845571,1097431714,269.76,66.02,489,94.0
4645,D-randread-sweep,39850,39,61750,61,61,58,2264,81,1497,7676,4678618923,1097523690,395.96,47.09,31,79.6
4647,D-randread-sweep,39850,39,61562,61,61,59,2262,81,1497,7921,4679733187,1097523690,570.50,0.00,97,79.2
4648,D-randread-sweep,39850,39,61343,61,61,59,2262,81,1497,7063,4680063339,1097744306,169.04,112.96,124,94.8
4649,D-randread-sweep,39850,39,61531,61,61,59,2261,81,1497,7594,4681152899,1097744818,557.85,0.26,78,69.2
4650,D-randread-sweep,39850,39,61687,61,61,59,2261,81,1497,7431,4682253547,1097744818,563.53,0.00,122,74.4
4651,D-randread-sweep,39850,39,61656,61,61,58,2264,81,1497,7390,4683351083,1097744954,561.94,0.07,115,66.4
4652,D-randread-sweep,39850,39,61656,61,61,58,2264,81,1497,7431,4684453963,1097744954,564.67,0.00,91,64.0
4653,D-randread-sweep,39850,39,61406,61,61,59,2262,81,1497,7431,4685559043,1097746026,565.80,0.55,98,75.6
4654,D-randread-sweep,39850,39,61593,61,61,59,2266,81,1497,7431,4686657867,1097746050,562.60,0.01,124,74.0
4655,D-randread-sweep,39850,39,61468,61,61,59,2266,81,1497,7431,4687760059,1097746050,564.32,0.00,104,74.0
4656,D-randread-sweep,39850,39,61781,61,61,59,2266,81,1497,7431,4688871563,1097746050,569.09,0.00,93,77.2
4657,D-randread-sweep,39850,39,61875,61,62,59,2262,81,1497,7390,4689970011,1097746050,562.41,0.00,94,78.0
4659,D-randread-sweep,39850,39,61500,61,61,59,2266,81,1497,7390,4691060435,1097747010,558.30,0.49,128,69.6
4660,D-randread-sweep,39850,39,61781,61,61,59,2266,81,1497,7349,4692162907,1097747154,564.47,0.07,104,73.2
4661,D-randread-sweep,39850,39,61843,61,62,59,2264,81,1497,7349,4693258947,1097747154,561.17,0.00,108,70.4
4662,D-randread-sweep,39850,39,61656,61,61,59,2266,81,1497,7349,4694351307,1097747154,559.29,0.00,110,72.0
4663,D-randread-sweep,39850,39,61812,61,61,59,2264,81,1497,7390,4695458483,1097747154,566.87,0.00,124,76.0
4664,D-randread-sweep,39850,39,61843,61,61,59,2266,81,1497,7431,4696569715,1097747298,568.95,0.07,126,78.8
4665,D-randread-sweep,39850,39,61718,61,61,59,2261,81,1497,7390,4697682819,1097747298,569.91,0.00,107,72.8
4666,D-randread-sweep,39850,39,61687,61,61,59,2409,88,1497,7349,4698774243,1097747298,558.81,0.00,58,74.8
4667,D-randread-sweep,39850,39,61906,61,61,59,2490,88,1497,7390,4699871403,1097747298,561.75,0.00,70,71.6
4668,D-randread-sweep,39850,39,61781,61,61,59,2402,84,1497,7390,4700969619,1097747314,562.29,0.01,124,70.8
4669,D-randread-sweep,39850,39,61687,61,61,59,2372,84,1497,7349,4702049835,1097747322,553.07,0.00,100,75.2
4671,D-randread-sweep,39850,39,62000,62,61,59,2364,84,1497,7390,4703147579,1097747450,562.04,0.07,97,73.2
4672,D-randread-sweep,39850,39,62000,62,62,59,2366,84,1497,7390,4704248915,1097747450,563.88,0.00,104,72.8
4673,D-randread-sweep,39850,39,62093,62,62,59,2362,84,1497,7390,4705352107,1097747450,564.83,0.00,100,70.0
4674,D-randread-sweep,39850,39,62218,62,62,59,2362,84,1497,7390,4706454795,1097747450,564.58,0.00,124,71.6
4675,D-randread-sweep,39850,39,61843,61,61,59,2364,84,1497,7390,4707553843,1097747578,562.71,0.07,124,71.2
4676,D-randread-sweep,39850,39,61812,61,61,59,2365,84,1497,7431,4708586819,1097747986,528.88,0.21,127,74.0
4677,D-randread-sweep,39850,39,61843,61,61,59,2367,84,1497,7308,4709658035,1097747986,548.46,0.00,89,70.4
4678,D-randread-sweep,39850,39,61843,61,61,59,2366,84,1497,7472,4710752955,1097747986,560.60,0.00,120,76.8
4679,D-randread-sweep,39850,39,62062,62,62,59,2368,84,1497,7390,4711863403,1097747986,568.55,0.00,97,75.6
4680,D-randread-sweep,39850,39,62062,62,61,59,2368,84,1497,7390,4712951179,1097748546,556.94,0.29,74,71.2
4681,D-randread-sweep,39850,39,62062,62,62,59,2370,84,1497,7349,4714034891,1097748546,554.86,0.00,125,69.6
4683,D-randread-sweep,39850,39,61906,61,61,59,2369,84,1497,7390,4715153611,1097748546,572.78,0.00,97,68.0
4684,D-randread-sweep,39850,39,62031,62,62,59,2368,84,1497,7390,4716250187,1097748546,561.45,0.00,105,68.0
4685,D-randread-sweep,39850,39,61937,61,61,59,2368,84,1497,7390,4717366971,1097748546,571.79,0.00,118,71.6
4686,D-randread-sweep,39850,39,61937,61,61,59,2368,84,1497,7390,4718469595,1097749074,564.54,0.27,89,72.4
4687,D-randread-sweep,39850,39,62093,62,62,59,2368,84,1497,7390,4719573331,1097749074,565.11,0.00,56,76.4
4688,D-randread-sweep,39850,39,62156,62,62,59,2366,84,1497,7390,4720678939,1097749074,566.07,0.00,89,70.4
4689,D-randread-sweep,39850,39,62125,62,62,59,2366,84,1497,7390,4721780115,1097749074,563.80,0.00,50,66.8
4690,D-randread-sweep,39850,39,61875,61,61,59,2364,84,1497,7390,4722889299,1097749074,567.90,0.00,79,70.0
4691,D-randread-sweep,39850,39,62406,62,62,59,2366,84,1497,7390,4723986307,1097749250,561.67,0.09,90,70.4
4692,D-randread-sweep,39850,39,61625,61,61,59,2368,84,1497,6982,4725081251,1097749250,560.61,0.00,120,74.8
4693,D-randread-sweep,39850,39,61750,61,61,59,2370,84,1497,6941,4726188275,1097749250,566.80,0.00,122,72.4
4695,D-randread-sweep,39850,39,61687,61,61,59,2368,84,1497,6900,4727301635,1097749250,570.04,0.00,119,70.4
4696,D-randread-sweep,39850,39,61625,61,61,59,2366,84,1497,6900,4728405283,1097749250,565.07,0.00,97,66.0
4697,D-randread-sweep,39850,39,61531,61,61,59,2366,84,1497,6900,4729493291,1097749386,557.06,0.07,123,65.6
4698,D-randread-sweep,39850,39,62000,62,61,59,2367,84,1497,6941,4730598859,1097749386,566.05,0.00,116,68.4
4699,D-randread-sweep,39850,39,61593,61,61,59,2366,84,1497,6941,4731706763,1097749386,567.25,0.00,91,72.0
4700,D-randread-sweep,39850,39,61718,61,61,59,2367,84,1497,6941,4732819523,1097749402,569.73,0.01,63,67.6
4701,D-randread-sweep,39850,39,61843,61,61,59,2367,84,1497,6859,4733920387,1097749402,563.64,0.00,100,70.4
4702,D-randread-sweep,39850,39,61718,61,61,59,2367,84,1497,6900,4735023427,1097749530,564.76,0.07,81,64.8
4703,D-randread-sweep,39850,39,61812,61,61,59,2367,84,1497,6941,4736115635,1097749530,559.21,0.00,93,67.6
4704,D-randread-sweep,39850,39,61593,61,61,59,2365,84,1497,6900,4737218003,1097749530,564.41,0.00,100,64.0
4705,D-randread-sweep,39850,39,61593,61,61,59,2365,84,1497,6900,4738338643,1097749530,573.77,0.00,123,77.2
4707,D-randread-sweep,39850,39,61687,61,61,59,2368,84,1497,6941,4739448899,1097749538,568.45,0.00,103,73.6
4708,D-randread-sweep,39850,39,61781,61,61,59,2370,84,1497,6941,4740560067,1097749562,568.92,0.01,111,76.4
4709,D-randread-sweep,39850,39,61718,61,61,59,2366,84,1497,6859,4741622563,1097749666,544.00,0.05,128,66.4
4710,D-randread-sweep,39850,39,61687,61,61,59,2366,84,1497,6859,4742658163,1097749666,530.23,0.00,82,72.4
4711,D-randread-sweep,39850,39,61625,61,61,59,2366,84,1497,6941,4743758179,1097749666,563.21,0.00,109,72.0
4712,D-randread-sweep,39850,39,61687,61,61,59,2366,84,1497,6900,4744865963,1097749666,567.19,0.00,126,74.4
4713,D-randread-sweep,39850,39,61562,61,61,59,2367,84,1497,6900,4745976843,1097749866,568.77,0.10,102,70.4
4714,D-randread-sweep,39850,39,61593,61,61,59,2362,84,1497,6941,4747093891,1097749866,571.93,0.00,81,73.2
4715,D-randread-sweep,39850,39,61812,61,61,59,2366,84,1497,6941,4748214483,1097749866,573.74,0.00,96,75.6
4716,D-randread-sweep,39850,39,61843,61,61,59,2365,84,1497,6900,4749340835,1097749866,576.69,0.00,126,72.4
4718,D-randread-sweep,39850,39,61625,61,61,59,2368,84,1497,6900,4750452939,1097749866,569.40,0.00,103,74.4
4719,D-randread-sweep,39850,39,61687,61,61,59,2370,84,1497,6900,4751560099,1097749978,566.87,0.06,105,66.0
4720,D-randread-sweep,39850,39,61718,61,61,59,2368,84,1497,6941,4752675659,1097749978,571.17,0.00,123,67.2
4721,D-randread-sweep,39850,39,61718,61,61,59,2366,84,1497,6941,4753782659,1097749978,566.78,0.00,104,76.8
4722,D-randread-sweep,39850,39,61718,61,61,59,2367,84,1497,6900,4754883939,1097749978,563.86,0.00,112,77.6
4723,D-randread-sweep,39850,39,61625,61,61,59,2369,84,1497,6900,4756008459,1097750090,575.75,0.06,128,71.6
4724,D-randread-sweep,39850,39,61593,61,61,59,2366,84,1497,6859,4757101019,1097750154,559.39,0.03,120,70.4
4725,D-randread-sweep,39850,39,61687,61,61,59,2370,84,1497,6900,4758201323,1097750154,563.36,0.00,105,72.0
4726,D-randread-sweep,39850,39,61531,61,61,59,2370,84,1497,6859,4759303515,1097750154,564.32,0.00,108,68.4
4727,D-randread-sweep,39850,39,61625,61,61,59,2369,84,1497,6900,4760403851,1097750154,563.37,0.00,90,72.0
4728,D-randread-sweep,39850,39,61718,61,61,59,2367,84,1497,6900,4761500187,1097750154,561.32,0.00,123,63.2
4730,D-randread-sweep,39850,39,61718,61,61,59,2365,84,1497,6900,4762598379,1097750258,562.27,0.05,95,67.6
4731,D-randread-sweep,39850,39,61812,61,61,59,2367,84,1497,6941,4763725475,1097750258,577.07,0.00,124,75.6
4732,D-randread-sweep,39850,39,61593,61,61,59,2370,84,1497,6941,4764826851,1097750266,563.90,0.00,49,72.0
4733,D-randread-sweep,39850,39,61968,61,61,59,2370,84,1497,6941,4765926563,1097750274,563.05,0.00,102,73.6
4734,D-randread-sweep,39850,39,61625,61,61,59,2372,84,1497,6900,4767022363,1097750378,561.05,0.05,111,71.6
4735,D-randread-sweep,39850,39,61843,61,61,59,2369,84,1497,6900,4768128147,1097750378,566.16,0.00,118,74.8
4736,D-randread-sweep,39850,39,61843,61,61,59,2367,84,1497,6941,4769245579,1097750378,572.13,0.00,126,72.8
4737,D-randread-sweep,39850,39,61625,61,61,59,2367,84,1497,6900,4770343867,1097750378,562.32,0.00,119,68.4
4738,D-randread-sweep,39850,39,61687,61,61,59,2365,84,1497,6859,4771459427,1097750378,571.17,0.00,99,63.2
4739,D-randread-sweep,39850,39,61750,61,61,59,2365,84,1497,6900,4772565691,1097750482,566.41,0.05,128,72.0
4741,D-randread-sweep,39850,39,61718,61,61,59,2365,84,1497,6941,4773676251,1097750490,568.61,0.00,125,67.6
4742,D-randread-sweep,39850,39,61875,61,61,59,2365,84,1497,6900,4774760691,1097750490,555.23,0.00,128,72.0
4743,D-randread-sweep,39850,39,61593,61,61,59,2367,84,1497,6818,4775785747,1097750490,524.83,0.00,134,67.6
4744,D-randread-sweep,39850,39,61718,61,61,59,2369,84,1497,6941,4776856267,1097750490,548.11,0.00,102,76.4
4745,D-randread-sweep,39850,39,61687,61,61,59,2371,84,1497,6941,4777976747,1097750610,573.69,0.06,102,70.8
4746,D-randread-sweep,39850,39,61625,61,61,59,2367,84,1497,6982,4779064547,1097750610,556.95,0.00,107,71.6
4747,D-randread-sweep,39850,39,61843,61,61,59,2369,84,1497,6982,4780164363,1097750610,563.11,0.00,106,68.0
4748,D-randread-sweep,39850,39,61000,61,61,59,2369,84,1497,5807,4780719147,1097750610,284.05,0.00,1,50.0
4749,D-randread-sweep,39850,39,61031,61,60,59,2369,84,1267,5357,4780786491,1097750610,34.48,0.00,1,97.2
4750,D-randread-sweep,39850,39,60968,60,60,59,2365,84,1267,5316,4780854947,1097751170,35.05,0.29,1,92.0
4751,D-randread-sweep,39850,39,60718,60,60,59,2369,84,1267,5316,4780924891,1097751170,35.81,0.00,1,99.2
4752,D-randread-sweep,39850,39,60718,60,60,59,2367,84,1344,5316,4780994115,1097751170,35.44,0.00,1,93.6
4753,D-randread-sweep,39850,39,60875,60,60,59,2367,84,1267,5357,4781062331,1097751170,34.93,0.00,1,92.8
4755,D-randread-sweep,39850,39,60625,60,60,59,2369,84,1420,5316,4781130443,1097751170,34.87,0.00,1,99.2
4756,D-randread-sweep,39850,39,60781,60,60,58,2371,84,1420,5480,4781199003,1097751714,35.10,0.28,2,94.0
4757,D-randread-sweep,39850,39,60906,60,60,59,2369,84,1344,5929,4781268011,1097751722,35.33,0.00,1,95.2
4758,D-randread-sweep,39850,39,60781,60,61,59,2367,84,1420,5970,4781338059,1097751722,35.86,0.00,0,96.0
4759,D-randread-sweep,39850,39,60812,60,60,59,2365,84,1344,5970,4781408035,1097751722,35.83,0.00,1,96.8
4760,D-randread-sweep,39850,39,61093,61,60,59,2365,84,1344,5929,4781478731,1097751722,36.20,0.00,1,95.6
4761,D-randread-sweep,39850,39,60750,60,60,58,2367,84,1344,5929,4781548363,1097751818,35.65,0.05,1,96.4
4762,D-randread-sweep,39850,39,60906,60,60,58,2367,84,1267,5970,4781617763,1097751826,35.53,0.00,1,97.6
4763,D-randread-sweep,39850,39,60906,60,60,59,2369,84,1344,5970,4781687587,1097751842,35.75,0.01,1,97.2
4764,D-randread-sweep,39850,39,60750,60,61,58,2367,84,1420,5970,4781756947,1097751858,35.51,0.01,1,96.4
4765,D-randread-sweep,39850,39,60718,60,60,58,2365,84,1420,5970,4781827051,1097751858,35.89,0.00,1,94.4
4766,D-randread-sweep,39850,39,60656,60,60,58,2365,84,1267,5970,4781896363,1097751986,35.49,0.07,1,94.8
4767,D-randread-sweep,39850,39,60750,60,60,59,2363,84,1420,5929,4781966707,1097751994,36.02,0.00,1,94.0
4768,D-randread-sweep,39850,39,60875,60,60,58,2367,84,1344,5970,4782035755,1097751994,35.35,0.00,1,98.4
4769,D-randread-sweep,39850,39,60812,60,60,59,2367,84,1497,5929,4782105699,1097751994,35.81,0.00,1,94.8
4770,D-randread-sweep,39850,39,60656,60,60,58,2367,84,1420,5929,4782175371,1097751994,35.67,0.00,0,98.0
4772,D-randread-sweep,39850,39,60687,60,60,59,2367,84,1344,5970,4782244059,1097752130,35.17,0.07,1,96.0
4773,D-randread-sweep,39850,39,60531,60,60,58,2367,84,1344,5929,4782313995,1097752138,35.81,0.00,1,95.2
4774,D-randread-sweep,39850,39,60781,60,60,58,2366,84,1344,5929,4782384131,1097752138,35.91,0.00,1,90.8
4775,D-randread-sweep,39850,39,60875,60,60,59,2366,84,1420,5929,4782454875,1097752138,36.22,0.00,1,94.8
4776,D-randread-sweep,39850,39,60718,60,60,58,2368,84,1497,6093,4782523083,1097752138,34.92,0.00,1,94.8
4777,D-randread-sweep,39850,39,60812,60,60,59,2366,84,1267,6134,4782598107,1097752402,38.41,0.14,2,99.2
4778,D-randread-sweep,39850,39,60593,60,60,58,2366,84,1267,5970,4782673571,1097752634,38.64,0.12,1,98.8
4779,D-randread-sweep,39850,39,60656,60,60,58,2366,84,1420,6011,4782750723,1097752826,39.50,0.10,1,98.0
4780,D-randread-sweep,39850,39,60875,60,60,58,2371,84,1344,5970,4782826795,1097752826,38.95,0.00,0,98.0
4781,D-randread-sweep,39850,39,60687,60,60,58,2370,84,1344,5970,4782899899,1097752842,37.43,0.01,1,99.2
4782,D-randread-sweep,39850,39,60750,60,60,58,2370,84,1344,6011,4782976707,1097753386,39.33,0.28,1,99.2
4783,D-randread-sweep,39850,39,60593,60,60,58,2368,84,1420,6011,4783052235,1097753394,38.67,0.00,1,100.0
4784,D-randread-sweep,39850,39,60718,60,60,58,2370,84,1497,5970,4783128619,1097753394,39.11,0.00,1,98.8
4785,D-randread-sweep,39850,39,60562,60,60,58,2368,84,1344,5970,4783204843,1097753394,39.03,0.00,1,98.8
4786,D-randread-sweep,39850,39,60562,60,60,58,2370,84,1420,6011,4783276331,1097753394,36.60,0.00,1,100.0
4787,D-randread-sweep,39850,39,60531,60,60,58,2366,84,1267,5970,4783352587,1097753562,39.04,0.09,1,98.8
4788,D-randread-sweep,39850,39,60718,60,60,58,2366,84,1497,6011,4783422659,1097753570,35.88,0.00,1,99.6
4789,D-randread-sweep,39850,39,60531,60,60,58,2366,84,1497,6011,4783498947,1097753570,39.06,0.00,1,97.2
4791,D-randread-sweep,39850,39,60500,60,60,58,2364,84,1420,5970,4783562283,1097753570,32.43,0.00,1,100.0
4792,D-randread-sweep,39850,39,60593,60,60,58,2366,84,1344,5970,4783638483,1097753570,39.01,0.00,1,100.0
4793,D-randread-sweep,39850,39,60593,60,60,58,2363,84,1420,5970,4783713779,1097753674,38.55,0.05,0,96.8
4794,D-randread-sweep,39850,39,60437,60,60,58,2364,84,1267,5970,4783789795,1097753690,38.92,0.01,1,98.8
4795,D-randread-sweep,39850,39,60687,60,60,58,2366,84,1420,5970,4783866019,1097753690,39.03,0.00,0,98.4
4796,D-randread-sweep,39850,39,60406,60,60,58,2366,84,1420,5970,4783942307,1097753690,39.06,0.00,1,97.2
4797,D-randread-sweep,39850,39,60375,60,60,58,2368,84,1344,5970,4784018323,1097753698,38.92,0.00,1,100.0
4798,D-randread-sweep,39850,39,60375,60,60,58,2370,84,1267,6011,4784094107,1097753826,38.80,0.07,1,97.6
4799,D-randread-sweep,39850,39,60656,60,60,58,2372,84,1344,6011,4784170355,1097753826,39.04,0.00,1,96.4
4800,D-randread-sweep,39850,39,60406,60,60,58,2366,84,1344,6011,4784246299,1097753826,38.88,0.00,1,99.2
4801,D-randread-sweep,39850,39,60343,60,60,58,2368,84,1420,6011,4784321635,1097753826,38.57,0.00,1,98.0
4802,D-randread-sweep,39850,39,60500,60,60,58,2364,84,1420,6011,4784397587,1097753826,38.89,0.00,1,96.0
4803,D-randread-sweep,39850,39,60562,60,60,58,2366,84,1267,5970,4784470075,1097754074,37.11,0.13,0,98.0
4804,D-randread-sweep,39850,39,60375,60,60,58,2366,84,1344,5970,4784545795,1097754074,38.77,0.00,1,100.0
4805,D-randread-sweep,39850,39,60250,60,60,58,2366,84,1420,6011,4784620931,1097754074,38.47,0.00,1,98.4
4806,D-randread-sweep,39850,39,60500,60,60,58,2364,84,1497,6011,4784696331,1097754090,38.60,0.01,1,96.8
4807,D-randread-sweep,39850,39,60312,60,60,58,2364,84,1497,6011,4784772827,1097754090,39.17,0.00,1,98.0
4808,D-randread-sweep,39850,39,60468,60,60,58,2366,84,1344,6011,4784848787,1097754226,38.89,0.07,1,99.6
4810,D-randread-sweep,39850,39,60281,60,60,58,2366,84,1497,6011,4784924523,1097754234,38.78,0.00,1,99.6
4811,D-randread-sweep,39850,39,60156,60,60,58,2370,84,1344,6011,4785000715,1097754234,39.01,0.00,1,99.6
4812,D-randread-sweep,39850,39,60000,60,60,58,2368,84,806,5766,4785076003,1097754234,38.55,0.00,0,97.2
4813,D-randread-sweep,39850,39,59843,59,60,58,2368,84,1344,5357,4785146619,1097754234,36.16,0.00,1,99.2
4814,D-randread-sweep,39850,39,59781,59,59,58,2335,80,1344,5316,4785216419,1097754378,35.74,0.07,1,96.4
4815,D-randread-sweep,39850,39,60062,60,60,58,2251,80,806,5316,4785286859,1097754378,36.07,0.00,0,98.8
4816,D-randread-sweep,39850,39,59750,59,59,58,2237,80,806,5316,4785351899,1097754378,33.30,0.00,1,98.4
4817,D-randread-sweep,39850,39,59656,59,59,58,2232,80,1344,5316,4785422707,1097754378,36.25,0.00,0,98.8
4818,D-randread-sweep,39850,39,59750,59,59,58,2232,80,1267,5275,4785491755,1097754378,35.35,0.00,0,96.0
4819,D-randread-sweep,39850,39,59656,59,59,58,2232,80,806,5275,4785562555,1097754474,36.25,0.05,1,93.2
4820,D-randread-sweep,39850,39,59781,59,59,58,2232,80,1344,5275,4785633755,1097754482,36.45,0.00,1,95.2
4821,D-randread-sweep,39850,39,59750,59,59,58,2230,80,1344,5275,4785703715,1097754482,35.82,0.00,1,96.8
4822,D-randread-sweep,39850,39,59812,59,59,58,2232,80,1036,5275,4785766707,1097754482,32.25,0.00,0,95.6
4823,D-randread-sweep,39850,39,59843,59,59,58,2232,80,1344,5316,4785837107,1097754482,36.04,0.00,1,99.2
4825,D-randread-sweep,39850,39,59625,59,59,58,2230,80,729,5316,4785894835,1097754578,29.56,0.05,2,96.0
4826,D-randread-sweep,39850,39,59656,59,59,58,2230,80,1420,5316,4785963203,1097754594,35.00,0.01,1,97.2
4827,D-randread-sweep,39850,39,59500,59,59,57,2230,80,1344,5275,4786033699,1097754594,36.09,0.00,1,97.2
4828,D-randread-sweep,39850,39,59656,59,59,58,2232,80,1420,5316,4786104019,1097754594,36.00,0.00,0,96.4
4829,D-randread-sweep,39850,39,59687,59,59,57,2233,80,1344,5316,4786174443,1097754594,36.06,0.00,1,97.6
4830,D-randread-sweep,39850,39,59531,59,59,58,2230,80,1344,5275,4786244811,1097754706,36.03,0.06,1,97.2
4831,D-randread-sweep,39850,39,59687,59,59,57,2232,80,883,5316,4786314867,1097754706,35.87,0.00,1,97.6
4832,D-randread-sweep,39850,39,59468,59,59,57,2230,80,1344,5275,4786386227,1097754722,36.54,0.01,1,98.4
4833,D-randread-sweep,39850,39,59375,59,59,57,2230,80,1344,5316,4786456939,1097754722,36.20,0.00,1,94.8
4834,D-randread-sweep,39850,39,59531,59,59,57,2230,80,1036,5316,4786527139,1097754722,35.94,0.00,0,96.0
4835,D-randread-sweep,39850,39,59343,59,59,58,2227,80,1344,5275,4786597771,1097754842,36.16,0.06,1,95.2
4836,D-randread-sweep,39850,39,59500,59,59,57,2228,80,1267,5275,4786668859,1097754850,36.40,0.00,1,94.8
4837,D-randread-sweep,39850,39,59312,59,59,58,2230,80,1344,5316,4786739459,1097754850,36.15,0.00,1,94.4
4838,D-randread-sweep,39850,39,59281,59,59,57,2230,80,729,5275,4786810075,1097754850,36.16,0.00,1,94.8
4839,D-randread-sweep,39850,39,59343,59,59,58,2232,80,1497,5316,4786880275,1097754850,35.94,0.00,1,97.6
4841,D-randread-sweep,39850,39,59531,59,59,57,2228,80,806,5275,4786950403,1097755090,35.91,0.12,1,97.6
4842,D-randread-sweep,39850,39,59156,59,59,57,2228,80,806,5275,4787016475,1097755090,33.83,0.00,1,98.4
4843,D-randread-sweep,39850,39,59343,59,59,57,2228,80,729,5275,4787087035,1097755090,36.13,0.00,1,94.4
4844,D-randread-sweep,39850,39,59156,59,59,57,2228,80,1344,5275,4787157891,1097755090,36.28,0.00,1,97.2
4845,D-randread-sweep,39850,39,59031,59,59,57,2230,80,1344,5275,4787228459,1097755090,36.13,0.00,1,92.8
4846,D-randread-sweep,39850,39,59281,59,59,57,2230,80,1344,5275,4787299763,1097755178,36.51,0.05,1,94.8
4847,D-randread-sweep,39850,39,59156,59,59,57,2228,80,1344,5275,4787369619,1097755186,35.77,0.00,1,94.0
4848,D-randread-sweep,39850,39,59250,59,59,57,2230,80,1420,5275,4787438619,1097755186,35.33,0.00,1,94.8
4849,D-randread-sweep,39850,39,59312,59,59,57,2227,80,1420,5275,4787507675,1097755186,35.36,0.00,1,95.2
4850,D-randread-sweep,39850,39,59093,59,59,57,2228,80,1420,5316,4787577691,1097755186,35.85,0.00,0,97.6
4851,D-randread-sweep,39850,39,59062,59,59,57,2230,80,1344,5316,4787647299,1097755282,35.64,0.05,1,94.8
4852,D-randread-sweep,39850,39,59062,59,59,57,2232,80,1344,5275,4787716627,1097755290,35.50,0.00,1,99.2
4853,D-randread-sweep,39850,39,59093,59,59,57,2230,80,1420,5316,4787786411,1097755290,35.73,0.00,1,97.6
4854,D-randread-sweep,39850,39,59062,59,59,57,2230,80,1267,5275,4787855483,1097755290,35.36,0.00,1,97.2
4856,D-randread-sweep,39850,39,59156,59,59,57,2228,80,1267,5316,4787924795,1097755306,35.49,0.01,1,96.4
4857,D-randread-sweep,39850,39,59187,59,59,57,2228,80,1267,5275,4787993867,1097755434,35.36,0.07,1,95.6
4858,D-randread-sweep,39850,39,59187,59,59,57,2228,80,1344,5316,4788062643,1097755434,35.21,0.00,1,94.8
4859,D-randread-sweep,39850,39,59000,59,59,57,2228,80,1344,5316,4788131523,1097755434,35.27,0.00,1,95.2
4860,D-randread-sweep,39850,39,59250,59,59,57,2228,80,1344,5316,4788200323,1097755434,35.23,0.00,1,94.4
4861,D-randread-sweep,39850,39,58875,58,58,57,2230,80,1267,5275,4788269571,1097755434,35.45,0.00,1,96.4
4862,D-randread-sweep,39850,39,58906,58,58,57,2230,80,1420,5275,4788337507,1097755562,34.78,0.07,2,96.4
4863,D-randread-sweep,39850,39,58937,58,58,57,2232,80,1420,5316,4788405875,1097755570,35.00,0.00,1,96.4
4864,D-randread-sweep,39850,39,58937,58,58,57,2233,80,1344,5275,4788474371,1097755578,35.07,0.00,1,95.2
4865,D-randread-sweep,39850,39,59031,59,58,57,2233,80,1267,5275,4788542931,1097755578,35.10,0.00,1,96.8
4866,D-randread-sweep,39850,39,59000,59,59,57,2233,80,1420,5275,4788612131,1097755578,35.43,0.00,1,98.0
4867,D-randread-sweep,39850,39,58875,58,58,57,2235,80,1267,5275,4788680099,1097755690,34.80,0.06,2,97.6
4868,D-randread-sweep,39850,39,59125,59,58,57,2237,80,1267,5275,4788748659,1097755698,35.10,0.00,1,99.6
4869,D-randread-sweep,39850,39,58875,58,59,57,2231,80,1344,5275,4788818747,1097755698,35.89,0.00,1,96.4
4871,D-randread-sweep,39850,39,58687,58,58,57,2228,80,1344,5275,4788880187,1097755698,31.46,0.00,1,93.2
4872,D-randread-sweep,39850,39,58718,58,58,57,2230,80,1420,5275,4788950859,1097755698,36.18,0.00,1,96.0
4873,D-randread-sweep,39850,39,58937,58,58,57,2228,80,1344,5275,4789020731,1097755826,35.77,0.07,1,98.0
4874,D-randread-sweep,39850,39,58781,58,58,57,2228,80,1267,5275,4789091267,1097755826,36.11,0.00,0,96.8
4875,D-randread-sweep,39850,39,58843,58,58,57,2228,80,1420,5275,4789162059,1097755826,36.25,0.00,1,98.8
4876,D-randread-sweep,39850,39,59125,59,59,57,2228,80,1344,5684,4789233891,1097755826,36.78,0.00,1,97.6
4877,D-randread-sweep,39850,39,59281,59,59,57,2232,80,1497,6379,4789307747,1097756354,37.81,0.27,1,98.4
4878,D-randread-sweep,39850,39,59031,59,59,57,2230,80,1420,5970,4789383123,1097756778,38.59,0.22,0,100.0
4879,D-randread-sweep,39850,39,59062,59,59,57,2230,80,1420,5929,4789458899,1097756778,38.80,0.00,1,96.4
4880,D-randread-sweep,39850,39,59187,59,59,57,2232,80,1344,5929,4789534411,1097756778,38.66,0.00,1,100.0
4881,D-randread-sweep,39850,39,59093,59,59,57,2230,80,1420,5929,4789610459,1097756778,38.94,0.00,0,100.0
4882,D-randread-sweep,39850,39,59343,59,59,57,2231,80,1344,5929,4789686003,1097756874,38.68,0.05,1,100.0
4883,D-randread-sweep,39850,39,59156,59,59,57,2228,80,1267,5970,4789761403,1097756882,38.60,0.00,1,99.6
4884,D-randread-sweep,39850,39,59187,59,59,57,2226,80,1344,5929,4789837179,1097756882,38.80,0.00,0,98.4
4885,D-randread-sweep,39850,39,59187,59,59,57,2230,80,1267,5970,4789912531,1097756882,38.58,0.00,1,100.0
4886,D-randread-sweep,39850,39,59281,59,59,57,2230,80,1344,5970,4789988459,1097756898,38.88,0.01,1,100.0
4888,D-randread-sweep,39850,39,59156,59,59,57,2228,80,1420,5970,4790064675,1097757018,39.02,0.06,1,99.6
4889,D-randread-sweep,39850,39,58968,58,59,57,2231,80,729,5970,4790130683,1097757026,33.80,0.00,1,100.0
4890,D-randread-sweep,39850,39,59218,59,59,57,2228,80,1344,5929,4790205755,1097757026,38.44,0.00,1,100.0
4891,D-randread-sweep,39850,39,59062,59,59,57,2231,80,1344,5970,4790279291,1097757026,37.65,0.00,0,96.4
4892,D-randread-sweep,39850,39,59062,59,59,57,2233,80,1344,5970,4790354971,1097757026,38.75,0.00,1,97.2
4893,D-randread-sweep,39850,39,59031,59,59,57,2233,80,1267,5970,4790428851,1097757162,37.83,0.07,1,94.0
4894,D-randread-sweep,39850,39,59062,59,59,57,2231,80,1267,5970,4790496987,1097757162,34.89,0.00,1,92.4
4895,D-randread-sweep,39850,39,59062,59,59,57,2235,80,1267,5929,4790566563,1097757162,35.62,0.00,1,96.4
4896,D-randread-sweep,39850,39,59218,59,59,57,2233,80,729,5889,4790624899,1097757162,29.87,0.00,1,96.0
4897,D-randread-sweep,39850,39,59343,59,59,57,2237,80,1420,5929,4790693603,1097757162,35.18,0.00,1,95.6
4898,D-randread-sweep,39850,39,59218,59,59,57,2235,80,1497,6011,4790754563,1097757282,31.21,0.06,0,84.0
4899,D-randread-sweep,39850,39,59500,59,59,57,2237,80,1497,6175,4790902243,1097757298,75.61,0.01,2,68.8
4900,D-randread-sweep,39850,39,59125,59,59,57,2235,80,1497,6175,4791127203,1097757298,115.18,0.00,4,85.2
4901,D-randread-sweep,39850,39,59000,59,59,57,2238,80,1497,6216,4791335267,1097757298,106.53,0.00,4,86.8
4902,D-randread-sweep,39850,39,59156,59,59,57,2236,80,1497,6257,4791569651,1097757298,120.00,0.00,1,76.4
4903,D-randread-sweep,39850,39,59156,59,59,57,2235,80,1497,6257,4791794675,1097757858,115.21,0.29,4,79.2
4904,D-randread-sweep,39850,39,59031,59,59,57,2235,80,1497,6216,4792011395,1097757866,110.96,0.00,3,86.8
4906,D-randread-sweep,39850,39,59031,59,59,57,2233,80,1497,6175,4792210275,1097757866,101.83,0.00,4,85.2
4907,D-randread-sweep,39850,39,59156,59,59,57,2231,80,1497,6216,4792422331,1097757866,108.57,0.00,3,85.2
4908,D-randread-sweep,39850,39,59093,59,59,57,2228,80,1497,6216,4792642643,1097757866,112.80,0.00,4,83.2
4909,D-randread-sweep,39850,39,59093,59,59,57,2229,80,1497,6175,4792834395,1097758498,98.18,0.32,3,87.2
4910,D-randread-sweep,39850,39,59343,59,59,57,2230,80,1497,6216,4793048275,1097758506,109.51,0.00,3,76.0
4911,D-randread-sweep,39850,39,59125,59,59,57,2230,80,1497,6216,4793274531,1097758506,115.84,0.00,4,76.0
4912,D-randread-sweep,39850,39,59093,59,59,57,2230,80,1497,6216,4793480163,1097758506,105.28,0.00,4,80.4
4913,D-randread-sweep,39850,39,59093,59,59,57,2230,80,1497,6134,4793702747,1097758506,113.96,0.00,4,84.0
4914,D-randread-sweep,39850,39,59093,59,59,57,2231,80,1497,6216,4793926467,1097758610,114.54,0.05,4,76.8
4915,D-randread-sweep,39850,39,59250,59,59,57,2231,80,1497,6175,4794116291,1097758610,97.19,0.00,4,86.8
4916,D-randread-sweep,39850,39,59093,59,59,57,2231,80,1497,6216,4794331131,1097758610,110.00,0.00,4,80.8
4917,D-randread-sweep,39850,39,59218,59,59,57,2231,80,1497,6216,4794549395,1097758626,111.75,0.01,4,80.4
4918,D-randread-sweep,39850,39,59156,59,59,57,2233,80,1497,6216,4794771707,1097758626,113.82,0.00,4,84.4
4919,D-randread-sweep,39850,39,59156,59,59,57,2231,80,1497,6216,4794989611,1097758754,111.57,0.07,3,87.6
4920,D-randread-sweep,39850,39,59218,59,59,57,2230,80,1497,6216,4795213763,1097758762,114.77,0.00,2,82.4
4922,D-randread-sweep,39850,39,59187,59,59,57,2230,80,1497,6216,4795419211,1097758762,105.19,0.00,4,86.8
4923,D-randread-sweep,39850,39,59218,59,59,57,2228,80,1497,6175,4795620627,1097758762,103.12,0.00,4,87.6
4924,D-randread-sweep,39850,39,59156,59,59,57,2228,80,1497,6175,4795849699,1097758762,117.28,0.00,4,82.4
4925,D-randread-sweep,39850,39,59656,59,59,57,2231,80,1497,6216,4796058195,1097758906,106.75,0.07,3,86.0
4926,D-randread-sweep,39850,39,59500,59,59,57,2230,80,1497,6257,4796281323,1097758906,114.24,0.00,4,86.8
4927,D-randread-sweep,39850,39,59250,59,59,57,2231,80,1497,6216,4796505667,1097758906,114.86,0.00,2,88.4
4928,D-randread-sweep,39850,39,59281,59,59,57,2230,80,1497,6216,4796723187,1097758906,111.37,0.00,4,80.4
4929,D-randread-sweep,39850,39,59375,59,59,57,2228,80,1497,6216,4796933163,1097758906,107.51,0.00,2,87.6
4930,D-randread-sweep,39850,39,59156,59,59,57,2226,80,1497,6175,4797147299,1097759034,109.64,0.07,4,87.2
4931,D-randread-sweep,39850,39,59125,59,59,57,2228,80,1497,6216,4797357675,1097759034,107.71,0.00,3,84.4
4932,D-randread-sweep,39850,39,58843,58,59,57,2228,80,729,5684,4797566859,1097759034,107.10,0.00,4,85.2
4933,D-randread-sweep,39850,39,58781,58,59,57,2230,80,1267,5561,4797791051,1097759082,114.79,0.02,1,86.0
4934,D-randread-sweep,39850,39,58812,58,59,57,2231,80,1497,5561,4798009539,1097759082,111.87,0.00,4,82.4
4935,D-randread-sweep,39850,39,58968,58,58,57,2229,80,960,5520,4798209219,1097759226,102.24,0.07,4,86.0
4936,D-randread-sweep,39850,39,59031,59,58,57,2226,80,1267,5561,4798432723,1097759234,114.43,0.00,4,82.4
4938,D-randread-sweep,39850,39,59031,59,59,57,2229,80,1497,5520,4798643851,1097759234,108.10,0.00,4,82.4
4939,D-randread-sweep,39850,39,58812,58,58,57,2229,80,1267,5561,4798860371,1097759234,110.86,0.00,4,86.4
4940,D-randread-sweep,39850,39,58750,58,58,57,2229,80,1497,5520,4799063995,1097759234,104.26,0.00,3,86.8
4941,D-randread-sweep,39850,39,58687,58,58,57,2231,80,1190,5520,4799276435,1097759362,108.77,0.07,4,84.8
4942,D-randread-sweep,39850,39,58656,58,58,57,2229,80,1344,5561,4799492531,1097759362,110.64,0.00,2,80.0
4943,D-randread-sweep,39850,39,58906,58,58,57,2229,80,729,5561,4799710075,1097759362,111.38,0.00,3,86.8
4944,D-randread-sweep,39850,39,58625,58,58,57,2231,80,1420,5480,4799913387,1097759362,104.10,0.00,2,84.8
4945,D-randread-sweep,39850,39,58656,58,58,57,2231,80,1344,5520,4800110971,1097759362,101.16,0.00,4,87.6
4946,D-randread-sweep,39850,39,58843,58,58,57,2231,80,1497,5520,4800319363,1097759458,106.70,0.05,4,79.6
4947,D-randread-sweep,39850,39,58906,58,58,57,2231,80,1344,5520,4800526723,1097759466,106.17,0.00,3,84.0
4948,D-randread-sweep,39850,39,58687,58,58,57,2229,80,1497,5520,4800726139,1097759474,102.10,0.00,3,86.0
4949,D-randread-sweep,39850,39,58718,58,58,57,2229,80,1267,5520,4800950379,1097759474,114.81,0.00,4,82.8
4950,D-randread-sweep,39850,39,58687,58,58,57,2233,80,1036,5520,4801176683,1097759474,115.87,0.00,3,84.0
4951,D-randread-sweep,39850,39,58593,58,58,57,2229,80,1497,5520,4801403155,1097759586,115.95,0.06,4,83.6
4953,D-randread-sweep,39850,39,58656,58,58,57,2229,80,1497,5561,4801627731,1097759586,114.98,0.00,3,84.4
4954,D-randread-sweep,39850,39,58718,58,58,57,2231,80,1344,5520,4801823923,1097759586,100.45,0.00,3,83.2
4955,D-randread-sweep,39850,39,58687,58,58,57,2231,80,1420,5520,4802019811,1097759586,100.29,0.00,4,77.6
4956,D-randread-sweep,39850,39,58687,58,58,57,2229,80,1420,5520,4802218827,1097759586,101.90,0.00,4,88.4
4957,D-randread-sweep,39850,39,58687,58,58,57,2229,80,729,5520,4802426483,1097759698,106.32,0.06,4,90.0
4958,D-randread-sweep,39850,39,58593,58,58,57,2231,80,1420,5520,4802626395,1097759698,102.35,0.00,3,87.2
4959,D-randread-sweep,39850,39,58437,58,58,56,2233,80,1267,5520,4802825131,1097759698,101.75,0.00,4,87.2
4960,D-randread-sweep,39850,39,58468,58,58,57,2231,80,1267,5480,4803015203,1097759698,97.32,0.00,3,85.2
4961,D-randread-sweep,39850,39,58562,58,58,57,2229,80,1497,5480,4803189379,1097759698,89.18,0.00,4,85.6
4962,D-randread-sweep,39850,39,58468,58,58,57,2229,80,729,5480,4803374491,1097759810,94.78,0.06,4,89.6
4963,D-randread-sweep,39850,39,58531,58,58,56,2231,80,1497,5520,4803568115,1097759818,99.14,0.00,4,87.2
4964,D-randread-sweep,39850,39,58593,58,58,57,2231,80,1497,5520,4803770227,1097759818,103.48,0.00,4,83.2
4965,D-randread-sweep,39850,39,58468,58,58,57,2229,80,1497,5561,4803999379,1097759818,117.33,0.00,4,81.6
4966,D-randread-sweep,39850,39,58593,58,58,56,2228,80,1420,5480,4804200011,1097759818,102.72,0.00,3,88.4
4968,D-randread-sweep,39850,39,58437,58,58,56,2231,80,1420,5520,4804427939,1097759930,116.70,0.06,4,85.6
4969,D-randread-sweep,39850,39,58593,58,58,56,2229,80,1497,5520,4804647099,1097759954,112.21,0.01,3,84.8
4970,D-randread-sweep,39850,39,58500,58,58,57,2229,80,1497,5480,4804846203,1097759954,101.94,0.00,2,87.2
4971,D-randread-sweep,39850,39,58375,58,58,57,2229,80,1344,5520,4805059915,1097759954,109.42,0.00,4,86.8
4972,D-randread-sweep,39850,39,58312,58,58,57,2231,80,1344,5520,4805279955,1097759954,112.66,0.00,1,85.6
4973,D-randread-sweep,39850,39,58281,58,58,56,2233,80,1267,5520,4805505915,1097760082,115.69,0.07,3,84.8
4974,D-randread-sweep,39850,39,58593,58,58,56,2229,80,1344,5520,4805706091,1097760082,102.49,0.00,3,83.6
4975,D-randread-sweep,39850,39,58468,58,58,56,2229,80,1420,5520,4805904875,1097760082,101.78,0.00,4,88.0
4976,D-randread-sweep,39850,39,58687,58,58,56,2229,80,1113,5520,4806127283,1097760082,113.87,0.00,3,86.0
4977,D-randread-sweep,39850,39,58531,58,58,57,2229,80,1497,5889,4806340611,1097760082,109.22,0.00,3,80.8
4978,D-randread-sweep,39850,39,58468,58,58,56,2231,80,1497,5602,4806538411,1097760578,101.27,0.25,4,85.2
4979,D-randread-sweep,39850,39,58500,58,58,56,2235,80,1497,5520,4806747427,1097760602,107.02,0.01,2,80.0
4980,D-randread-sweep,39850,39,58375,58,58,56,2236,80,1497,5480,4806947131,1097760602,102.25,0.00,2,82.4
4981,D-randread-sweep,39850,39,58281,58,58,57,2236,80,1344,5480,4807146571,1097760602,102.11,0.00,4,85.6
4983,D-randread-sweep,39850,39,58562,58,58,56,2233,80,1420,5520,4807361667,1097760618,110.13,0.01,4,86.4
4984,D-randread-sweep,39850,39,58281,58,58,56,2238,80,1036,5520,4807549571,1097761170,96.21,0.28,4,91.2
4985,D-randread-sweep,39850,39,58343,58,58,56,2238,80,1267,5480,4807754379,1097761170,104.86,0.00,3,85.2
4986,D-randread-sweep,39850,39,58125,58,58,56,2240,80,1497,5480,4807955011,1097761170,102.72,0.00,4,86.0
4987,D-randread-sweep,39850,39,58250,58,58,56,2240,80,1497,5520,4808181395,1097761170,115.91,0.00,4,87.2
4988,D-randread-sweep,39850,39,58312,58,58,57,2241,80,806,5520,4808386403,1097761170,104.96,0.00,4,86.0
4989,D-randread-sweep,39850,39,58250,58,58,56,2240,80,1420,5480,4808588723,1097761346,103.59,0.09,4,84.4
4990,D-randread-sweep,39850,39,58343,58,58,56,2242,80,1344,5480,4808794875,1097761354,105.55,0.00,2,82.8
4991,D-randread-sweep,39850,39,58187,58,58,56,2240,80,1344,5480,4808999603,1097761354,104.82,0.00,4,87.2
4992,D-randread-sweep,39850,39,58281,58,58,56,2242,80,1497,5520,4809209699,1097761354,107.57,0.00,4,81.6
4993,D-randread-sweep,39850,39,58187,58,58,56,2242,80,1497,5520,4809426211,1097761354,110.85,0.00,4,80.4
4994,D-randread-sweep,39850,39,58093,58,58,56,2243,80,1497,5520,4809640739,1097761466,109.84,0.06,5,83.6
4995,D-randread-sweep,39850,39,58031,58,58,56,2243,80,1420,5520,4809862347,1097761474,113.46,0.00,4,83.6
4996,D-randread-sweep,39850,39,58531,58,58,56,2243,80,1497,6134,4810085579,1097761474,114.29,0.00,3,83.6
4997,D-randread-sweep,39850,39,58625,58,58,56,2250,80,1497,6175,4810274891,1097761474,96.93,0.00,4,92.4
4999,D-randread-sweep,39850,39,58687,58,58,56,2249,80,1497,6257,4810491835,1097761474,111.08,0.00,4,88.8
5000,D-randread-sweep,39850,39,58687,58,58,57,2245,80,1497,6134,4810702563,1097761570,107.89,0.05,4,87.6
5001,D-randread-sweep,39850,39,58687,58,58,57,2243,80,1497,6175,4810911899,1097761578,107.18,0.00,4,82.4
5002,D-randread-sweep,39850,39,58468,58,58,56,2243,80,1497,6175,4811121803,1097761578,107.47,0.00,4,82.8
5003,D-randread-sweep,39850,39,58437,58,58,57,2247,80,1497,6216,4811318227,1097761578,100.57,0.00,3,81.6
5004,D-randread-sweep,39850,39,58562,58,58,56,2248,80,1497,6216,4811524387,1097761578,105.55,0.00,3,83.6
5005,D-randread-sweep,39850,39,58687,58,58,56,2245,80,1497,6216,4811718027,1097761674,99.14,0.05,5,86.8
5006,D-randread-sweep,39850,39,58593,58,58,56,2250,80,1497,6257,4811926483,1097761682,106.73,0.00,4,83.6
5007,D-randread-sweep,39850,39,58625,58,58,57,2252,80,1497,6216,4812148563,1097761698,113.70,0.01,3,82.0
5008,D-randread-sweep,39850,39,58500,58,58,56,2250,80,1497,6175,4812364747,1097761698,110.69,0.00,4,86.4
5009,D-randread-sweep,39850,39,58562,58,58,56,2254,80,1497,6175,4812570379,1097761698,105.28,0.00,3,85.2
5010,D-randread-sweep,39850,39,58468,58,58,56,2187,77,1497,6175,4812779827,1097761858,107.24,0.08,2,83.6
5011,D-randread-sweep,39850,39,58500,58,58,57,2159,77,1497,6175,4812988339,1097761874,106.76,0.01,1,87.2
5012,D-randread-sweep,39850,39,58562,58,58,56,2156,77,1497,6134,4813166539,1097761874,91.24,0.00,2,87.6
5013,D-randread-sweep,39850,39,58531,58,58,57,2159,77,1497,6175,4813360203,1097761874,99.16,0.00,4,86.4
5015,D-randread-sweep,39850,39,58625,58,58,57,2156,77,1497,6257,4813586603,1097761874,115.92,0.00,4,80.8
5016,D-randread-sweep,39850,39,58687,58,58,56,2161,77,1497,6257,4813811051,1097762034,114.92,0.08,4,84.0
5017,D-randread-sweep,39850,39,58718,58,58,57,2160,77,1497,6216,4814032731,1097762042,113.50,0.00,4,83.2
5018,D-randread-sweep,39850,39,58781,58,58,56,2159,77,1497,6175,4814222347,1097762042,97.08,0.00,4,87.6
5019,D-randread-sweep,39850,39,58781,58,58,57,2166,77,1497,6175,4814414699,1097762042,98.48,0.00,3,86.8
5020,D-randread-sweep,39850,39,58593,58,58,57,2164,77,1497,6216,4814642107,1097762042,116.43,0.00,4,81.6
5021,D-randread-sweep,39850,39,58562,58,58,56,2166,77,1497,6175,4814840587,1097762186,101.62,0.07,4,82.4
5022,D-randread-sweep,39850,39,58593,58,58,57,2162,77,1497,6257,4815059787,1097762194,112.23,0.00,4,85.6
5023,D-randread-sweep,39850,39,58718,58,58,56,2146,77,1420,6216,4815267795,1097762194,106.50,0.00,3,87.6
5024,D-randread-sweep,39850,39,58687,58,58,57,2138,77,1190,6175,4815469339,1097762194,103.19,0.00,2,90.4
5025,D-randread-sweep,39850,39,58656,58,58,57,2130,77,1497,6175,4815683075,1097762194,109.43,0.00,3,86.8
5026,D-randread-sweep,39850,39,58656,58,58,56,2128,77,1497,6216,4815895979,1097762306,109.01,0.06,3,88.8
5027,D-randread-sweep,39850,39,58781,58,58,57,2125,77,1267,6297,4816132795,1097762314,121.25,0.00,4,88.0
5028,D-randread-sweep,39850,39,58656,58,58,56,2125,77,1497,6257,4816345755,1097762314,109.04,0.00,4,81.2
5029,D-randread-sweep,39850,39,58812,58,58,57,2122,77,1497,6257,4816575419,1097762314,117.59,0.00,4,88.4
5030,D-randread-sweep,39850,39,59000,59,58,56,2125,77,1497,6257,4816796195,1097762314,113.04,0.00,3,85.6
5032,D-randread-sweep,39850,39,58937,58,58,56,2124,77,1497,6297,4817034931,1097762490,122.23,0.09,3,94.8
5033,D-randread-sweep,39850,39,58812,58,58,56,2124,77,1267,6257,4817259251,1097762490,114.85,0.00,4,85.2
5034,D-randread-sweep,39850,39,58781,58,58,56,2125,77,1497,6216,4817464051,1097762490,104.86,0.00,4,82.4
5035,D-randread-sweep,39850,39,58968,58,58,57,2129,77,1497,6257,4817705267,1097762490,123.50,0.00,4,88.4
5036,D-randread-sweep,39850,39,58812,58,58,57,2127,77,1497,6216,4817923811,1097762490,111.89,0.00,2,88.4
5037,D-randread-sweep,39850,39,58812,58,58,57,2130,77,1497,6257,4818129987,1097762594,105.56,0.05,3,86.4
5038,D-randread-sweep,39850,39,58875,58,59,57,2128,77,1344,6257,4818342811,1097762594,108.97,0.00,4,88.8
5039,D-randread-sweep,39850,39,58937,58,58,57,2127,77,1497,6216,4818545475,1097762594,103.76,0.00,3,89.6
5040,D-randread-sweep,39850,39,58875,58,58,57,2127,77,1344,6216,4818770859,1097762594,115.40,0.00,3,89.2
5041,D-randread-sweep,39850,39,58875,58,59,57,2125,77,1497,6175,4818986731,1097762594,110.53,0.00,3,82.8
5042,D-randread-sweep,39850,39,59000,59,58,57,2127,77,1420,6216,4819196123,1097762746,107.21,0.08,4,86.0
5043,D-randread-sweep,39850,39,58906,58,58,57,2128,77,1497,6216,4819413059,1097762754,111.07,0.00,0,88.8
5044,D-randread-sweep,39850,39,59000,59,59,57,2128,77,1344,6175,4819617555,1097762754,104.70,0.00,3,90.0
5045,D-randread-sweep,39850,39,59187,59,58,57,2129,77,1497,6216,4819819203,1097762754,103.24,0.00,4,90.8
5046,D-randread-sweep,39850,39,58875,58,58,57,2130,77,1344,6175,4820026939,1097762754,106.36,0.00,2,90.4
5047,D-randread-sweep,39850,39,58875,58,58,57,2129,77,1344,6134,4820221971,1097762890,99.86,0.07,4,90.4
5049,D-randread-sweep,39850,39,58875,58,58,57,2130,77,1420,6175,4820385779,1097762898,83.87,0.00,0,70.8
5050,D-randread-sweep,39850,39,59406,59,59,57,2130,77,1497,6737,4821119659,1097762898,375.75,0.00,8,52.0
5051,D-randread-sweep,39850,39,59468,59,59,57,2130,77,1497,6655,4821789667,1097762898,343.04,0.00,18,78.4
5052,D-randread-sweep,39850,39,59312,59,59,57,2129,77,1497,6379,4822501875,1097762898,364.65,0.00,10,75.6
5053,D-randread-sweep,39850,39,59000,59,59,57,2130,77,1497,6216,4823364395,1097763450,441.61,0.28,3,56.8
5054,D-randread-sweep,39850,39,59031,59,58,57,2132,77,1497,6257,4824168427,1097763450,411.66,0.00,32,62.8
5055,D-randread-sweep,39850,39,58906,58,59,57,2132,77,1497,6175,4824942059,1097763450,396.10,0.00,32,65.6
5056,D-randread-sweep,39850,39,59062,59,59,57,2133,77,1497,6257,4825833747,1097763450,456.54,0.00,26,56.0
5057,D-randread-sweep,39850,39,59031,59,59,57,2135,77,1497,6410,4826837123,1097763450,513.73,0.00,28,59.6
5058,D-randread-sweep,39850,39,59062,59,59,57,2135,77,1497,6328,4827742507,1097763994,463.56,0.28,15,60.8
5059,D-randread-sweep,39850,39,59031,59,59,57,2133,77,1497,6257,4828668907,1097764002,474.32,0.00,15,53.6
5060,D-randread-sweep,39850,39,59031,59,59,57,2132,77,1497,6297,4829570235,1097764002,461.48,0.00,13,58.4
5061,D-randread-sweep,39850,39,59093,59,59,57,2133,77,1497,6297,4830528539,1097764002,490.65,0.00,27,56.8
5062,D-randread-sweep,39850,39,59468,59,59,57,2132,77,1497,6328,4831491747,1097764002,493.16,0.00,29,52.4
5064,D-randread-sweep,39850,39,59218,59,59,57,2132,77,1267,6297,4832412899,1097764114,471.63,0.06,32,55.6
5065,D-randread-sweep,39850,39,59281,59,59,57,2135,77,1190,6369,4833439259,1097764114,525.50,0.00,31,45.6
5066,D-randread-sweep,39850,39,59062,59,59,57,2135,77,1497,6288,4834384707,1097764114,484.07,0.00,30,56.4
5067,D-randread-sweep,39850,39,59312,59,59,57,2137,77,1497,6297,4835324939,1097764114,481.40,0.00,29,58.0
5068,D-randread-sweep,39850,39,59125,59,59,57,2138,77,1497,6328,4836286379,1097764114,492.26,0.00,30,57.6
5069,D-randread-sweep,39850,39,59125,59,59,57,2136,77,1420,6369,4837329811,1097764218,534.24,0.05,32,46.4
5070,D-randread-sweep,39850,39,59250,59,59,57,2138,77,1267,6288,4838299627,1097764226,496.55,0.00,14,50.4
5071,D-randread-sweep,39850,39,59156,59,59,57,2138,77,1497,6328,4839254403,1097764226,488.85,0.00,26,52.0
5072,D-randread-sweep,39850,39,59375,59,59,57,2138,77,1497,6247,4840192259,1097764234,480.18,0.00,14,62.0
5073,D-randread-sweep,39850,39,58875,58,59,57,2137,77,1497,6175,4841181491,1097764250,506.49,0.01,24,62.0
5075,D-randread-sweep,39850,39,59093,59,59,57,2137,77,1497,6328,4842185651,1097764378,514.13,0.07,31,52.0
5076,D-randread-sweep,39850,39,59312,59,59,57,2138,77,1497,6216,4843081035,1097764378,458.44,0.00,22,65.6
5077,D-randread-sweep,39850,39,59156,59,59,57,2136,77,1497,6328,4844072883,1097764378,507.83,0.00,31,49.6
5078,D-randread-sweep,39850,39,59218,59,59,57,2136,77,1497,6533,4845038115,1097764378,494.20,0.00,28,54.4
5079,D-randread-sweep,39850,39,59187,59,59,57,2136,77,1420,6451,4846012051,1097764378,498.66,0.00,29,58.4
5080,D-randread-sweep,39850,39,59218,59,59,57,2203,81,1497,6297,4846941187,1097764898,475.72,0.27,28,65.6
5081,D-randread-sweep,39850,39,59156,59,59,57,2259,81,1497,6369,4847965547,1097764898,524.47,0.00,27,44.4
5082,D-randread-sweep,39850,39,59187,59,59,57,2206,78,1497,6369,4848973363,1097764938,516.00,0.02,27,49.2
5083,D-randread-sweep,39850,39,59250,59,59,57,2171,78,1497,6328,4849977683,1097764962,514.21,0.01,28,47.6
5084,D-randread-sweep,39850,39,59156,59,59,57,2163,78,1497,6297,4850962651,1097764962,504.30,0.00,30,49.2
5085,D-randread-sweep,39850,39,59187,59,59,57,2163,78,1497,6338,4851979963,1097765506,520.86,0.28,30,43.6
5086,D-randread-sweep,39850,39,59250,59,59,57,2163,78,1497,6297,4852939363,1097765514,491.21,0.00,29,56.4
5088,D-randread-sweep,39850,39,59437,59,59,57,2163,78,1497,6328,4853883203,1097765514,483.25,0.00,22,54.0
5089,D-randread-sweep,39850,39,59437,59,59,57,2166,78,1420,6369,4854884923,1097765514,512.88,0.00,31,50.4
5090,D-randread-sweep,39850,39,59406,59,59,57,2166,78,1420,6369,4855871883,1097765514,505.32,0.00,25,54.8
5091,D-randread-sweep,39850,39,59218,59,59,57,2163,78,1497,6328,4856857355,1097765610,504.56,0.05,8,66.4
5092,D-randread-sweep,39850,39,59500,59,59,57,2163,78,1497,6369,4857815235,1097765618,490.43,0.00,28,54.0
5093,D-randread-sweep,39850,39,59437,59,59,57,2159,78,1344,6369,4858799083,1097765618,503.73,0.00,10,45.2
5094,D-randread-sweep,39850,39,59156,59,59,57,2160,78,1420,6257,4859645987,1097765618,433.61,0.00,12,60.0
5095,D-randread-sweep,39850,39,59156,59,59,57,2163,78,1497,6093,4860447707,1097765618,410.48,0.00,26,57.6
5096,D-randread-sweep,39850,39,59250,59,59,57,2160,78,1497,6216,4861400955,1097765778,488.06,0.08,27,51.2
5097,D-randread-sweep,39850,39,59312,59,59,57,2159,78,1497,6297,4862334875,1097765778,478.17,0.00,29,53.2
5098,D-randread-sweep,39850,39,59593,59,59,57,2163,78,1497,6369,4863380171,1097765778,535.19,0.00,31,52.0
5099,D-randread-sweep,39850,39,59593,59,59,57,2163,78,1497,6328,4864355067,1097765778,499.15,0.00,27,50.0
5101,D-randread-sweep,39850,39,59593,59,59,57,2163,78,1497,6369,4865377227,1097765778,523.35,0.00,32,47.6
5102,D-randread-sweep,39850,39,59218,59,59,57,2163,78,1497,6257,4866321931,1097765882,483.69,0.05,32,57.2
5103,D-randread-sweep,39850,39,59656,59,59,57,2165,78,1344,6297,4867235859,1097765906,467.93,0.01,28,62.0
5104,D-randread-sweep,39850,39,59656,59,59,57,2163,78,1497,6379,4868234379,1097765906,511.24,0.00,15,52.0
5105,D-randread-sweep,39850,39,59562,59,59,57,2166,78,1497,6328,4869197435,1097765906,493.08,0.00,31,60.4
5106,D-randread-sweep,39850,39,59281,59,59,57,2165,78,1113,5889,4869953763,1097765906,387.24,0.00,22,61.2
5107,D-randread-sweep,39850,39,59531,59,59,57,2161,78,1497,6257,4870904779,1097766042,486.92,0.07,32,56.0
5108,D-randread-sweep,39850,39,59375,59,59,57,2161,78,1497,6216,4871851763,1097766050,484.86,0.00,9,51.2
5109,D-randread-sweep,39850,39,59625,59,59,57,2165,78,1497,6134,4872650787,1097766066,409.10,0.01,13,63.2
5110,D-randread-sweep,39850,39,59531,59,59,57,2164,78,1497,6175,4873370451,1097766066,368.47,0.00,18,72.8
5111,D-randread-sweep,39850,39,59187,59,59,57,2160,78,1497,6134,4874110075,1097766066,378.69,0.00,13,68.0
5112,D-randread-sweep,39850,39,59312,59,59,57,2161,78,1420,6175,4874838131,1097766210,372.76,0.07,32,72.8
5113,D-randread-sweep,39850,39,59250,59,59,57,2161,78,1497,6216,4875625827,1097766218,403.30,0.00,23,62.4
5115,D-randread-sweep,39850,39,59375,59,59,57,2160,78,1497,6216,4876541659,1097766218,468.91,0.00,16,56.4
5116,D-randread-sweep,39850,39,59531,59,59,57,2161,78,1497,6573,4877571075,1097766218,527.06,0.00,19,52.4
5117,D-randread-sweep,39850,39,59718,59,59,57,2160,78,1497,6900,4878571067,1097766218,512.00,0.00,22,58.4
5118,D-randread-sweep,39850,39,59968,59,59,57,2160,78,1497,6737,4879425067,1097766338,437.25,0.06,26,58.0
5119,D-randread-sweep,39850,39,59687,59,59,57,2160,78,1497,6900,4880454899,1097766338,527.27,0.00,31,51.6
5120,D-randread-sweep,39850,39,59812,59,59,57,2163,78,1497,6900,4881471395,1097766338,520.45,0.00,27,47.6
5121,D-randread-sweep,39850,39,59812,59,59,57,2161,78,1497,6900,4882459315,1097766338,505.82,0.00,15,45.6
5122,D-randread-sweep,39850,39,59906,59,59,57,2161,78,1497,6941,4883461507,1097766338,513.12,0.00,25,48.8
5123,D-randread-sweep,39850,39,60000,60,60,57,2160,78,1497,6900,4884496083,1097766434,529.70,0.05,32,42.0
5124,D-randread-sweep,39850,39,59812,59,59,57,2160,78,1497,6900,4885430419,1097766442,478.38,0.00,29,55.6
5125,D-randread-sweep,39850,39,59843,59,59,57,2160,78,1497,6900,4886407939,1097766442,500.49,0.00,10,45.6
5126,D-randread-sweep,39850,39,60031,60,60,57,2160,78,1497,6737,4887112027,1097766442,360.49,0.00,26,74.8
5128,D-randread-sweep,39850,39,59906,59,60,57,2161,78,1497,6900,4888118563,1097766442,515.35,0.00,21,48.4
5129,D-randread-sweep,39850,39,60125,60,60,57,2160,78,1497,7104,4889057195,1097766546,480.58,0.05,30,51.2
5130,D-randread-sweep,39850,39,60312,60,60,58,2160,78,1497,7431,4890050371,1097766546,508.51,0.00,14,56.0
5131,D-randread-sweep,39850,39,59843,59,59,57,2160,78,1497,7063,4891003675,1097766546,488.09,0.00,27,52.4
5132,D-randread-sweep,39850,39,60156,60,60,58,2161,78,1497,6778,4891764155,1097766546,389.37,0.00,6,68.4
5133,D-randread-sweep,39850,39,59843,59,59,58,2160,78,1497,6818,4892685483,1097766546,471.72,0.00,10,53.2
5134,D-randread-sweep,39850,39,60000,60,60,58,2161,78,1497,6257,4893078003,1097866202,200.97,51.02,20,88.4
5135,D-randread-sweep,39850,39,59875,59,59,58,2161,78,1497,6818,4894012203,1097866202,478.31,0.00,31,59.2
5136,D-randread-sweep,39850,39,59843,59,59,57,2160,78,1497,6696,4894804499,1097866202,405.66,0.00,17,61.2
5137,D-randread-sweep,39850,39,59968,59,59,58,2158,78,1497,6900,4895721611,1097866202,469.56,0.00,19,54.0
5138,D-randread-sweep,39850,39,60031,60,59,58,2161,78,1497,6900,4896686019,1097866202,493.78,0.00,12,53.2
5140,D-randread-sweep,39850,39,59593,59,59,57,2160,78,1497,6257,4897206675,1097988706,266.58,62.72,11,92.0
5141,D-randread-sweep,39850,39,59937,59,60,58,2165,78,1497,6859,4898115915,1097988706,465.53,0.00,29,60.0
5142,D-randread-sweep,39850,39,60000,60,60,58,2161,78,1497,6818,4899062027,1097988706,484.41,0.00,11,53.6
5143,D-randread-sweep,39850,39,60125,60,60,58,2160,78,1497,6941,4900042643,1097988706,502.08,0.00,4,55.2
5144,D-randread-sweep,39850,39,60156,60,60,58,2161,78,1497,6859,4900959643,1097988722,469.50,0.01,27,62.0
5145,D-randread-sweep,39850,39,60031,60,60,58,2166,78,1497,6900,4901978763,1097988890,521.79,0.09,10,53.2
5146,D-randread-sweep,39850,39,60125,60,60,58,2165,78,1497,6900,4902945819,1097988890,495.13,0.00,7,48.8
5147,D-randread-sweep,39850,39,60500,60,60,57,2165,78,1497,6737,4903606859,1097988890,338.45,0.00,29,78.8
5148,D-randread-sweep,39850,39,59906,59,59,58,2163,78,1497,6778,4904562227,1097988890,489.15,0.00,10,56.8
5149,D-randread-sweep,39850,39,60125,60,60,58,2163,78,1497,6859,4905415971,1097989042,437.12,0.08,26,62.0
5150,D-randread-sweep,39850,39,60187,60,60,58,2161,78,1497,6941,4906399299,1097989050,503.46,0.00,28,51.2
5151,D-randread-sweep,39850,39,60468,60,60,58,2166,78,1497,6941,4907354827,1097989050,489.23,0.00,30,58.0
5153,D-randread-sweep,39850,39,60468,60,60,58,2163,78,1497,6900,4908345987,1097989050,507.47,0.00,14,48.4
5154,D-randread-sweep,39850,39,60218,60,60,58,2160,78,1497,6900,4909329115,1097989050,503.36,0.00,30,51.2
5155,D-randread-sweep,39850,39,60562,60,60,58,2160,78,1497,6941,4910371435,1097989154,533.67,0.05,33,48.4
5156,D-randread-sweep,39850,39,60500,60,60,58,2163,78,1497,6941,4911373539,1097989170,513.08,0.01,19,54.4
5157,D-randread-sweep,39850,39,60125,60,60,58,2165,78,1497,6859,4912333851,1097989170,491.68,0.00,16,54.4
5158,D-randread-sweep,39850,39,60187,60,60,58,2163,78,1497,6778,4913170731,1097989170,428.48,0.00,10,70.0
5159,D-randread-sweep,39850,39,60375,60,60,58,2163,78,1497,6900,4914124643,1097989170,488.40,0.00,27,48.8
5160,D-randread-sweep,39850,39,60312,60,60,58,2161,78,1497,6900,4915096931,1097989274,497.81,0.05,32,55.2
5161,D-randread-sweep,39850,39,60218,60,60,58,2161,78,1497,6900,4916084699,1097989282,505.74,0.00,20,52.0
5162,D-randread-sweep,39850,39,60312,60,60,58,2161,78,1497,6900,4917044691,1097989282,491.52,0.00,12,60.4
5163,D-randread-sweep,39850,39,60531,60,60,58,2161,78,1497,6941,4918020219,1097989282,499.47,0.00,30,48.8
5164,D-randread-sweep,39850,39,60375,60,60,58,2161,78,1497,6941,4919071811,1097989282,538.42,0.00,14,46.8
5166,D-randread-sweep,39850,39,60437,60,60,58,2160,78,1497,6900,4919984611,1097989426,467.35,0.07,32,58.8
5167,D-randread-sweep,39850,39,60437,60,60,58,2356,85,1497,6941,4921010179,1097989434,525.09,0.00,14,47.6
5168,D-randread-sweep,39850,39,60406,60,60,58,2396,85,1497,6941,4921930459,1097989434,471.18,0.00,27,55.6
5169,D-randread-sweep,39850,39,60312,60,60,58,2400,85,1497,6778,4922847819,1097989434,469.69,0.00,16,51.6
5170,D-randread-sweep,39850,39,60593,60,60,58,2400,85,1497,6900,4923764075,1097989434,469.12,0.00,30,53.6
5171,D-randread-sweep,39850,39,60531,60,60,58,2402,85,1497,6900,4924746659,1097989586,503.08,0.08,18,50.4
5172,D-randread-sweep,39850,39,60250,60,60,58,2406,85,1497,6502,4925678283,1097989586,476.99,0.00,28,57.2
5173,D-randread-sweep,39850,39,60093,60,60,58,2404,85,1344,6093,4926513091,1097989586,427.42,0.00,1,59.6
5174,D-randread-sweep,39850,39,60156,60,60,58,2298,80,1420,6379,4927501907,1097989586,506.27,0.00,27,50.8
5175,D-randread-sweep,39850,39,60375,60,60,58,2245,80,1497,6379,4928490203,1097989586,506.01,0.00,19,50.4
5176,D-randread-sweep,39850,39,60343,60,60,58,2233,80,1497,6297,4929449651,1097989698,491.24,0.06,32,55.6
5177,D-randread-sweep,39850,39,60343,60,60,58,2231,80,1267,6297,4930354771,1097989706,463.42,0.00,17,60.4
5179,D-randread-sweep,39850,39,60468,60,60,58,2231,80,1497,6502,4931257203,1097989706,462.05,0.00,30,58.0
5180,D-randread-sweep,39850,39,60343,60,60,58,2231,80,1420,6379,4932078091,1097990218,420.29,0.26,16,68.0
5181,D-randread-sweep,39850,39,60312,60,60,58,2231,80,1497,6696,4932987723,1097990218,465.73,0.00,21,56.4
5182,D-randread-sweep,39850,39,60500,60,60,58,2253,84,1497,6900,4933913019,1097990442,473.75,0.11,6,53.2
5183,D-randread-sweep,39850,39,59718,59,60,58,2354,84,883,5643,4934370939,1098149290,234.46,81.33,274,96.0
5184,D-randread-sweep,39850,39,60187,60,60,58,2313,81,1497,6696,4935067603,1098211322,356.69,31.76,34,62.4
5185,D-randread-sweep,39850,39,60312,60,60,58,2267,81,1497,6900,4935939227,1098211722,446.27,0.20,32,61.6
5186,D-randread-sweep,39850,39,60343,60,60,58,2264,81,1497,6982,4936884507,1098211722,483.98,0.00,28,64.8
5187,D-randread-sweep,39850,39,60437,60,60,58,2266,81,1497,6818,4937548875,1098432338,340.16,112.96,26,68.8
5188,D-randread-sweep,39850,39,60718,60,60,58,2264,81,1497,6982,4938585795,1098432338,530.90,0.00,28,48.8
5190,D-randread-sweep,39850,39,60625,60,60,58,2264,81,1497,6982,4939605723,1098433498,522.20,0.59,31,50.8
5191,D-randread-sweep,39850,39,60343,60,60,58,2264,81,1497,6778,4940316699,1098654114,364.02,112.96,15,68.4
5192,D-randread-sweep,39850,39,60656,60,60,58,2265,81,1497,6900,4941224963,1098654114,465.03,0.00,21,56.8
5193,D-randread-sweep,39850,39,60937,60,60,58,2265,81,1497,6941,4942197803,1098654114,498.09,0.00,18,53.6
5194,D-randread-sweep,39850,39,60500,60,60,58,2264,81,1497,6818,4942998579,1098874730,410.00,112.96,30,63.2
5195,D-randread-sweep,39850,39,60750,60,60,58,2265,81,1497,6778,4943942835,1098875234,483.46,0.26,11,53.2
5196,D-randread-sweep,39850,39,60312,60,60,58,2264,81,1497,6900,4944857763,1098875234,468.44,0.00,16,52.4
5197,D-randread-sweep,39850,39,60437,60,60,58,2267,81,1497,6696,4945559627,1099095962,359.35,113.01,10,64.8
5198,D-randread-sweep,39850,39,60437,60,60,58,2265,81,1497,6818,4946460251,1099095962,461.12,0.00,11,53.2
5199,D-randread-sweep,39850,39,60656,60,60,58,2267,81,1497,6818,4947071259,1099096802,312.84,0.43,64,39.6
5200,D-randread-sweep,39850,39,60906,60,60,58,2264,81,1497,7594,4948267619,1099096802,612.54,0.00,112,75.6
5201,D-randread-sweep,39850,39,60937,60,60,58,2269,81,1497,7472,4949268339,1099317418,512.37,112.96,127,84.0
5203,D-randread-sweep,39850,39,60968,60,61,58,2267,81,1497,7594,4950505643,1099317418,633.50,0.00,119,77.6
5204,D-randread-sweep,39850,39,61031,61,60,58,2269,81,1497,7594,4951717907,1099317418,620.68,0.00,80,74.0
5205,D-randread-sweep,39850,39,61093,61,61,58,2267,81,1497,7390,4952681355,1099538906,493.29,113.40,124,79.2
5206,D-randread-sweep,39850,39,61000,61,61,58,2267,81,1497,7553,4953916443,1099538922,632.37,0.01,123,75.6
5207,D-randread-sweep,39850,39,61093,61,61,58,2265,81,1497,7635,4955143459,1099538922,628.23,0.00,98,75.6
5208,D-randread-sweep,39850,39,61156,61,61,58,2264,81,1497,7431,4956146699,1099759538,513.66,112.96,122,85.2
5209,D-randread-sweep,39850,39,61312,61,61,58,2262,81,1497,7472,4957376331,1099759538,629.57,0.00,125,72.4
5210,D-randread-sweep,39850,39,61031,61,61,58,2264,81,1497,7472,4958595131,1099760530,624.03,0.51,71,72.4
5211,D-randread-sweep,39850,39,60937,60,60,58,2267,81,1497,7390,4959723547,1099814818,577.75,27.80,349,72.0
5213,D-randread-sweep,39850,39,61093,61,61,58,2269,81,1497,7472,4960728443,1099981162,514.51,85.17,73,75.2
5214,D-randread-sweep,39850,39,61312,61,61,58,2265,81,1497,7513,4961934275,1099981162,617.39,0.00,71,70.4
5215,D-randread-sweep,39850,39,61125,61,61,58,2267,81,1497,7594,4963116483,1099982130,605.29,0.50,35,72.8
5216,D-randread-sweep,39850,39,61250,61,61,58,2267,81,1497,7308,4964085411,1100202746,496.09,112.96,99,85.6
5217,D-randread-sweep,39850,39,61218,61,61,58,2264,81,1497,7472,4965276923,1100202746,610.05,0.00,119,75.2
5218,D-randread-sweep,39850,39,61531,61,61,58,2265,81,1497,7594,4966530387,1100202746,641.77,0.00,100,75.6
5219,D-randread-sweep,39850,39,61187,61,61,58,2265,81,1497,7227,4967571043,1100423362,532.82,112.96,119,87.2
5220,D-randread-sweep,39850,39,61218,61,61,58,2262,81,1497,7472,4968775219,1100423874,616.54,0.26,128,80.8
5221,D-randread-sweep,39850,39,61281,61,61,58,2264,81,1497,7472,4969957755,1100423874,605.46,0.00,122,73.2
5222,D-randread-sweep,39850,39,61281,61,61,58,2263,81,1497,7145,4970906283,1100644514,485.65,112.97,47,83.6
5224,D-randread-sweep,39850,39,61312,61,61,58,2265,81,1497,7472,4972075619,1100644514,598.70,0.00,71,76.0
5225,D-randread-sweep,39850,39,61437,61,61,58,2265,81,1497,7513,4973268995,1100645010,611.01,0.25,95,77.6
5226,D-randread-sweep,39850,39,61312,61,61,59,2265,81,1497,7349,4974248107,1100865626,501.31,112.96,92,82.4
5227,D-randread-sweep,39850,39,61406,61,61,59,2266,81,1497,7513,4975439795,1100865626,610.14,0.00,82,71.2
5228,D-randread-sweep,39850,39,61125,61,61,59,2264,81,1497,7186,4976404683,1101086258,494.02,112.96,120,80.0
5229,D-randread-sweep,39850,39,61593,61,61,59,2266,81,1497,7553,4977610107,1101086274,617.18,0.01,109,79.6
5230,D-randread-sweep,39850,39,61218,61,61,59,2267,81,1497,7063,4978801963,1101087466,610.23,0.61,121,71.6
5231,D-randread-sweep,39850,39,61218,61,61,59,2266,81,1497,7023,4980002731,1101087466,614.79,0.00,101,74.4
5232,D-randread-sweep,39850,39,61343,61,61,58,2266,81,1497,7063,4981218019,1101087466,622.23,0.00,90,79.2
5233,D-randread-sweep,39850,39,61562,61,61,58,2267,81,1497,7063,4982449083,1101087506,630.30,0.02,120,81.6
5235,D-randread-sweep,39850,39,61250,61,61,59,2264,81,1497,7063,4983676747,1101088578,628.56,0.55,125,78.0
5236,D-randread-sweep,39850,39,61593,61,61,59,2269,81,1497,7186,4984899915,1101088698,626.26,0.06,128,80.4
5237,D-randread-sweep,39850,39,61625,61,61,59,2267,81,1497,7513,4986102035,1101088706,615.49,0.00,120,74.8
5238,D-randread-sweep,39850,39,61593,61,61,59,2267,81,1497,7431,4987311795,1101088706,619.40,0.00,90,76.8
5239,D-randread-sweep,39850,39,61656,61,61,59,2267,81,1497,7553,4988539691,1101088706,628.68,0.00,122,80.8
5240,D-randread-sweep,39850,39,61718,61,61,59,2266,81,1497,7553,4989766107,1101088706,627.92,0.00,87,78.0
5241,D-randread-sweep,39850,39,61562,61,61,59,2265,81,1497,7513,4990974971,1101088850,618.94,0.07,124,85.2
5242,D-randread-sweep,39850,39,61781,61,62,59,2265,81,1497,7553,4992199971,1101088874,627.20,0.01,124,79.2
5243,D-randread-sweep,39850,39,62062,62,61,59,2267,81,1497,7553,4993418779,1101088874,624.03,0.00,123,80.4
5245,D-randread-sweep,39850,39,61968,61,61,59,2433,87,1497,7553,4994658307,1101088874,634.64,0.00,124,83.6
5246,D-randread-sweep,39850,39,61625,61,61,59,2463,87,1497,7513,4995892203,1101088874,631.75,0.00,38,78.4
5247,D-randread-sweep,39850,39,61781,61,61,59,2469,87,1497,7553,4997090259,1101089106,613.40,0.12,115,69.2
5248,D-randread-sweep,39850,39,61625,61,61,59,2471,87,1497,7513,4998290435,1101089106,614.49,0.00,116,78.4
5249,D-randread-sweep,39850,39,61625,61,61,59,2469,87,1497,7513,4999480419,1101089106,609.27,0.00,73,70.0
5250,D-randread-sweep,39850,39,62000,62,61,59,2471,87,1497,7513,5000710387,1101089106,629.74,0.00,108,80.4
5251,D-randread-sweep,39850,39,61843,61,61,59,2473,87,1497,7553,5001915339,1101089106,616.94,0.00,96,80.4
5252,D-randread-sweep,39850,39,61750,61,61,59,2385,83,1497,7553,5003093435,1101089210,603.19,0.05,120,79.6
5253,D-randread-sweep,39850,39,61875,61,62,59,2344,83,1497,7513,5004308635,1101089210,622.18,0.00,93,77.2
5254,D-randread-sweep,39850,39,61687,61,61,59,2443,87,1497,7513,5005508387,1101089210,614.27,0.00,89,76.8
5256,D-randread-sweep,39850,39,61718,61,61,59,2467,87,1497,7431,5006708411,1101089210,614.41,0.00,90,77.6
5257,D-randread-sweep,39850,39,61875,61,61,59,2469,87,1497,7513,5007947083,1101089210,634.20,0.00,123,80.0
5258,D-randread-sweep,39850,39,62125,62,61,59,2471,87,1497,7472,5009160931,1101089314,621.49,0.05,100,84.8
5259,D-randread-sweep,39850,39,61968,61,61,59,2469,87,1497,7513,5010351867,1101089330,609.76,0.01,48,77.2
5260,D-randread-sweep,39850,39,61812,61,62,59,2467,87,1497,7472,5011544507,1101089330,610.63,0.00,124,75.2
5261,D-randread-sweep,39850,39,62031,62,62,59,2467,87,1497,7472,5012741099,1101089330,612.66,0.00,86,82.8
5262,D-randread-sweep,39850,39,61656,61,61,59,2467,87,1497,7472,5013958819,1101089330,623.47,0.00,126,80.0
5263,D-randread-sweep,39850,39,61687,61,61,59,2469,87,1497,7472,5015163355,1101089466,616.72,0.07,128,79.2
5264,D-randread-sweep,39850,39,62031,62,61,59,2469,87,1497,7513,5016366483,1101089474,616.00,0.00,98,78.8
5266,D-randread-sweep,39850,39,61906,61,61,59,2469,87,1497,7553,5017601083,1101089474,632.12,0.00,100,85.6
5267,D-randread-sweep,39850,39,61968,61,61,59,2474,87,1497,7513,5018805307,1101089474,616.56,0.00,127,80.4
5268,D-randread-sweep,39850,39,62062,62,61,59,2469,87,1497,7472,5020035419,1101089474,629.82,0.00,120,78.4
5269,D-randread-sweep,39850,39,62062,62,62,59,2472,87,1497,7472,5021235227,1101089626,614.30,0.08,90,77.2
5270,D-randread-sweep,39850,39,61750,61,61,59,2469,87,1497,7431,5022434723,1101089626,614.14,0.00,108,78.8
5271,D-randread-sweep,39850,39,61968,61,62,59,2472,87,1497,7513,5023649723,1101089626,622.08,0.00,125,79.6
5272,D-randread-sweep,39850,39,61843,61,62,59,2470,87,1497,7513,5024873635,1101089626,626.64,0.00,112,76.8
5273,D-randread-sweep,39850,39,61875,61,61,59,2472,87,1497,7513,5026117211,1101089626,636.71,0.00,123,81.6
5274,D-randread-sweep,39850,39,62093,62,62,59,2470,87,1497,7472,5027339043,1101089746,625.58,0.06,107,78.0
5276,D-randread-sweep,39850,39,61781,61,61,59,2467,87,1497,7431,5028563347,1101089746,626.84,0.00,75,82.0
5277,D-randread-sweep,39850,39,62125,62,61,59,2472,87,1497,7513,5029768803,1101089754,617.19,0.00,78,79.6
5278,D-randread-sweep,39850,39,62125,62,62,59,2478,87,1497,7513,5030968907,1101089754,614.45,0.00,96,76.8
5279,D-randread-sweep,39850,39,62031,62,62,59,2474,87,1497,7513,5032174211,1101089754,617.12,0.00,102,79.6
5280,D-randread-sweep,39850,39,61906,61,62,59,2474,87,1497,7717,5033389739,1101090426,622.35,0.34,127,85.2
5281,D-randread-sweep,39850,39,62218,62,62,59,2474,87,1497,7513,5034603899,1101090426,621.65,0.00,124,77.6
5282,D-randread-sweep,39850,39,61937,61,62,59,2470,87,1497,7513,5035812795,1101090426,618.95,0.00,127,77.2
5283,D-randread-sweep,39850,39,62156,62,62,59,2469,87,1497,7513,5037029939,1101090426,623.18,0.00,111,82.0
5284,D-randread-sweep,39850,39,61656,61,61,59,2474,87,1497,7431,5038252411,1101091450,625.91,0.52,118,82.4
5285,D-randread-sweep,39850,39,61843,61,61,59,2474,87,1497,7513,5039436995,1101091450,606.51,0.00,118,78.8
5287,D-randread-sweep,39850,39,61937,61,61,59,2476,87,1497,7513,5040666635,1101091450,629.58,0.00,48,68.8
5288,D-randread-sweep,39850,39,61937,61,61,59,2476,87,1497,7513,5041858195,1101091450,610.08,0.00,105,76.8
5289,D-randread-sweep,39850,39,61968,61,61,59,2476,87,1497,7513,5043052115,1101091450,611.29,0.00,119,73.6
5290,D-randread-sweep,39850,39,62156,62,61,59,2478,87,1497,7553,5044287427,1101091594,632.48,0.07,68,76.0
5291,D-randread-sweep,39850,39,62187,62,62,59,2476,87,1497,7553,5045488027,1101091594,614.71,0.00,116,81.6
5292,D-randread-sweep,39850,39,61843,61,61,59,2480,87,1497,7186,5046715011,1101091594,628.22,0.00,127,80.4
5293,D-randread-sweep,39850,39,61750,61,61,59,2480,87,1497,7063,5047945699,1101091594,630.11,0.00,125,68.0
5294,D-randread-sweep,39850,39,61656,61,61,59,2484,87,1497,7023,5049160179,1101091594,621.81,0.00,81,70.4
5295,D-randread-sweep,39850,39,62062,62,61,59,2480,87,1497,7063,5050367955,1101091842,618.38,0.13,118,74.4
5297,D-randread-sweep,39850,39,61968,61,61,59,2484,87,1497,7063,5051579443,1101091842,620.28,0.00,115,78.0
5298,D-randread-sweep,39850,39,61718,61,61,59,2489,87,1497,7023,5052805555,1101091842,627.77,0.00,127,76.4
5299,D-randread-sweep,39850,39,61812,61,61,59,2478,87,1497,7063,5054030051,1101091842,626.94,0.00,99,77.6
5300,D-randread-sweep,39850,39,61843,61,61,59,2478,87,1497,7063,5055233819,1101091962,616.33,0.06,99,72.4
5301,D-randread-sweep,39850,39,61687,61,61,59,2480,87,1497,7063,5056441875,1101091962,618.52,0.00,125,80.8
5302,D-randread-sweep,39850,39,61750,61,61,59,2482,87,1497,7063,5057657187,1101091962,622.24,0.00,91,73.6
5303,D-randread-sweep,39850,39,61593,61,61,59,2482,87,1497,7023,5058847211,1101091962,609.29,0.00,126,75.2
5304,D-randread-sweep,39850,39,61906,61,61,59,2484,87,1497,7063,5060092739,1101091962,637.71,0.00,114,74.8
5305,D-randread-sweep,39850,39,61593,61,61,59,2489,87,1497,7063,5061304067,1101092082,620.20,0.06,89,71.2
5307,D-randread-sweep,39850,39,61843,61,61,59,2484,87,1497,7063,5062535603,1101092082,630.55,0.00,93,70.8
5308,D-randread-sweep,39850,39,61687,61,62,59,2489,87,1497,7063,5063765867,1101092082,629.90,0.00,104,74.8
5309,D-randread-sweep,39850,39,61812,61,62,59,2491,87,1497,7063,5064980827,1101092082,622.06,0.00,122,72.8
5310,D-randread-sweep,39850,39,61750,61,61,59,2486,87,1497,7063,5066220403,1101092106,634.66,0.01,118,74.4
5311,D-randread-sweep,39850,39,61843,61,61,59,2491,87,1497,7063,5067439443,1101092226,624.15,0.06,126,74.8
5312,D-randread-sweep,39850,39,61687,61,61,59,2489,87,1497,7063,5068661691,1101092226,625.79,0.00,90,72.4
5313,D-randread-sweep,39850,39,61593,61,61,59,2489,87,1497,7063,5069867147,1101092226,617.19,0.00,93,83.2
5314,D-randread-sweep,39850,39,61812,61,61,59,2489,87,1497,6982,5071091275,1101092226,626.75,0.00,116,77.6
5315,D-randread-sweep,39850,39,61812,61,61,59,2491,87,1497,7063,5072286475,1101092226,611.94,0.00,95,70.8
5316,D-randread-sweep,39850,39,61750,61,61,59,2491,87,1497,7063,5073492211,1101092242,617.34,0.01,106,72.4
5318,D-randread-sweep,39850,39,61687,61,61,59,2491,87,1497,7063,5074683099,1101092346,609.73,0.05,105,69.2
5319,D-randread-sweep,39850,39,61687,61,61,59,2497,87,1497,7063,5075870563,1101092346,607.98,0.00,110,72.8
5320,D-randread-sweep,39850,39,61812,61,61,59,2498,87,1497,7063,5077066275,1101092346,612.20,0.00,100,75.6
5321,D-randread-sweep,39850,39,61656,61,61,59,2500,87,1497,7063,5078261219,1101092354,611.81,0.00,105,73.2
5322,D-randread-sweep,39850,39,61750,61,61,59,2500,87,1497,7063,5079468275,1101092466,618.01,0.06,99,79.2
5323,D-randread-sweep,39850,39,61593,61,61,59,2495,87,1497,7063,5080672899,1101092466,616.77,0.00,101,71.2
5324,D-randread-sweep,39850,39,61593,61,61,59,2500,87,1497,7063,5081855939,1101092466,605.72,0.00,101,73.6
5325,D-randread-sweep,39850,39,61656,61,61,59,2502,87,1497,7063,5083033451,1101092466,602.89,0.00,49,72.8
5326,D-randread-sweep,39850,39,61468,61,61,59,2502,87,1497,7023,5084228427,1101092466,611.83,0.00,123,70.8
5327,D-randread-sweep,39850,39,61437,61,61,59,2504,87,1497,6982,5085444787,1101092482,622.78,0.01,110,71.6
5329,D-randread-sweep,39850,39,61656,61,61,59,2506,87,1497,7023,5086647963,1101092578,616.03,0.05,111,74.0
5330,D-randread-sweep,39850,39,61562,61,61,59,2511,87,1497,7023,5087861307,1101092578,621.23,0.00,86,77.2
5331,D-randread-sweep,39850,39,61593,61,61,59,2495,87,1497,6982,5089064115,1101092578,615.84,0.00,110,67.6
5332,D-randread-sweep,39850,39,61562,61,61,59,2485,87,1497,7023,5090257371,1101092578,610.95,0.00,85,66.4
5333,D-randread-sweep,39850,39,61562,61,61,59,2489,87,1497,6982,5091452955,1101092698,612.14,0.06,112,76.8
5334,D-randread-sweep,39850,39,61718,61,61,59,2491,87,1497,7023,5092675731,1101092698,626.06,0.00,89,70.4
5335,D-randread-sweep,39850,39,61562,61,61,59,2484,87,1497,7023,5093888699,1101092698,621.04,0.00,93,70.0
5336,D-randread-sweep,39850,39,61625,61,61,59,2484,87,1497,7023,5095083259,1101092698,611.61,0.00,124,73.6
5337,D-randread-sweep,39850,39,61718,61,61,59,2486,87,1497,7023,5096284403,1101092698,614.99,0.00,122,71.6
5338,D-randread-sweep,39850,39,61656,61,61,59,2487,87,1497,7023,5097464691,1101092810,604.31,0.06,128,67.6
5340,D-randread-sweep,39850,39,61593,61,61,59,2489,87,1497,7063,5098668803,1101092818,616.51,0.00,91,67.2
5341,D-randread-sweep,39850,39,61593,61,61,59,2491,87,1497,7063,5099853755,1101092818,606.70,0.00,83,72.0
5342,D-randread-sweep,39850,39,61593,61,61,59,2495,87,1497,7063,5101056483,1101092818,615.80,0.00,112,68.0
5343,D-randread-sweep,39850,39,61531,61,61,59,2495,87,1497,7063,5102255459,1101092818,613.88,0.00,103,69.2
5344,D-randread-sweep,39850,39,61625,61,61,59,2495,87,1497,7063,5103429987,1101092938,601.36,0.06,89,59.6
5345,D-randread-sweep,39850,39,61593,61,61,59,2495,87,1497,7063,5104598755,1101092938,598.41,0.00,90,67.2
5346,D-randread-sweep,39850,39,61593,61,61,59,2497,87,1497,7063,5105791971,1101092938,610.93,0.00,95,73.2
5347,D-randread-sweep,39850,39,61562,61,61,59,2502,87,1497,7023,5106982059,1101092938,609.33,0.00,87,63.6
5348,D-randread-sweep,39850,39,61562,61,61,59,2502,87,1497,7063,5108190275,1101092938,618.61,0.00,96,73.6
5349,D-randread-sweep,39850,39,61000,61,61,59,2504,87,1497,6420,5109131179,1101093066,481.74,0.07,0,50.8
5350,D-randread-sweep,39850,39,60625,60,60,59,2385,82,1420,5398,5109179035,1101093066,24.50,0.00,1,77.6
5351,D-randread-sweep,39850,39,60750,60,60,59,2344,82,1267,5275,5109240235,1101093066,31.33,0.00,1,99.6
5352,D-randread-sweep,39850,39,60531,60,60,59,2340,82,1420,5275,5109301227,1101093082,31.23,0.01,1,95.6
5354,D-randread-sweep,39850,39,60718,60,60,59,2340,82,1344,5275,5109361467,1101093082,30.84,0.00,1,96.4
5355,D-randread-sweep,39850,39,60687,60,60,58,2340,82,1344,5316,5109420979,1101093642,30.47,0.29,1,97.2
5356,D-randread-sweep,39850,39,60625,60,60,58,2317,82,1497,5520,5109480227,1101093650,30.33,0.00,1,92.4
5357,D-randread-sweep,39850,39,60812,60,60,59,2312,82,1497,5929,5109542763,1101093650,32.02,0.00,1,95.6
5358,D-randread-sweep,39850,39,60906,60,60,58,2306,82,1497,5970,5109603507,1101093650,31.10,0.00,1,96.8
5359,D-randread-sweep,39850,39,60750,60,60,58,2306,82,1497,6011,5109664283,1101093650,31.12,0.00,1,99.6
5360,D-randread-sweep,39850,39,61093,61,60,59,2310,82,1497,6011,5109724371,1101094210,30.77,0.29,1,95.2
5361,D-randread-sweep,39850,39,60625,60,60,58,2310,82,1497,5970,5109784667,1101094218,30.87,0.00,1,95.6
5362,D-randread-sweep,39850,39,60718,60,60,58,2312,82,1497,5970,5109845235,1101094218,31.01,0.00,0,97.2
5363,D-randread-sweep,39850,39,60750,60,60,59,2312,82,1497,5970,5109904651,1101094218,30.42,0.00,1,94.4
5364,D-randread-sweep,39850,39,60718,60,60,58,2315,82,1497,5929,5109965139,1101094218,30.97,0.00,1,99.2
5365,D-randread-sweep,39850,39,60625,60,60,58,2312,82,1497,5970,5110025331,1101094330,30.82,0.06,1,96.0
5366,D-randread-sweep,39850,39,60781,60,60,58,2312,82,1497,5970,5110085795,1101094338,30.96,0.00,1,95.2
5367,D-randread-sweep,39850,39,60750,60,60,59,2315,82,1497,5970,5110145907,1101094338,30.78,0.00,0,92.0
5368,D-randread-sweep,39850,39,60750,60,60,58,2314,82,1497,5970,5110206931,1101094338,31.24,0.00,1,96.8
5369,D-randread-sweep,39850,39,60843,60,60,58,2316,82,1497,5970,5110266387,1101094338,30.44,0.00,1,95.6
5371,D-randread-sweep,39850,39,61000,61,61,59,2316,82,1497,5970,5110327091,1101094434,31.08,0.05,2,94.8
5372,D-randread-sweep,39850,39,60656,60,60,58,2314,82,1497,5970,5110387723,1101094442,31.04,0.00,1,96.0
5373,D-randread-sweep,39850,39,60625,60,60,58,2316,82,1497,5970,5110448675,1101094442,31.21,0.00,0,95.6
5374,D-randread-sweep,39850,39,60625,60,60,59,2317,82,1497,5970,5110509627,1101094442,31.21,0.00,1,97.2
5375,D-randread-sweep,39850,39,60562,60,60,58,2319,82,1497,5970,5110569883,1101094442,30.85,0.00,1,95.6
5376,D-randread-sweep,39850,39,60656,60,60,58,2319,82,1497,5929,5110630299,1101094546,30.93,0.05,1,95.2
5377,D-randread-sweep,39850,39,60437,60,60,59,2321,82,1497,5970,5110690963,1101094546,31.06,0.00,1,96.4
5378,D-randread-sweep,39850,39,60625,60,60,58,2321,82,1497,5929,5110752259,1101094546,31.38,0.00,1,96.4
5379,D-randread-sweep,39850,39,60656,60,60,58,2325,82,1497,5970,5110812755,1101094546,30.97,0.00,1,94.0
5380,D-randread-sweep,39850,39,61031,61,61,58,2325,82,1497,6338,5110865355,1101094562,26.93,0.01,1,99.6
5381,D-randread-sweep,39850,39,60656,60,60,58,2327,82,1497,6011,5110929667,1101094818,32.93,0.13,2,97.2
5382,D-randread-sweep,39850,39,60437,60,60,58,2327,82,1497,5929,5110996011,1101095074,33.97,0.13,1,99.2
5383,D-randread-sweep,39850,39,60625,60,60,58,2329,82,1497,5929,5111061179,1101095250,33.37,0.09,1,98.8
5384,D-randread-sweep,39850,39,60500,60,60,58,2331,82,1497,5970,5111122203,1101095250,31.24,0.00,1,95.2
5385,D-randread-sweep,39850,39,60781,60,60,58,2329,82,1497,6011,5111182603,1101095274,30.92,0.01,1,95.2
5386,D-randread-sweep,39850,39,60468,60,60,58,2338,82,1497,5970,5111243283,1101095826,31.07,0.28,1,93.6
5387,D-randread-sweep,39850,39,60500,60,60,58,2333,82,1497,5929,5111303883,1101095834,31.03,0.00,1,96.0
5388,D-randread-sweep,39850,39,60468,60,60,58,2316,82,1497,5929,5111368827,1101095850,33.25,0.01,1,98.8
5390,D-randread-sweep,39850,39,60687,60,60,58,2314,82,1497,5929,5111434667,1101095850,33.71,0.00,0,100.0
5391,D-randread-sweep,39850,39,60406,60,60,58,2313,82,1497,5929,5111500819,1101095850,33.87,0.00,1,100.0
5392,D-randread-sweep,39850,39,60250,60,60,58,2312,82,1497,5929,5111563979,1101096050,32.34,0.10,1,96.8
5393,D-randread-sweep,39850,39,60375,60,60,58,2310,82,1497,5929,5111630331,1101096050,33.97,0.00,0,100.0
5394,D-randread-sweep,39850,39,60500,60,60,58,2308,82,1497,5929,5111694331,1101096050,32.77,0.00,1,100.0
5395,D-randread-sweep,39850,39,60343,60,60,58,2310,82,1497,5929,5111760323,1101096050,33.79,0.00,1,98.8
5396,D-randread-sweep,39850,39,60625,60,60,58,2312,82,1344,5929,5111824251,1101096050,32.73,0.00,0,97.2
5397,D-randread-sweep,39850,39,60781,60,60,58,2315,82,1420,5970,5111883619,1101096194,30.40,0.07,1,98.8
5398,D-randread-sweep,39850,39,60843,60,60,58,2313,82,1344,5929,5111943435,1101096194,30.63,0.00,1,95.6
5399,D-randread-sweep,39850,39,60625,60,60,58,2312,82,1344,5970,5112002595,1101096194,30.29,0.00,1,96.8
5400,D-randread-sweep,39850,39,60625,60,60,58,2312,82,1344,5929,5112063299,1101096194,31.08,0.00,1,97.6
5401,D-randread-sweep,39850,39,60718,60,60,58,2314,82,1420,5929,5112123691,1101096194,30.92,0.00,0,95.6
5402,D-randread-sweep,39850,39,60531,60,60,58,2317,82,1267,5929,5112183667,1101096290,30.71,0.05,1,95.2
5403,D-randread-sweep,39850,39,60625,60,60,58,2319,82,1420,5929,5112244379,1101096298,31.08,0.00,1,93.6
5404,D-randread-sweep,39850,39,60812,60,60,58,2319,82,1267,5929,5112304651,1101096298,30.86,0.00,1,95.6
5405,D-randread-sweep,39850,39,60875,60,60,58,2317,82,1267,5929,5112363635,1101096298,30.20,0.00,1,91.6
5406,D-randread-sweep,39850,39,60625,60,60,58,2317,82,1420,5929,5112424499,1101096298,31.16,0.00,1,97.2
5408,D-randread-sweep,39850,39,60656,60,60,58,2319,82,1344,5929,5112485091,1101096402,31.02,0.05,1,97.6
5409,D-randread-sweep,39850,39,60593,60,60,58,2319,82,1344,5929,5112545939,1101096410,31.15,0.00,1,95.2
5410,D-randread-sweep,39850,39,60562,60,60,58,2319,82,1344,5929,5112606755,1101096410,31.14,0.00,1,95.2
5411,D-randread-sweep,39850,39,60593,60,60,58,2321,82,1344,5889,5112666531,1101096434,30.61,0.01,1,93.6
5412,D-randread-sweep,39850,39,59937,59,60,58,2321,82,1344,5602,5112726939,1101096434,30.93,0.00,0,96.4
5413,D-randread-sweep,39850,39,59750,59,60,58,2325,82,1344,5316,5112786523,1101096570,30.51,0.07,1,95.6
5414,D-randread-sweep,39850,39,59875,59,59,58,2325,82,1267,5275,5112847827,1101096578,31.39,0.00,1,98.4
5415,D-randread-sweep,39850,39,59968,59,59,58,2331,82,729,5275,5112908787,1101096578,31.21,0.00,1,96.0
5416,D-randread-sweep,39850,39,59843,59,59,58,2327,82,1344,5275,5112967611,1101096578,30.12,0.00,1,100.0
5417,D-randread-sweep,39850,39,59687,59,59,58,2323,82,1267,5234,5113028803,1101096578,31.33,0.00,1,95.2
5418,D-randread-sweep,39850,39,59968,59,59,58,2325,82,1344,5275,5113088635,1101096706,30.63,0.07,1,96.8
5419,D-randread-sweep,39850,39,59656,59,59,58,2323,82,1344,5275,5113148595,1101096730,30.70,0.01,1,96.8
5420,D-randread-sweep,39850,39,59656,59,59,58,2325,82,1267,5275,5113207763,1101096730,30.29,0.00,1,99.6
5421,D-randread-sweep,39850,39,59593,59,59,58,2327,82,1267,5275,5113267211,1101096730,30.44,0.00,1,98.0
5422,D-randread-sweep,39850,39,59687,59,59,58,2329,82,1420,5275,5113326563,1101096730,30.39,0.00,1,97.2
5424,D-randread-sweep,39850,39,59625,59,59,58,2331,82,1344,5275,5113385539,1101096866,30.20,0.07,1,96.0
5425,D-randread-sweep,39850,39,59593,59,59,58,2335,82,1344,5275,5113446675,1101096874,31.30,0.00,1,98.0
5426,D-randread-sweep,39850,39,59687,59,59,58,2336,82,1344,5275,5113505627,1101096874,30.18,0.00,1,92.0
5427,D-randread-sweep,39850,39,59593,59,59,57,2334,82,1420,5234,5113566667,1101096874,31.25,0.00,1,97.6
5428,D-randread-sweep,39850,39,59468,59,59,58,2327,82,1267,5275,5113625819,1101096874,30.29,0.00,1,98.0
5429,D-randread-sweep,39850,39,59500,59,59,57,2323,82,1420,5234,5113684931,1101097010,30.27,0.07,2,98.0
5430,D-randread-sweep,39850,39,59312,59,59,57,2327,82,1190,5234,5113745755,1101097018,31.14,0.00,1,96.8
5431,D-randread-sweep,39850,39,59468,59,59,57,2325,82,729,5316,5113805995,1101097018,30.84,0.00,1,96.0
5432,D-randread-sweep,39850,39,59281,59,59,58,2313,82,1344,5234,5113865987,1101097018,30.72,0.00,1,98.0
5433,D-randread-sweep,39850,39,59250,59,59,58,2308,82,1344,5234,5113927347,1101097018,31.42,0.00,0,95.2
5434,D-randread-sweep,39850,39,59406,59,59,57,2312,82,1420,5234,5113987915,1101097162,31.01,0.07,2,98.0
5435,D-randread-sweep,39850,39,59312,59,59,57,2308,82,1344,5234,5114049059,1101097170,31.31,0.00,1,96.4
5436,D-randread-sweep,39850,39,59500,59,59,57,2308,82,1344,5234,5114109675,1101097170,31.04,0.00,1,99.6
5437,D-randread-sweep,39850,39,59500,59,59,57,2304,82,1267,5234,5114170939,1101097170,31.37,0.00,1,95.6
5439,D-randread-sweep,39850,39,59281,59,59,57,2304,82,1344,5234,5114232187,1101097170,31.36,0.00,1,98.0
5440,D-randread-sweep,39850,39,59281,59,59,57,2304,82,1344,5275,5114290131,1101097322,29.67,0.08,2,98.0
5441,D-randread-sweep,39850,39,59125,59,59,57,2306,82,1420,5234,5114351147,1101097330,31.24,0.00,1,98.0
5442,D-randread-sweep,39850,39,59093,59,59,57,2308,82,1267,5234,5114410803,1101097330,30.54,0.00,1,97.2
5443,D-randread-sweep,39850,39,59218,59,59,57,2308,82,1420,5234,5114471483,1101097330,31.07,0.00,1,98.8
5444,D-randread-sweep,39850,39,59156,59,59,57,2310,82,1267,5234,5114532275,1101097330,31.13,0.00,1,94.4
5445,D-randread-sweep,39850,39,59218,59,59,57,2304,82,1420,5234,5114593003,1101097466,31.09,0.07,2,95.6
5446,D-randread-sweep,39850,39,59281,59,59,57,2302,82,1267,5275,5114651731,1101097474,30.07,0.00,0,100.0
5447,D-randread-sweep,39850,39,59125,59,59,57,2304,82,1344,5234,5114711363,1101097474,30.53,0.00,0,96.0
5448,D-randread-sweep,39850,39,59375,59,59,57,2304,82,729,5234,5114771139,1101097474,30.61,0.00,1,97.6
5449,D-randread-sweep,39850,39,59062,59,58,57,2304,82,1344,5234,5114831467,1101097474,30.89,0.00,1,97.6
5450,D-randread-sweep,39850,39,59062,59,59,57,2302,82,729,5234,5114891307,1101097610,30.64,0.07,2,92.0
5451,D-randread-sweep,39850,39,58937,58,58,57,2302,82,1267,5234,5114950659,1101097618,30.39,0.00,1,95.6
5452,D-randread-sweep,39850,39,58875,58,59,57,2306,82,1497,5234,5115008723,1101097618,29.73,0.00,1,92.8
5454,D-randread-sweep,39850,39,59125,59,58,57,2306,82,1344,5234,5115069459,1101097618,31.10,0.00,1,93.2
5455,D-randread-sweep,39850,39,59156,59,59,57,2308,82,1420,5234,5115130347,1101097618,31.17,0.00,1,97.2
5456,D-randread-sweep,39850,39,58968,58,58,57,2287,77,1344,5234,5115191147,1101097746,31.13,0.07,1,94.8
5457,D-randread-sweep,39850,39,59250,59,58,57,2155,77,1344,5234,5115252075,1101097754,31.20,0.00,0,96.8
5458,D-randread-sweep,39850,39,58968,58,58,57,2134,77,1420,5234,5115312795,1101097754,31.09,0.00,1,96.8
5459,D-randread-sweep,39850,39,59000,59,59,57,2127,77,729,5275,5115372843,1101097754,30.74,0.00,1,96.4
5460,D-randread-sweep,39850,39,58906,58,58,57,2129,77,1344,5234,5115431803,1101097754,30.19,0.00,1,100.0
5461,D-randread-sweep,39850,39,59000,59,59,57,2132,77,1344,5234,5115490179,1101097858,29.89,0.05,2,96.0
5462,D-randread-sweep,39850,39,59031,59,58,57,2131,77,1497,5234,5115548587,1101097866,29.90,0.00,1,100.0
5463,D-randread-sweep,39850,39,59000,59,59,57,2126,77,960,5234,5115608987,1101097866,30.92,0.00,0,97.6
5464,D-randread-sweep,39850,39,59093,59,58,57,2129,77,1497,5234,5115669475,1101097866,30.97,0.00,1,99.2
5465,D-randread-sweep,39850,39,58812,58,58,57,2127,77,1267,5234,5115729347,1101097866,30.65,0.00,1,96.0
5466,D-randread-sweep,39850,39,58812,58,58,57,2127,77,1267,5234,5115789147,1101097970,30.62,0.05,0,99.6
5467,D-randread-sweep,39850,39,58875,58,58,57,2129,77,1267,5234,5115849075,1101097978,30.68,0.00,1,97.6
5469,D-randread-sweep,39850,39,58968,58,58,57,2129,77,1267,5234,5115909307,1101097978,30.84,0.00,1,94.0
5470,D-randread-sweep,39850,39,58781,58,58,57,2128,77,1344,5234,5115969099,1101097978,30.61,0.00,1,96.8
5471,D-randread-sweep,39850,39,58937,58,58,57,2128,77,1267,5275,5116019899,1101097978,26.01,0.00,1,96.4
5472,D-randread-sweep,39850,39,58781,58,58,57,2132,77,1267,5234,5116079971,1101098098,30.76,0.06,1,96.8
5473,D-randread-sweep,39850,39,59031,59,59,57,2132,77,1267,5275,5116136523,1101098098,28.95,0.00,1,97.6
5474,D-randread-sweep,39850,39,58687,58,58,57,2130,77,1420,5234,5116196675,1101098098,30.80,0.00,1,96.0
5475,D-randread-sweep,39850,39,58750,58,58,57,2130,77,1497,5275,5116256963,1101098098,30.87,0.00,0,97.2
5476,D-randread-sweep,39850,39,59250,59,59,57,2127,77,1344,5684,5116319683,1101098098,32.11,0.00,1,97.6
5477,D-randread-sweep,39850,39,59562,59,59,57,2127,77,1267,5889,5116383947,1101098274,32.90,0.09,1,100.0
5478,D-randread-sweep,39850,39,59468,59,59,57,2128,77,1344,5929,5116448443,1101098274,33.02,0.00,1,98.4
5479,D-randread-sweep,39850,39,59375,59,59,57,2130,77,1344,5929,5116513107,1101098290,33.11,0.01,1,97.2
5480,D-randread-sweep,39850,39,59468,59,59,57,2217,81,1344,5929,5116577411,1101098290,32.92,0.00,1,99.2
5481,D-randread-sweep,39850,39,59562,59,59,57,2260,81,1420,6175,5116641163,1101098714,32.64,0.22,1,100.0
5482,D-randread-sweep,39850,39,59031,59,59,57,2265,81,1497,5889,5116701659,1101098714,30.97,0.00,1,95.2
5483,D-randread-sweep,39850,39,59343,59,59,57,2267,81,1497,5889,5116762299,1101098714,31.05,0.00,1,98.0
5484,D-randread-sweep,39850,39,59062,59,59,57,2270,81,1497,5889,5116822763,1101098714,30.96,0.00,1,96.0
5485,D-randread-sweep,39850,39,59125,59,59,57,2267,81,1497,5889,5116883483,1101099218,31.09,0.26,1,96.4
5487,D-randread-sweep,39850,39,59187,59,59,57,2269,81,1497,5889,5116944739,1101099722,31.36,0.26,1,95.6
5488,D-randread-sweep,39850,39,59000,59,59,57,2265,81,1497,5929,5117004587,1101099722,30.64,0.00,1,91.6
5489,D-randread-sweep,39850,39,59156,59,59,57,2267,81,1497,5889,5117066371,1101099722,31.63,0.00,1,96.4
5490,D-randread-sweep,39850,39,59156,59,59,57,2240,77,1497,5889,5117127771,1101099722,31.44,0.00,1,95.2
5491,D-randread-sweep,39850,39,59062,59,59,57,2150,77,1497,5889,5117187219,1101099842,30.44,0.06,1,93.6
5492,D-randread-sweep,39850,39,59156,59,59,57,2135,77,1497,5889,5117250595,1101099850,32.45,0.00,1,100.0
5493,D-randread-sweep,39850,39,59343,59,59,57,2129,77,1497,5929,5117310811,1101099850,30.83,0.00,1,97.2
5494,D-randread-sweep,39850,39,59531,59,59,57,2190,81,1420,5970,5117369163,1101099850,29.88,0.00,1,96.8
5495,D-randread-sweep,39850,39,59343,59,59,57,2253,81,1420,5929,5117428619,1101099850,30.44,0.00,1,99.2
5496,D-randread-sweep,39850,39,59343,59,59,57,2267,81,1420,5929,5117487731,1101099978,30.27,0.07,1,98.4
5497,D-randread-sweep,39850,39,59531,59,59,57,2265,81,1344,5929,5117535347,1101099986,24.38,0.00,1,97.2
5498,D-randread-sweep,39850,39,59625,59,59,57,2265,81,1497,5929,5117595563,1101099986,30.83,0.00,1,94.0
5499,D-randread-sweep,39850,39,59343,59,59,57,2265,81,1344,5929,5117655579,1101099986,30.73,0.00,1,96.0
5500,D-randread-sweep,39850,39,59125,59,59,57,2267,81,1497,6093,5117753491,1101099986,50.13,0.00,4,54.8
5501,D-randread-sweep,39850,39,59125,59,59,57,2267,81,1420,6134,5117939299,1101100530,95.13,0.28,4,84.4
5502,D-randread-sweep,39850,39,59125,59,59,57,2163,77,1497,6134,5118127491,1101100530,96.35,0.00,4,83.2
5504,D-randread-sweep,39850,39,59156,59,59,57,2132,77,1497,6134,5118315139,1101100530,96.08,0.00,4,82.4
5505,D-randread-sweep,39850,39,59281,59,59,57,2129,77,1497,6134,5118500267,1101100530,94.79,0.00,3,82.0
5506,D-randread-sweep,39850,39,59156,59,59,57,2127,77,1497,6134,5118691275,1101100530,97.80,0.00,4,77.2
5507,D-randread-sweep,39850,39,59250,59,59,57,2127,77,1420,6216,5118883011,1101101066,98.17,0.27,4,89.2
5508,D-randread-sweep,39850,39,59250,59,59,57,2126,77,1497,6175,5119079483,1101101074,100.59,0.00,4,83.2
5509,D-randread-sweep,39850,39,59187,59,59,57,2127,77,1497,6175,5119265955,1101101074,95.47,0.00,3,82.0
5510,D-randread-sweep,39850,39,59343,59,59,57,2180,81,1497,6175,5119458755,1101101082,98.71,0.00,4,75.6
5511,D-randread-sweep,39850,39,59375,59,59,57,2255,81,1497,6175,5119644619,1101101082,95.16,0.00,3,82.8
5512,D-randread-sweep,39850,39,59125,59,59,57,2267,81,1497,6134,5119831171,1101101194,95.51,0.06,4,83.2
5513,D-randread-sweep,39850,39,59125,59,59,57,2269,81,1497,6216,5120027259,1101101218,100.40,0.01,4,85.2
5514,D-randread-sweep,39850,39,59156,59,59,57,2188,77,1497,6175,5120217403,1101101218,97.35,0.00,4,83.2
5515,D-randread-sweep,39850,39,59218,59,59,57,2140,77,1497,6175,5120408339,1101101226,97.76,0.00,4,82.0
5516,D-randread-sweep,39850,39,59375,59,59,57,2228,81,1497,6175,5120595579,1101101226,95.87,0.00,1,86.8
5517,D-randread-sweep,39850,39,59093,59,59,57,2260,81,1497,6175,5120793139,1101101362,101.15,0.07,5,79.6
5518,D-randread-sweep,39850,39,59156,59,59,57,2263,81,1497,6175,5120979187,1101101370,95.26,0.00,4,86.0
5519,D-randread-sweep,39850,39,59250,59,59,57,2265,81,1497,6216,5121172427,1101101370,98.94,0.00,4,81.2
5521,D-randread-sweep,39850,39,59156,59,59,57,2156,77,1497,6216,5121369499,1101101370,100.90,0.00,4,84.0
5522,D-randread-sweep,39850,39,59125,59,59,57,2130,81,1497,6216,5121566419,1101101370,100.82,0.00,2,77.2
5523,D-randread-sweep,39850,39,59281,59,59,57,2243,81,1497,6175,5121753283,1101101498,95.67,0.07,4,85.2
5524,D-randread-sweep,39850,39,59437,59,59,57,2263,81,1497,6216,5121948459,1101101498,99.93,0.00,4,79.6
5525,D-randread-sweep,39850,39,59125,59,59,57,2268,81,1497,6175,5122139251,1101101498,97.69,0.00,4,79.6
5526,D-randread-sweep,39850,39,59156,59,59,57,2268,81,1497,6175,5122335115,1101101498,100.28,0.00,4,80.0
5527,D-randread-sweep,39850,39,59437,59,59,57,2269,81,1344,6216,5122531947,1101101498,100.78,0.00,4,83.6
5528,D-randread-sweep,39850,39,59187,59,59,57,2270,81,1497,6175,5122734267,1101101602,103.59,0.05,4,89.6
5529,D-randread-sweep,39850,39,59375,59,59,57,2270,81,1497,6216,5122930467,1101101610,100.45,0.00,3,82.0
5530,D-randread-sweep,39850,39,59468,59,59,57,2272,81,1497,6216,5123127363,1101101610,100.81,0.00,4,82.8
5531,D-randread-sweep,39850,39,59187,59,59,57,2272,81,1497,6216,5123315227,1101101610,96.19,0.00,4,84.8
5532,D-randread-sweep,39850,39,59000,59,59,57,2274,81,1267,5602,5123511779,1101101610,100.63,0.00,4,82.8
5533,D-randread-sweep,39850,39,58843,58,58,57,2276,81,1267,5520,5123704755,1101101794,98.80,0.09,4,79.2
5534,D-randread-sweep,39850,39,58750,58,58,57,2172,77,1267,5480,5123893707,1101101802,96.74,0.00,4,82.8
5535,D-randread-sweep,39850,39,58968,58,58,57,2143,77,1344,5480,5124083755,1101101802,97.30,0.00,4,82.8
5537,D-randread-sweep,39850,39,58812,58,59,57,2133,77,1420,5480,5124274419,1101101802,97.62,0.00,4,84.4
5538,D-randread-sweep,39850,39,59031,59,59,57,2133,77,729,5480,5124459291,1101101802,94.65,0.00,3,84.8
5539,D-randread-sweep,39850,39,58843,58,59,57,2133,77,1113,5480,5124648787,1101101938,97.02,0.07,4,77.6
5540,D-randread-sweep,39850,39,58687,58,58,57,2135,77,1344,5480,5124834099,1101101938,94.88,0.00,0,81.2
5541,D-randread-sweep,39850,39,58875,58,58,57,2135,77,1497,5480,5125024739,1101101938,97.61,0.00,3,83.6
5542,D-randread-sweep,39850,39,58843,58,58,57,2133,77,1344,5480,5125216443,1101101938,98.15,0.00,3,81.6
5543,D-randread-sweep,39850,39,58906,58,58,57,2136,77,1267,5480,5125401163,1101101938,94.58,0.00,3,85.2
5544,D-randread-sweep,39850,39,58843,58,59,57,2137,77,883,5480,5125594739,1101102050,99.11,0.06,4,84.0
5545,D-randread-sweep,39850,39,58687,58,58,57,2138,77,1497,5520,5125789027,1101102058,99.48,0.00,3,76.4
5546,D-randread-sweep,39850,39,58937,58,58,57,2133,77,1497,5480,5125984171,1101102074,99.91,0.01,3,78.8
5547,D-randread-sweep,39850,39,59062,59,58,57,2132,77,1420,5520,5126181435,1101102074,101.00,0.00,4,80.8
5548,D-randread-sweep,39850,39,58812,58,58,57,2133,77,1344,5480,5126368947,1101102090,96.01,0.01,3,84.8
5549,D-randread-sweep,39850,39,58687,58,58,57,2132,77,1344,5480,5126549923,1101102234,92.66,0.07,4,82.4
5550,D-randread-sweep,39850,39,58687,58,58,57,2129,77,1497,5480,5126733443,1101102242,93.96,0.00,4,84.0
5552,D-randread-sweep,39850,39,58750,58,58,57,2127,77,1267,5480,5126918051,1101102242,94.52,0.00,4,82.0
5553,D-randread-sweep,39850,39,58812,58,58,57,2129,77,1344,5439,5127103187,1101102242,94.79,0.00,4,86.0
5554,D-randread-sweep,39850,39,58781,58,58,57,2130,77,1267,5480,5127294619,1101102242,98.01,0.00,3,80.0
5555,D-randread-sweep,39850,39,58781,58,58,57,2132,77,1420,5520,5127492211,1101102378,101.17,0.07,4,83.2
5556,D-randread-sweep,39850,39,58968,58,58,57,2132,77,729,5480,5127672299,1101102378,92.21,0.00,4,86.8
5557,D-randread-sweep,39850,39,58906,58,58,57,2130,77,1497,5439,5127853563,1101102378,92.81,0.00,0,84.4
5558,D-randread-sweep,39850,39,58687,58,58,57,2129,77,883,5439,5128038963,1101102378,94.92,0.00,2,88.0
5559,D-randread-sweep,39850,39,58687,58,58,57,2129,77,1267,5439,5128224419,1101102378,94.95,0.00,3,84.0
5560,D-randread-sweep,39850,39,58687,58,58,57,2125,77,729,5439,5128408731,1101102482,94.37,0.05,5,86.4
5561,D-randread-sweep,39850,39,58687,58,58,57,2124,77,1267,5439,5128594155,1101102490,94.94,0.00,4,84.0
5562,D-randread-sweep,39850,39,58562,58,58,57,2124,77,883,5439,5128775371,1101102490,92.78,0.00,4,83.2
5563,D-randread-sweep,39850,39,58718,58,58,57,2129,77,1190,5439,5128963363,1101102490,96.25,0.00,4,84.4
5564,D-randread-sweep,39850,39,58625,58,58,57,2127,77,729,5439,5129148867,1101102490,94.98,0.00,4,78.8
5565,D-randread-sweep,39850,39,58625,58,58,57,2130,77,729,5439,5129330515,1101102602,93.00,0.06,5,84.0
5567,D-randread-sweep,39850,39,58968,58,58,57,2127,77,1113,5520,5129518979,1101102610,96.49,0.00,4,80.8
5568,D-randread-sweep,39850,39,58593,58,58,57,2130,77,1420,5439,5129703811,1101102610,94.63,0.00,4,78.8
5569,D-randread-sweep,39850,39,58718,58,58,57,2130,77,1497,5439,5129889179,1101102610,94.91,0.00,4,78.8
5570,D-randread-sweep,39850,39,58625,58,58,57,2127,77,1497,5480,5130083771,1101102610,99.63,0.00,4,82.0
5571,D-randread-sweep,39850,39,58593,58,58,57,2129,77,1344,5480,5130270467,1101102730,95.59,0.06,4,83.6
5572,D-randread-sweep,39850,39,58750,58,58,57,2127,77,806,5480,5130462147,1101102730,98.14,0.00,2,79.2
5573,D-randread-sweep,39850,39,58687,58,58,57,2130,77,1497,5480,5130655835,1101102730,99.17,0.00,2,82.0
5574,D-randread-sweep,39850,39,58687,58,58,57,2127,77,1344,5480,5130843651,1101102730,96.16,0.00,3,85.2
5575,D-randread-sweep,39850,39,58843,58,58,56,2129,77,1344,5480,5131025187,1101102730,92.95,0.00,4,81.6
5576,D-randread-sweep,39850,39,58625,58,58,57,2126,77,1497,5439,5131206187,1101102850,92.67,0.06,4,84.4
5577,D-randread-sweep,39850,39,58500,58,58,57,2127,77,1344,5439,5131389595,1101102858,93.90,0.00,3,85.2
5578,D-randread-sweep,39850,39,58625,58,58,57,2126,77,1190,5439,5131575019,1101102858,94.94,0.00,4,86.0
5579,D-randread-sweep,39850,39,58593,58,58,56,2127,77,1497,5439,5131763459,1101102866,96.48,0.00,2,80.8
5580,D-randread-sweep,39850,39,58625,58,58,56,2129,77,1267,5439,5131944899,1101102866,92.90,0.00,4,82.0
5581,D-randread-sweep,39850,39,58718,58,58,57,2130,77,1497,5929,5132134171,1101103482,96.91,0.32,4,86.8
5583,D-randread-sweep,39850,39,58750,58,58,57,2126,77,1497,5520,5132332555,1101103482,101.57,0.00,3,85.2
5584,D-randread-sweep,39850,39,58593,58,58,57,2126,77,1344,5480,5132531115,1101103482,101.66,0.00,4,80.4
5585,D-randread-sweep,39850,39,58562,58,58,56,2126,77,1497,5439,5132716507,1101103482,94.92,0.00,4,84.4
5586,D-randread-sweep,39850,39,58437,58,58,56,2129,77,1497,5439,5132899595,1101103482,93.74,0.00,4,85.2
5587,D-randread-sweep,39850,39,58406,58,58,56,2129,77,1344,5439,5133083715,1101104522,94.27,0.53,2,86.0
5588,D-randread-sweep,39850,39,58656,58,58,57,2129,77,1497,5480,5133273547,1101104522,97.19,0.00,4,83.6
5589,D-randread-sweep,39850,39,58656,58,58,56,2125,77,1497,5480,5133468235,1101104522,99.68,0.00,4,82.4
5590,D-randread-sweep,39850,39,58562,58,58,56,2130,77,1497,5480,5133657339,1101104522,96.82,0.00,4,83.6
5591,D-randread-sweep,39850,39,58781,58,58,57,2125,77,1497,5480,5133852395,1101104522,99.87,0.00,4,82.4
5592,D-randread-sweep,39850,39,58656,58,58,56,2125,77,1497,5480,5134031883,1101104626,91.90,0.05,3,84.4
5593,D-randread-sweep,39850,39,58406,58,58,57,2129,77,1344,5439,5134216067,1101104634,94.30,0.00,2,80.8
5594,D-randread-sweep,39850,39,58500,58,58,57,2129,77,1420,5520,5134403635,1101104634,96.03,0.00,4,82.4
5595,D-randread-sweep,39850,39,58500,58,58,56,2129,77,1420,5480,5134589891,1101104634,95.36,0.00,4,81.6
5596,D-randread-sweep,39850,39,58812,58,58,57,2132,77,1497,6134,5134785315,1101104634,100.06,0.00,4,76.0
5598,D-randread-sweep,39850,39,59125,59,59,57,2130,77,1344,6134,5134975115,1101104738,97.18,0.05,4,80.4
5599,D-randread-sweep,39850,39,59031,59,59,57,2130,77,1497,6134,5135170083,1101104746,99.82,0.00,4,84.4
5600,D-randread-sweep,39850,39,59000,59,59,57,2129,77,1497,6134,5135354611,1101104746,94.48,0.00,4,82.0
5601,D-randread-sweep,39850,39,59062,59,59,57,2127,77,1497,6134,5135543211,1101104746,96.56,0.00,4,84.8
5602,D-randread-sweep,39850,39,58906,58,58,57,2133,77,1497,6134,5135735947,1101104746,98.68,0.00,3,81.2
5603,D-randread-sweep,39850,39,59062,59,58,57,2130,77,1497,6216,5135918859,1101104962,93.65,0.11,3,86.4
5604,D-randread-sweep,39850,39,58937,58,58,57,2130,77,1497,6216,5136104355,1101104962,94.97,0.00,4,86.8
5605,D-randread-sweep,39850,39,58906,58,59,57,2129,77,1497,6216,5136293371,1101104962,96.78,0.00,3,86.8
5606,D-randread-sweep,39850,39,59156,59,59,57,2129,77,1497,6216,5136482571,1101104962,96.87,0.00,4,84.4
5607,D-randread-sweep,39850,39,59156,59,59,57,2124,77,1497,6216,5136676611,1101104962,99.35,0.00,4,87.6
5608,D-randread-sweep,39850,39,58937,58,58,57,2129,77,1497,6216,5136866115,1101105058,97.03,0.05,4,87.2
5609,D-randread-sweep,39850,39,59000,59,59,57,2125,77,1497,6216,5137053643,1101105066,96.01,0.00,4,84.4
5610,D-randread-sweep,39850,39,58937,58,59,57,2125,77,1497,6216,5137246755,1101105082,98.87,0.01,4,86.0
5611,D-randread-sweep,39850,39,58968,58,59,57,2125,77,1497,6216,5137432355,1101105082,95.03,0.00,4,84.8
5612,D-randread-sweep,39850,39,58968,58,59,57,2126,77,1497,6175,5137608011,1101105114,89.94,0.02,4,87.2
5613,D-randread-sweep,39850,39,59031,59,59,57,2125,77,1497,6175,5137789531,1101105266,92.94,0.08,4,86.8
5615,D-randread-sweep,39850,39,59093,59,59,57,2127,77,1497,6216,5137979387,1101105274,97.21,0.00,4,86.0
5616,D-randread-sweep,39850,39,59125,59,59,57,2129,77,1497,6216,5138164003,1101105274,94.52,0.00,4,86.0
5617,D-randread-sweep,39850,39,59062,59,59,57,2126,77,1497,6175,5138320443,1101105274,80.10,0.00,3,88.4
5618,D-randread-sweep,39850,39,59218,59,59,57,2124,77,1497,6216,5138510323,1101105274,97.22,0.00,4,83.2
5619,D-randread-sweep,39850,39,59281,59,59,57,2125,77,1497,6216,5138703683,1101105434,99.00,0.08,4,79.6
5620,D-randread-sweep,39850,39,59062,59,59,57,2127,77,1497,6216,5138893379,1101105434,97.12,0.00,3,86.0
5621,D-randread-sweep,39850,39,59000,59,59,57,2124,77,1497,6216,5139079603,1101105434,95.35,0.00,2,84.0
5622,D-randread-sweep,39850,39,58968,58,58,57,2126,77,1497,6134,5139262387,1101105434,93.59,0.00,2,84.0
5623,D-randread-sweep,39850,39,59000,59,59,57,2126,77,1497,6175,5139455011,1101105434,98.62,0.00,4,81.2
5624,D-randread-sweep,39850,39,59031,59,59,57,2127,77,1497,6175,5139648483,1101105538,99.06,0.05,4,85.6
5625,D-randread-sweep,39850,39,59093,59,59,57,2129,77,1497,6175,5139843523,1101105546,99.86,0.00,2,83.2
5626,D-randread-sweep,39850,39,59062,59,59,57,2130,77,1497,6134,5140026363,1101105546,93.61,0.00,4,87.2
5627,D-randread-sweep,39850,39,59156,59,59,57,2127,77,1497,6175,5140217635,1101105546,97.93,0.00,3,85.6
5628,D-randread-sweep,39850,39,59218,59,59,57,2125,77,1497,6134,5140408611,1101105546,97.78,0.00,4,83.2
5629,D-randread-sweep,39850,39,59187,59,59,57,2127,77,1497,6134,5140574595,1101105658,84.98,0.06,4,86.8
5631,D-randread-sweep,39850,39,59187,59,59,57,2127,77,1497,6134,5140740099,1101105666,84.74,0.00,4,90.8
5632,D-randread-sweep,39850,39,59343,59,59,57,2129,77,1497,6134,5140901779,1101105666,82.78,0.00,3,90.0
5633,D-randread-sweep,39850,39,59062,59,59,57,2125,77,1497,6134,5141072403,1101105666,87.36,0.00,4,83.6
5634,D-randread-sweep,39850,39,59093,59,59,57,2125,77,1497,6134,5141254923,1101105666,93.45,0.00,4,85.6
5635,D-randread-sweep,39850,39,59250,59,59,57,2124,77,1497,6175,5141440043,1101105786,94.78,0.06,3,86.4
5636,D-randread-sweep,39850,39,59281,59,59,57,2125,77,1497,6134,5141614459,1101105786,89.30,0.00,4,87.6
5637,D-randread-sweep,39850,39,59343,59,59,57,2127,77,1497,6134,5141751187,1101105786,70.00,0.00,4,87.6
5638,D-randread-sweep,39850,39,59375,59,59,57,2127,77,1497,6134,5141933827,1101105786,93.51,0.00,3,84.8
5639,D-randread-sweep,39850,39,59156,59,59,57,2130,77,1497,6134,5142123267,1101105786,96.99,0.00,4,85.2
5640,D-randread-sweep,39850,39,59468,59,59,57,2200,81,1497,6216,5142315659,1101105882,98.50,0.05,4,84.0
5641,D-randread-sweep,39850,39,59625,59,59,57,2252,81,1344,6175,5142501019,1101105890,94.90,0.00,4,89.6
5642,D-randread-sweep,39850,39,59687,59,59,57,2198,78,1344,6216,5142696043,1101105906,99.85,0.01,4,86.4
5643,D-randread-sweep,39850,39,59187,59,59,57,2169,78,1497,6134,5142887419,1101105906,97.98,0.00,4,84.8
5644,D-randread-sweep,39850,39,59125,59,59,57,2163,78,1497,6134,5143037139,1101105914,76.66,0.00,4,94.4
5645,D-randread-sweep,39850,39,59437,59,59,57,2163,78,1420,6175,5143225099,1101106042,96.24,0.07,3,78.8
5646,D-randread-sweep,39850,39,59250,59,59,57,2164,78,1497,6175,5143421123,1101106050,100.36,0.00,4,83.6
5647,D-randread-sweep,39850,39,59281,59,59,57,2163,78,1497,6175,5143610651,1101106050,97.04,0.00,3,80.8
5649,D-randread-sweep,39850,39,59125,59,59,57,2161,78,1497,6175,5143800091,1101106050,96.99,0.00,4,83.2
5650,D-randread-sweep,39850,39,59187,59,59,57,2163,78,1497,6175,5143974811,1101106050,89.46,0.00,4,82.4
5651,D-randread-sweep,39850,39,59218,59,59,57,2161,78,1497,6379,5144279331,1101106618,155.91,0.29,18,48.0
5652,D-randread-sweep,39850,39,59281,59,59,57,2168,78,1344,6420,5144983811,1101106618,360.69,0.00,31,69.6
5653,D-randread-sweep,39850,39,59031,59,59,57,2164,78,1344,5970,5145627691,1101106618,329.67,0.00,30,56.8
5654,D-randread-sweep,39850,39,59125,59,59,57,2166,78,1497,6011,5146386523,1101106618,388.52,0.00,28,64.0
5655,D-randread-sweep,39850,39,59125,59,59,57,2166,78,1497,6052,5147168683,1101106618,400.47,0.00,31,57.2
5656,D-randread-sweep,39850,39,59218,59,59,57,2163,78,1497,5929,5147904123,1101107146,376.55,0.27,32,60.4
5657,D-randread-sweep,39850,39,59093,59,59,57,2165,78,1497,6052,5148605811,1101107154,359.26,0.00,27,62.8
5658,D-randread-sweep,39850,39,59375,59,59,57,2163,78,1420,6052,5149397435,1101107154,405.31,0.00,31,50.0
5659,D-randread-sweep,39850,39,59125,59,59,57,2163,78,1497,6134,5150144179,1101107154,382.33,0.00,19,61.2
5660,D-randread-sweep,39850,39,59093,59,59,57,2161,78,1497,5929,5150843875,1101107154,358.24,0.00,30,61.2
5661,D-randread-sweep,39850,39,59125,59,59,57,2160,78,1497,6134,5151561203,1101107362,367.27,0.11,10,63.6
5663,D-randread-sweep,39850,39,58937,58,58,57,2160,78,1497,5929,5152287883,1101107362,372.06,0.00,15,53.6
5664,D-randread-sweep,39850,39,59000,59,59,57,2160,78,1497,6093,5153093107,1101107362,412.27,0.00,30,56.0
5665,D-randread-sweep,39850,39,59093,59,59,57,2161,78,1267,6093,5153895027,1101107362,410.58,0.00,31,57.2
5666,D-randread-sweep,39850,39,59093,59,59,57,2160,78,1497,6011,5154645547,1101107362,384.27,0.00,30,54.8
5667,D-randread-sweep,39850,39,59000,59,59,57,2163,78,1420,6011,5155447667,1101107466,410.69,0.05,29,51.2
5668,D-randread-sweep,39850,39,59218,59,59,57,2163,78,1497,5970,5156197827,1101107466,384.08,0.00,31,56.8
5669,D-randread-sweep,39850,39,58906,58,59,57,2161,78,1497,5929,5156942227,1101107466,381.13,0.00,32,57.6
5670,D-randread-sweep,39850,39,59156,59,59,57,2163,78,1190,6011,5157731731,1101107466,404.23,0.00,28,51.2
5671,D-randread-sweep,39850,39,59093,59,59,57,2160,78,1497,6052,5158519419,1101107466,403.30,0.00,29,52.0
5672,D-randread-sweep,39850,39,58968,58,58,57,2160,78,1497,5970,5159303211,1101107562,401.30,0.05,32,54.0
5673,D-randread-sweep,39850,39,59093,59,59,57,2163,78,1497,6011,5160086331,1101107586,400.96,0.01,26,53.6
5674,D-randread-sweep,39850,39,59343,59,59,57,2160,78,1497,6011,5160842819,1101107586,387.32,0.00,31,59.2
5675,D-randread-sweep,39850,39,59156,59,59,57,2165,78,1497,6052,5161615619,1101107586,395.67,0.00,31,61.2
5677,D-randread-sweep,39850,39,58906,58,59,57,2163,78,1497,5970,5162314339,1101107586,357.74,0.00,32,60.8
5678,D-randread-sweep,39850,39,59156,59,59,57,2160,78,1497,5929,5163072395,1101107586,388.12,0.00,33,46.0
5679,D-randread-sweep,39850,39,59187,59,59,57,2165,78,1497,6052,5163859147,1101107714,402.82,0.07,18,55.6
5680,D-randread-sweep,39850,39,59250,59,59,57,2165,78,1497,6052,5164622267,1101107730,390.72,0.01,26,61.6
5681,D-randread-sweep,39850,39,59156,59,59,57,2165,78,1267,6134,5165390995,1101107730,393.59,0.00,31,50.4
5682,D-randread-sweep,39850,39,59531,59,59,57,2164,78,1190,6257,5166030075,1101107730,327.21,0.00,12,64.8
5683,D-randread-sweep,39850,39,59125,59,59,57,2164,78,1344,6093,5166689347,1101108794,337.55,0.54,31,73.6
5684,D-randread-sweep,39850,39,59187,59,59,57,2163,78,1497,5970,5167480339,1101108826,404.99,0.02,32,50.8
5685,D-randread-sweep,39850,39,59000,59,59,57,2164,78,1497,6052,5168272059,1101108826,405.36,0.00,27,54.8
5686,D-randread-sweep,39850,39,59156,59,59,57,2164,78,1497,6134,5169071907,1101108826,409.52,0.00,35,47.6
5687,D-randread-sweep,39850,39,59125,59,59,57,2163,78,1344,6052,5169880035,1101108946,413.76,0.06,32,51.2
5688,D-randread-sweep,39850,39,59218,59,59,57,2164,78,1497,6134,5170628395,1101108954,383.16,0.00,10,62.0
5689,D-randread-sweep,39850,39,59031,59,59,57,2166,78,1497,5970,5171385547,1101108954,387.66,0.00,15,50.8
5690,D-randread-sweep,39850,39,59187,59,59,57,2166,78,1497,6093,5172130723,1101108954,381.53,0.00,31,65.2
5692,D-randread-sweep,39850,39,59187,59,59,57,2169,78,1497,6052,5172899547,1101108954,393.64,0.00,26,55.6
5693,D-randread-sweep,39850,39,59093,59,59,57,2172,78,1497,6052,5173638227,1101109098,378.20,0.07,29,67.6
5694,D-randread-sweep,39850,39,59187,59,59,57,2167,78,1267,6134,5174448795,1101109098,415.01,0.00,29,54.8
5695,D-randread-sweep,39850,39,59093,59,59,57,2167,78,1497,6011,5175256955,1101109098,413.78,0.00,30,52.0
5696,D-randread-sweep,39850,39,59156,59,59,57,2171,78,1497,5929,5176019603,1101109098,390.48,0.00,24,59.6
5697,D-randread-sweep,39850,39,59187,59,59,57,2171,78,1497,6134,5176833867,1101109098,416.90,0.00,31,55.2
5698,D-randread-sweep,39850,39,59125,59,59,57,2171,78,1497,6052,5177621131,1101109218,403.08,0.06,29,54.8
5699,D-randread-sweep,39850,39,59031,59,59,57,2172,78,1190,5970,5178341435,1101109218,368.80,0.00,25,58.8
5700,D-randread-sweep,39850,39,59031,59,59,57,2171,78,1497,5848,5179017531,1101109218,346.16,0.00,28,52.8
5701,D-randread-sweep,39850,39,59218,59,59,57,2166,78,1497,6011,5179812683,1101109218,407.12,0.00,31,50.4
5702,D-randread-sweep,39850,39,59343,59,59,57,2166,78,1344,6052,5180619259,1101109218,412.97,0.00,31,51.6
5703,D-randread-sweep,39850,39,59062,59,59,57,2166,78,1344,6093,5181367963,1101109314,383.34,0.05,32,62.4
5704,D-randread-sweep,39850,39,59093,59,59,57,2169,78,1344,6011,5182123067,1101109330,386.61,0.01,11,57.6
5706,D-randread-sweep,39850,39,59156,59,59,57,2164,78,1497,6093,5182876483,1101109330,385.75,0.00,29,58.8
5707,D-randread-sweep,39850,39,59156,59,59,57,2164,78,1497,5970,5183647339,1101109330,394.68,0.00,16,53.2
5708,D-randread-sweep,39850,39,59031,59,59,57,2163,78,1267,5929,5184386675,1101109330,378.54,0.00,9,52.8
5709,D-randread-sweep,39850,39,59312,59,59,57,2161,78,1497,6011,5185127523,1101109442,379.31,0.06,25,64.4
5710,D-randread-sweep,39850,39,59562,59,59,57,2163,78,1497,6655,5185876043,1101109442,383.24,0.00,29,62.0
5711,D-randread-sweep,39850,39,59625,59,59,57,2165,78,1344,6737,5186586675,1101109442,363.84,0.00,32,71.6
5712,D-randread-sweep,39850,39,59187,59,59,57,2163,78,1190,6093,5187373275,1101109458,402.74,0.01,29,48.4
5713,D-randread-sweep,39850,39,59187,59,59,57,2163,78,1420,6134,5188110219,1101109458,377.32,0.00,30,56.0
5714,D-randread-sweep,39850,39,59250,59,59,57,2158,78,1190,6011,5188874707,1101109722,391.42,0.14,34,54.0
5715,D-randread-sweep,39850,39,59093,59,59,57,2161,78,1190,5970,5189477163,1101330754,308.46,113.17,30,59.2
5716,D-randread-sweep,39850,39,59218,59,59,57,2163,78,1497,6461,5190170459,1101330762,354.97,0.00,17,60.4
5717,D-randread-sweep,39850,39,59625,59,59,57,2158,78,1497,6696,5190922179,1101330762,384.88,0.00,16,62.0
5718,D-randread-sweep,39850,39,59437,59,59,57,2160,78,1497,6737,5191676763,1101330762,386.35,0.00,18,57.2
5719,D-randread-sweep,39850,39,59625,59,59,57,2163,78,1497,6614,5192339035,1101331594,339.08,0.43,32,57.6
5721,D-randread-sweep,39850,39,59812,59,59,57,2163,78,1497,6737,5193108147,1101331602,393.79,0.00,29,67.6
5722,D-randread-sweep,39850,39,59687,59,59,57,2161,78,1497,6778,5193922635,1101331610,417.02,0.00,15,56.4
5723,D-randread-sweep,39850,39,59812,59,59,57,2161,78,1497,6778,5194658915,1101331610,376.98,0.00,31,54.4
5724,D-randread-sweep,39850,39,59906,59,59,57,2163,78,1497,6533,5195241531,1101331610,298.30,0.00,21,64.4
5725,D-randread-sweep,39850,39,59937,59,59,57,2165,78,1497,6778,5196008363,1101331946,392.62,0.17,26,60.0
5726,D-randread-sweep,39850,39,59875,59,59,57,2163,78,1497,6737,5196735635,1101331946,372.36,0.00,32,56.8
5727,D-randread-sweep,39850,39,59781,59,59,57,2165,78,1497,6737,5197473539,1101331946,377.81,0.00,31,61.6
5728,D-randread-sweep,39850,39,59718,59,59,57,2161,78,1497,6778,5198254683,1101331946,399.95,0.00,31,50.0
5729,D-randread-sweep,39850,39,59906,59,59,57,2165,78,1497,6696,5199013843,1101331946,388.69,0.00,18,56.4
5730,D-randread-sweep,39850,39,59781,59,59,57,2161,78,1497,6778,5199786083,1101332042,395.39,0.05,32,58.4
5731,D-randread-sweep,39850,39,60125,60,60,57,2158,78,1497,6737,5200485243,1101332050,357.97,0.00,28,62.4
5732,D-randread-sweep,39850,39,59656,59,59,58,2161,78,1497,6737,5201294899,1101332050,414.54,0.00,29,56.8
5733,D-randread-sweep,39850,39,60062,60,59,57,2163,78,1497,6778,5202097459,1101332050,410.91,0.00,29,51.6
5734,D-randread-sweep,39850,39,59968,59,59,57,2161,78,1497,6737,5202880891,1101332050,401.12,0.00,25,52.4
5736,D-randread-sweep,39850,39,60093,60,59,57,2165,78,1497,6696,5203649379,1101332066,393.47,0.01,30,49.6
5737,D-randread-sweep,39850,39,60000,60,60,57,2168,78,1497,6655,5204412275,1101332210,390.60,0.07,27,57.2
5738,D-randread-sweep,39850,39,59906,59,59,57,2166,78,1497,6737,5205197923,1101332210,402.25,0.00,21,54.0
5739,D-randread-sweep,39850,39,59968,59,59,57,2163,78,1497,6737,5205970483,1101332210,395.55,0.00,17,48.0
5740,D-randread-sweep,39850,39,60000,60,59,57,2163,78,1497,6818,5206751675,1101332210,399.97,0.00,19,60.8
5741,D-randread-sweep,39850,39,60218,60,60,58,2163,78,1497,6655,5207504403,1101332338,385.40,0.07,32,56.8
5742,D-randread-sweep,39850,39,60343,60,60,57,2161,78,1497,6655,5208172107,1101332346,341.86,0.00,19,68.4
5743,D-randread-sweep,39850,39,59937,59,60,57,2161,78,1497,6696,5208873507,1101332346,359.12,0.00,6,70.0
5744,D-randread-sweep,39850,39,60125,60,59,58,2161,78,1497,6737,5209667747,1101332346,406.65,0.00,19,54.8
5745,D-randread-sweep,39850,39,60125,60,60,57,2163,78,1497,6614,5210345891,1101332346,347.21,0.00,32,50.4
5746,D-randread-sweep,39850,39,60062,60,60,58,2159,78,1497,6696,5211114171,1101332442,393.36,0.05,32,63.2
5747,D-randread-sweep,39850,39,59875,59,59,58,2163,78,1497,6696,5211893811,1101332466,399.18,0.01,31,55.6
5748,D-randread-sweep,39850,39,59781,59,59,58,2159,78,1497,6696,5212652163,1101332466,388.28,0.00,31,45.2
5750,D-randread-sweep,39850,39,59906,59,59,57,2161,78,1497,6696,5213404507,1101332466,385.20,0.00,28,54.8
5751,D-randread-sweep,39850,39,60312,60,60,58,2158,78,1497,6573,5214024435,1101332466,317.40,0.00,15,75.6
5752,D-randread-sweep,39850,39,60250,60,60,58,2160,78,1497,6573,5214693755,1101332578,342.69,0.06,32,55.6
5753,D-randread-sweep,39850,39,60218,60,60,58,2163,78,1497,6573,5215385755,1101332586,354.30,0.00,29,59.2
5754,D-randread-sweep,39850,39,60156,60,60,58,2161,78,1497,6614,5216066899,1101332586,348.75,0.00,20,64.0
5755,D-randread-sweep,39850,39,60437,60,60,57,2163,78,1497,6614,5216809339,1101332586,380.13,0.00,28,55.6
5756,D-randread-sweep,39850,39,60343,60,60,57,2166,78,1497,6573,5217490795,1101332586,348.91,0.00,30,51.6
5757,D-randread-sweep,39850,39,59968,59,60,57,2166,78,1497,6696,5218250043,1101332698,388.73,0.06,20,50.8
5758,D-randread-sweep,39850,39,60250,60,60,58,2165,78,1497,6696,5218982723,1101332706,375.13,0.00,14,56.4
5759,D-randread-sweep,39850,39,60250,60,60,58,2173,78,1420,6614,5219682635,1101332706,358.35,0.00,19,70.0
5760,D-randread-sweep,39850,39,60125,60,60,58,2173,78,1497,6696,5220338539,1101332706,335.82,0.00,29,70.8
5761,D-randread-sweep,39850,39,60531,60,60,58,2174,78,1497,6941,5221110027,1101332706,395.00,0.00,20,52.8
5762,D-randread-sweep,39850,39,60437,60,60,58,2173,78,1497,7227,5221838155,1101333514,372.80,0.41,14,67.2
5763,D-randread-sweep,39850,39,60250,60,60,58,2169,78,1497,7104,5222428171,1101554130,302.09,112.96,20,72.8
5765,D-randread-sweep,39850,39,60625,60,60,58,2173,78,1497,7186,5223199715,1101554130,395.03,0.00,19,56.0
5766,D-randread-sweep,39850,39,60593,60,60,58,2171,78,1497,7145,5223907411,1101554130,362.34,0.00,32,58.8
5767,D-randread-sweep,39850,39,60218,60,60,58,2168,78,1497,7104,5224552971,1101682274,330.53,65.61,397,66.0
5768,D-randread-sweep,39850,39,60312,60,60,58,2166,78,1497,7227,5225255539,1101775314,359.71,47.64,26,58.8
5769,D-randread-sweep,39850,39,60750,60,60,58,2163,78,1497,7268,5226029139,1101775314,396.08,0.00,21,60.8
5770,D-randread-sweep,39850,39,60593,60,60,58,2163,78,1497,7268,5226702539,1101775314,344.78,0.00,15,65.2
5771,D-randread-sweep,39850,39,60718,60,60,58,2165,78,1497,7186,5227234499,1101996010,272.36,113.00,31,74.8
5772,D-randread-sweep,39850,39,60468,60,60,58,2163,78,1497,6818,5227973667,1101996010,378.45,0.00,30,64.8
5773,D-randread-sweep,39850,39,60218,60,60,58,2159,78,1497,6859,5228788227,1101996506,417.05,0.25,22,59.6
5774,D-randread-sweep,39850,39,60218,60,60,58,2160,78,1497,6614,5229397419,1102217122,311.91,112.96,19,66.8
5775,D-randread-sweep,39850,39,60437,60,60,58,2163,78,1497,6818,5230171587,1102217122,396.37,0.00,31,57.2
5776,D-randread-sweep,39850,39,60500,60,60,58,2162,78,1497,6778,5230949603,1102217122,398.34,0.00,20,58.0
5778,D-randread-sweep,39850,39,60187,60,60,58,2163,78,1497,6655,5231571043,1102437738,318.18,112.96,30,61.2
5779,D-randread-sweep,39850,39,60125,60,60,58,2362,85,1497,6614,5232323443,1102437746,385.23,0.00,34,56.8
5780,D-randread-sweep,39850,39,60625,60,60,58,2402,85,1497,6778,5233032179,1102438250,362.87,0.26,32,62.0
5781,D-randread-sweep,39850,39,60375,60,60,58,2408,85,1497,6737,5233668043,1102658866,325.56,112.96,15,62.0
5782,D-randread-sweep,39850,39,60281,60,60,58,2354,80,1497,6655,5234377691,1102658866,363.34,0.00,28,53.2
5783,D-randread-sweep,39850,39,60562,60,60,58,2258,80,1497,7063,5235060971,1102658866,349.84,0.00,31,67.6
5784,D-randread-sweep,39850,39,60312,60,60,58,2300,84,1497,6778,5235676603,1102659714,315.20,0.43,15,76.8
5785,D-randread-sweep,39850,39,60468,60,60,58,2356,84,1497,6737,5236344723,1102880330,342.08,112.96,18,56.4
5786,D-randread-sweep,39850,39,60375,60,60,58,2304,81,1497,6778,5237079747,1102880330,376.33,0.00,14,61.2
5787,D-randread-sweep,39850,39,60281,60,60,58,2273,81,1497,6778,5237801363,1102880330,369.47,0.00,15,62.4
5788,D-randread-sweep,39850,39,60375,60,60,58,2265,81,1497,6696,5238391235,1103100962,302.01,112.96,31,76.4
5789,D-randread-sweep,39850,39,60406,60,60,58,2263,81,1497,6778,5239094651,1103101506,360.15,0.28,11,64.0
5790,D-randread-sweep,39850,39,60656,60,60,58,2269,81,1497,6778,5239854579,1103101506,389.08,0.00,26,50.4
5791,D-randread-sweep,39850,39,60562,60,60,58,2265,81,1497,6737,5240522715,1103322122,342.09,112.96,29,62.8
5793,D-randread-sweep,39850,39,60562,60,60,58,2267,81,1497,6778,5241324939,1103322122,410.74,0.00,22,54.8
5794,D-randread-sweep,39850,39,60562,60,60,58,2265,81,1497,6818,5242065323,1103322122,379.08,0.00,32,63.2
5795,D-randread-sweep,39850,39,60656,60,60,58,2263,81,1497,6737,5242705731,1103543250,327.89,113.22,19,64.8
5796,D-randread-sweep,39850,39,60593,60,60,58,2267,81,1497,6696,5243467163,1103543250,389.85,0.00,30,59.2
5797,D-randread-sweep,39850,39,60250,60,60,58,2267,81,1497,6737,5244193107,1103543250,371.68,0.00,18,64.0
5798,D-randread-sweep,39850,39,60468,60,60,58,2265,81,1497,6737,5244908651,1103587346,366.36,22.58,295,50.8
5799,D-randread-sweep,39850,39,60312,60,60,58,2267,81,1497,6614,5245520371,1103763882,313.20,90.39,14,56.8
5800,D-randread-sweep,39850,39,60718,60,60,58,2269,81,1267,6859,5246313427,1103764794,406.04,0.47,28,55.6
5801,D-randread-sweep,39850,39,60750,60,60,58,2265,81,1497,6982,5246779275,1103985410,238.51,112.96,113,50.4
5802,D-randread-sweep,39850,39,60843,60,60,58,2266,81,1497,7308,5247728027,1103985410,485.76,0.00,110,64.0
5803,D-randread-sweep,39850,39,60406,60,60,58,2267,81,1497,7186,5248579227,1104165250,435.81,92.08,288,76.4
5804,D-randread-sweep,39850,39,60906,60,61,58,2267,81,1497,7308,5249496763,1104206898,469.78,21.32,120,72.4
5806,D-randread-sweep,39850,39,60843,60,60,58,2267,81,1497,7349,5250447323,1104206898,486.69,0.00,76,71.6
5807,D-randread-sweep,39850,39,60875,60,61,58,2269,81,1497,7227,5251282883,1104427514,427.81,112.96,104,77.6
5808,D-randread-sweep,39850,39,60843,60,60,58,2271,81,1497,7063,5252234123,1104427514,487.03,0.00,110,70.8
5809,D-randread-sweep,39850,39,60812,60,60,58,2273,81,1497,6818,5253189547,1104427514,489.18,0.00,127,73.6
5810,D-randread-sweep,39850,39,60656,60,60,58,2273,81,1497,6818,5254139491,1104428674,486.37,0.59,126,68.8
5811,D-randread-sweep,39850,39,60718,60,60,58,2274,81,1497,6818,5255094139,1104428674,488.78,0.00,114,70.8
5812,D-randread-sweep,39850,39,60625,60,60,58,2274,81,1497,6818,5256043651,1104428674,486.15,0.00,114,68.8
5813,D-randread-sweep,39850,39,60718,60,60,58,2278,81,1497,6778,5256985203,1104428722,482.07,0.02,103,67.2
5814,D-randread-sweep,39850,39,60656,60,60,58,2274,81,1497,6818,5257941747,1104428722,489.75,0.00,95,74.4
5815,D-randread-sweep,39850,39,60656,60,60,58,2276,81,1497,6818,5258894019,1104428898,487.56,0.09,123,70.4
5816,D-randread-sweep,39850,39,60687,60,60,58,2278,81,1497,6859,5259847995,1104428898,488.44,0.00,117,69.6
5818,D-randread-sweep,39850,39,60906,60,60,58,2278,81,1497,6818,5260797731,1104428898,486.26,0.00,114,70.0
5819,D-randread-sweep,39850,39,60656,60,60,58,2278,81,1497,6778,5261746995,1104428898,486.02,0.00,122,72.0
5820,D-randread-sweep,39850,39,60843,60,60,58,2276,81,1497,6818,5262695307,1104428898,485.54,0.00,98,65.2
5821,D-randread-sweep,39850,39,60781,60,60,58,2280,81,1497,6818,5263643643,1104429026,485.55,0.07,116,74.0
5822,D-randread-sweep,39850,39,60687,60,60,58,2280,81,1497,6818,5264593379,1104429026,486.26,0.00,101,69.2
5823,D-randread-sweep,39850,39,60843,60,60,58,2282,81,1497,6818,5265546979,1104429026,488.24,0.00,119,73.6
5824,D-randread-sweep,39850,39,61000,61,60,58,2282,81,1497,6818,5266515827,1104429026,496.05,0.00,128,74.4
5825,D-randread-sweep,39850,39,60968,60,60,58,2278,81,1497,6818,5267476483,1104429026,491.86,0.00,120,74.0
5826,D-randread-sweep,39850,39,60656,60,60,58,2272,81,1497,6818,5268434427,1104429026,490.47,0.00,129,72.4
5827,D-randread-sweep,39850,39,60781,60,60,58,2271,81,1497,6778,5269373387,1104429138,480.75,0.06,97,72.0
5828,D-randread-sweep,39850,39,61000,61,60,58,2273,81,1497,6818,5270332883,1104429138,491.26,0.00,125,72.4
5830,D-randread-sweep,39850,39,60843,60,60,58,2269,81,1497,6737,5271282715,1104429146,486.31,0.00,127,68.8
5831,D-randread-sweep,39850,39,60906,60,60,58,2269,81,1497,6778,5272229523,1104430594,484.77,0.74,96,68.0
5832,D-randread-sweep,39850,39,60937,60,60,58,2264,81,1497,6818,5273180635,1104430698,486.97,0.05,87,69.2
5833,D-randread-sweep,39850,39,60812,60,60,58,2264,81,1497,6778,5274146955,1104430698,494.76,0.00,125,69.6
5834,D-randread-sweep,39850,39,60750,60,60,58,2266,81,1497,6818,5275097579,1104430738,486.72,0.02,125,68.8
5835,D-randread-sweep,39850,39,60750,60,60,58,2264,81,1497,6778,5276050995,1104430738,488.15,0.00,98,72.0
5836,D-randread-sweep,39850,39,61000,61,61,58,2264,81,1497,7186,5277009763,1104430738,490.89,0.00,126,72.8
5837,D-randread-sweep,39850,39,61250,61,61,58,2269,81,1497,7390,5277971083,1104430866,492.20,0.07,119,81.2
5838,D-randread-sweep,39850,39,61218,61,61,58,2267,81,1497,7390,5278946883,1104430866,499.61,0.00,83,79.2
5839,D-randread-sweep,39850,39,61562,61,61,59,2266,81,1497,7349,5279900043,1104430866,488.02,0.00,125,79.2
5840,D-randread-sweep,39850,39,61187,61,61,58,2267,81,1497,7390,5280862451,1104430866,492.75,0.00,97,72.8
5842,D-randread-sweep,39850,39,61468,61,61,58,2266,81,1497,7349,5281814819,1104430866,487.61,0.00,124,75.6
5843,D-randread-sweep,39850,39,61468,61,61,58,2267,81,1497,7349,5282776507,1104430978,492.38,0.06,115,75.2
5844,D-randread-sweep,39850,39,61312,61,61,59,2269,81,1497,7390,5283737235,1104430978,491.89,0.00,127,74.0
5845,D-randread-sweep,39850,39,61406,61,61,59,2271,81,1497,7390,5284696035,1104430994,490.91,0.01,127,81.6
5846,D-randread-sweep,39850,39,61250,61,61,59,2267,81,1497,7349,5285649867,1104430994,488.36,0.00,92,72.8
5847,D-randread-sweep,39850,39,61187,61,61,59,2266,81,1497,7390,5286608387,1104430994,490.76,0.00,125,79.2
5848,D-randread-sweep,39850,39,61187,61,61,58,2266,81,1497,7268,5287570971,1104431130,492.84,0.07,103,78.4
5849,D-randread-sweep,39850,39,61281,61,61,59,2266,81,1497,7268,5288512195,1104431130,481.91,0.00,107,76.4
5850,D-randread-sweep,39850,39,61281,61,61,59,2267,81,1497,7308,5289469267,1104431130,490.02,0.00,102,75.6
5851,D-randread-sweep,39850,39,61406,61,61,58,2264,81,1497,7349,5290423715,1104431130,488.68,0.00,99,76.8
5853,D-randread-sweep,39850,39,61562,61,61,59,2267,81,1497,7308,5291368539,1104431130,483.75,0.00,109,78.0
5854,D-randread-sweep,39850,39,61281,61,61,58,2267,81,1497,7349,5292308723,1104431130,481.37,0.00,129,72.8
5855,D-randread-sweep,39850,39,61343,61,61,59,2267,81,1497,7308,5293251451,1104431234,482.68,0.05,112,76.4
5856,D-randread-sweep,39850,39,61500,61,61,59,2267,81,1497,7308,5294198763,1104431234,485.02,0.00,107,77.2
5857,D-randread-sweep,39850,39,61656,61,61,59,2267,81,1497,7308,5295143619,1104431234,483.77,0.00,96,72.0
5858,D-randread-sweep,39850,39,61406,61,61,59,2267,81,1497,7268,5296094219,1104431234,486.71,0.00,106,73.2
5859,D-randread-sweep,39850,39,61656,61,61,59,2266,81,1497,7308,5297054835,1104431234,491.84,0.00,121,73.6
5860,D-randread-sweep,39850,39,61531,61,61,59,2267,81,1497,7390,5298010843,1104431330,489.48,0.05,127,76.8
5861,D-randread-sweep,39850,39,61593,61,61,59,2265,81,1497,7390,5298968867,1104431330,490.51,0.00,128,82.8
5862,D-randread-sweep,39850,39,61625,61,61,59,2267,81,1497,7308,5299920803,1104431330,487.39,0.00,109,80.0
5863,D-randread-sweep,39850,39,61468,61,61,59,2267,81,1497,7308,5300866755,1104431330,484.33,0.00,123,71.2
5864,D-randread-sweep,39850,39,61468,61,61,59,2265,81,1497,7390,5301821107,1104431482,488.63,0.08,125,77.6
5866,D-randread-sweep,39850,39,61781,61,61,59,2267,81,1497,7390,5302783843,1104431482,492.92,0.00,120,76.8
5867,D-randread-sweep,39850,39,61562,61,61,59,2271,81,1497,7390,5303746315,1104431562,492.79,0.04,125,71.6
5868,D-randread-sweep,39850,39,61750,61,61,59,2267,81,1497,7268,5304703443,1104431562,490.05,0.00,120,75.6
5869,D-randread-sweep,39850,39,61718,61,61,59,2269,81,1497,7268,5305652067,1104431562,485.70,0.00,85,59.6
5870,D-randread-sweep,39850,39,61781,61,61,59,2273,81,1497,7268,5306590419,1104431682,480.44,0.06,96,73.2
5871,D-randread-sweep,39850,39,61812,61,61,59,2269,81,1497,7308,5307542763,1104431682,487.60,0.00,127,76.4
5872,D-randread-sweep,39850,39,61625,61,61,59,2269,81,1497,7308,5308495771,1104431682,487.94,0.00,116,75.2
5873,D-randread-sweep,39850,39,61781,61,61,59,2271,81,1497,7308,5309437091,1104431682,481.96,0.00,102,66.8
5874,D-randread-sweep,39850,39,61656,61,61,59,2269,81,1497,7308,5310398403,1104431682,492.19,0.00,106,78.0
5875,D-randread-sweep,39850,39,61625,61,61,59,2267,81,1497,7349,5311353867,1104431786,489.20,0.05,121,79.2
5877,D-randread-sweep,39850,39,61781,61,61,59,2431,87,1497,7349,5312307723,1104431794,488.37,0.00,122,76.0
5878,D-randread-sweep,39850,39,61687,61,61,59,2469,87,1497,7268,5313270411,1104431794,492.90,0.00,85,75.6
5879,D-randread-sweep,39850,39,61718,61,61,59,2471,87,1497,7308,5314223483,1104431794,487.97,0.00,128,67.6
5880,D-randread-sweep,39850,39,61500,61,61,59,2467,87,1497,7390,5315177739,1104431794,488.58,0.00,107,76.0
5881,D-randread-sweep,39850,39,61687,61,61,59,2471,87,1497,7349,5316137499,1104431914,491.40,0.06,106,72.8
5882,D-randread-sweep,39850,39,61812,61,61,59,2472,87,1497,7349,5317098155,1104431914,491.86,0.00,121,77.6
5883,D-randread-sweep,39850,39,61812,61,61,59,2469,87,1497,7472,5318044347,1104431914,484.45,0.00,120,70.0
5884,D-randread-sweep,39850,39,61843,61,61,59,2467,87,1497,7431,5318998635,1104432442,488.60,0.27,109,74.0
5885,D-randread-sweep,39850,39,61750,61,61,59,2472,87,1497,7349,5319937627,1104432442,480.76,0.00,124,67.2
5886,D-randread-sweep,39850,39,61718,61,61,59,2469,87,1497,7308,5320885315,1104432442,485.22,0.00,100,74.0
5887,D-randread-sweep,39850,39,61562,61,61,59,2472,87,1497,7308,5321829419,1104432442,483.38,0.00,125,78.0
5889,D-randread-sweep,39850,39,61656,61,61,59,2471,87,1497,7390,5322801875,1104432442,497.90,0.00,123,76.8
5890,D-randread-sweep,39850,39,61625,61,61,59,2471,87,1497,7390,5323760035,1104432554,490.58,0.06,127,74.8
5891,D-randread-sweep,39850,39,61593,61,61,59,2471,87,1497,7390,5324716723,1104432554,489.82,0.00,112,76.4
5892,D-randread-sweep,39850,39,61562,61,61,59,2469,87,1497,7104,5325673307,1104432554,489.77,0.00,109,76.0
5893,D-randread-sweep,39850,39,61468,61,61,59,2469,87,1497,6818,5326620603,1104432554,485.02,0.00,124,72.4
5894,D-randread-sweep,39850,39,61218,61,61,59,2427,84,1497,6818,5327570355,1104432658,486.27,0.05,121,70.8
5895,D-randread-sweep,39850,39,61687,61,61,59,2384,84,1497,6818,5328517779,1104432658,485.08,0.00,127,73.2
5896,D-randread-sweep,39850,39,61343,61,61,59,2374,84,1497,6778,5329465259,1104432674,485.11,0.01,87,66.4
5897,D-randread-sweep,39850,39,61406,61,61,59,2370,84,1497,6818,5330428251,1104432674,493.05,0.00,106,73.6
5898,D-randread-sweep,39850,39,61593,61,61,59,2372,84,1497,6818,5331381603,1104432674,488.12,0.00,119,71.2
5899,D-randread-sweep,39850,39,61562,61,61,59,2372,84,1497,6737,5332338371,1104432802,489.87,0.07,128,64.4
5901,D-randread-sweep,39850,39,61531,61,61,59,2370,84,1497,6778,5333282739,1104433306,483.52,0.26,124,71.6
5902,D-randread-sweep,39850,39,61343,61,61,59,2372,84,1497,6778,5334226651,1104433306,483.28,0.00,123,74.8
5903,D-randread-sweep,39850,39,61281,61,61,59,2370,84,1497,6737,5335172283,1104433306,484.16,0.00,118,65.2
5904,D-randread-sweep,39850,39,61437,61,61,59,2372,84,1497,6818,5336129003,1104433306,489.84,0.00,120,70.8
5905,D-randread-sweep,39850,39,61500,61,61,59,2370,84,1497,6859,5337071051,1104433410,482.33,0.05,119,71.6
5906,D-randread-sweep,39850,39,61500,61,61,59,2366,84,1497,6818,5338016979,1104433410,484.32,0.00,123,72.8
5907,D-randread-sweep,39850,39,61437,61,61,59,2368,84,1497,6818,5338983123,1104433410,494.67,0.00,101,73.2
5908,D-randread-sweep,39850,39,61687,61,61,59,2370,84,1497,6818,5339924275,1104433410,481.87,0.00,120,77.2
5909,D-randread-sweep,39850,39,61375,61,61,59,2366,84,1497,6818,5340884867,1104433410,491.82,0.00,120,71.2
5910,D-randread-sweep,39850,39,61218,61,61,59,2366,84,1497,6778,5341839587,1104433562,488.82,0.08,91,73.6
5911,D-randread-sweep,39850,39,61406,61,61,59,2366,84,1497,6778,5342783651,1104433562,483.36,0.00,96,72.8
5913,D-randread-sweep,39850,39,61250,61,61,59,2368,84,1497,6778,5343736787,1104433562,488.01,0.00,124,66.4
5914,D-randread-sweep,39850,39,61343,61,61,59,2368,84,1497,6778,5344685059,1104433562,485.52,0.00,124,73.2
5915,D-randread-sweep,39850,39,61500,61,61,59,2368,84,1497,6818,5345652851,1104433570,495.51,0.00,77,75.2
5916,D-randread-sweep,39850,39,61531,61,61,59,2368,84,1497,6818,5346601803,1104433674,485.86,0.05,120,70.8
5917,D-randread-sweep,39850,39,61250,61,61,59,2372,84,1497,6778,5347566219,1104433674,493.78,0.00,120,73.6
5918,D-randread-sweep,39850,39,61375,61,61,59,2372,84,1497,6859,5348518139,1104433674,487.38,0.00,123,70.4
5919,D-randread-sweep,39850,39,61468,61,61,59,2372,84,1497,6859,5349462187,1104433674,483.35,0.00,126,76.0
5920,D-randread-sweep,39850,39,61312,61,61,59,2372,84,1497,6818,5350419987,1104433674,490.39,0.00,107,70.8
5921,D-randread-sweep,39850,39,61562,61,61,59,2372,84,1497,6859,5351378779,1104433770,490.90,0.05,128,72.0
5922,D-randread-sweep,39850,39,61250,61,61,59,2372,84,1497,6778,5352336427,1104433778,490.32,0.00,123,74.0
5923,D-randread-sweep,39850,39,61406,61,61,59,2372,84,1497,6818,5353286491,1104433778,486.43,0.00,126,66.4
5925,D-randread-sweep,39850,39,61531,61,61,59,2374,84,1497,6818,5354226899,1104433778,481.49,0.00,119,72.8
5926,D-randread-sweep,39850,39,61312,61,61,59,2372,84,1497,6818,5355178339,1104433778,487.14,0.00,126,69.6
5927,D-randread-sweep,39850,39,61343,61,61,59,2374,84,1497,6859,5356131603,1104433882,488.07,0.05,123,71.2
5928,D-randread-sweep,39850,39,61312,61,61,59,2370,84,1497,6859,5357071643,1104433898,481.30,0.01,98,72.4
5929,D-randread-sweep,39850,39,61531,61,61,59,2372,84,1497,6859,5358019395,1104433898,485.25,0.00,95,69.6
5930,D-randread-sweep,39850,39,61406,61,61,59,2370,84,1497,6818,5358967819,1104433898,485.59,0.00,103,69.6
5931,D-randread-sweep,39850,39,61437,61,61,59,2370,84,1497,6818,5359920779,1104433898,487.92,0.00,120,72.4
5932,D-randread-sweep,39850,39,61187,61,61,59,2374,84,1497,6818,5360864651,1104434026,483.26,0.07,128,67.2
5933,D-randread-sweep,39850,39,61406,61,61,59,2372,84,1497,6859,5361813427,1104434034,485.77,0.00,127,69.6
5934,D-randread-sweep,39850,39,61375,61,61,59,2374,84,1497,6818,5362757755,1104434034,483.50,0.00,103,66.8
5935,D-randread-sweep,39850,39,61375,61,61,59,2372,84,1497,6818,5363708499,1104434034,486.78,0.00,107,65.2
5936,D-randread-sweep,39850,39,61281,61,61,59,2378,84,1497,6818,5364657715,1104434082,486.00,0.02,125,66.4
5938,D-randread-sweep,39850,39,61468,61,61,59,2376,84,1497,6859,5365590803,1104434194,477.74,0.06,128,70.4
5939,D-randread-sweep,39850,39,61312,61,61,59,2376,84,1497,6818,5366536219,1104434202,484.05,0.00,114,70.0
5940,D-randread-sweep,39850,39,61437,61,61,59,2378,84,1497,6818,5367480451,1104434202,483.45,0.00,122,68.4
5941,D-randread-sweep,39850,39,61437,61,61,59,2376,84,1497,6859,5368428579,1104434202,485.44,0.00,100,76.4
5942,D-randread-sweep,39850,39,61406,61,61,59,2372,84,1497,6818,5369379123,1104434202,486.68,0.00,126,70.0
5943,D-randread-sweep,39850,39,61406,61,61,59,2368,84,1497,6818,5370321387,1104434306,482.44,0.05,119,63.6
5944,D-randread-sweep,39850,39,61218,61,61,59,2370,84,1497,6818,5371266811,1104434306,484.06,0.00,126,71.6
5945,D-randread-sweep,39850,39,61375,61,61,59,2374,84,1497,6859,5372225683,1104434306,490.94,0.00,102,66.0
5946,D-randread-sweep,39850,39,61312,61,61,59,2376,84,1497,6859,5373191315,1104434314,494.40,0.00,126,70.8
5947,D-randread-sweep,39850,39,61375,61,61,59,2374,84,1497,6818,5374155515,1104434314,493.67,0.00,104,64.0
5948,D-randread-sweep,39850,39,61406,61,61,59,2374,84,1497,6818,5375108531,1104434418,487.94,0.05,128,72.4
5950,D-randread-sweep,39850,39,61281,61,61,59,2376,84,1497,6818,5376045067,1104434426,479.51,0.00,102,71.6
5951,D-randread-sweep,39850,39,61375,61,61,59,2376,84,1497,6696,5376983523,1104434426,480.49,0.00,0,70.0
5952,H-verify,39850,39,60812,60,60,59,2380,84,1344,5929,5376983523,1105448954,0.00,519.44,15,40.4
5953,H-verify,39850,39,60718,60,60,59,2382,84,1420,6011,5378251747,1106531578,649.33,554.30,1,58.0
5954,H-verify,39850,39,60625,60,60,58,2384,84,1267,5643,5379080675,1107412282,424.41,450.92,15,62.4
5955,H-verify,39850,39,60531,60,60,58,2382,84,1267,5602,5380129251,1107862586,536.87,230.56,16,78.8
5956,H-verify,39850,39,60687,60,60,58,2386,84,1497,5970,5380129251,1108180538,0.00,162.79,16,98.8
5957,H-verify,39850,39,60625,60,60,58,2384,84,1497,6175,5380129251,1108498490,0.00,162.79,16,99.2
5958,H-verify,39850,39,60656,60,60,59,2382,84,1497,6338,5381177827,1108730682,536.87,118.88,16,85.6
5959,H-verify,39850,39,60781,60,60,59,2386,84,1497,6175,5381177827,1109048250,0.00,162.59,16,99.2
5960,H-verify,39850,39,60656,60,60,58,2386,84,1497,6216,5381177827,1109366202,0.00,162.79,16,94.4
5961,H-verify,39850,39,60750,60,60,58,2390,84,1497,6216,5381363683,1109678010,95.16,159.65,13,92.0
5962,H-verify,39850,39,60906,60,61,58,2392,84,1497,6461,5382226403,1110474682,441.71,407.90,15,77.6
5964,H-verify,39850,39,60843,60,60,59,2392,84,1497,6655,5383274979,1111655098,536.87,604.37,15,53.2
5965,H-verify,39850,39,60875,60,60,58,2391,84,1497,6737,5384442339,1112823858,597.69,598.41,14,45.6
5966,H-verify,39850,39,60812,60,60,59,2396,84,1497,6818,5385918179,1113872434,755.63,536.87,14,46.8
5967,H-verify,39850,39,60812,60,61,59,2396,84,1497,6818,5387259619,1114921010,686.82,536.87,15,60.4
5968,H-verify,39850,39,61250,61,61,59,2396,84,1497,6778,5388517859,1115991602,644.22,548.14,15,60.4
5969,H-verify,39850,39,60875,60,60,58,2400,84,1497,6778,5389566435,1117179042,536.87,607.97,16,52.8
5970,H-verify,39850,39,61062,61,61,58,2398,84,1497,6696,5390615011,1118373282,536.87,611.45,15,57.2
5971,H-verify,39850,39,61031,61,61,59,2402,84,1497,6696,5391663587,1119535522,536.87,595.07,15,64.0
5972,H-verify,39850,39,60843,60,61,59,2402,84,1497,6696,5392712163,1120685218,536.87,588.64,15,61.6
5973,H-verify,39850,39,60750,60,61,59,2404,84,1497,6420,5393760739,1121495970,536.87,415.11,15,68.0
5974,H-verify,39850,39,60750,60,61,58,2408,84,1497,6216,5393760739,1122008586,0.00,262.46,16,88.4
5975,H-verify,39850,39,60906,60,60,58,2404,84,1497,6502,5394446819,1122261770,351.27,129.63,2,96.4
5976,H-verify,39850,39,60593,60,60,58,2412,84,1497,6257,5394809315,1122546442,185.60,145.75,16,89.2
5977,H-verify,39850,39,60687,60,60,58,2384,84,1497,6216,5394809315,1122852106,0.00,156.50,16,92.8
5979,H-verify,39850,39,60687,60,60,59,2376,84,1497,6216,5394809315,1123170058,0.00,162.79,17,94.0
5980,H-verify,39850,39,60687,60,60,58,2376,84,1497,6379,5395857891,1123414402,536.87,125.10,16,84.0
5981,H-verify,39850,39,60531,60,60,58,2376,84,1497,6134,5395857891,1123744386,0.00,168.95,16,94.4
5982,H-verify,39850,39,60843,60,60,58,2374,84,1497,6706,5396906467,1124439682,536.87,355.99,16,65.6
5983,H-verify,39850,39,60906,60,60,58,2376,84,1497,6818,5397955043,1125655170,536.87,622.33,15,43.6
5984,H-verify,39850,39,61062,61,61,58,2370,84,1497,7104,5399003619,1126819490,536.87,596.13,15,57.2
5985,H-verify,39850,39,61093,61,60,59,2376,84,1497,6778,5400052195,1127999298,536.87,604.06,15,54.4
5986,H-verify,39850,39,61000,61,60,58,2372,84,1497,6696,5401100771,1129174594,536.87,601.75,16,59.2
5987,H-verify,39850,39,61156,61,61,58,2376,84,1497,6655,5402149347,1130359874,536.87,606.86,15,55.2
5988,H-verify,39850,39,61125,61,61,58,2378,84,1420,6696,5403197923,1131548226,536.87,608.44,16,55.6
5989,H-verify,39850,39,61031,61,61,58,2376,84,1497,6696,5404253155,1132748634,540.28,614.61,14,52.0
5990,H-verify,39850,39,61125,61,61,58,2378,84,1497,6778,5405776611,1133797218,780.01,536.88,14,50.8
5991,H-verify,39850,39,61062,61,61,59,2376,84,1497,6818,5407286755,1134845794,773.19,536.87,1,47.6
5992,H-verify,39850,39,61312,61,61,58,2376,84,1497,6818,5408440803,1135940450,590.87,560.46,15,54.4
5994,H-verify,39850,39,61218,61,61,58,2376,84,1267,6696,5409489379,1136948834,536.87,516.29,16,69.2
5995,H-verify,39850,39,61000,61,61,58,2382,84,1344,6216,5409489379,1137548002,0.00,306.77,16,91.6
5996,H-verify,39850,39,60812,60,60,58,2378,84,1344,6175,5409489379,1137865954,0.00,162.79,16,100.0
5997,H-verify,39850,39,60593,60,60,58,2382,84,1497,6297,5410537955,1138110178,536.87,125.04,16,90.8
5998,H-verify,39850,39,60562,60,60,59,2381,84,1497,6175,5410537955,1138415842,0.00,156.50,16,98.0
5999,H-verify,39850,39,60437,60,60,58,2378,84,1497,6216,5410537955,1138733402,0.00,162.59,16,98.8
6000,H-verify,39850,39,60687,60,60,58,2378,84,1497,6297,5410639331,1139040810,51.90,157.39,15,92.4
6001,H-verify,39850,39,60531,60,60,59,2379,84,1497,6134,5411586531,1139295786,484.97,130.55,16,88.8
6002,H-verify,39850,39,60968,60,60,58,2385,84,1497,6461,5411770595,1140089386,94.24,406.32,1,85.2
6003,H-verify,39850,39,61093,61,61,58,2386,84,1344,6737,5413012451,1141137962,635.83,536.87,15,59.2
6004,H-verify,39850,39,61000,61,60,58,2384,84,1497,6737,5414349027,1142186714,684.33,536.96,15,59.2
6005,H-verify,39850,39,61312,61,61,59,2385,84,1420,6778,5415566307,1143235290,623.25,536.87,2,66.0
6006,H-verify,39850,39,61000,61,61,58,2383,84,1497,6737,5416789987,1144283866,626.52,536.87,15,60.4
6007,H-verify,39850,39,60968,60,60,58,2387,84,1497,6818,5417877987,1145408730,557.06,575.93,15,62.0
6009,H-verify,39850,39,60625,60,60,58,2381,84,1497,6696,5418926563,1146598362,536.87,609.09,16,53.2
6010,H-verify,39850,39,60656,60,60,58,2384,84,1497,6737,5419975139,1147703626,536.87,565.90,15,67.2
6011,H-verify,39850,39,60687,60,60,58,2389,84,1344,6737,5421023715,1148913482,536.87,619.45,15,50.0
6012,H-verify,39850,39,60625,60,60,58,2387,84,1344,6134,5422072291,1149679962,536.87,392.44,15,72.0
6013,H-verify,39850,39,60375,60,60,58,2387,84,1267,5520,5422072291,1150177626,0.00,254.80,16,97.2
6014,H-verify,39850,39,60343,60,60,58,2396,84,1344,5480,5422072291,1150495290,0.00,162.64,16,98.8
6015,H-verify,39850,39,60156,60,60,58,2396,84,1267,5643,5423120867,1150739770,536.87,125.17,16,88.0
6016,H-verify,39850,39,60218,60,60,58,2402,84,1344,5520,5423120867,1151045434,0.00,156.50,16,95.2
6017,H-verify,39850,39,60187,60,60,58,2404,84,1267,5520,5423120867,1151363146,0.00,162.67,16,90.0
6018,H-verify,39850,39,60375,60,60,58,2402,84,1420,5766,5423635171,1151624266,263.32,133.69,15,95.6
6019,H-verify,39850,39,60218,60,60,58,2406,84,1497,5439,5424169443,1151925458,273.55,154.21,16,93.6
6020,H-verify,39850,39,60500,60,60,58,2406,84,1420,6011,5425218019,1152676562,536.87,384.57,15,61.2
6022,H-verify,39850,39,60187,60,60,58,2408,84,1344,6093,5426266595,1153879250,536.87,615.78,15,55.2
6023,H-verify,39850,39,60187,60,60,58,2410,84,1113,6093,5427315171,1155011794,536.87,579.86,15,64.8
6024,H-verify,39850,39,60187,60,60,58,2406,84,1420,6093,5428363747,1156140242,536.87,577.77,15,59.6
6025,H-verify,39850,39,60125,60,60,58,2380,84,1497,6093,5429412323,1157325370,536.87,606.79,15,47.2
6026,H-verify,39850,39,60125,60,60,58,2374,84,1113,6011,5430460899,1158445386,536.87,573.45,15,64.0
6027,H-verify,39850,39,60187,60,60,58,2374,84,1113,6011,5431509475,1159593802,536.87,587.99,15,61.6
6028,H-verify,39850,39,60218,60,60,58,2374,84,729,5970,5432558051,1160785738,536.87,610.27,16,55.2
6029,H-verify,39850,39,60437,60,60,58,2372,84,1420,5970,5433606627,1161938394,536.87,590.16,15,52.8
6030,H-verify,39850,39,60156,60,60,58,2376,84,1344,5929,5434655203,1163089626,536.87,589.43,16,54.0
6031,H-verify,39850,39,60093,60,59,58,2376,84,960,5970,5435764707,1164207578,568.07,572.39,4,51.6
6032,H-verify,39850,39,60093,60,60,58,2378,84,1344,5684,5436752355,1165195482,505.68,505.81,15,52.8
6033,H-verify,39850,39,59968,59,60,58,2380,84,1344,5602,5437800931,1165667034,536.87,241.43,16,84.4
6034,H-verify,39850,39,60062,60,60,58,2282,80,1267,5520,5437800931,1165997122,0.00,169.01,16,94.0
6035,H-verify,39850,39,59687,59,59,58,2247,80,1267,5561,5437854947,1166304834,27.66,157.55,3,94.4
6037,H-verify,39850,39,59812,59,59,58,2244,80,729,5561,5438849507,1166547266,509.21,124.13,16,88.0
6038,H-verify,39850,39,59781,59,59,58,2240,80,883,5520,5438849507,1166865218,0.00,162.79,16,95.6
6039,H-verify,39850,39,59781,59,59,58,2240,80,1344,5480,5438849507,1167183018,0.00,162.71,16,94.0
6040,H-verify,39850,39,59875,59,59,58,2246,80,1267,5725,5439898083,1167415210,536.87,118.88,16,92.8
6041,H-verify,39850,39,59812,59,59,58,2244,80,883,5643,5439898083,1168089002,0.00,344.98,16,89.2
6042,H-verify,39850,39,59968,59,59,58,2247,80,806,5929,5440946659,1169195946,536.87,566.76,15,56.0
6043,H-verify,39850,39,60062,60,60,58,2247,80,806,5970,5441995235,1170326698,536.87,578.95,15,57.2
6044,H-verify,39850,39,59875,59,59,58,2249,80,1267,5848,5443043811,1171364370,536.87,531.29,16,60.4
6045,H-verify,39850,39,60062,60,59,58,2249,80,1344,5643,5444092387,1171853330,536.87,250.35,16,80.0
6046,H-verify,39850,39,59718,59,59,58,2253,80,1344,5520,5444092387,1172219922,0.00,187.70,16,97.6
6047,H-verify,39850,39,59656,59,59,58,2260,80,1267,5520,5444092387,1172537882,0.00,162.80,16,94.8
6048,H-verify,39850,39,59656,59,59,58,2258,80,729,5602,5445140963,1172770330,536.87,119.01,16,94.0
6049,H-verify,39850,39,59750,59,59,58,2251,80,1497,5520,5445140963,1173075850,0.00,156.43,16,100.0
6051,H-verify,39850,39,59687,59,59,58,2256,80,729,5480,5445140963,1173405930,0.00,169.00,16,100.0
6052,H-verify,39850,39,60000,60,60,58,2260,80,1497,5929,5446040803,1173645290,460.72,122.55,15,92.0
6053,H-verify,39850,39,59593,59,59,58,2256,80,729,5398,5446189539,1174033898,76.15,198.97,15,85.6
6054,H-verify,39850,39,59812,59,60,58,2260,80,1420,5970,5447238115,1175187282,536.87,590.53,11,53.6
6055,H-verify,39850,39,59812,59,59,58,2260,80,729,5766,5448286691,1176127570,536.87,481.43,15,55.2
6056,H-verify,39850,39,59593,59,59,58,2263,80,1344,5480,5448286691,1176718946,0.00,302.78,16,94.8
6057,H-verify,39850,39,59718,59,59,57,2262,80,1344,5643,5449335267,1176951138,536.87,118.88,16,94.4
6058,H-verify,39850,39,59750,59,59,58,2256,80,1267,5520,5449335267,1177269090,0.00,162.79,16,100.0
6059,H-verify,39850,39,59625,59,59,58,2244,80,729,5480,5449335267,1177586930,0.00,162.73,16,100.0
6060,H-verify,39850,39,59875,59,59,57,2240,80,1344,5848,5450121187,1177839858,402.39,129.50,14,85.2
6061,H-verify,39850,39,59500,59,59,58,2242,80,1344,5561,5450383843,1178149106,134.48,158.33,16,93.6
6062,H-verify,39850,39,59625,59,59,58,2240,80,1420,5398,5450383843,1178479090,0.00,168.95,16,95.6
6064,H-verify,39850,39,59750,59,59,58,2238,80,1113,5970,5451432419,1179067122,536.87,301.07,15,74.8
6065,H-verify,39850,39,59875,59,59,58,2238,80,1497,6052,5452480995,1180264026,536.87,612.81,16,52.4
6066,H-verify,39850,39,60125,60,59,58,2237,80,1344,5929,5453529571,1180997722,536.87,375.65,16,68.8
6067,H-verify,39850,39,59562,59,59,57,2237,80,729,5520,5453529571,1181486682,0.00,250.35,16,86.4
6068,H-verify,39850,39,59781,59,59,58,2244,80,1344,5520,5453529571,1181804634,0.00,162.79,16,94.0
6069,H-verify,39850,39,59875,59,59,58,2240,80,729,5807,5454578147,1182048962,536.87,125.10,16,82.8
6070,H-verify,39850,39,59625,59,59,58,2242,80,1344,5520,5454578147,1182354626,0.00,156.50,16,95.2
6071,H-verify,39850,39,59625,59,59,58,2244,80,1344,5480,5454578147,1182672578,0.00,162.79,16,100.0
6072,H-verify,39850,39,59531,59,59,58,2242,80,729,5480,5454578147,1183002562,0.00,168.95,16,100.0
6073,H-verify,39850,39,59656,59,59,58,2245,80,1420,5480,5455626723,1183259330,536.87,131.47,16,89.2
6074,H-verify,39850,39,59750,59,60,57,2243,80,1497,6093,5456475107,1184131626,434.37,446.62,14,67.2
6075,H-verify,39850,39,59687,59,59,58,2245,80,960,6134,5457723875,1185258282,639.37,576.85,15,46.4
6076,H-verify,39850,39,59781,59,59,58,2247,80,1497,6134,5457723875,1185997866,0.00,378.67,16,76.8
6078,H-verify,39850,39,59812,59,59,58,2247,80,1497,6502,5458772451,1186254378,536.87,131.33,16,92.0
6079,H-verify,39850,39,59812,59,59,58,2247,80,1344,6216,5458772451,1186572346,0.00,162.80,16,96.8
6080,H-verify,39850,39,59750,59,59,58,2245,80,1344,6175,5458772451,1186889914,0.00,162.59,16,100.0
6081,H-verify,39850,39,59906,59,59,58,2250,80,1420,6134,5458772451,1187207866,0.00,162.79,16,100.0
6082,H-verify,39850,39,59937,59,59,58,2247,80,1420,6257,5459821027,1187440058,536.87,118.88,16,93.2
6083,H-verify,39850,39,59937,59,59,58,2243,80,1344,6175,5459821027,1187758010,0.00,162.79,16,100.0
6084,H-verify,39850,39,60125,60,60,58,2247,80,1344,6257,5459821027,1188299802,0.00,277.40,12,96.8
6085,H-verify,39850,39,60093,60,60,58,2245,80,1497,6859,5460960227,1189374818,583.27,550.41,1,70.8
6086,H-verify,39850,39,59968,59,59,58,2247,80,1420,6379,5461918179,1190288994,490.47,468.06,16,74.0
6087,H-verify,39850,39,59843,59,60,58,2247,80,1420,6297,5462966755,1190753386,536.87,237.77,16,87.6
6088,H-verify,39850,39,59875,59,60,58,2245,80,1497,6216,5462966755,1191071338,0.00,162.79,16,93.6
6089,H-verify,39850,39,59937,59,59,58,2249,80,1344,6175,5462966755,1191389026,0.00,162.66,16,95.6
6090,H-verify,39850,39,60218,60,60,58,2247,80,1420,6297,5464015331,1191633266,536.87,125.05,16,86.8
6092,H-verify,39850,39,59812,59,59,58,2252,80,1497,6175,5464015331,1191938930,0.00,156.50,16,99.2
6093,H-verify,39850,39,59875,59,60,58,2252,80,1344,6175,5464015331,1192256882,0.00,162.79,16,100.0
6094,H-verify,39850,39,60125,60,60,58,2256,80,1497,6420,5464563939,1192521074,280.89,135.27,2,97.2
6095,H-verify,39850,39,59781,59,59,58,2258,80,1344,5889,5465063907,1192782546,255.98,133.87,16,100.0
6096,H-verify,39850,39,59937,59,60,58,2260,80,1267,6052,5465063907,1192916946,0.00,68.81,16,100.0
6097,H-verify,39850,39,59968,59,59,58,2263,80,1497,6134,5465063907,1193039058,0.00,62.52,16,100.0
6098,H-verify,39850,39,59968,59,59,58,2267,80,1420,6093,5465063907,1193149138,0.00,56.36,16,100.0
6100,H-verify,39850,39,59875,59,59,58,2263,80,1267,6093,5465063907,1193258810,0.00,56.15,16,100.0
6101,H-verify,39850,39,59937,59,59,58,2256,80,1420,6052,5465063907,1193368634,0.00,56.23,16,100.0
6102,H-verify,39850,39,60093,60,60,58,2243,80,1497,6175,5465315555,1193570362,128.84,103.28,1,98.0
6103,H-verify,39850,39,60031,60,60,58,2240,80,1497,6216,5466112483,1194077754,408.03,259.78,16,85.6
6104,H-verify,39850,39,59781,59,59,58,2236,80,1420,6175,5466112483,1194395706,0.00,162.79,16,100.0
6105,H-verify,39850,39,60312,60,60,58,2236,80,1497,6584,5467133667,1194619042,522.85,114.35,2,92.0
6106,H-verify,39850,39,59968,59,59,58,2240,80,1267,6216,5467161059,1194933410,14.02,160.96,16,99.2
6107,H-verify,39850,39,60000,60,60,58,2238,80,1344,6175,5467161059,1195251362,0.00,162.79,16,100.0
6108,H-verify,39850,39,60125,60,60,58,2237,80,1344,6175,5467161059,1195569314,0.00,162.79,16,100.0
6109,H-verify,39850,39,59937,59,59,58,2237,80,1497,6297,5468209635,1195788818,536.87,112.39,16,91.6
6110,H-verify,39850,39,60093,60,60,58,2235,80,1113,6297,5468209635,1196446482,0.00,336.72,15,77.6
6111,H-verify,39850,39,60125,60,60,58,2235,80,1344,6614,5469258211,1197615634,536.87,598.61,15,57.6
6112,H-verify,39850,39,60250,60,60,58,2235,80,1190,6696,5470360035,1198813458,564.13,613.29,15,48.4
6114,H-verify,39850,39,60187,60,60,58,2242,80,1420,6338,5471355363,1199713810,509.61,460.98,16,61.6
6115,H-verify,39850,39,60093,60,60,58,2242,80,1267,6297,5472403939,1200178290,536.87,237.81,16,76.8
6116,H-verify,39850,39,60125,60,60,58,2246,80,1344,6175,5472403939,1200496002,0.00,162.67,16,90.4
6117,H-verify,39850,39,60125,60,60,58,2247,80,1420,6175,5472403939,1200813954,0.00,162.79,16,97.2
6118,H-verify,39850,39,60062,60,60,58,2247,80,1420,6297,5473452515,1201046162,536.87,118.89,16,82.8
6119,H-verify,39850,39,60250,60,60,58,2251,80,1420,6216,5473452515,1201351826,0.00,156.50,16,95.6
6120,H-verify,39850,39,59906,59,59,58,2247,80,1344,6175,5473452515,1201669410,0.00,162.60,16,94.0
6121,H-verify,39850,39,60125,60,60,58,2251,80,1267,6257,5473737187,1201959458,145.75,148.50,10,91.2
6122,H-verify,39850,39,60062,60,60,58,2254,80,1420,6420,5474501091,1202644002,391.12,350.49,15,82.4
6123,H-verify,39850,39,60156,60,60,58,2249,80,1497,6614,5475549667,1203831586,536.87,608.04,15,58.4
6124,H-verify,39850,39,60125,60,60,58,2253,80,1497,6297,5476598243,1204542602,536.87,364.04,16,74.0
6125,H-verify,39850,39,60218,60,60,58,2254,80,1497,6134,5476598243,1204994954,0.00,231.60,16,96.8
6126,H-verify,39850,39,60156,60,59,58,2254,80,1497,6297,5477646819,1205239434,536.87,125.17,16,88.4
6127,H-verify,39850,39,60218,60,60,58,2254,80,1497,6175,5477646819,1205545098,0.00,156.50,16,90.0
6129,H-verify,39850,39,60031,60,60,58,2258,80,1497,6134,5477646819,1205850762,0.00,156.50,16,99.2
6130,H-verify,39850,39,60031,60,60,58,2251,80,1497,6297,5477773283,1206153978,64.75,155.25,1,91.6
6131,H-verify,39850,39,60125,60,60,58,2338,83,1497,6257,5478695395,1206412882,472.12,132.56,16,88.8
6132,H-verify,39850,39,59781,59,59,58,2352,83,1036,5766,5478695395,1206755154,0.00,175.24,16,90.4
6133,H-verify,39850,39,60062,60,59,58,2356,83,1344,5970,5479743971,1207611474,536.87,438.44,15,69.6
6134,H-verify,39850,39,59718,59,60,58,2356,83,1036,6011,5480792547,1208762450,536.87,589.30,15,66.0
6135,H-verify,39850,39,60093,60,60,58,2359,83,1420,5929,5481641699,1209299898,434.77,275.17,2,90.0
6136,H-verify,39850,39,59875,59,59,58,2307,80,1267,5520,5481841123,1209689530,102.11,199.49,16,96.0
6137,H-verify,39850,39,59656,59,59,58,2267,80,1344,5480,5481841123,1210007226,0.00,162.66,16,99.2
6138,H-verify,39850,39,59875,59,59,58,2265,80,1267,5480,5481841123,1210325178,0.00,162.79,16,100.0
6139,H-verify,39850,39,59625,59,59,58,2263,80,1036,5561,5482889699,1210545194,536.87,112.65,16,93.6
6140,H-verify,39850,39,59656,59,59,58,2260,80,729,5480,5482889699,1210862890,0.00,162.66,16,99.2
6141,H-verify,39850,39,59781,59,59,58,2249,80,1267,5480,5482889699,1211180842,0.00,162.79,16,99.6
6143,H-verify,39850,39,59687,59,60,58,2240,80,1420,5725,5483938275,1211437610,536.87,131.47,16,91.6
6144,H-verify,39850,39,59687,59,59,58,2240,80,1267,5275,5483938275,1211596586,0.00,81.40,16,100.0
6145,H-verify,39850,39,59593,59,59,58,2237,80,729,5439,5483938275,1211718546,0.00,62.44,16,100.0
6146,H-verify,39850,39,59562,59,59,58,2239,80,1267,5439,5483938275,1211840658,0.00,62.52,16,100.0
6147,H-verify,39850,39,59687,59,59,58,2240,80,1267,5398,5483938275,1211962786,0.00,62.53,16,100.0
6148,H-verify,39850,39,59656,59,59,57,2237,80,1344,5398,5483938275,1212072882,0.00,56.37,16,98.8
6149,H-verify,39850,39,59437,59,59,58,2237,80,1267,5193,5483938275,1212182602,0.00,56.18,16,100.0
6150,H-verify,39850,39,59750,59,59,57,2240,80,1344,5643,5484986851,1212601162,536.87,214.30,12,90.8
6151,H-verify,39850,39,59406,59,59,57,2242,80,1344,5480,5484986851,1213013834,0.00,211.29,16,97.6
6152,H-verify,39850,39,59593,59,59,57,2240,80,1344,5480,5484986851,1213331786,0.00,162.79,16,100.0
6154,H-verify,39850,39,59718,59,59,58,2242,80,729,5766,5486035427,1213551690,536.87,112.59,16,95.6
6155,H-verify,39850,39,59687,59,59,58,2240,80,1267,5520,5486035427,1213857202,0.00,156.42,16,99.2
6156,H-verify,39850,39,59625,59,59,58,2242,80,729,5480,5486035427,1214187186,0.00,168.95,16,94.0
6157,H-verify,39850,39,59593,59,59,58,2244,80,1036,5480,5486035427,1214505138,0.00,162.79,16,100.0
6158,H-verify,39850,39,59500,59,59,57,2245,80,1267,5439,5487084003,1214773938,536.87,137.63,16,95.2
6159,H-verify,39850,39,59625,59,59,58,2247,80,1344,6052,5488132579,1215742642,536.87,495.98,16,75.6
6160,H-verify,39850,39,59843,59,59,58,2242,80,1344,6052,5489181155,1216878874,536.87,581.75,15,71.2
6161,H-verify,39850,39,59625,59,59,57,2244,80,806,6052,5490229731,1217976346,536.87,561.91,15,66.4
6162,H-verify,39850,39,59500,59,59,57,2249,80,1344,5602,5490428387,1218737690,101.71,389.81,1,78.4
6163,H-verify,39850,39,59312,59,59,57,2247,80,1267,5561,5491278307,1219065114,435.16,167.64,16,90.4
6164,H-verify,39850,39,59406,59,59,58,2251,80,1267,5480,5491278307,1219382666,0.00,162.59,16,98.4
6165,H-verify,39850,39,59500,59,59,58,2251,80,1267,5480,5491278307,1219700442,0.00,162.70,16,100.0
6166,H-verify,39850,39,59500,59,59,57,2251,80,1497,5602,5492326883,1219932890,536.87,119.01,16,93.6
6168,H-verify,39850,39,59375,59,59,57,2254,80,1267,5520,5492326883,1220250586,0.00,162.66,16,94.4
6169,H-verify,39850,39,59468,59,59,57,2253,80,1344,5480,5492326883,1220568538,0.00,162.79,16,100.0
6170,H-verify,39850,39,59562,59,59,57,2252,80,1497,5807,5493185763,1220835146,439.75,136.50,15,95.2
6171,H-verify,39850,39,59750,59,59,57,2256,80,1420,5929,5493712355,1221883722,269.62,536.87,2,70.0
6172,H-verify,39850,39,59781,59,59,57,2260,80,1420,6052,5494978275,1222932298,648.15,536.87,1,68.0
6173,H-verify,39850,39,59250,59,59,57,2265,80,1497,5520,5495472611,1223502922,253.10,292.16,16,83.2
6174,H-verify,39850,39,59218,59,59,58,2260,80,1497,5480,5495472611,1223869514,0.00,187.70,16,98.0
6175,H-verify,39850,39,59343,59,59,57,2265,80,1344,5643,5496521187,1224089514,536.87,112.64,16,98.8
6176,H-verify,39850,39,59312,59,59,57,2269,80,1344,5480,5496521187,1224419754,0.00,169.08,16,100.0
6177,H-verify,39850,39,59125,59,59,57,2268,80,1344,5480,5496521187,1224737450,0.00,162.66,16,99.6
6178,H-verify,39850,39,59656,59,59,57,2261,80,1420,5602,5496733923,1225029546,108.92,149.55,1,93.2
6179,H-verify,39850,39,59500,59,59,58,2247,80,729,5561,5497569763,1225275466,427.95,125.91,16,90.8
6181,H-verify,39850,39,59343,59,59,57,2238,80,806,5398,5497569763,1225679178,0.00,206.70,15,97.2
6182,H-verify,39850,39,59281,59,59,57,2242,80,1497,5889,5498618339,1226815818,536.87,581.96,16,59.2
6183,H-verify,39850,39,59468,59,59,57,2243,80,729,5725,5499666915,1227732810,536.87,469.50,16,71.6
6184,H-verify,39850,39,59500,59,59,57,2244,80,1497,5848,5500715491,1228209490,536.87,244.06,16,89.6
6185,H-verify,39850,39,59500,59,59,57,2238,80,1497,5561,5500715491,1228551362,0.00,175.04,16,97.2
6186,H-verify,39850,39,59406,59,59,57,2240,80,729,5643,5500715491,1228869058,0.00,162.66,16,98.0
6187,H-verify,39850,39,59250,59,59,57,2242,80,1420,5480,5500715491,1229187010,0.00,162.79,16,98.4
6188,H-verify,39850,39,59218,59,59,57,2242,80,1267,5561,5501764067,1229419202,536.87,118.88,16,91.6
6189,H-verify,39850,39,59312,59,59,57,2244,80,1344,5480,5501764067,1229737154,0.00,162.79,16,95.2
6190,H-verify,39850,39,59281,59,59,57,2245,80,729,5398,5501764067,1230054890,0.00,162.68,17,92.0
6192,H-verify,39850,39,59218,59,59,57,2250,80,1267,5234,5502812643,1230299122,536.87,125.05,16,100.0
6193,H-verify,39850,39,59093,59,59,57,2254,80,1497,5357,5502812643,1230433522,0.00,68.81,16,100.0
6194,H-verify,39850,39,59156,59,59,57,2258,80,883,5398,5502812643,1230543602,0.00,56.36,16,100.0
6195,H-verify,39850,39,59156,59,59,57,2254,80,729,5398,5502812643,1230653426,0.00,56.23,16,100.0
6196,H-verify,39850,39,59468,59,59,57,2251,80,1497,5929,5502812643,1230763354,0.00,56.28,16,100.0
6197,H-verify,39850,39,59750,59,59,57,2249,80,1420,6052,5502812643,1230873178,0.00,56.23,16,100.0
6198,H-verify,39850,39,59750,59,59,57,2249,80,1420,5970,5502812643,1231068762,0.00,100.14,16,100.0
6199,H-verify,39850,39,59718,59,59,57,2254,80,1497,6257,5503861219,1231508826,536.87,225.31,16,82.4
6201,H-verify,39850,39,59718,59,59,57,2256,80,1497,6175,5503861219,1231838858,0.00,168.98,16,92.0
6202,H-verify,39850,39,59468,59,59,57,2254,80,1497,6134,5503861219,1232156810,0.00,162.79,16,93.6
6203,H-verify,39850,39,59656,59,59,57,2258,80,1497,6461,5504909795,1232388746,536.87,118.75,16,84.0
6204,H-verify,39850,39,59593,59,59,57,2260,80,1497,6175,5504909795,1232694410,0.00,156.50,16,92.8
6205,H-verify,39850,39,59437,59,59,57,2258,80,1497,6134,5504909795,1233012362,0.00,162.79,16,100.0
6206,H-verify,39850,39,59593,59,59,57,2254,80,1497,6093,5504909795,1233327346,0.00,161.27,15,96.4
6207,H-verify,39850,39,59781,59,59,57,2260,80,1497,6257,5505958371,1233700850,536.87,191.23,15,82.8
6208,H-verify,39850,39,59718,59,59,58,2261,80,1497,6655,5507006947,1234904818,536.87,616.43,16,42.8
6209,H-verify,39850,39,59656,59,59,57,2260,80,1497,6655,5508055523,1236106482,536.87,615.25,15,46.4
6210,H-verify,39850,39,59687,59,59,58,2251,80,1497,6461,5509104099,1237137394,536.87,527.83,15,55.2
6211,H-verify,39850,39,59812,59,59,58,2244,80,1497,6533,5510152675,1237633642,536.87,254.08,16,78.0
6212,H-verify,39850,39,59593,59,59,58,2240,80,1497,6216,5510152675,1237963626,0.00,168.95,16,95.6
6213,H-verify,39850,39,59656,59,59,57,2240,80,1497,6175,5510152675,1238281578,0.00,162.79,16,96.0
6214,H-verify,39850,39,59656,59,59,58,2235,80,1497,6175,5510152675,1238587242,0.00,156.50,16,92.0
6216,E-randwrite-precondition,39850,39,59781,59,59,57,2238,80,1497,6297,5511201251,1238709162,536.87,62.42,128,54.4
6217,E-randwrite-precondition,39850,39,59656,59,59,57,2237,80,1497,5889,5511201251,1238782410,0.00,37.50,128,100.0
6218,E-randwrite-precondition,39850,39,59593,59,59,57,2237,80,1497,6052,5511201251,1238892434,0.00,56.33,128,100.0
6219,E-randwrite-precondition,39850,39,59593,59,59,57,2240,80,1497,5970,5511201251,1238990258,0.00,50.09,128,100.0
6220,E-randwrite-precondition,39850,39,59531,59,59,57,2240,80,1497,6052,5511201251,1239100322,0.00,56.35,128,100.0
6222,E-randwrite-precondition,39850,39,59843,59,59,58,2244,80,1497,5889,5511201251,1239198090,0.00,50.06,128,100.0
6223,E-randwrite-precondition,39850,39,59718,59,59,57,2245,80,1497,6052,5511201251,1239308058,0.00,56.30,128,100.0
6224,E-randwrite-precondition,39850,39,59968,59,60,58,2242,80,1420,5929,5511201251,1239418122,0.00,56.35,128,100.0
6225,E-randwrite-precondition,39850,39,59968,59,60,57,2245,80,1344,5970,5511201251,1239528066,0.00,56.29,128,100.0
6226,E-randwrite-precondition,39850,39,59968,59,59,57,2247,80,1420,5889,5511201251,1239638042,0.00,56.31,128,100.0
6227,E-randwrite-precondition,39850,39,59531,59,59,58,2247,80,1497,6011,5511201251,1239748106,0.00,56.35,128,100.0
6229,E-randwrite-precondition,39850,39,59562,59,59,58,2247,80,1497,5970,5511201251,1239870410,0.00,62.62,128,100.0
6230,E-randwrite-precondition,39850,39,59531,59,59,57,2249,80,1497,6052,5511201251,1240017098,0.00,75.10,128,100.0
6231,E-randwrite-precondition,39850,39,59500,59,59,58,2249,80,1497,5970,5511201251,1240114778,0.00,50.01,128,100.0
6232,E-randwrite-precondition,39850,39,59718,59,59,57,2254,80,1497,6052,5511201251,1240261442,0.00,75.09,128,100.0
6233,E-randwrite-precondition,39850,39,59937,59,59,58,2254,80,1497,6011,5511201251,1240359258,0.00,50.08,128,100.0
6234,E-randwrite-precondition,39850,39,59718,59,59,57,2256,80,1497,6052,5511201251,1240493706,0.00,68.84,128,100.0
6235,E-randwrite-precondition,39850,39,59718,59,59,58,2252,80,1497,6011,5511201251,1240579274,0.00,43.81,128,100.0
6237,E-randwrite-precondition,39850,39,59562,59,59,58,2259,80,1497,6011,5511201251,1240713706,0.00,68.83,128,100.0
6238,E-randwrite-precondition,39850,39,59531,59,59,58,2259,80,1497,6011,5511201251,1240811506,0.00,50.07,128,100.0
6239,E-randwrite-precondition,39850,39,60000,60,59,57,2261,80,1497,6052,5511201251,1240933802,0.00,62.62,128,100.0
6240,E-randwrite-precondition,39850,39,59625,59,59,58,2265,80,1497,5929,5511201251,1241007146,0.00,37.55,128,100.0
6241,E-randwrite-precondition,39850,39,59625,59,59,58,2265,80,1497,6052,5511201251,1241117170,0.00,56.33,128,100.0
6242,E-randwrite-precondition,39850,39,59562,59,59,58,2265,80,1497,6011,5511201251,1241202754,0.00,43.82,128,100.0
6243,E-randwrite-precondition,39850,39,59781,59,59,58,2249,80,1497,6052,5511201251,1241312818,0.00,56.35,128,100.0
6245,E-randwrite-precondition,39850,39,59656,59,59,57,2243,80,1497,5929,5511201251,1241398402,0.00,43.82,128,100.0
6246,E-randwrite-precondition,39850,39,59625,59,59,58,2242,80,1497,6052,5511201251,1241508458,0.00,56.35,128,100.0
6247,E-randwrite-precondition,39850,39,59531,59,59,58,2238,80,1497,5970,5511201251,1241606282,0.00,50.09,128,100.0
6248,E-randwrite-precondition,39850,39,60031,60,60,58,2236,80,1420,6052,5511201251,1241716346,0.00,56.35,128,100.0
6249,E-randwrite-precondition,39850,39,60125,60,60,58,2238,80,1344,6093,5511201251,1241826410,0.00,56.35,128,100.0
6250,E-randwrite-precondition,39850,39,60093,60,60,57,2238,80,1420,6052,5511201251,1241899754,0.00,37.55,128,100.0
6251,E-randwrite-precondition,39850,39,60218,60,60,57,2242,80,1420,6052,5511201251,1242009714,0.00,56.30,128,93.2
6253,E-randwrite-precondition,39850,39,59562,59,59,58,2242,80,1497,5398,5511201251,1242095298,0.00,43.82,128,100.0
6254,E-randwrite-precondition,39850,39,59250,59,59,57,2243,80,1344,5398,5511201251,1242205290,0.00,56.32,128,100.0
6255,E-randwrite-precondition,39850,39,59312,59,59,58,2244,80,1344,5234,5511201251,1242278634,0.00,37.55,128,100.0
6256,E-randwrite-precondition,39850,39,59562,59,59,57,2247,80,1344,5398,5511201251,1242388426,0.00,56.21,128,100.0
6257,E-randwrite-precondition,39850,39,59500,59,59,57,2245,80,1497,5275,5511201251,1242486194,0.00,50.06,128,100.0
6258,E-randwrite-precondition,39850,39,59406,59,59,57,2244,80,1344,5398,5511201251,1242596186,0.00,56.32,128,100.0
6259,E-randwrite-precondition,39850,39,59375,59,59,57,2245,80,1344,5316,5511201251,1242706130,0.00,56.29,128,100.0
6261,E-randwrite-precondition,39850,39,59375,59,59,57,2242,80,1267,5316,5511201251,1242791714,0.00,43.82,128,100.0
6262,E-randwrite-precondition,39850,39,59281,59,59,57,2240,80,806,5316,5511201251,1242913898,0.00,62.56,128,100.0
6263,E-randwrite-precondition,39850,39,59406,59,59,58,2240,80,1420,5357,5511201251,1243023866,0.00,56.30,128,100.0
6264,E-randwrite-precondition,39850,39,59312,59,59,57,2237,80,806,5234,5511201251,1243158378,0.00,68.87,128,100.0
6265,E-randwrite-precondition,39850,39,59250,59,59,57,2237,80,1420,5357,5511201251,1243280570,0.00,62.56,128,100.0
6266,E-randwrite-precondition,39850,39,59531,59,59,57,2240,80,729,5275,5511201251,1243390354,0.00,56.21,128,100.0
6267,E-randwrite-precondition,39850,39,59468,59,59,57,2240,80,1036,5398,5511201251,1243537042,0.00,75.10,128,100.0
6268,E-randwrite-precondition,39850,39,59281,59,59,57,2240,80,806,5275,5511201251,1243634866,0.00,50.09,128,100.0
6270,E-randwrite-precondition,39850,39,59312,59,59,57,2233,80,1267,5398,5511201251,1243781642,0.00,75.15,128,100.0
6271,E-randwrite-precondition,39850,39,59250,59,59,57,2233,80,1344,5357,5511201251,1243903850,0.00,62.57,128,100.0
6272,E-randwrite-precondition,39850,39,59031,59,59,57,2233,80,1420,5234,5511201251,1244038362,0.00,68.87,128,100.0
6273,E-randwrite-precondition,39850,39,59156,59,59,57,2235,80,1497,5316,5511201251,1244160626,0.00,62.60,128,100.0
6274,E-randwrite-precondition,39850,39,59062,59,59,57,2233,80,729,5275,5511201251,1244282858,0.00,62.58,128,100.0
6275,E-randwrite-precondition,39850,39,59093,59,59,57,2235,80,1036,5357,5511201251,1244429442,0.00,75.05,128,100.0
6276,E-randwrite-precondition,39850,39,59187,59,59,57,2235,80,806,5275,5511201251,1244527050,0.00,49.98,128,100.0
6277,E-randwrite-precondition,39850,39,59031,59,59,57,2235,80,1267,5357,5511201251,1244673762,0.00,75.12,128,100.0
6279,E-randwrite-precondition,39850,39,59250,59,59,57,2238,80,1420,5316,5511201251,1244783642,0.00,56.26,128,100.0
6280,E-randwrite-precondition,39850,39,59031,59,59,57,2238,80,1497,5234,5511201251,1244918186,0.00,68.89,128,100.0
6281,E-randwrite-precondition,39850,39,59187,59,59,57,2238,80,729,5316,5511201251,1245028042,0.00,56.25,128,100.0
6282,E-randwrite-precondition,39850,39,59343,59,59,57,2238,80,1420,5234,5511201251,1245125770,0.00,50.04,128,100.0
6283,E-randwrite-precondition,39850,39,58968,58,59,57,2238,80,1497,5316,5511201251,1245260306,0.00,68.88,128,100.0
6284,E-randwrite-precondition,39850,39,59031,59,59,57,2238,80,1420,5193,5511201251,1245358034,0.00,50.04,128,100.0
6286,E-randwrite-precondition,39850,39,59156,59,59,57,2236,80,1497,5480,5511201251,1245492482,0.00,68.84,128,100.0
6287,E-randwrite-precondition,39850,39,59031,59,59,57,2238,80,1036,5439,5511201251,1245577874,0.00,43.72,128,78.8
6288,E-randwrite-precondition,39850,39,59343,59,59,57,2243,80,1497,5929,5511201251,1245687938,0.00,56.35,128,100.0
6289,E-randwrite-precondition,39850,39,59093,59,59,57,2245,80,729,5889,5511201251,1245798002,0.00,56.35,128,100.0
6290,E-randwrite-precondition,39850,39,59062,59,59,57,2242,80,806,5398,5511201251,1245908010,0.00,56.32,128,100.0
6292,E-randwrite-precondition,39850,39,58875,58,58,57,2240,80,1344,5275,5511201251,1246005698,0.00,50.02,128,100.0
6293,E-randwrite-precondition,39850,39,59031,59,59,57,2235,80,1267,5316,5511201251,1246127706,0.00,62.47,383,100.0
6294,E-randwrite-precondition,39850,39,59125,59,59,57,2234,80,1420,5520,5511201251,1246298986,0.00,87.70,128,100.0
6295,E-randwrite-precondition,39850,39,58875,58,58,57,2238,80,1113,5316,5511201251,1246347850,0.00,25.02,128,100.0
6296,E-randwrite-precondition,39850,39,59062,59,59,57,2236,80,1267,5357,5511201251,1246457714,0.00,56.25,128,100.0
6297,E-randwrite-precondition,39850,39,58875,58,59,57,2236,80,1420,5316,5511201251,1246543298,0.00,43.82,128,100.0
6299,E-randwrite-precondition,39850,39,58843,58,58,57,2236,80,960,5316,5511201251,1246677610,0.00,68.77,333,100.0
6300,E-randwrite-precondition,39850,39,59062,59,58,57,2238,80,1420,5234,5511201251,1246836658,0.00,81.43,128,100.0
6301,E-randwrite-precondition,39850,39,58750,58,58,57,2238,80,1497,5357,5511201251,1246946466,0.00,56.22,128,100.0
6303,E-randwrite-precondition,39850,39,58781,58,58,57,2238,80,1420,5316,5511201251,1247044290,0.00,50.09,128,100.0
6304,E-randwrite-precondition,39850,39,58750,58,58,57,2236,80,1420,5357,5511201251,1247154354,0.00,56.35,128,100.0
6305,E-randwrite-precondition,39850,39,59062,59,58,57,2235,80,1420,5234,5511201251,1247252178,0.00,50.09,128,100.0
6306,E-randwrite-precondition,39850,39,58937,58,59,57,2235,80,1344,5316,5511201251,1247362130,0.00,56.30,128,100.0
6307,E-randwrite-precondition,39850,39,58843,58,59,57,2235,80,1344,5234,5511201251,1247472194,0.00,56.35,128,100.0
6308,E-randwrite-precondition,39850,39,58718,58,58,57,2237,80,806,5316,5511201251,1247594498,0.00,62.62,128,100.0
6310,E-randwrite-precondition,39850,39,58781,58,58,57,2233,80,1420,5234,5511201251,1247704562,0.00,56.35,128,100.0
6311,E-randwrite-precondition,39850,39,58687,58,58,57,2233,80,1344,5357,5511201251,1247851194,0.00,75.08,128,100.0
6312,E-randwrite-precondition,39850,39,58937,58,58,57,2233,80,1420,5316,5511201251,1247961034,0.00,56.24,128,100.0
6313,E-randwrite-precondition,39850,39,58906,58,58,57,2237,80,729,5316,5511201251,1248107722,0.00,75.10,128,100.0
6314,E-randwrite-precondition,39850,39,58843,58,58,57,2237,80,806,5275,5511201251,1248205538,0.00,50.08,128,100.0
6315,E-randwrite-precondition,39850,39,58906,58,58,57,2237,80,1497,5234,5511201251,1248352234,0.00,75.11,128,100.0
6317,E-randwrite-precondition,39850,39,59531,59,59,57,2240,80,1497,5970,5511201251,1248498738,0.00,75.01,128,98.4
6318,E-randwrite-precondition,39850,39,59562,59,59,57,2242,80,1497,5889,5511201251,1248596562,0.00,50.09,128,100.0
6319,E-randwrite-precondition,39850,39,59500,59,59,57,2242,80,1420,6011,5511201251,1248743306,0.00,75.13,128,100.0
6320,E-randwrite-precondition,39850,39,59656,59,59,57,2243,80,1267,6011,5511201251,1248853314,0.00,56.32,128,100.0
6321,E-randwrite-precondition,39850,39,59500,59,59,57,2243,80,1420,6052,5511201251,1248999962,0.00,75.08,128,100.0
6322,E-randwrite-precondition,39850,39,59500,59,59,57,2238,80,1497,6011,5511201251,1249097594,0.00,49.99,128,100.0
6323,E-randwrite-precondition,39850,39,59250,59,59,57,2235,80,1497,5929,5511201251,1249232130,0.00,68.88,128,100.0
6324,E-randwrite-precondition,39850,39,59062,59,59,57,2235,80,1497,6052,5511201251,1249378818,0.00,75.10,128,100.0
6325,E-randwrite-precondition,39850,39,59250,59,59,57,2235,80,1497,5929,5511201251,1249476626,0.00,50.08,128,100.0
6327,E-randwrite-precondition,39850,39,59343,59,59,57,2237,80,1497,6052,5511201251,1249623258,0.00,75.08,128,100.0
6328,E-randwrite-precondition,39850,39,59156,59,59,57,2231,80,1497,5970,5511201251,1249721082,0.00,50.09,128,100.0
6329,E-randwrite-precondition,39850,39,59156,59,59,57,2233,80,1497,5970,5511201251,1249843386,0.00,62.62,128,100.0
6330,E-randwrite-precondition,39850,39,59187,59,59,57,2233,80,1497,5929,5511201251,1249928906,0.00,43.79,128,100.0
6331,E-randwrite-precondition,39850,39,59125,59,59,57,2233,80,1497,5970,5511201251,1250063330,0.00,68.83,128,100.0
6332,E-randwrite-precondition,39850,39,59125,59,59,57,2233,80,1497,5929,5511201251,1250160978,0.00,50.00,128,100.0
6333,E-randwrite-precondition,39850,39,59250,59,59,57,2237,80,1497,6011,5511201251,1250283282,0.00,62.62,128,100.0
6334,E-randwrite-precondition,39850,39,59343,59,59,57,2236,80,1497,5970,5511201251,1250356618,0.00,37.55,128,100.0
6335,E-randwrite-precondition,39850,39,59343,59,59,57,2237,80,1497,6052,5511201251,1250466666,0.00,56.34,128,100.0
6336,E-randwrite-precondition,39850,39,59218,59,59,57,2240,80,1497,5929,5511201251,1250552066,0.00,43.72,128,100.0
6338,E-randwrite-precondition,39850,39,59156,59,59,57,2238,80,1497,6052,5511201251,1250662122,0.00,56.35,128,100.0
6339,E-randwrite-precondition,39850,39,59156,59,59,57,2242,80,1497,6011,5511201251,1250772186,0.00,56.35,128,100.0
6340,E-randwrite-precondition,39850,39,59500,59,59,57,2242,80,1497,6543,5511201251,1250845490,0.00,37.53,128,100.0
6341,E-randwrite-precondition,39850,39,59562,59,59,57,2240,80,1497,6778,5511201251,1250955482,0.00,56.32,128,100.0
6342,E-randwrite-precondition,39850,39,59312,59,59,57,2240,80,1497,6175,5511201251,1251053074,0.00,49.97,564,100.0
6343,E-randwrite-precondition,39850,39,59562,59,59,57,2242,80,1497,6655,5511201251,1251273370,0.00,112.79,128,100.0
6344,E-randwrite-precondition,39850,39,59562,59,59,57,2240,80,1497,6778,5511201251,1251383434,0.00,56.35,128,100.0
6345,E-randwrite-precondition,39850,39,59843,59,59,57,2242,80,1497,6737,5511201251,1251444538,0.00,31.29,128,100.0
6347,E-randwrite-precondition,39850,39,59375,59,59,57,2244,80,1497,6011,5511201251,1251578994,0.00,68.84,488,100.0
6349,E-randwrite-precondition,39850,39,59437,59,59,57,2247,80,1497,6614,5511201251,1251847866,0.00,137.66,128,100.0
6350,E-randwrite-precondition,39850,39,59750,59,59,57,2247,80,1497,6737,5511201251,1251957906,0.00,56.34,128,100.0
6351,E-randwrite-precondition,39850,39,59312,59,59,57,2244,80,1497,6379,5511201251,1252055554,0.00,50.00,469,100.0
6352,E-randwrite-precondition,39850,39,59468,59,59,57,2238,80,1497,6093,5511201251,1252275602,0.00,112.66,128,100.0
6353,E-randwrite-precondition,39850,39,59906,59,59,57,2243,80,1497,6614,5511201251,1252410010,0.00,68.82,128,100.0
6354,E-randwrite-precondition,39850,39,59562,59,59,57,2242,80,1497,6778,5511201251,1252569018,0.00,81.41,128,100.0
6355,E-randwrite-precondition,39850,39,59625,59,59,57,2238,80,1497,6778,5511201251,1252666818,0.00,50.07,163,100.0
6357,E-randwrite-precondition,39850,39,59875,59,59,57,2240,80,1497,6573,5511201251,1252996922,0.00,169.01,128,100.0
6358,E-randwrite-precondition,39850,39,59718,59,59,57,2240,80,1497,6614,5511201251,1253106962,0.00,56.34,128,100.0
6359,E-randwrite-precondition,39850,39,60093,60,59,57,2244,80,1497,6696,5511201251,1253229266,0.00,62.62,128,100.0
6360,E-randwrite-precondition,39850,39,59156,59,59,57,2235,80,1497,6338,5511201251,1253387850,0.00,81.20,720,100.0
6361,E-randwrite-precondition,39850,39,59656,59,59,57,2236,80,1497,6614,5511201251,1253657162,0.00,137.89,128,100.0
6362,E-randwrite-precondition,39850,39,59625,59,59,58,2236,80,1497,6696,5511201251,1253803714,0.00,75.03,128,96.0
6363,E-randwrite-precondition,39850,39,59937,59,59,58,2235,80,1497,6696,5511201251,1253901538,0.00,50.09,128,100.0
6365,E-randwrite-precondition,39850,39,59812,59,59,57,2235,80,1497,6297,5511201251,1254133682,0.00,118.86,257,100.0
6366,E-randwrite-precondition,39850,39,59968,59,59,57,2233,80,1497,6614,5511201251,1254304994,0.00,87.71,128,100.0
6367,E-randwrite-precondition,39850,39,60187,60,60,57,2237,80,1497,6696,5511201251,1254463714,0.00,81.26,128,100.0
6368,E-randwrite-precondition,39850,39,59656,59,59,57,2236,80,1497,6297,5511201251,1254585922,0.00,62.57,383,100.0
6369,E-randwrite-precondition,39850,39,60093,60,60,57,2236,80,1497,6461,5511201251,1254806050,0.00,112.71,128,100.0
6370,E-randwrite-precondition,39850,39,60156,60,60,57,2240,80,1497,6737,5511201251,1254977218,0.00,87.64,128,100.0
6372,E-randwrite-precondition,39850,39,59875,59,59,57,2241,80,1420,6502,5511201251,1255075042,0.00,50.09,128,100.0
6373,E-randwrite-precondition,39850,39,59093,59,59,57,2240,80,1420,5398,5511201251,1255221658,0.00,75.07,378,100.0
6375,E-randwrite-precondition,39850,39,59375,59,59,57,2240,80,1497,6011,5511201251,1255453890,0.00,118.90,128,100.0
6376,E-randwrite-precondition,39850,39,59593,59,59,57,2242,80,1344,6175,5511201251,1255563954,0.00,56.35,128,100.0
6378,E-randwrite-precondition,39850,39,59250,59,59,58,2236,80,1267,5316,5511201251,1255686242,0.00,62.61,453,100.0
6379,E-randwrite-precondition,39850,39,59468,59,59,57,2236,80,1497,6134,5511201251,1255979586,0.00,150.19,128,100.0
6380,E-randwrite-precondition,39850,39,59718,59,59,57,2233,80,1420,6134,5511201251,1256077410,0.00,50.09,128,100.0
6382,E-randwrite-precondition,39850,39,59250,59,59,57,2236,80,960,5929,5511201251,1256199434,0.00,62.48,383,100.0
6383,E-randwrite-precondition,39850,39,59656,59,59,57,2233,80,1497,5929,5511201251,1256382858,0.00,93.91,207,100.0
6384,E-randwrite-precondition,39850,39,59687,59,59,58,2233,80,1497,6175,5511201251,1256529650,0.00,75.16,128,98.8
6385,E-randwrite-precondition,39850,39,59593,59,59,57,2235,80,1497,6257,5511201251,1256639594,0.00,56.29,128,100.0
6387,E-randwrite-precondition,39850,39,59468,59,59,57,2235,80,1267,5848,5511201251,1256737218,0.00,49.98,406,100.0
6388,E-randwrite-precondition,39850,39,59625,59,59,58,2231,80,1497,6093,5511201251,1256993930,0.00,131.44,128,100.0
6389,E-randwrite-precondition,39850,39,59468,59,59,58,2233,80,1497,6134,5511201251,1257091706,0.00,50.06,128,100.0
6390,E-randwrite-precondition,39850,39,59250,59,59,57,2235,80,1267,5602,5511201251,1257299250,0.00,106.26,301,90.4
6391,E-randwrite-precondition,39850,39,59625,59,59,57,2237,80,1497,6093,5511201251,1257482898,0.00,94.03,128,100.0
6392,E-randwrite-precondition,39850,39,59656,59,59,57,2233,80,1497,6093,5511201251,1257641826,0.00,81.37,128,100.0
6394,E-randwrite-precondition,39850,39,59031,59,59,57,2233,80,729,5398,5511201251,1257769962,0.00,65.61,555,100.0
6395,E-randwrite-precondition,39850,39,59312,59,59,57,2231,80,1497,6093,5511201251,1258057426,0.00,147.18,128,100.0
6396,E-randwrite-precondition,39850,39,59781,59,59,58,2235,80,1497,6216,5511201251,1258203874,0.00,74.98,383,100.0
6397,E-randwrite-precondition,39850,39,59156,59,59,57,2231,80,1190,5439,5511201251,1258387394,0.00,93.96,260,100.0
6398,E-randwrite-precondition,39850,39,59531,59,59,57,2231,80,1497,6257,5511201251,1258619778,0.00,118.98,128,100.0
6399,E-randwrite-precondition,39850,39,59125,59,59,57,2233,80,1420,5357,5511201251,1258729794,0.00,56.33,128,100.0
6400,E-randwrite-precondition,39850,39,59156,59,59,57,2237,80,1420,5357,5511201251,1258876482,0.00,75.10,128,100.0
6402,E-randwrite-precondition,39850,39,59187,59,59,57,2233,80,1344,5275,5511201251,1258974306,0.00,50.09,128,100.0
6403,E-randwrite-precondition,39850,39,58968,58,59,57,2233,80,1497,5234,5511201251,1259120922,0.00,75.07,128,100.0
6404,E-randwrite-precondition,39850,39,59062,59,59,57,2233,80,960,5275,5511201251,1259243186,0.00,62.60,128,100.0
6405,E-randwrite-precondition,39850,39,59156,59,59,57,2233,80,1497,5152,5511201251,1259341002,0.00,50.08,128,100.0
6406,E-randwrite-precondition,39850,39,58937,58,58,57,2237,80,1420,5275,5511201251,1259475362,0.00,68.79,128,100.0
6407,E-randwrite-precondition,39850,39,59000,59,59,57,2235,80,1344,5234,5511201251,1259572986,0.00,49.98,128,100.0
6409,E-randwrite-precondition,39850,39,59031,59,59,57,2235,80,806,5316,5511201251,1259707410,0.00,68.83,128,100.0
6410,E-randwrite-precondition,39850,39,59093,59,59,57,2238,80,1344,5234,5511201251,1259780674,0.00,37.51,128,100.0
6411,E-randwrite-precondition,39850,39,59250,59,59,57,2236,80,1497,5357,5511201251,1259890738,0.00,56.35,128,100.0
6412,E-randwrite-precondition,39850,39,58875,58,58,57,2240,80,729,5275,5511201251,1260000698,0.00,56.30,128,100.0
6413,E-randwrite-precondition,39850,39,58906,58,58,57,2238,80,1344,5357,5511201251,1260110634,0.00,56.29,128,100.0
6415,E-randwrite-precondition,39850,39,58937,58,58,57,2238,80,806,5234,5511201251,1260220666,0.00,56.34,128,100.0
6416,E-randwrite-precondition,39850,39,58906,58,59,57,2240,80,1344,5357,5511201251,1260330562,0.00,56.27,128,100.0
6417,E-randwrite-precondition,39850,39,58781,58,58,57,2238,80,1420,5234,5511201251,1260440522,0.00,56.30,128,100.0
6418,E-randwrite-precondition,39850,39,58843,58,59,57,2235,80,1344,5316,5511201251,1260550386,0.00,56.25,128,100.0
6420,E-randwrite-precondition,39850,39,59000,59,58,57,2238,80,1344,5193,5511201251,1260660450,0.00,56.35,128,100.0
6421,E-randwrite-precondition,39850,39,58812,58,58,57,2235,80,1497,5357,5511201251,1260770514,0.00,56.35,128,100.0
6422,E-randwrite-precondition,39850,39,58687,58,58,57,2233,80,1036,5234,5511201251,1260880578,0.00,56.35,128,100.0
6424,E-randwrite-precondition,39850,39,58875,58,59,57,2236,80,960,5357,5511201251,1260990306,0.00,56.18,128,100.0
6425,E-randwrite-precondition,39850,39,58687,58,58,57,2233,80,1344,5193,5511201251,1261100370,0.00,56.35,128,100.0
6426,E-randwrite-precondition,39850,39,58937,58,58,57,2231,80,1344,5357,5511201251,1261210242,0.00,56.25,128,100.0
6428,E-randwrite-precondition,39850,39,58718,58,58,57,2231,80,1036,5234,5511201251,1261320250,0.00,56.32,128,100.0
6429,E-randwrite-precondition,39850,39,58750,58,58,57,2234,80,1420,5316,5511201251,1261430186,0.00,56.29,128,100.0
6430,E-randwrite-precondition,39850,39,58656,58,58,57,2236,80,1344,5193,5511201251,1261540186,0.00,56.32,128,100.0
6431,E-randwrite-precondition,39850,39,58843,58,58,57,2234,80,1267,5275,5511201251,1261650250,0.00,56.35,128,100.0
6432,E-randwrite-precondition,39850,39,58843,58,58,57,2236,80,1420,5193,5511201251,1261748034,0.00,50.07,128,100.0
6434,E-randwrite-precondition,39850,39,58875,58,58,57,2238,80,806,5316,5511201251,1261894482,0.00,74.98,128,100.0
6435,E-randwrite-precondition,39850,39,58625,58,58,57,2236,80,1344,5234,5511201251,1261992274,0.00,50.07,128,100.0
6436,E-randwrite-precondition,39850,39,58875,58,58,57,2236,80,1497,5725,5511201251,1262138986,0.00,75.12,128,100.0
6437,E-randwrite-precondition,39850,39,59156,59,59,57,2236,80,1497,5970,5511201251,1262249034,0.00,56.34,128,100.0
6438,E-randwrite-precondition,39850,39,59125,59,59,57,2233,80,1497,6011,5511201251,1262395730,0.00,75.11,128,100.0
6439,E-randwrite-precondition,39850,39,59093,59,59,57,2235,80,1497,5970,5511201251,1262493546,0.00,50.08,128,100.0
6440,E-randwrite-precondition,39850,39,59062,59,59,57,2235,80,1497,5929,5511201251,1262627970,0.00,68.83,128,100.0
6441,E-randwrite-precondition,39850,39,59218,59,59,57,2236,80,1497,6011,5511201251,1262762386,0.00,68.82,128,97.6
6443,E-randwrite-precondition,39850,39,59000,59,59,57,2236,80,1497,5889,5511201251,1262872354,0.00,56.30,128,100.0
6444,E-randwrite-precondition,39850,39,59031,59,59,57,2238,80,1497,6052,5511201251,1263019138,0.00,75.15,128,100.0
6445,E-randwrite-precondition,39850,39,59406,59,59,57,2236,80,1497,6052,5511201251,1263129162,0.00,56.33,128,100.0
6446,E-randwrite-precondition,39850,39,59125,59,59,57,2235,80,1497,6052,5511201251,1263275738,0.00,75.05,128,100.0
6447,E-randwrite-precondition,39850,39,59093,59,59,57,2235,80,1497,5970,5511201251,1263373562,0.00,50.09,128,100.0
6448,E-randwrite-precondition,39850,39,58968,58,59,57,2238,80,1497,5929,5511201251,1263508106,0.00,68.89,128,100.0
6449,E-randwrite-precondition,39850,39,59125,59,59,57,2235,80,1497,6011,5511201251,1263642530,0.00,68.83,128,100.0
6451,E-randwrite-precondition,39850,39,59312,59,59,57,2233,80,1497,5848,5511201251,1263752410,0.00,56.26,128,100.0
6452,E-randwrite-precondition,39850,39,59031,59,59,57,2233,80,1497,6011,5511201251,1263886850,0.00,68.83,128,100.0
6453,E-randwrite-precondition,39850,39,58968,58,59,57,2231,80,1497,5970,5511201251,1263996914,0.00,56.35,128,100.0
6454,E-randwrite-precondition,39850,39,59000,59,59,57,2233,80,1497,5970,5511201251,1264119218,0.00,62.62,128,96.8
6455,E-randwrite-precondition,39850,39,59000,59,59,57,2237,80,1497,5929,5511201251,1264204802,0.00,43.82,128,100.0
6456,E-randwrite-precondition,39850,39,59218,59,59,57,2236,80,1497,6011,5511201251,1264327010,0.00,62.57,128,100.0
6457,E-randwrite-precondition,39850,39,59218,59,59,57,2236,80,1497,5970,5511201251,1264412594,0.00,43.82,128,100.0
6458,E-randwrite-precondition,39850,39,59125,59,59,57,2236,80,1497,6052,5511201251,1264522658,0.00,56.35,128,100.0
6460,E-randwrite-precondition,39850,39,59093,59,59,57,2235,80,1497,5889,5511201251,1264620482,0.00,50.09,128,100.0
6461,E-randwrite-precondition,39850,39,59031,59,59,57,2242,80,1497,6011,5511201251,1264730450,0.00,56.30,128,100.0
6462,E-randwrite-precondition,39850,39,59093,59,59,57,2244,80,1497,5929,5511201251,1264828138,0.00,50.02,128,100.0
6463,E-randwrite-precondition,39850,39,59093,59,59,57,2242,80,1497,6052,5511201251,1264938202,0.00,56.35,128,100.0
6465,E-randwrite-precondition,39850,39,58968,58,59,57,2236,80,1497,5889,5511201251,1265048266,0.00,56.35,128,100.0
6466,E-randwrite-precondition,39850,39,59343,59,59,57,2235,80,1497,6052,5511201251,1265158330,0.00,56.35,128,100.0
6467,E-randwrite-precondition,39850,39,59093,59,59,57,2233,80,1497,5929,5511201251,1265268242,0.00,56.27,128,100.0
6468,E-randwrite-precondition,39850,39,59156,59,59,57,2233,80,1497,6052,5511201251,1265378306,0.00,56.35,128,100.0
6470,E-randwrite-precondition,39850,39,59187,59,59,57,2233,80,1497,5889,5511201251,1265488370,0.00,56.35,128,100.0
6471,E-randwrite-precondition,39850,39,59218,59,59,57,2231,80,1497,6052,5511201251,1265598434,0.00,56.35,128,100.0
6472,E-randwrite-precondition,39850,39,59031,59,59,57,2235,80,1497,5970,5511201251,1265708330,0.00,56.27,128,100.0
6473,E-randwrite-precondition,39850,39,59125,59,59,57,2235,80,1497,6052,5511201251,1265818394,0.00,56.35,128,100.0
6475,E-randwrite-precondition,39850,39,59125,59,59,57,2234,80,1497,5929,5511201251,1265928330,0.00,56.29,128,100.0
6476,E-randwrite-precondition,39850,39,59093,59,59,57,2233,80,1497,6052,5511201251,1266038314,0.00,56.31,128,100.0
6477,E-randwrite-precondition,39850,39,59218,59,59,57,2238,80,1497,5929,5511201251,1266148170,0.00,56.25,128,100.0
6478,E-randwrite-precondition,39850,39,59312,59,59,57,2240,80,1497,6011,5511201251,1266258202,0.00,56.34,128,100.0
6480,E-randwrite-precondition,39850,39,59156,59,59,57,2235,80,1497,5889,5511201251,1266368218,0.00,56.33,128,100.0
6481,E-randwrite-precondition,39850,39,59187,59,59,57,2234,80,1497,6052,5511201251,1266514906,0.00,75.10,128,100.0
6482,E-randwrite-precondition,39850,39,59312,59,59,57,2233,80,1497,5970,5511201251,1266624858,0.00,56.30,128,100.0
6483,E-randwrite-precondition,39850,39,59062,59,59,57,2235,80,1497,6052,5511201251,1266771642,0.00,75.15,128,99.2
6484,E-randwrite-precondition,39850,39,59375,59,59,57,2235,80,1497,6011,5511201251,1266869466,0.00,50.09,128,100.0
6485,E-randwrite-precondition,39850,39,59093,59,59,57,2236,80,1497,6052,5511201251,1267016154,0.00,75.10,128,100.0
6487,E-randwrite-precondition,39850,39,59125,59,59,57,2236,80,1497,6052,5511201251,1267138266,0.00,62.52,128,100.0
6488,E-randwrite-precondition,39850,39,59375,59,59,57,2238,80,1497,6093,5511201251,1267260570,0.00,62.62,128,100.0
6489,E-randwrite-precondition,39850,39,59281,59,59,57,2233,80,1497,6052,5511201251,1267407258,0.00,75.10,128,100.0
6490,E-randwrite-precondition,39850,39,59156,59,59,57,2234,80,1497,6011,5511201251,1267529562,0.00,62.62,128,100.0
6491,E-randwrite-precondition,39850,39,59062,59,59,57,2233,80,1497,6052,5511201251,1267676106,0.00,75.03,128,100.0
6492,E-randwrite-precondition,39850,39,58843,58,59,57,2233,80,729,5439,5511201251,1267773930,0.00,50.09,128,100.0
6493,E-randwrite-precondition,39850,39,58875,58,58,57,2233,80,729,5275,5511201251,1267908474,0.00,68.89,128,100.0
6495,E-randwrite-precondition,39850,39,59093,59,59,57,2233,80,1344,5357,5511201251,1268055154,0.00,75.10,128,100.0
6496,E-randwrite-precondition,39850,39,58812,58,59,57,2229,80,1344,5275,5511201251,1268152906,0.00,50.05,128,100.0
6497,E-randwrite-precondition,39850,39,58812,58,58,57,2231,80,1420,5398,5511201251,1268299426,0.00,75.02,128,100.0
6498,E-randwrite-precondition,39850,39,58781,58,58,57,2235,80,883,5316,5511201251,1268409490,0.00,56.35,128,100.0
6499,E-randwrite-precondition,39850,39,59000,59,59,57,2236,80,1344,5357,5511201251,1268556138,0.00,75.08,128,100.0
6500,E-randwrite-precondition,39850,39,58687,58,58,57,2238,80,1497,5275,5511201251,1268641714,0.00,43.81,128,100.0
6501,E-randwrite-precondition,39850,39,58875,58,58,57,2235,80,1497,5316,5511201251,1268776010,0.00,68.76,128,100.0
6502,E-randwrite-precondition,39850,39,58781,58,58,57,2238,80,1267,5316,5511201251,1268886002,0.00,56.32,128,100.0
6504,E-randwrite-precondition,39850,39,58562,58,58,57,2240,80,729,5193,5511201251,1269008186,0.00,62.56,128,100.0
6505,E-randwrite-precondition,39850,39,58843,58,58,57,2240,80,1344,5275,5511201251,1269142626,0.00,68.83,128,100.0
6506,E-randwrite-precondition,39850,39,59000,59,59,57,2240,80,1344,5275,5511201251,1269240394,0.00,50.06,128,100.0
6507,E-randwrite-precondition,39850,39,58781,58,58,57,2238,80,1344,5357,5511201251,1269350386,0.00,56.32,128,100.0
6509,E-randwrite-precondition,39850,39,58562,58,58,57,2240,80,1497,5193,5511201251,1269448210,0.00,50.09,128,100.0
6510,E-randwrite-precondition,39850,39,59000,59,59,57,2243,80,1420,5316,5511201251,1269558274,0.00,56.35,128,100.0
6511,E-randwrite-precondition,39850,39,58812,58,58,57,2240,80,729,5234,5511201251,1269668266,0.00,56.32,128,100.0
6512,E-randwrite-precondition,39850,39,58625,58,58,57,2243,80,1420,5316,5511201251,1269778154,0.00,56.26,128,100.0
6514,E-randwrite-precondition,39850,39,58562,58,58,57,2241,80,1344,5193,5511201251,1269888178,0.00,56.33,128,100.0
6515,E-randwrite-precondition,39850,39,58625,58,58,57,2240,80,729,5316,5511201251,1269998242,0.00,56.35,128,100.0
6516,E-randwrite-precondition,39850,39,58500,58,58,57,2240,80,1113,5234,5511201251,1270108162,0.00,56.28,128,100.0
6517,E-randwrite-precondition,39850,39,58562,58,58,57,2243,80,1036,5316,5511201251,1270218098,0.00,56.29,128,100.0
6519,E-randwrite-precondition,39850,39,58500,58,58,57,2239,80,1344,5193,5511201251,1270328146,0.00,56.34,128,100.0
6520,E-randwrite-precondition,39850,39,58468,58,58,57,2238,80,1497,5316,5511201251,1270438162,0.00,56.33,128,100.0
6522,E-randwrite-precondition,39850,39,58562,58,58,57,2236,80,1420,5234,5511201251,1270547946,0.00,56.21,128,100.0
6523,E-randwrite-precondition,39850,39,58375,58,58,57,2236,80,1344,5316,5511201251,1270657890,0.00,56.29,128,100.0
6524,E-randwrite-precondition,39850,39,58500,58,58,57,2240,80,883,5193,5511201251,1270767834,0.00,56.29,128,100.0
6525,E-randwrite-precondition,39850,39,58375,58,58,57,2240,80,806,5316,5511201251,1270877834,0.00,56.32,128,100.0
6527,E-randwrite-precondition,39850,39,58625,58,58,57,2240,80,1497,5193,5511201251,1270987594,0.00,56.20,128,100.0
6528,E-randwrite-precondition,39850,39,58531,58,58,57,2240,80,1344,5275,5511201251,1271097554,0.00,56.30,128,100.0
6529,E-randwrite-precondition,39850,39,58343,58,58,57,2242,80,1344,5152,5511201251,1271207554,0.00,56.32,128,100.0
6530,E-randwrite-precondition,39850,39,58500,58,58,56,2243,80,1420,5275,5511201251,1271354218,0.00,75.09,128,100.0
6531,E-randwrite-precondition,39850,39,58562,58,58,57,2240,80,1497,5275,5511201251,1271464234,0.00,56.33,128,100.0
6532,E-randwrite-precondition,39850,39,58406,58,58,57,2242,80,1497,5316,5511201251,1271598610,0.00,68.80,128,100.0
6533,E-randwrite-precondition,39850,39,58281,58,58,57,2243,80,1497,5234,5511201251,1271696410,0.00,50.07,128,100.0
6535,E-randwrite-precondition,39850,39,58312,58,58,56,2240,80,1497,5316,5511201251,1271843090,0.00,75.10,128,100.0
6536,E-randwrite-precondition,39850,39,58593,58,58,56,2238,80,1497,5275,5511201251,1271953114,0.00,56.33,128,100.0
6537,E-randwrite-precondition,39850,39,58437,58,58,56,2242,80,1420,5234,5511201251,1272087362,0.00,68.73,128,100.0
6538,E-randwrite-precondition,39850,39,58625,58,58,56,2242,80,806,5275,5511201251,1272209642,0.00,62.61,128,100.0
6539,E-randwrite-precondition,39850,39,58281,58,58,56,2242,80,1497,5275,5511201251,1272331850,0.00,62.57,128,100.0
6540,E-randwrite-precondition,39850,39,58281,58,58,57,2245,80,1497,5316,5511201251,1272478522,0.00,75.10,128,100.0
6541,E-randwrite-precondition,39850,39,58281,58,58,56,2242,80,1344,5234,5511201251,1272576266,0.00,50.04,128,100.0
6542,E-randwrite-precondition,39850,39,58343,58,58,56,2245,80,883,5316,5511201251,1272722834,0.00,75.04,128,100.0
6544,E-randwrite-precondition,39850,39,58187,58,58,56,2247,80,1267,5316,5511201251,1272845042,0.00,62.57,128,100.0
6545,E-randwrite-precondition,39850,39,58406,58,58,56,2243,80,1497,5234,5511201251,1272967258,0.00,62.57,128,100.0
6546,E-randwrite-precondition,39850,39,58468,58,58,56,2247,80,1497,5316,5511201251,1273089546,0.00,62.61,128,100.0
6547,E-randwrite-precondition,39850,39,58312,58,58,57,2245,80,1267,5234,5511201251,1273199514,0.00,56.30,128,100.0
6548,E-randwrite-precondition,39850,39,58468,58,58,56,2249,80,883,5275,5511201251,1273333946,0.00,68.83,128,100.0
6549,E-randwrite-precondition,39850,39,58281,58,58,57,2247,80,1344,5193,5511201251,1273419602,0.00,43.86,128,100.0
6550,E-randwrite-precondition,39850,39,58187,58,58,56,2245,80,1036,5275,5511201251,1273554010,0.00,68.82,128,100.0
6551,E-randwrite-precondition,39850,39,58156,58,58,56,2247,80,1497,5234,5511201251,1273651834,0.00,50.09,128,100.0
6552,E-randwrite-precondition,39850,39,58406,58,58,56,2249,80,1497,5275,5511201251,1273774018,0.00,62.56,128,96.8
6554,E-randwrite-precondition,39850,39,58156,58,58,56,2247,80,729,5234,5511201251,1273859602,0.00,43.82,128,100.0
6555,E-randwrite-precondition,39850,39,58156,58,58,56,2249,80,1497,5357,5511201251,1273969666,0.00,56.35,128,100.0
6556,E-randwrite-precondition,39850,39,58750,58,58,56,2254,80,1497,5684,5511201251,1274067482,0.00,50.08,128,100.0
6557,E-randwrite-precondition,39850,39,58812,58,59,56,2254,80,1267,6011,5511201251,1274177458,0.00,56.31,128,100.0
6559,E-randwrite-precondition,39850,39,58812,58,59,56,2254,80,1420,5889,5511201251,1274287522,0.00,56.35,128,100.0
6560,E-randwrite-precondition,39850,39,58812,58,58,56,2237,77,1497,6011,5511201251,1274397586,0.00,56.35,128,100.0
6561,E-randwrite-precondition,39850,39,59062,59,59,56,2166,77,1420,5889,5511201251,1274507482,0.00,56.27,128,100.0
6562,E-randwrite-precondition,39850,39,58906,58,58,57,2161,77,1420,6011,5511201251,1274617458,0.00,56.31,128,100.0
6564,E-randwrite-precondition,39850,39,58937,58,58,56,2157,77,1497,5848,5511201251,1274727522,0.00,56.35,128,100.0
6565,E-randwrite-precondition,39850,39,59125,59,59,56,2151,77,1497,6052,5511201251,1274837586,0.00,56.35,128,100.0
6566,E-randwrite-precondition,39850,39,59156,59,59,56,2136,77,1497,5929,5511201251,1274947650,0.00,56.35,128,100.0
6567,E-randwrite-precondition,39850,39,58625,58,58,57,2135,77,1497,6011,5511201251,1275057474,0.00,56.23,128,100.0
6569,E-randwrite-precondition,39850,39,58625,58,58,57,2133,77,1497,5848,5511201251,1275167538,0.00,56.35,128,100.0
6570,E-randwrite-precondition,39850,39,58468,58,58,56,2130,77,1497,6011,5511201251,1275277602,0.00,56.35,128,100.0
6571,E-randwrite-precondition,39850,39,58625,58,58,57,2133,77,1497,5889,5511201251,1275387466,0.00,56.25,128,100.0
6573,E-randwrite-precondition,39850,39,58468,58,58,57,2132,77,1497,6011,5511201251,1275497306,0.00,56.24,128,100.0
6574,E-randwrite-precondition,39850,39,58531,58,58,57,2127,77,1497,5807,5511201251,1275607370,0.00,56.35,128,100.0
6575,E-randwrite-precondition,39850,39,58687,58,58,56,2130,77,1497,5970,5511201251,1275729554,0.00,62.56,128,100.0
6576,E-randwrite-precondition,39850,39,58562,58,59,57,2135,77,1497,5889,5511201251,1275827290,0.00,50.04,128,100.0
6577,E-randwrite-precondition,39850,39,58562,58,58,57,2135,77,1497,6011,5511201251,1275973946,0.00,75.09,128,100.0
6579,E-randwrite-precondition,39850,39,58531,58,58,57,2136,77,1497,5889,5511201251,1276071770,0.00,50.09,128,100.0
6580,E-randwrite-precondition,39850,39,58593,58,58,57,2140,77,1497,6011,5511201251,1276206314,0.00,68.89,128,100.0
6581,E-randwrite-precondition,39850,39,58781,58,58,57,2139,77,1497,5970,5511201251,1276316378,0.00,56.35,128,100.0
6582,E-randwrite-precondition,39850,39,58687,58,58,57,2143,77,1497,6011,5511201251,1276463042,0.00,75.09,128,100.0
6583,E-randwrite-precondition,39850,39,58687,58,58,57,2143,77,1497,5970,5511201251,1276560714,0.00,50.01,128,100.0
6584,E-randwrite-precondition,39850,39,58593,58,58,57,2144,77,1497,5929,5511201251,1276695170,0.00,68.84,128,100.0
6585,E-randwrite-precondition,39850,39,58906,58,58,57,2144,77,1497,6011,5511201251,1276829610,0.00,68.83,128,100.0
6586,E-randwrite-precondition,39850,39,58906,58,58,57,2148,77,1497,5889,5511201251,1276939554,0.00,56.29,128,100.0
6588,E-randwrite-precondition,39850,39,58937,58,59,57,2146,77,1497,6216,5511201251,1277086122,0.00,75.04,128,100.0
6589,E-randwrite-precondition,39850,39,58843,58,58,57,2146,77,1497,6134,5511201251,1277196122,0.00,56.32,128,99.6
6590,E-randwrite-precondition,39850,39,58812,58,58,57,2147,77,1497,6052,5511201251,1277342706,0.00,75.05,128,100.0
6591,E-randwrite-precondition,39850,39,58781,58,58,57,2151,77,1497,5970,5511201251,1277440530,0.00,50.09,128,100.0
6592,E-randwrite-precondition,39850,39,58718,58,58,57,2149,77,1497,5929,5511201251,1277575050,0.00,68.87,128,100.0
6593,E-randwrite-precondition,39850,39,58843,58,58,57,2147,77,1497,6011,5511201251,1277709450,0.00,68.81,128,100.0
6594,E-randwrite-precondition,39850,39,58625,58,58,57,2149,77,1497,5848,5511201251,1277819514,0.00,56.35,128,100.0
6595,E-randwrite-precondition,39850,39,58718,58,58,57,2146,77,1497,5970,5511201251,1277941722,0.00,62.57,128,98.8
6597,E-randwrite-precondition,39850,39,58812,58,58,57,2149,77,1497,5929,5511201251,1278039546,0.00,50.09,128,100.0
6598,E-randwrite-precondition,39850,39,58781,58,58,57,2149,77,1497,5970,5511201251,1278161642,0.00,62.51,128,100.0
6599,E-randwrite-precondition,39850,39,59281,59,59,57,2149,77,1344,5848,5511201251,1278247226,0.00,43.82,128,100.0
6600,E-randwrite-precondition,39850,39,59156,59,59,57,2149,77,1344,5970,5511201251,1278381650,0.00,68.83,128,100.0
6601,E-randwrite-precondition,39850,39,59125,59,59,57,2148,77,1420,5929,5511201251,1278467234,0.00,43.82,128,100.0
6602,E-randwrite-precondition,39850,39,59437,59,59,57,2149,77,1344,6011,5511201251,1278577298,0.00,56.35,128,100.0
6604,E-randwrite-precondition,39850,39,59218,59,59,57,2144,77,1267,5889,5511201251,1278687266,0.00,56.30,128,100.0
6605,E-randwrite-precondition,39850,39,59375,59,59,57,2146,77,1267,6011,5511201251,1278797330,0.00,56.35,128,100.0
6606,E-randwrite-precondition,39850,39,59375,59,59,57,2148,77,1420,5929,5511201251,1278895154,0.00,50.09,128,100.0
6607,E-randwrite-precondition,39850,39,59250,59,59,57,2148,77,1497,6011,5511201251,1279005122,0.00,56.30,128,100.0
6608,E-randwrite-precondition,39850,39,59500,59,59,57,2146,77,1420,6011,5511201251,1279115026,0.00,56.27,128,100.0
6609,E-randwrite-precondition,39850,39,59625,59,59,57,2146,77,1497,6011,5511201251,1279188362,0.00,37.55,128,100.0
6610,E-randwrite-precondition,39850,39,59281,59,59,57,2146,77,1420,6052,5511201251,1279298330,0.00,56.30,128,100.0
6612,E-randwrite-precondition,39850,39,59437,59,59,57,2151,77,1267,5970,5511201251,1279384010,0.00,43.87,128,100.0
6613,E-randwrite-precondition,39850,39,58562,58,58,57,2154,77,1497,5398,5511201251,1279493714,0.00,56.17,128,100.0
6614,E-randwrite-precondition,39850,39,58687,58,58,57,2156,77,806,5275,5511201251,1279567034,0.00,37.54,128,100.0
6615,E-randwrite-precondition,39850,39,58531,58,58,57,2156,77,1344,5357,5511201251,1279677090,0.00,56.35,128,100.0
6616,E-randwrite-precondition,39850,39,58687,58,58,57,2156,77,729,5234,5511201251,1279774874,0.00,50.07,128,100.0
6617,E-randwrite-precondition,39850,39,58500,58,58,57,2157,77,1420,5357,5511201251,1279884786,0.00,56.27,128,100.0
6618,E-randwrite-precondition,39850,39,58750,58,58,57,2153,77,1344,5357,5511201251,1279994618,0.00,56.23,128,100.0
6619,E-randwrite-precondition,39850,39,58562,58,58,57,2145,77,1267,5316,5511201251,1280068042,0.00,37.59,128,100.0
6621,E-randwrite-precondition,39850,39,58562,58,58,57,2137,77,1420,5316,5511201251,1280178010,0.00,56.30,128,100.0
6622,E-randwrite-precondition,39850,39,58500,58,58,56,2135,77,1420,5275,5511201251,1280275802,0.00,50.07,128,100.0
6623,E-randwrite-precondition,39850,39,58468,58,58,57,2135,77,1420,5275,5511201251,1280385674,0.00,56.25,128,100.0
6624,E-randwrite-precondition,39850,39,58593,58,58,57,2137,77,1344,5234,5511201251,1280471242,0.00,43.81,128,100.0
6625,E-randwrite-precondition,39850,39,58437,58,58,56,2135,77,1420,5316,5511201251,1280618010,0.00,75.15,128,100.0
6626,E-randwrite-precondition,39850,39,58656,58,58,57,2133,77,1420,5275,5511201251,1280728058,0.00,56.34,128,100.0
6627,E-randwrite-precondition,39850,39,58406,58,58,57,2130,77,729,5234,5511201251,1280874738,0.00,75.10,128,100.0
6629,E-randwrite-precondition,39850,39,58406,58,58,56,2130,77,1420,5357,5511201251,1280996898,0.00,62.55,128,100.0
6630,E-randwrite-precondition,39850,39,58593,58,58,56,2135,77,729,5275,5511201251,1281106962,0.00,56.35,128,100.0
6631,E-randwrite-precondition,39850,39,58468,58,58,57,2135,77,1267,5316,5511201251,1281253578,0.00,75.07,128,100.0
6632,E-randwrite-precondition,39850,39,58687,58,58,56,2135,77,729,5275,5511201251,1281351402,0.00,50.09,128,100.0
6633,E-randwrite-precondition,39850,39,58375,58,58,56,2136,77,1420,5316,5511201251,1281498154,0.00,75.14,128,100.0
6634,E-randwrite-precondition,39850,39,58562,58,58,57,2136,77,729,5275,5511201251,1281608218,0.00,56.35,128,100.0
6635,E-randwrite-precondition,39850,39,58500,58,58,57,2137,77,1036,5234,5511201251,1281754906,0.00,75.10,128,100.0
6637,E-randwrite-precondition,39850,39,58437,58,58,57,2140,77,1344,5316,5511201251,1281877210,0.00,62.62,128,97.2
6638,E-randwrite-precondition,39850,39,58437,58,58,57,2140,77,1420,5234,5511201251,1281987258,0.00,56.34,128,100.0
6639,E-randwrite-precondition,39850,39,58375,58,58,57,2141,77,1497,5357,5511201251,1282133842,0.00,75.05,128,100.0
6640,E-randwrite-precondition,39850,39,58593,58,58,57,2143,77,1344,5275,5511201251,1282243906,0.00,56.35,128,100.0
6641,E-randwrite-precondition,39850,39,58468,58,58,57,2141,77,1344,5357,5511201251,1282390690,0.00,75.15,128,100.0
6642,E-randwrite-precondition,39850,39,58468,58,58,56,2144,77,1344,5316,5511201251,1282500754,0.00,56.35,128,100.0
6643,E-randwrite-precondition,39850,39,58406,58,58,56,2148,77,1267,5234,5511201251,1282635058,0.00,68.76,128,100.0
6645,E-randwrite-precondition,39850,39,58437,58,58,56,2146,77,1420,5316,5511201251,1282745122,0.00,56.35,128,100.0
6646,E-randwrite-precondition,39850,39,58468,58,58,57,2152,77,1344,5234,5511201251,1282855186,0.00,56.35,128,100.0
6647,E-randwrite-precondition,39850,39,58312,58,58,56,2156,77,1113,5316,5511201251,1282989730,0.00,68.89,128,100.0
6648,E-randwrite-precondition,39850,39,58406,58,58,56,2154,77,729,5234,5511201251,1283075234,0.00,43.78,129,100.0
6649,E-randwrite-precondition,39850,39,58250,58,58,57,2152,77,1420,5316,5511201251,1283221642,0.00,74.96,128,100.0
6650,E-randwrite-precondition,39850,39,58312,58,58,56,2146,77,1420,5275,5511201251,1283307202,0.00,43.81,128,94.8
6651,E-randwrite-precondition,39850,39,58250,58,58,56,2148,77,1497,5357,5511201251,1283417146,0.00,56.29,128,100.0
6653,E-randwrite-precondition,39850,39,58375,58,58,56,2152,77,960,5193,5511201251,1283514850,0.00,50.02,128,100.0
6654,E-randwrite-precondition,39850,39,58218,58,58,56,2156,77,1497,5316,5511201251,1283624602,0.00,56.19,128,100.0
6655,E-randwrite-precondition,39850,39,58281,58,58,56,2159,77,1420,5234,5511201251,1283734650,0.00,56.34,128,100.0
6656,E-randwrite-precondition,39850,39,58343,58,58,57,2151,77,1113,5357,5511201251,1283844714,0.00,56.35,128,100.0
6658,E-randwrite-precondition,39850,39,58531,58,58,57,2136,77,1036,5234,5511201251,1283954738,0.00,56.33,128,100.0
6659,E-randwrite-precondition,39850,39,58250,58,58,57,2138,77,1113,5316,5511201251,1284064618,0.00,56.26,128,100.0
6660,E-randwrite-precondition,39850,39,58187,58,58,56,2135,77,1344,5234,5511201251,1284174666,0.00,56.34,128,100.0
6662,E-randwrite-precondition,39850,39,58250,58,58,56,2133,77,1497,5357,5511201251,1284284530,0.00,56.25,128,100.0
6663,E-randwrite-precondition,39850,39,58343,58,58,57,2132,77,1497,5193,5511201251,1284394370,0.00,56.24,128,100.0
6664,E-randwrite-precondition,39850,39,58312,58,58,57,2133,77,1420,5316,5511201251,1284504434,0.00,56.35,128,100.0
6666,E-randwrite-precondition,39850,39,58343,58,58,56,2131,77,1420,5193,5511201251,1284614450,0.00,56.33,128,100.0
6667,E-randwrite-precondition,39850,39,58281,58,58,57,2133,77,1344,5357,5511201251,1284724514,0.00,56.35,128,100.0
6668,E-randwrite-precondition,39850,39,58343,58,58,57,2130,77,1344,5193,5511201251,1284834458,0.00,56.29,128,100.0
6669,E-randwrite-precondition,39850,39,58250,58,58,57,2131,77,806,5316,5511201251,1284944514,0.00,56.35,128,100.0
6671,E-randwrite-precondition,39850,39,58093,58,58,56,2135,77,1497,5193,5511201251,1285054562,0.00,56.34,128,100.0
6672,E-randwrite-precondition,39850,39,58500,58,58,56,2131,77,1036,5275,5511201251,1285164498,0.00,56.29,128,100.0
6673,E-randwrite-precondition,39850,39,58281,58,58,56,2131,77,1344,5193,5511201251,1285274562,0.00,56.35,128,100.0
6674,E-randwrite-precondition,39850,39,58250,58,58,56,2134,77,1344,5316,5511201251,1285433562,0.00,81.41,128,100.0
6675,E-randwrite-precondition,39850,39,58250,58,58,56,2136,77,1344,5275,5511201251,1285543570,0.00,56.32,128,100.0
6676,E-randwrite-precondition,39850,39,59093,59,58,57,2134,77,1344,5970,5511201251,1285690258,0.00,75.10,128,100.0
6678,E-randwrite-precondition,39850,39,59156,59,59,56,2134,77,1344,6011,5511201251,1285800322,0.00,56.35,128,100.0
6679,E-randwrite-precondition,39850,39,58937,58,58,56,2136,77,1497,5889,5511201251,1285934754,0.00,68.83,128,100.0
6680,E-randwrite-precondition,39850,39,58656,58,58,56,2136,77,1497,6011,5511201251,1286069178,0.00,68.83,128,100.0
6681,E-randwrite-precondition,39850,39,58562,58,58,57,2134,77,1497,5889,5511201251,1286167002,0.00,50.09,128,100.0
6682,E-randwrite-precondition,39850,39,58562,58,58,57,2133,77,1497,6011,5511201251,1286313762,0.00,75.14,128,100.0
6683,E-randwrite-precondition,39850,39,58406,58,58,57,2136,77,1497,5970,5511201251,1286423698,0.00,56.29,128,100.0
6684,E-randwrite-precondition,39850,39,58562,58,58,56,2135,77,1497,6052,5511201251,1286570386,0.00,75.10,128,100.0
6685,E-randwrite-precondition,39850,39,58531,58,58,56,2133,77,1497,6011,5511201251,1286668202,0.00,50.08,128,100.0
6687,E-randwrite-precondition,39850,39,58500,58,58,57,2135,77,1497,5929,5511201251,1286802626,0.00,68.83,128,100.0
6688,E-randwrite-precondition,39850,39,58656,58,58,57,2136,77,1497,6011,5511201251,1286936970,0.00,68.78,128,100.0
6689,E-randwrite-precondition,39850,39,58906,58,58,57,2132,77,1497,6297,5511201251,1287046994,0.00,56.33,128,100.0
6690,E-randwrite-precondition,39850,39,58718,58,58,57,2135,77,1497,6052,5511201251,1287193778,0.00,75.15,128,100.0
6691,E-randwrite-precondition,39850,39,58718,58,58,57,2136,77,1497,5970,5511201251,1287291602,0.00,50.09,128,100.0
6692,E-randwrite-precondition,39850,39,58750,58,58,57,2132,77,1497,6011,5511201251,1287426050,0.00,68.84,128,100.0
6693,E-randwrite-precondition,39850,39,58656,58,58,57,2130,77,1497,5929,5511201251,1287511514,0.00,43.76,128,100.0
6694,E-randwrite-precondition,39850,39,58687,58,58,57,2135,77,1497,6011,5511201251,1287646018,0.00,68.87,128,100.0
6696,E-randwrite-precondition,39850,39,58781,58,58,57,2130,77,1497,5970,5511201251,1287756082,0.00,56.35,128,100.0
6697,E-randwrite-precondition,39850,39,58718,58,58,57,2132,77,1497,6011,5511201251,1287878386,0.00,62.62,128,100.0
6698,E-randwrite-precondition,39850,39,58687,58,58,57,2132,77,1497,5970,5511201251,1287951730,0.00,37.55,128,100.0
6699,E-randwrite-precondition,39850,39,59062,59,59,57,2132,77,1497,6052,5511201251,1288061690,0.00,56.30,128,100.0
6700,E-randwrite-precondition,39850,39,58843,58,59,57,2130,77,1497,5929,5511201251,1288147274,0.00,43.82,128,100.0
6701,E-randwrite-precondition,39850,39,58843,58,58,57,2133,77,1497,6011,5511201251,1288257338,0.00,56.35,128,100.0
6702,E-randwrite-precondition,39850,39,58781,58,58,57,2133,77,1497,5848,5511201251,1288355122,0.00,50.07,128,100.0
6704,E-randwrite-precondition,39850,39,58781,58,58,57,2133,77,1497,6011,5511201251,1288465018,0.00,56.27,128,100.0
6705,E-randwrite-precondition,39850,39,58750,58,58,57,2133,77,1497,5889,5511201251,1288575082,0.00,56.35,128,100.0
6706,E-randwrite-precondition,39850,39,58812,58,58,57,2132,77,1497,6011,5511201251,1288685050,0.00,56.30,128,100.0
6708,E-randwrite-precondition,39850,39,58687,58,58,57,2132,77,1497,5889,5511201251,1288795114,0.00,56.35,128,100.0
6709,E-randwrite-precondition,39850,39,59000,59,58,57,2133,77,1497,6011,5511201251,1288905122,0.00,56.32,128,100.0
6710,E-randwrite-precondition,39850,39,58875,58,58,57,2132,77,1497,5929,5511201251,1289002906,0.00,50.07,128,100.0
6711,E-randwrite-precondition,39850,39,58781,58,58,57,2130,77,1497,6011,5511201251,1289112970,0.00,56.35,128,100.0
6712,E-randwrite-precondition,39850,39,58750,58,58,57,2128,77,1497,6052,5511201251,1289223034,0.00,56.35,128,100.0
6713,E-randwrite-precondition,39850,39,58750,58,58,57,2130,77,1497,6011,5511201251,1289296378,0.00,37.55,128,100.0
6715,E-randwrite-precondition,39850,39,58843,58,58,57,2127,77,1497,6052,5511201251,1289406282,0.00,56.27,128,100.0
6716,E-randwrite-precondition,39850,39,58781,58,58,57,2132,77,1497,6011,5511201251,1289491866,0.00,43.82,128,100.0
6717,E-randwrite-precondition,39850,39,59062,59,58,57,2130,77,1497,6011,5511201251,1289601930,0.00,56.35,128,100.0
6718,E-randwrite-precondition,39850,39,58812,58,58,57,2128,77,1497,5889,5511201251,1289687426,0.00,43.77,128,100.0
6719,E-randwrite-precondition,39850,39,58937,58,59,57,2131,77,1497,5970,5511201251,1289797250,0.00,56.23,128,100.0
6720,E-randwrite-precondition,39850,39,58906,58,58,57,2132,77,1497,5889,5511201251,1289895066,0.00,50.08,128,100.0
6721,E-randwrite-precondition,39850,39,58937,58,58,57,2133,77,1497,6011,5511201251,1290029610,0.00,68.89,128,100.0
6722,E-randwrite-precondition,39850,39,58937,58,58,57,2133,77,1497,5889,5511201251,1290127434,0.00,50.09,128,100.0
6723,E-randwrite-precondition,39850,39,59093,59,58,57,2133,77,1497,6011,5511201251,1290274122,0.00,75.10,128,100.0
6725,E-randwrite-precondition,39850,39,58968,58,59,57,2135,77,1497,6011,5511201251,1290383994,0.00,56.25,128,89.2
6726,E-randwrite-precondition,39850,39,59031,59,59,57,2135,77,1497,6011,5511201251,1290530778,0.00,75.15,128,100.0
6727,E-randwrite-precondition,39850,39,59031,59,58,57,2135,77,1497,5970,5511201251,1290628570,0.00,50.07,128,100.0
6728,E-randwrite-precondition,39850,39,58937,58,58,57,2133,77,1497,5929,5511201251,1290762978,0.00,68.82,128,100.0
6729,E-randwrite-precondition,39850,39,59156,59,59,57,2133,77,1497,6011,5511201251,1290897378,0.00,68.81,128,100.0
6730,E-randwrite-precondition,39850,39,58906,58,58,57,2135,77,1497,5889,5511201251,1291007442,0.00,56.35,135,100.0
6731,E-randwrite-precondition,39850,39,59062,59,59,57,2132,77,1497,6011,5511201251,1291154130,0.00,75.10,128,100.0
6732,E-randwrite-precondition,39850,39,58718,58,58,57,2133,77,883,5357,5511201251,1291264146,0.00,56.33,128,100.0
6733,E-randwrite-precondition,39850,39,58687,58,59,57,2130,77,1267,5357,5511201251,1291410930,0.00,75.15,128,100.0
6735,E-randwrite-precondition,39850,39,58656,58,58,57,2128,77,883,5275,5511201251,1291508530,0.00,49.97,128,100.0
6736,E-randwrite-precondition,39850,39,58750,58,58,57,2132,77,1036,5234,5511201251,1291642930,0.00,68.81,128,100.0
6737,E-randwrite-precondition,39850,39,58750,58,58,57,2132,77,729,5275,5511201251,1291777434,0.00,68.87,128,100.0
6738,E-randwrite-precondition,39850,39,58656,58,58,57,2135,77,1344,5193,5511201251,1291887410,0.00,56.31,128,100.0
6739,E-randwrite-precondition,39850,39,58687,58,58,57,2138,77,1420,5316,5511201251,1292021602,0.00,68.71,128,100.0
6740,E-randwrite-precondition,39850,39,58468,58,58,57,2138,77,806,5234,5511201251,1292119314,0.00,50.03,128,100.0
6742,E-randwrite-precondition,39850,39,58593,58,58,57,2138,77,729,5316,5511201251,1292253818,0.00,68.87,128,100.0
6743,E-randwrite-precondition,39850,39,58500,58,58,57,2140,77,1497,5234,5511201251,1292351602,0.00,50.07,128,100.0
6744,E-randwrite-precondition,39850,39,58656,58,58,57,2136,77,1497,5275,5511201251,1292473818,0.00,62.57,128,100.0
6745,E-randwrite-precondition,39850,39,58812,58,58,57,2135,77,1420,5316,5511201251,1292559234,0.00,43.73,128,100.0
6746,E-randwrite-precondition,39850,39,58437,58,58,57,2135,77,1344,5357,5511201251,1292669186,0.00,56.30,128,100.0
6747,E-randwrite-precondition,39850,39,58687,58,58,57,2138,77,1344,5234,5511201251,1292742506,0.00,37.54,128,100.0
6748,E-randwrite-precondition,39850,39,58593,58,58,57,2137,77,806,5357,5511201251,1292852570,0.00,56.35,128,100.0
6750,E-randwrite-precondition,39850,39,58406,58,58,57,2137,77,1420,5234,5511201251,1292962322,0.00,56.19,128,100.0
6751,E-randwrite-precondition,39850,39,58562,58,58,57,2140,77,960,5398,5511201251,1293072266,0.00,56.29,128,100.0
6752,E-randwrite-precondition,39850,39,58437,58,58,57,2141,77,1344,5357,5511201251,1293182210,0.00,56.29,128,100.0
6753,E-randwrite-precondition,39850,39,58437,58,58,56,2141,77,1344,5316,5511201251,1293267770,0.00,43.81,128,100.0
6754,E-randwrite-precondition,39850,39,58437,58,58,57,2140,77,1267,5357,5511201251,1293377682,0.00,56.27,128,100.0
6755,E-randwrite-precondition,39850,39,58531,58,58,57,2138,77,1344,5316,5511201251,1293475418,0.00,50.04,128,100.0
6757,E-randwrite-precondition,39850,39,58593,58,58,56,2140,77,806,5357,5511201251,1293585378,0.00,56.30,128,100.0
6758,E-randwrite-precondition,39850,39,58593,58,58,56,2143,77,1420,5275,5511201251,1293658722,0.00,37.55,128,100.0
6759,E-randwrite-precondition,39850,39,58437,58,58,57,2143,77,1420,5357,5511201251,1293768690,0.00,56.30,128,100.0
6760,E-randwrite-precondition,39850,39,58531,58,58,57,2141,77,1420,5275,5511201251,1293854178,0.00,43.77,128,100.0
6761,E-randwrite-precondition,39850,39,58375,58,58,57,2141,77,1344,5357,5511201251,1293964146,0.00,56.30,128,100.0
6763,E-randwrite-precondition,39850,39,58312,58,58,57,2141,77,1036,5193,5511201251,1294074154,0.00,56.32,128,100.0
6764,E-randwrite-precondition,39850,39,58406,58,58,56,2141,77,806,5357,5511201251,1294184170,0.00,56.33,128,100.0
6765,E-randwrite-precondition,39850,39,58406,58,58,56,2143,77,1036,5234,5511201251,1294281698,0.00,49.93,128,100.0
6766,E-randwrite-precondition,39850,39,58437,58,58,56,2144,77,1036,5275,5511201251,1294391730,0.00,56.34,128,100.0
6767,E-randwrite-precondition,39850,39,58187,58,58,56,2145,77,1420,5152,5511201251,1294501770,0.00,56.34,128,100.0
6769,E-randwrite-precondition,39850,39,58343,58,58,56,2144,77,1344,5316,5511201251,1294648458,0.00,75.10,128,100.0
6770,E-randwrite-precondition,39850,39,58500,58,58,57,2145,77,1036,5275,5511201251,1294758314,0.00,56.25,128,100.0
6771,E-randwrite-precondition,39850,39,58312,58,58,56,2145,77,729,5357,5511201251,1294904994,0.00,75.10,128,100.0
6772,E-randwrite-precondition,39850,39,58468,58,58,56,2141,77,1344,5316,5511201251,1295002810,0.00,50.08,128,100.0
6773,E-randwrite-precondition,39850,39,58312,58,58,57,2145,77,1267,5357,5511201251,1295149498,0.00,75.10,128,100.0
6774,E-randwrite-precondition,39850,39,58343,58,58,57,2151,77,1344,5357,5511201251,1295259562,0.00,56.35,128,100.0
6775,E-randwrite-precondition,39850,39,58281,58,58,57,2154,77,1344,5275,5511201251,1295381562,0.00,62.46,128,100.0
6776,E-randwrite-precondition,39850,39,58218,58,58,56,2149,77,729,5316,5511201251,1295516106,0.00,68.89,128,100.0
6777,E-randwrite-precondition,39850,39,58312,58,58,56,2143,77,1344,5275,5511201251,1295626002,0.00,56.27,128,100.0
6779,E-randwrite-precondition,39850,39,58250,58,58,57,2136,77,960,5357,5511201251,1295772786,0.00,75.15,128,100.0
6780,E-randwrite-precondition,39850,39,58406,58,58,56,2135,77,806,5275,5511201251,1295870434,0.00,50.00,128,100.0
6781,E-randwrite-precondition,39850,39,58531,58,58,56,2136,77,1497,5357,5511201251,1296017122,0.00,75.10,128,100.0
6782,E-randwrite-precondition,39850,39,58375,58,58,56,2135,77,1497,5316,5511201251,1296127186,0.00,56.35,128,100.0
6783,E-randwrite-precondition,39850,39,58187,58,58,56,2135,77,960,5275,5511201251,1296261730,0.00,68.89,128,100.0
6784,E-randwrite-precondition,39850,39,58218,58,58,56,2135,77,1344,5357,5511201251,1296396274,0.00,68.89,128,100.0
6785,E-randwrite-precondition,39850,39,58343,58,58,57,2136,77,1497,5275,5511201251,1296506082,0.00,56.22,128,100.0
6786,E-randwrite-precondition,39850,39,58343,58,58,56,2137,77,1267,5357,5511201251,1296652866,0.00,75.15,128,100.0
6787,E-randwrite-precondition,39850,39,58187,58,58,56,2138,77,1497,5234,5511201251,1296738386,0.00,43.79,128,100.0
6789,E-randwrite-precondition,39850,39,58187,58,58,56,2141,77,1497,5316,5511201251,1296872930,0.00,68.89,128,100.0
6790,E-randwrite-precondition,39850,39,58312,58,58,56,2138,77,1344,5561,5511201251,1296970754,0.00,50.09,128,100.0
6791,E-randwrite-precondition,39850,39,58281,58,58,56,2138,77,806,5316,5511201251,1297092690,0.00,62.43,128,100.0
6792,E-randwrite-precondition,39850,39,58156,58,58,56,2139,77,1497,5275,5511201251,1297190514,0.00,50.09,128,100.0
6793,E-randwrite-precondition,39850,39,58343,58,58,56,2141,77,1267,5316,5511201251,1297312698,0.00,62.56,128,100.0
6794,E-randwrite-precondition,39850,39,58156,58,58,56,2139,77,1420,5316,5511201251,1297398226,0.00,43.79,128,99.6
6795,E-randwrite-precondition,39850,39,58281,58,58,56,2146,77,1420,5357,5511201251,1297508154,0.00,56.28,128,100.0
6796,E-randwrite-precondition,39850,39,58500,58,58,56,2146,77,1497,5848,5511201251,1297593738,0.00,43.82,128,100.0
6798,E-randwrite-precondition,39850,39,58531,58,58,57,2152,77,1497,6011,5511201251,1297703802,0.00,56.35,128,100.0
6799,E-randwrite-precondition,39850,39,58781,58,58,56,2152,77,1497,5970,5511201251,1297801514,0.00,50.03,128,100.0
6800,E-randwrite-precondition,39850,39,58468,58,58,57,2149,77,1497,6011,5511201251,1297911410,0.00,56.27,128,100.0
6801,E-randwrite-precondition,39850,39,58687,58,58,57,2141,77,1497,5889,5511201251,1298021474,0.00,56.35,128,100.0
6803,E-randwrite-precondition,39850,39,58750,58,58,56,2144,77,1497,6011,5511201251,1298131538,0.00,56.35,128,100.0
6804,E-randwrite-precondition,39850,39,58656,58,58,56,2152,77,1497,5929,5511201251,1298241602,0.00,56.35,128,100.0
6805,E-randwrite-precondition,39850,39,58500,58,58,57,2156,77,1497,6011,5511201251,1298351538,0.00,56.29,128,100.0
6807,E-randwrite-precondition,39850,39,58687,58,58,57,2152,77,1497,5889,5511201251,1298461498,0.00,56.30,128,100.0
6808,E-randwrite-precondition,39850,39,58593,58,58,56,2156,77,1497,6011,5511201251,1298571570,0.00,56.36,128,100.0
6809,E-randwrite-precondition,39850,39,58906,58,58,57,2156,77,1497,5929,5511201251,1298669394,0.00,50.09,128,100.0
6810,E-randwrite-precondition,39850,39,58750,58,58,57,2143,77,1497,6011,5511201251,1298779370,0.00,56.31,128,100.0
6811,E-randwrite-precondition,39850,39,58718,58,58,56,2134,77,1497,6011,5511201251,1298889434,0.00,56.35,128,100.0
6812,E-randwrite-precondition,39850,39,58656,58,58,57,2135,77,1497,5970,5511201251,1298962778,0.00,37.55,128,100.0
6814,E-randwrite-precondition,39850,39,58625,58,58,57,2135,77,1497,5970,5511201251,1299072818,0.00,56.34,128,100.0
6815,E-randwrite-precondition,39850,39,58593,58,58,57,2138,77,1497,5929,5511201251,1299158394,0.00,43.81,128,100.0
6816,E-randwrite-precondition,39850,39,58593,58,58,57,2135,77,1497,5929,5511201251,1299268330,0.00,56.29,128,100.0
6817,E-randwrite-precondition,39850,39,58718,58,58,56,2135,77,1497,5889,5511201251,1299353890,0.00,43.81,128,100.0
6818,E-randwrite-precondition,39850,39,58687,58,58,57,2135,77,1497,5970,5511201251,1299500634,0.00,75.13,128,100.0
6819,E-randwrite-precondition,39850,39,58625,58,58,57,2136,77,1497,5970,5511201251,1299610658,0.00,56.33,128,100.0
6820,E-randwrite-precondition,39850,39,58687,58,58,57,2135,77,1497,5970,5511201251,1299744922,0.00,68.74,128,100.0
6821,E-randwrite-precondition,39850,39,58687,58,59,57,2138,77,1497,5970,5511201251,1299854882,0.00,56.30,128,100.0
6822,E-randwrite-precondition,39850,39,58687,58,58,57,2138,77,1497,5929,5511201251,1299989426,0.00,68.89,128,100.0
6823,E-randwrite-precondition,39850,39,58750,58,58,57,2138,77,1497,6011,5511201251,1300123858,0.00,68.83,128,100.0
6825,E-randwrite-precondition,39850,39,58750,58,58,57,2136,77,1497,5889,5511201251,1300233802,0.00,56.29,128,100.0
6826,E-randwrite-precondition,39850,39,58687,58,59,57,2136,77,1497,6011,5511201251,1300380450,0.00,75.08,128,100.0
6827,E-randwrite-precondition,39850,39,58906,58,58,57,2140,77,1497,5970,5511201251,1300490442,0.00,56.32,128,100.0
6828,E-randwrite-precondition,39850,39,58718,58,58,57,2140,77,1497,6011,5511201251,1300637130,0.00,75.10,128,100.0
6829,E-randwrite-precondition,39850,39,58812,58,58,57,2143,77,1497,5970,5511201251,1300734954,0.00,50.09,128,100.0
6830,E-randwrite-precondition,39850,39,58812,58,58,57,2146,77,1497,5889,5511201251,1300869338,0.00,68.80,128,100.0
6831,E-randwrite-precondition,39850,39,58812,58,58,57,2148,77,1497,6011,5511201251,1301003746,0.00,68.82,128,100.0
6832,E-randwrite-precondition,39850,39,58968,58,58,57,2148,77,1497,5889,5511201251,1301113810,0.00,56.35,128,100.0
6834,E-randwrite-precondition,39850,39,58750,58,58,57,2147,77,1497,6011,5511201251,1301248250,0.00,68.83,128,100.0
6835,E-randwrite-precondition,39850,39,58812,58,58,57,2152,77,1497,5929,5511201251,1301346034,0.00,50.07,128,100.0
6836,E-randwrite-precondition,39850,39,58781,58,59,57,2152,77,1497,6011,5511201251,1301480418,0.00,68.80,128,100.0
6837,E-randwrite-precondition,39850,39,58875,58,58,57,2154,77,1497,5970,5511201251,1301578154,0.00,50.04,128,100.0
6838,E-randwrite-precondition,39850,39,58812,58,59,57,2154,77,1497,6011,5511201251,1301700258,0.00,62.52,128,100.0
6839,E-randwrite-precondition,39850,39,58750,58,58,57,2159,77,1497,5970,5511201251,1301797978,0.00,50.03,128,100.0
6840,E-randwrite-precondition,39850,39,58812,58,58,57,2157,77,1497,5970,5511201251,1301919978,0.00,62.46,128,100.0
6841,E-randwrite-precondition,39850,39,58718,58,58,57,2151,77,1497,5889,5511201251,1301993202,0.00,37.49,128,100.0
6842,E-randwrite-precondition,39850,39,58812,58,58,57,2138,77,1497,6052,5511201251,1302103258,0.00,56.35,128,100.0
6844,E-randwrite-precondition,39850,39,58687,58,58,57,2141,77,1497,5889,5511201251,1302188786,0.00,43.79,128,100.0
6845,E-randwrite-precondition,39850,39,58718,58,58,57,2134,77,1497,6011,5511201251,1302298770,0.00,56.31,128,100.0
6846,E-randwrite-precondition,39850,39,58781,58,59,57,2131,77,1497,6052,5511201251,1302408738,0.00,56.30,128,100.0
6847,E-randwrite-precondition,39850,39,59093,59,58,57,2133,77,1497,6011,5511201251,1302482082,0.00,37.55,128,100.0
6848,E-randwrite-precondition,39850,39,58781,58,58,57,2133,77,1497,6052,5511201251,1302592146,0.00,56.35,128,100.0
6849,E-randwrite-precondition,39850,39,58843,58,58,57,2131,77,1497,5970,5511201251,1302677642,0.00,43.77,128,100.0
6850,E-randwrite-precondition,39850,39,58718,58,58,57,2135,77,1497,6011,5511201251,1302787482,0.00,56.24,128,100.0
6851,E-randwrite-precondition,39850,39,58843,58,59,57,2131,77,1497,5889,5511201251,1302860826,0.00,37.55,128,100.0
6852,E-randwrite-precondition,39850,39,58812,58,58,57,2134,77,1344,5398,5511201251,1302958626,0.00,50.07,128,100.0
6854,E-randwrite-precondition,39850,39,58500,58,58,57,2138,77,1344,5234,5511201251,1303068690,0.00,56.35,128,100.0
6855,E-randwrite-precondition,39850,39,58687,58,58,57,2142,77,729,5398,5511201251,1303178754,0.00,56.35,128,100.0
6856,E-randwrite-precondition,39850,39,58625,58,58,57,2146,77,729,5234,5511201251,1303288682,0.00,56.28,128,100.0
6858,E-randwrite-precondition,39850,39,58500,58,58,57,2149,77,1344,5357,5511201251,1303398746,0.00,56.35,128,100.0
6859,E-randwrite-precondition,39850,39,58437,58,58,57,2144,77,1344,5234,5511201251,1303508810,0.00,56.35,128,100.0
6860,E-randwrite-precondition,39850,39,58687,58,58,57,2151,77,1497,5357,5511201251,1303618874,0.00,56.35,128,100.0
6862,E-randwrite-precondition,39850,39,58500,58,58,56,2154,77,1344,5193,5511201251,1303728746,0.00,56.25,128,100.0
6863,E-randwrite-precondition,39850,39,58531,58,58,56,2154,77,1344,5275,5511201251,1303838618,0.00,56.25,128,100.0
6864,E-randwrite-precondition,39850,39,58437,58,58,57,2157,77,1344,5193,5511201251,1303948570,0.00,56.30,128,100.0
6865,E-randwrite-precondition,39850,39,58656,58,58,57,2159,77,729,5398,5511201251,1304095306,0.00,75.13,128,100.0
6866,E-randwrite-precondition,39850,39,58500,58,58,57,2160,77,729,5275,5511201251,1304205210,0.00,56.27,128,100.0
6867,E-randwrite-precondition,39850,39,58437,58,58,56,2155,77,1497,5316,5511201251,1304351898,0.00,75.10,128,100.0
6868,E-randwrite-precondition,39850,39,58531,58,58,56,2144,77,1344,5316,5511201251,1304461962,0.00,56.35,128,100.0
6870,E-randwrite-precondition,39850,39,58250,58,58,57,2134,77,1036,5234,5511201251,1304608746,0.00,75.15,128,100.0
6871,E-randwrite-precondition,39850,39,58406,58,58,56,2134,77,1267,5357,5511201251,1304743042,0.00,68.76,128,100.0
6872,E-randwrite-precondition,39850,39,58562,58,58,57,2131,77,1344,5275,5511201251,1304853106,0.00,56.35,128,100.0
6873,E-randwrite-precondition,39850,39,58250,58,58,57,2131,77,960,5357,5511201251,1304999890,0.00,75.15,128,100.0
6874,E-randwrite-precondition,39850,39,58250,58,58,57,2131,77,729,5275,5511201251,1305109786,0.00,56.27,128,88.8
6875,E-randwrite-precondition,39850,39,58312,58,58,56,2135,77,1344,5357,5511201251,1305256410,0.00,75.07,128,100.0
6876,E-randwrite-precondition,39850,39,58500,58,58,56,2136,77,1420,5357,5511201251,1305366474,0.00,56.35,128,100.0
6878,E-randwrite-precondition,39850,39,58375,58,58,56,2136,77,1420,5234,5511201251,1305488690,0.00,62.57,128,100.0
6879,E-randwrite-precondition,39850,39,58781,58,58,56,2135,77,1420,5807,5511201251,1305623138,0.00,68.84,128,100.0
6880,E-randwrite-precondition,39850,39,59062,59,59,57,2136,77,1420,6175,5511201251,1305733202,0.00,56.35,128,100.0
6881,E-randwrite-precondition,39850,39,58281,58,58,57,2141,77,1344,5480,5511201251,1305879866,0.00,75.09,128,100.0
6882,E-randwrite-precondition,39850,39,58375,58,58,56,2139,77,1344,5275,5511201251,1305977690,0.00,50.09,128,100.0
6883,E-randwrite-precondition,39850,39,58312,58,58,57,2142,77,960,5275,5511201251,1306099794,0.00,62.52,128,100.0
6884,E-randwrite-precondition,39850,39,58500,58,58,57,2143,77,1497,5193,5511201251,1306209730,0.00,56.29,439,99.2
6885,E-randwrite-precondition,39850,39,58406,58,58,56,2143,77,729,5275,5511201251,1306429770,0.00,112.66,128,100.0
6887,E-randwrite-precondition,39850,39,58250,58,58,56,2141,77,729,5234,5511201251,1306527578,0.00,50.08,128,100.0
6888,E-randwrite-precondition,39850,39,58250,58,58,56,2143,77,1497,5316,5511201251,1306637650,0.00,56.36,128,100.0
6889,E-randwrite-precondition,39850,39,58156,58,58,57,2147,77,1344,5234,5511201251,1306723234,0.00,43.82,128,100.0
6890,E-randwrite-precondition,39850,39,58406,58,58,56,2146,77,1344,5643,5511201251,1306857514,0.00,68.75,167,100.0
6892,E-randwrite-precondition,39850,39,58406,58,58,56,2149,77,1344,5234,5511201251,1306979762,0.00,62.59,128,100.0
6893,E-randwrite-precondition,39850,39,58187,58,58,56,2151,77,1344,5357,5511201251,1307089826,0.00,56.35,128,100.0
6894,E-randwrite-precondition,39850,39,58500,58,58,56,2154,77,1113,5234,5511201251,1307175410,0.00,43.82,128,100.0
6895,E-randwrite-precondition,39850,39,58156,58,58,56,2156,77,1497,5357,5511201251,1307285474,0.00,56.35,128,100.0
6896,E-randwrite-precondition,39850,39,58156,58,58,57,2152,77,1036,5193,5511201251,1307395330,0.00,56.25,128,100.0
6898,E-randwrite-precondition,39850,39,58187,58,58,57,2149,77,1036,5357,5511201251,1307505394,0.00,56.35,128,100.0
6899,E-randwrite-precondition,39850,39,58187,58,58,57,2152,77,1344,5234,5511201251,1307615458,0.00,56.35,128,100.0
6900,E-randwrite-precondition,39850,39,58250,58,58,56,2156,77,1036,5398,5511201251,1307725522,0.00,56.35,128,100.0
6902,E-randwrite-precondition,39850,39,58218,58,58,56,2156,77,1344,5193,5511201251,1307835562,0.00,56.34,128,100.0
6903,E-randwrite-precondition,39850,39,58187,58,58,56,2156,77,729,5357,5511201251,1307945530,0.00,56.30,128,100.0
6904,E-randwrite-precondition,39850,39,58156,58,58,56,2156,77,1344,5193,5511201251,1308055586,0.00,56.35,128,100.0
6905,E-randwrite-precondition,39850,39,58187,58,58,56,2156,77,1420,5357,5511201251,1308165650,0.00,56.35,128,100.0
6907,E-randwrite-precondition,39850,39,58375,58,58,56,2157,77,1497,5193,5511201251,1308275554,0.00,56.27,128,100.0
6908,E-randwrite-precondition,39850,39,58125,58,58,56,2162,77,1420,5275,5511201251,1308385570,0.00,56.33,128,100.0
6909,E-randwrite-precondition,39850,39,58125,58,58,56,2157,77,1344,5193,5511201251,1308495522,0.00,56.30,128,100.0
6910,E-randwrite-precondition,39850,39,58343,58,58,56,2144,77,1344,5316,5511201251,1308629962,0.00,68.83,128,100.0
6911,E-randwrite-precondition,39850,39,58125,58,58,56,2136,77,1344,5275,5511201251,1308739962,0.00,56.32,128,100.0
6912,E-randwrite-precondition,39850,39,58250,58,58,56,2136,77,1420,5357,5511201251,1308886746,0.00,75.15,128,100.0
6914,E-randwrite-precondition,39850,39,58187,58,58,56,2138,77,1497,5316,5511201251,1308996810,0.00,56.35,128,100.0
6915,E-randwrite-precondition,39850,39,58250,58,58,56,2133,77,1036,5398,5511201251,1309143418,0.00,75.06,128,100.0
6916,E-randwrite-precondition,39850,39,58218,58,58,56,2131,77,1497,5725,5511201251,1309253306,0.00,56.26,128,100.0
6917,E-randwrite-precondition,39850,39,58625,58,58,56,2133,77,1497,5929,5511201251,1309375602,0.00,62.62,128,100.0
6918,E-randwrite-precondition,39850,39,58750,58,58,57,2138,77,1497,6011,5511201251,1309510042,0.00,68.83,128,100.0
6919,E-randwrite-precondition,39850,39,58500,58,58,56,2137,77,1497,5929,5511201251,1309607802,0.00,50.05,128,100.0
6920,E-randwrite-precondition,39850,39,58750,58,58,56,2136,77,1497,6052,5511201251,1309754506,0.00,75.11,128,100.0
6921,E-randwrite-precondition,39850,39,58500,58,58,56,2133,77,1497,5970,5511201251,1309864370,0.00,56.25,128,100.0
6922,E-randwrite-precondition,39850,39,58562,58,58,56,2136,77,1497,6052,5511201251,1310010986,0.00,75.07,128,100.0
6924,E-randwrite-precondition,39850,39,58718,58,58,56,2136,77,1497,5970,5511201251,1310108746,0.00,50.05,128,100.0
6925,E-randwrite-precondition,39850,39,58593,58,58,56,2136,77,1497,5970,5511201251,1310255506,0.00,75.14,128,100.0
6926,E-randwrite-precondition,39850,39,58437,58,58,57,2137,77,1497,6052,5511201251,1310389690,0.00,68.70,128,100.0
6927,E-randwrite-precondition,39850,39,58656,58,58,56,2136,77,1497,5929,5511201251,1310499754,0.00,56.35,128,100.0
6928,E-randwrite-precondition,39850,39,58531,58,58,57,2136,77,1497,6052,5511201251,1310646530,0.00,75.15,128,100.0
6929,E-randwrite-precondition,39850,39,58687,58,58,56,2139,77,1497,5970,5511201251,1310744330,0.00,50.07,128,100.0
6930,E-randwrite-precondition,39850,39,59031,59,59,57,2138,77,1497,6297,5511201251,1310878778,0.00,68.84,128,100.0
6932,E-randwrite-precondition,39850,39,59218,59,59,57,2139,77,1497,6696,5511201251,1310976474,0.00,50.02,128,100.0
6933,E-randwrite-precondition,39850,39,58500,58,58,56,2139,77,1497,5970,5511201251,1311135210,0.00,81.27,524,100.0
6934,E-randwrite-precondition,39850,39,58812,58,59,57,2141,77,1497,6655,5511201251,1311392010,0.00,131.48,128,100.0
6935,E-randwrite-precondition,39850,39,59156,59,59,57,2139,77,1497,6778,5511201251,1311501898,0.00,56.26,128,100.0
6937,E-randwrite-precondition,39850,39,58906,58,58,57,2143,77,1497,6778,5511201251,1311587482,0.00,43.82,128,100.0
6938,E-randwrite-precondition,39850,39,58687,58,58,57,2146,77,1497,6216,5511201251,1311709730,0.00,62.59,554,100.0
6939,E-randwrite-precondition,39850,39,59125,59,59,57,2151,77,1497,6614,5511201251,1311929898,0.00,112.73,128,100.0
6940,E-randwrite-precondition,39850,39,59250,59,59,57,2151,77,1497,6737,5511201251,1312039954,0.00,56.35,128,100.0
6942,E-randwrite-precondition,39850,39,58687,58,58,57,2152,77,1497,5970,5511201251,1312149698,0.00,56.19,535,100.0
6943,E-randwrite-precondition,39850,39,59093,59,59,57,2152,77,1497,6614,5511201251,1312406602,0.00,131.53,128,100.0
6944,E-randwrite-precondition,39850,39,59156,59,59,57,2155,77,1497,6737,5511201251,1312516666,0.00,56.35,128,100.0
6945,E-randwrite-precondition,39850,39,59343,59,59,57,2149,77,1497,6737,5511201251,1312590010,0.00,37.55,128,91.2
6947,E-randwrite-precondition,39850,39,58906,58,58,57,2151,77,1497,6379,5511201251,1312711858,0.00,62.39,559,90.8
6948,E-randwrite-precondition,39850,39,59250,59,59,57,2151,77,1497,6420,5511201251,1312870842,0.00,81.40,162,100.0
6949,E-randwrite-precondition,39850,39,59437,59,59,57,2152,77,1497,6655,5511201251,1313005466,0.00,68.93,128,100.0
6950,E-randwrite-precondition,39850,39,59343,59,59,57,2154,77,1497,6737,5511201251,1313115530,0.00,56.35,128,100.0
6951,E-randwrite-precondition,39850,39,59156,59,59,57,2157,77,1497,6216,5511201251,1313237450,0.00,62.42,378,100.0
6952,E-randwrite-precondition,39850,39,59500,59,59,57,2157,77,1497,6614,5511201251,1313518866,0.00,144.08,128,100.0
6954,E-randwrite-precondition,39850,39,59375,59,59,57,2159,77,1497,6737,5511201251,1313628930,0.00,56.35,128,100.0
6955,E-randwrite-precondition,39850,39,59750,59,59,57,2149,77,1497,6737,5511201251,1313751130,0.00,62.57,128,100.0
6956,E-randwrite-precondition,39850,39,59187,59,59,57,2151,77,1497,6216,5511201251,1313910514,0.00,81.60,556,100.0
6957,E-randwrite-precondition,39850,39,59218,59,59,57,2152,77,1497,6573,5511201251,1314154442,0.00,124.89,128,100.0
6958,E-randwrite-precondition,39850,39,59875,59,59,57,2154,77,1497,6778,5511201251,1314325490,0.00,87.58,128,100.0
6959,E-randwrite-precondition,39850,39,59156,59,59,57,2157,77,1497,6573,5511201251,1314447714,0.00,62.58,475,100.0
6961,E-randwrite-precondition,39850,39,59312,59,59,57,2159,77,1497,6338,5511201251,1314765434,0.00,162.67,128,100.0
6962,E-randwrite-precondition,39850,39,59375,59,59,57,2161,77,1497,6737,5511201251,1314899762,0.00,68.78,128,100.0
6963,E-randwrite-precondition,39850,39,59468,59,59,57,2160,77,1497,6737,5511201251,1315009826,0.00,56.35,128,100.0
6964,E-randwrite-precondition,39850,39,59250,59,59,57,2160,77,1497,6175,5511201251,1315168754,0.00,81.37,446,100.0
6965,E-randwrite-precondition,39850,39,59593,59,59,57,2154,77,1497,6614,5511201251,1315413242,0.00,125.18,128,100.0
6966,E-randwrite-precondition,39850,39,59375,59,59,57,2229,80,1497,6737,5511201251,1315547578,0.00,68.78,128,100.0
6967,E-randwrite-precondition,39850,39,59406,59,59,57,2254,80,1497,6778,5511201251,1315645402,0.00,50.09,128,100.0
6969,E-randwrite-precondition,39850,39,59250,59,59,57,2255,80,1497,6175,5511201251,1315840778,0.00,100.03,303,97.2
6970,E-randwrite-precondition,39850,39,59406,59,59,57,2250,80,1497,6573,5511201251,1315999914,0.00,81.48,128,100.0
6971,E-randwrite-precondition,39850,39,59656,59,59,57,2246,80,1497,6696,5511201251,1316109890,0.00,56.31,128,100.0
6972,E-randwrite-precondition,39850,39,59343,59,59,57,2252,80,729,6338,5511201251,1316195162,0.00,43.66,383,100.0
6973,E-randwrite-precondition,39850,39,59062,59,59,57,2250,80,1036,5520,5511201251,1316354114,0.00,81.38,352,100.0
6974,E-randwrite-precondition,39850,39,59250,59,59,57,2250,80,1267,6093,5511201251,1316525482,0.00,87.74,128,100.0
6975,E-randwrite-precondition,39850,39,59500,59,59,57,2248,80,1497,6134,5511201251,1316611066,0.00,43.82,128,100.0
6977,E-randwrite-precondition,39850,39,58843,58,59,57,2248,80,729,5889,5511201251,1316732898,0.00,62.38,383,100.0
6978,E-randwrite-precondition,39850,39,58968,58,58,57,2245,80,1344,5439,5511201251,1316842986,0.00,56.37,488,100.0
6979,E-randwrite-precondition,39850,39,59500,59,59,57,2245,80,1497,6134,5511201251,1317050978,0.00,106.49,128,100.0
6980,E-randwrite-precondition,39850,39,59468,59,59,57,2246,80,1420,6257,5511201251,1317161042,0.00,56.35,128,100.0
6981,E-randwrite-precondition,39850,39,59000,59,59,57,2245,80,1497,5766,5511201251,1317258482,0.00,49.89,677,100.0
6982,E-randwrite-precondition,39850,39,59281,59,59,57,2246,80,1420,6257,5511201251,1317491090,0.00,119.10,128,100.0
6984,E-randwrite-precondition,39850,39,59093,59,59,57,2247,80,960,5480,5511201251,1317625354,0.00,68.74,379,100.0
6985,E-randwrite-precondition,39850,39,59343,59,59,57,2243,80,1420,5929,5511201251,1317845498,0.00,112.71,128,100.0
6986,E-randwrite-precondition,39850,39,59531,59,59,57,2243,80,1420,6093,5511201251,1317967634,0.00,62.53,128,96.8
6987,E-randwrite-precondition,39850,39,59000,59,59,57,2241,80,729,6093,5511201251,1318053018,0.00,43.72,383,100.0
6989,E-randwrite-precondition,39850,39,59281,59,59,57,2245,80,1420,5970,5511201251,1318371082,0.00,162.85,128,100.0
6990,E-randwrite-precondition,39850,39,59093,59,59,57,2243,80,1344,5602,5511201251,1318493178,0.00,62.51,128,100.0
6991,E-randwrite-precondition,39850,39,59031,59,59,57,2245,80,1344,5480,5511201251,1318603146,0.00,56.30,128,98.8
6992,E-randwrite-precondition,39850,39,58875,58,58,57,2247,80,1497,5398,5511201251,1318749930,0.00,75.15,128,100.0
6993,E-randwrite-precondition,39850,39,58937,58,58,57,2248,80,1344,5316,5511201251,1318859994,0.00,56.35,128,100.0
6995,E-randwrite-precondition,39850,39,58718,58,58,57,2252,80,1344,5275,5511201251,1319006578,0.00,75.05,130,100.0
6996,E-randwrite-precondition,39850,39,58687,58,58,57,2252,80,1344,5357,5511201251,1319153306,0.00,75.12,128,100.0
6997,E-randwrite-precondition,39850,39,58718,58,58,57,2254,80,1497,5275,5511201251,1319263250,0.00,56.29,128,100.0
6998,E-randwrite-precondition,39850,39,58718,58,59,57,2216,77,1113,5357,5511201251,1319409938,0.00,75.10,128,100.0
6999,E-randwrite-precondition,39850,39,58718,58,58,57,2167,77,1267,5316,5511201251,1319520002,0.00,56.35,128,100.0
7000,E-randwrite-precondition,39850,39,58625,58,58,57,2162,77,1344,5316,5511201251,1319666530,0.00,75.02,128,100.0
7001,E-randwrite-precondition,39850,39,58687,58,58,57,2156,77,1497,5357,5511201251,1319776482,0.00,56.30,128,100.0
7002,E-randwrite-precondition,39850,39,58625,58,58,57,2144,77,729,5234,5511201251,1319898786,0.00,62.62,128,100.0
7004,E-randwrite-precondition,39850,39,59031,59,59,57,2138,77,1344,5316,5511201251,1320021042,0.00,62.60,128,100.0
7005,E-randwrite-precondition,39850,39,58625,58,58,57,2136,77,1497,5234,5511201251,1320118682,0.00,49.99,128,100.0
7006,E-randwrite-precondition,39850,39,58593,58,58,57,2141,77,806,5316,5511201251,1320253202,0.00,68.87,128,100.0
7007,E-randwrite-precondition,39850,39,58843,58,58,57,2138,77,1344,5275,5511201251,1320351026,0.00,50.09,128,100.0
7008,E-randwrite-precondition,39850,39,58593,58,58,57,2138,77,1344,5316,5511201251,1320485474,0.00,68.84,128,100.0
7009,E-randwrite-precondition,39850,39,58531,58,58,57,2135,77,1344,5275,5511201251,1320583274,0.00,50.07,128,100.0
7010,E-randwrite-precondition,39850,39,58656,58,58,57,2135,77,1344,5316,5511201251,1320705314,0.00,62.48,128,92.4
7011,E-randwrite-precondition,39850,39,58500,58,58,57,2133,77,729,5234,5511201251,1320790818,0.00,43.78,128,100.0
7013,E-randwrite-precondition,39850,39,58781,58,58,57,2133,77,1420,5357,5511201251,1320900866,0.00,56.34,128,100.0
7014,E-randwrite-precondition,39850,39,58468,58,58,56,2133,77,1344,5234,5511201251,1320986402,0.00,43.79,128,100.0
7015,E-randwrite-precondition,39850,39,58781,58,58,57,2137,77,729,5357,5511201251,1321096346,0.00,56.29,128,100.0
7016,E-randwrite-precondition,39850,39,58562,58,58,57,2138,77,1497,5357,5511201251,1321206338,0.00,56.32,128,100.0
7017,E-randwrite-precondition,39850,39,58312,58,58,57,2138,77,1497,5316,5511201251,1321291802,0.00,43.76,128,100.0
7018,E-randwrite-precondition,39850,39,58500,58,58,57,2140,77,1344,5357,5511201251,1321401866,0.00,56.35,128,100.0
7019,E-randwrite-precondition,39850,39,58343,58,58,57,2143,77,729,5357,5511201251,1321487394,0.00,43.79,128,100.0
7021,E-randwrite-precondition,39850,39,58437,58,58,57,2143,77,1420,5357,5511201251,1321597122,0.00,56.18,128,100.0
7022,E-randwrite-precondition,39850,39,58531,58,58,56,2148,77,729,5275,5511201251,1321670466,0.00,37.55,128,100.0
7023,E-randwrite-precondition,39850,39,58375,58,58,57,2148,77,1036,5357,5511201251,1321780530,0.00,56.35,128,100.0
7024,E-randwrite-precondition,39850,39,58406,58,58,56,2154,77,1420,5234,5511201251,1321866114,0.00,43.82,128,100.0
7025,E-randwrite-precondition,39850,39,58343,58,58,57,2153,77,1497,5357,5511201251,1321976074,0.00,56.30,128,100.0
7026,E-randwrite-precondition,39850,39,58250,58,58,56,2156,77,1113,5357,5511201251,1322086138,0.00,56.35,128,100.0
7027,E-randwrite-precondition,39850,39,58562,58,58,56,2154,77,729,5316,5511201251,1322159466,0.00,37.54,128,100.0
7028,E-randwrite-precondition,39850,39,58562,58,58,57,2157,77,1497,5357,5511201251,1322269530,0.00,56.35,128,100.0
7030,E-randwrite-precondition,39850,39,58406,58,58,56,2162,77,1344,5316,5511201251,1322355114,0.00,43.82,128,100.0
7031,E-randwrite-precondition,39850,39,58562,58,58,57,2164,77,1420,5357,5511201251,1322465074,0.00,56.30,128,100.0
7032,E-randwrite-precondition,39850,39,58218,58,58,57,2162,77,1344,5193,5511201251,1322550658,0.00,43.82,128,100.0
7033,E-randwrite-precondition,39850,39,58343,58,58,56,2157,77,1420,5275,5511201251,1322660690,0.00,56.34,128,100.0
7034,E-randwrite-precondition,39850,39,58187,58,58,56,2159,77,1344,5234,5511201251,1322758506,0.00,50.08,128,100.0
7035,E-randwrite-precondition,39850,39,58437,58,58,56,2162,77,1344,5316,5511201251,1322905018,0.00,75.01,128,100.0
7036,E-randwrite-precondition,39850,39,58562,58,58,56,2152,77,1497,5848,5511201251,1323015034,0.00,56.33,128,100.0
7037,E-randwrite-precondition,39850,39,58593,58,58,57,2149,77,1497,5970,5511201251,1323161810,0.00,75.15,128,100.0
7039,E-randwrite-precondition,39850,39,58812,58,58,57,2146,77,1497,5970,5511201251,1323271834,0.00,56.33,128,100.0
7040,E-randwrite-precondition,39850,39,58687,58,58,57,2151,77,1497,5889,5511201251,1323418522,0.00,75.10,128,100.0
7041,E-randwrite-precondition,39850,39,58625,58,58,56,2146,77,1497,6011,5511201251,1323552890,0.00,68.80,128,100.0
7042,E-randwrite-precondition,39850,39,58812,58,58,57,2136,77,1497,5929,5511201251,1323650682,0.00,50.07,128,100.0
7043,E-randwrite-precondition,39850,39,58718,58,58,57,2138,77,1497,6011,5511201251,1323797370,0.00,75.10,128,100.0
7044,E-randwrite-precondition,39850,39,58843,58,58,57,2138,77,1497,5970,5511201251,1323907434,0.00,56.35,128,100.0
7045,E-randwrite-precondition,39850,39,58625,58,58,56,2136,77,1497,6052,5511201251,1324053986,0.00,75.03,128,100.0
7047,E-randwrite-precondition,39850,39,58718,58,58,57,2135,77,1497,6011,5511201251,1324163978,0.00,56.32,128,100.0
7048,E-randwrite-precondition,39850,39,58656,58,58,56,2135,77,1497,5929,5511201251,1324286186,0.00,62.57,128,100.0
7049,E-randwrite-precondition,39850,39,58875,58,58,56,2136,77,1497,6052,5511201251,1324420722,0.00,68.88,128,100.0
7050,E-randwrite-precondition,39850,39,58812,58,58,57,2135,77,1497,5970,5511201251,1324530778,0.00,56.35,128,100.0
7051,E-randwrite-precondition,39850,39,58812,58,58,57,2134,77,1497,6011,5511201251,1324677402,0.00,75.07,128,100.0
7052,E-randwrite-precondition,39850,39,58843,58,58,57,2139,77,1497,5929,5511201251,1324775226,0.00,50.09,128,100.0
7053,E-randwrite-precondition,39850,39,58812,58,59,57,2139,77,1497,5970,5511201251,1324897458,0.00,62.58,128,100.0
7054,E-randwrite-precondition,39850,39,58750,58,58,57,2141,77,1497,5929,5511201251,1324995242,0.00,50.07,128,100.0
7055,E-randwrite-precondition,39850,39,58687,58,58,56,2146,77,1497,6011,5511201251,1325129698,0.00,68.84,128,100.0
7057,E-randwrite-precondition,39850,39,58812,58,58,57,2149,77,1497,5970,5511201251,1325227522,0.00,50.09,128,100.0
7058,E-randwrite-precondition,39850,39,59062,59,58,57,2154,77,1497,6052,5511201251,1325349730,0.00,62.57,128,100.0
7059,E-randwrite-precondition,39850,39,58937,58,58,57,2156,77,1497,6011,5511201251,1325435402,0.00,43.86,128,100.0
7060,E-randwrite-precondition,39850,39,58812,58,58,57,2157,77,1497,6052,5511201251,1325545370,0.00,56.30,128,100.0
7061,E-randwrite-precondition,39850,39,58718,58,59,57,2157,77,1497,5929,5511201251,1325618602,0.00,37.49,128,90.0
7062,E-randwrite-precondition,39850,39,58687,58,58,57,2144,77,1497,6052,5511201251,1325728666,0.00,56.35,128,100.0
7063,E-randwrite-precondition,39850,39,58812,58,58,57,2136,77,1497,5929,5511201251,1325826490,0.00,50.09,128,100.0
7065,E-randwrite-precondition,39850,39,58937,58,58,57,2138,77,1497,6011,5511201251,1325936458,0.00,56.30,128,100.0
7066,E-randwrite-precondition,39850,39,58718,58,58,57,2136,77,1497,5889,5511201251,1326046434,0.00,56.31,128,100.0
7067,E-randwrite-precondition,39850,39,58875,58,58,57,2133,77,1497,6011,5511201251,1326156498,0.00,56.35,128,100.0
7068,E-randwrite-precondition,39850,39,58968,58,58,57,2133,77,1497,6011,5511201251,1326254202,0.00,50.02,128,100.0
7069,E-randwrite-precondition,39850,39,58937,58,58,57,2133,77,1497,6011,5511201251,1326339786,0.00,43.82,128,100.0
7071,E-randwrite-precondition,39850,39,58937,58,58,57,2134,77,1497,6011,5511201251,1326449642,0.00,56.25,128,100.0
7072,E-randwrite-precondition,39850,39,58781,58,58,57,2133,77,1497,5970,5511201251,1326522986,0.00,37.55,128,100.0
7073,E-randwrite-precondition,39850,39,58812,58,58,57,2136,77,1497,6052,5511201251,1326633018,0.00,56.34,128,100.0
7074,E-randwrite-precondition,39850,39,59031,59,59,57,2136,77,1497,5970,5511201251,1326718514,0.00,43.77,128,100.0
7075,E-randwrite-precondition,39850,39,58937,58,58,57,2138,77,1497,6052,5511201251,1326828578,0.00,56.35,128,100.0
7076,E-randwrite-precondition,39850,39,58812,58,59,57,2139,77,1497,5929,5511201251,1326926274,0.00,50.02,128,100.0
7077,E-randwrite-precondition,39850,39,58843,58,59,57,2142,77,1497,6052,5511201251,1327036298,0.00,56.33,128,100.0
7079,E-randwrite-precondition,39850,39,58875,58,59,57,2146,77,1497,5889,5511201251,1327146362,0.00,56.35,128,100.0
7080,E-randwrite-precondition,39850,39,59031,59,58,57,2149,77,1497,5970,5511201251,1327256426,0.00,56.35,128,100.0
7081,E-randwrite-precondition,39850,39,59062,59,58,57,2150,77,1497,5848,5511201251,1327366370,0.00,56.29,128,100.0
7082,E-randwrite-precondition,39850,39,59031,59,58,57,2150,77,1497,6052,5511201251,1327513058,0.00,75.10,128,100.0
7083,E-randwrite-precondition,39850,39,58875,58,59,57,2152,77,1497,5970,5511201251,1327623026,0.00,56.30,128,100.0
7085,E-randwrite-precondition,39850,39,58906,58,59,57,2154,77,1497,6011,5511201251,1327769786,0.00,75.14,128,100.0
7086,E-randwrite-precondition,39850,39,59031,59,58,57,2155,77,1497,5970,5511201251,1327867602,0.00,50.08,128,86.4
7087,E-randwrite-precondition,39850,39,59000,59,59,57,2156,77,1497,6011,5511201251,1328014290,0.00,75.10,128,100.0
7088,E-randwrite-precondition,39850,39,58968,58,59,57,2156,77,1497,6011,5511201251,1328124354,0.00,56.35,128,100.0
7089,E-randwrite-precondition,39850,39,58906,58,58,57,2157,77,1497,5929,5511201251,1328246658,0.00,62.62,128,100.0
7090,E-randwrite-precondition,39850,39,59031,59,58,57,2154,77,1497,6052,5511201251,1328381106,0.00,68.84,128,100.0
7091,E-randwrite-precondition,39850,39,59343,59,59,57,2139,77,1497,6420,5511201251,1328490890,0.00,56.21,128,100.0
7092,E-randwrite-precondition,39850,39,58593,58,58,57,2135,77,1420,5480,5511201251,1328637658,0.00,75.15,128,100.0
7093,E-randwrite-precondition,39850,39,58812,58,58,57,2135,77,806,5275,5511201251,1328747610,0.00,56.30,128,100.0
7095,E-randwrite-precondition,39850,39,58687,58,58,56,2136,77,1497,5357,5511201251,1328894298,0.00,75.10,128,100.0
7096,E-randwrite-precondition,39850,39,58500,58,58,57,2133,77,1267,5316,5511201251,1329004090,0.00,56.21,128,100.0
7097,E-randwrite-precondition,39850,39,58468,58,58,57,2135,77,1344,5234,5511201251,1329126394,0.00,62.62,128,100.0
7098,E-randwrite-precondition,39850,39,58718,58,58,57,2136,77,1344,5357,5511201251,1329260842,0.00,68.84,128,100.0
7099,E-randwrite-precondition,39850,39,58468,58,58,56,2133,77,1420,5234,5511201251,1329370906,0.00,56.35,128,100.0
7100,E-randwrite-precondition,39850,39,58437,58,58,57,2135,77,1344,5357,5511201251,1329517642,0.00,75.13,128,100.0
7101,E-randwrite-precondition,39850,39,58656,58,58,57,2136,77,1497,5275,5511201251,1329615290,0.00,50.00,128,100.0
7102,E-randwrite-precondition,39850,39,58406,58,58,57,2136,77,1344,5316,5511201251,1329749690,0.00,68.81,128,100.0
7104,E-randwrite-precondition,39850,39,58468,58,58,57,2136,77,1344,5275,5511201251,1329847514,0.00,50.09,128,100.0
7105,E-randwrite-precondition,39850,39,58437,58,58,56,2141,77,1497,5275,5511201251,1329969802,0.00,62.61,128,100.0
7106,E-randwrite-precondition,39850,39,58687,58,58,57,2141,77,1420,5275,5511201251,1330067426,0.00,49.98,128,100.0
7107,E-randwrite-precondition,39850,39,58437,58,58,57,2144,77,1420,5357,5511201251,1330189714,0.00,62.61,128,100.0
7108,E-randwrite-precondition,39850,39,58437,58,58,57,2148,77,729,5316,5511201251,1330275298,0.00,43.82,128,100.0
7109,E-randwrite-precondition,39850,39,58468,58,58,57,2146,77,1267,5357,5511201251,1330385362,0.00,56.35,128,100.0
7110,E-randwrite-precondition,39850,39,58375,58,58,57,2149,77,1497,5316,5511201251,1330470946,0.00,43.82,128,100.0
7111,E-randwrite-precondition,39850,39,58343,58,58,57,2148,77,1420,5357,5511201251,1330580858,0.00,56.27,128,100.0
7113,E-randwrite-precondition,39850,39,58593,58,58,56,2146,77,1497,5234,5511201251,1330666442,0.00,43.82,128,100.0
7114,E-randwrite-precondition,39850,39,58593,58,58,57,2148,77,1344,5398,5511201251,1330776506,0.00,56.35,128,97.6
7115,E-randwrite-precondition,39850,39,58375,58,58,56,2152,77,729,5234,5511201251,1330874250,0.00,50.04,128,100.0
7116,E-randwrite-precondition,39850,39,58343,58,58,56,2154,77,1420,5357,5511201251,1330984050,0.00,56.22,128,99.2
7118,E-randwrite-precondition,39850,39,58343,58,58,56,2159,77,729,5234,5511201251,1331094114,0.00,56.35,128,100.0
7119,E-randwrite-precondition,39850,39,58468,58,58,56,2159,77,1497,5357,5511201251,1331204066,0.00,56.30,128,100.0
7120,E-randwrite-precondition,39850,39,58500,58,58,56,2154,77,729,5193,5511201251,1331313962,0.00,56.27,128,100.0
7121,E-randwrite-precondition,39850,39,58437,58,58,56,2156,77,1420,5357,5511201251,1331423842,0.00,56.26,128,100.0
7123,E-randwrite-precondition,39850,39,58218,58,58,56,2159,77,806,5193,5511201251,1331533906,0.00,56.35,128,100.0
7124,E-randwrite-precondition,39850,39,58500,58,58,56,2156,77,1420,5357,5511201251,1331641618,0.00,55.15,1,100.0
7125,E-randwrite-precondition,39850,39,58187,58,58,56,2139,77,1344,5234,5511201251,1331753690,0.00,57.38,128,100.0
7126,E-randwrite-precondition,39850,39,58312,58,58,56,2135,77,1344,5357,5511201251,1331863650,0.00,56.30,128,100.0
7128,E-randwrite-precondition,39850,39,58156,58,58,57,2134,77,806,5152,5511201251,1331973714,0.00,56.35,128,100.0
7129,E-randwrite-precondition,39850,39,58250,58,58,57,2136,77,1420,5275,5511201251,1332083674,0.00,56.30,128,100.0
7130,E-randwrite-precondition,39850,39,58218,58,58,56,2135,77,729,5193,5511201251,1332193530,0.00,56.25,128,100.0
7131,E-randwrite-precondition,39850,39,58312,58,58,57,2135,77,729,5316,5511201251,1332340186,0.00,75.09,128,100.0
7133,E-randwrite-precondition,39850,39,58281,58,58,57,2132,77,1420,5316,5511201251,1332450162,0.00,56.31,128,100.0
7134,E-randwrite-precondition,39850,39,58375,58,58,56,2133,77,1036,5357,5511201251,1332596730,0.00,75.04,128,100.0
7135,E-randwrite-precondition,39850,39,58281,58,58,56,2135,77,1420,5316,5511201251,1332706794,0.00,56.35,128,100.0
7136,E-randwrite-precondition,39850,39,58218,58,58,56,2139,77,1420,5275,5511201251,1332853362,0.00,75.04,128,100.0
7137,E-randwrite-precondition,39850,39,58125,58,58,56,2139,77,1497,5357,5511201251,1332987810,0.00,68.84,128,96.8
7138,E-randwrite-precondition,39850,39,58218,58,58,56,2138,77,1267,5275,5511201251,1333097770,0.00,56.30,128,100.0
7139,E-randwrite-precondition,39850,39,58218,58,58,56,2143,77,1420,5357,5511201251,1333244530,0.00,75.14,128,100.0
7141,E-randwrite-precondition,39850,39,58125,58,58,56,2146,77,1497,5316,5511201251,1333354514,0.00,56.31,128,100.0
7142,E-randwrite-precondition,39850,39,58218,58,58,56,2146,77,1344,5357,5511201251,1333501074,0.00,75.04,128,100.0
7143,E-randwrite-precondition,39850,39,58218,58,58,57,2151,77,960,5357,5511201251,1333611138,0.00,56.35,128,100.0
7144,E-randwrite-precondition,39850,39,58375,58,58,56,2149,77,883,5234,5511201251,1333733442,0.00,62.62,128,100.0
7145,E-randwrite-precondition,39850,39,58375,58,58,56,2151,77,1420,5357,5511201251,1333867890,0.00,68.84,128,100.0
7146,E-randwrite-precondition,39850,39,58250,58,58,56,2152,77,1036,5275,5511201251,1333977770,0.00,56.26,128,100.0
7147,E-randwrite-precondition,39850,39,58125,58,58,56,2156,77,1344,5316,5511201251,1334124554,0.00,75.15,128,100.0
7148,E-randwrite-precondition,39850,39,58281,58,58,56,2155,77,729,5234,5511201251,1334222378,0.00,50.09,128,100.0
7150,E-randwrite-precondition,39850,39,58125,58,58,56,2160,77,1344,5357,5511201251,1334356826,0.00,68.84,128,100.0
7151,E-randwrite-precondition,39850,39,58031,58,58,56,2157,77,729,5316,5511201251,1334454650,0.00,50.09,128,100.0
7152,E-randwrite-precondition,39850,39,58187,58,58,56,2146,77,1420,5316,5511201251,1334589138,0.00,68.86,128,100.0
7153,E-randwrite-precondition,39850,39,58156,58,58,56,2141,77,1267,5275,5511201251,1334686906,0.00,50.06,128,100.0
7154,E-randwrite-precondition,39850,39,58281,58,58,56,2141,77,1344,5357,5511201251,1334809210,0.00,62.62,128,100.0
7155,E-randwrite-precondition,39850,39,58250,58,58,56,2142,77,1420,5357,5511201251,1334894794,0.00,43.82,128,100.0
7156,E-randwrite-precondition,39850,39,58281,58,58,56,2138,77,1497,5970,5511201251,1335004706,0.00,56.27,128,100.0
7158,E-randwrite-precondition,39850,39,58531,58,58,57,2138,77,1497,6011,5511201251,1335090290,0.00,43.82,128,100.0
7159,E-randwrite-precondition,39850,39,58437,58,58,56,2139,77,1497,6052,5511201251,1335200354,0.00,56.35,128,100.0
7160,E-randwrite-precondition,39850,39,58437,58,58,56,2139,77,1497,5970,5511201251,1335285938,0.00,43.82,128,100.0
7161,E-randwrite-precondition,39850,39,58531,58,58,57,2142,77,1497,6093,5511201251,1335395898,0.00,56.30,128,100.0
7162,E-randwrite-precondition,39850,39,58656,58,58,56,2141,77,1497,5929,5511201251,1335493570,0.00,50.01,128,100.0
7163,E-randwrite-precondition,39850,39,58406,58,58,56,2144,77,1497,6052,5511201251,1335603586,0.00,56.33,128,100.0
7165,E-randwrite-precondition,39850,39,58406,58,58,56,2147,77,1497,5929,5511201251,1335713474,0.00,56.26,128,100.0
7166,E-randwrite-precondition,39850,39,58437,58,58,56,2149,77,1497,6052,5511201251,1335823450,0.00,56.31,128,100.0
7167,E-randwrite-precondition,39850,39,58562,58,58,56,2154,77,1497,5929,5511201251,1335933418,0.00,56.30,128,100.0
7169,E-randwrite-precondition,39850,39,58625,58,58,57,2155,77,1497,6052,5511201251,1336043474,0.00,56.35,128,100.0
7170,E-randwrite-precondition,39850,39,58468,58,58,56,2159,77,1497,5929,5511201251,1336153546,0.00,56.36,128,100.0
7171,E-randwrite-precondition,39850,39,58562,58,58,56,2162,77,1497,6052,5511201251,1336263578,0.00,56.34,128,100.0
7173,E-randwrite-precondition,39850,39,58500,58,58,57,2162,77,1497,5929,5511201251,1336373522,0.00,56.29,128,100.0
7174,E-randwrite-precondition,39850,39,58562,58,58,56,2157,77,1497,6052,5511201251,1336483586,0.00,56.35,128,100.0
7175,E-randwrite-precondition,39850,39,58625,58,58,57,2144,77,1497,5889,5511201251,1336593546,0.00,56.30,128,100.0
7176,E-randwrite-precondition,39850,39,58750,58,58,57,2135,77,1497,5970,5511201251,1336703610,0.00,56.35,128,100.0
7177,E-randwrite-precondition,39850,39,58718,58,58,56,2136,77,1497,5848,5511201251,1336813514,0.00,56.27,128,100.0
7179,E-randwrite-precondition,39850,39,58687,58,58,56,2136,77,1497,6011,5511201251,1336960178,0.00,75.09,128,100.0
7180,E-randwrite-precondition,39850,39,58687,58,58,57,2138,77,1497,5970,5511201251,1337070138,0.00,56.30,128,100.0
7181,E-randwrite-precondition,39850,39,58593,58,58,56,2136,77,1497,6052,5511201251,1337216762,0.00,75.07,128,100.0
7182,E-randwrite-precondition,39850,39,58812,58,58,57,2130,77,1497,6011,5511201251,1337326618,0.00,56.25,128,100.0
7183,E-randwrite-precondition,39850,39,58843,58,58,56,2133,77,1497,5929,5511201251,1337473282,0.00,75.09,128,100.0
7184,E-randwrite-precondition,39850,39,58781,58,58,57,2135,77,1497,6011,5511201251,1337607826,0.00,68.89,128,100.0
7186,E-randwrite-precondition,39850,39,58625,58,58,56,2135,77,1497,5929,5511201251,1337717818,0.00,56.32,128,100.0
7187,E-randwrite-precondition,39850,39,58718,58,58,57,2136,77,1497,6052,5511201251,1337864410,0.00,75.06,128,100.0
7188,E-randwrite-precondition,39850,39,58937,58,58,56,2138,77,1497,6011,5511201251,1337974474,0.00,56.35,128,100.0
7189,E-randwrite-precondition,39850,39,58875,58,58,57,2138,77,1497,6052,5511201251,1338121258,0.00,75.15,128,100.0
7190,E-randwrite-precondition,39850,39,58656,58,58,56,2141,77,1497,6052,5511201251,1338231322,0.00,56.35,128,100.0
7191,E-randwrite-precondition,39850,39,58968,58,58,57,2142,77,1497,5970,5511201251,1338353530,0.00,62.57,128,100.0
7192,E-randwrite-precondition,39850,39,58968,58,58,57,2142,77,1497,6257,5511201251,1338487850,0.00,68.77,128,100.0
7193,E-randwrite-precondition,39850,39,58750,58,58,56,2144,77,1497,5970,5511201251,1338597882,0.00,56.34,128,100.0
7195,E-randwrite-precondition,39850,39,58781,58,58,57,2147,77,1497,6052,5511201251,1338744570,0.00,75.10,128,100.0
7196,E-randwrite-precondition,39850,39,58687,58,58,57,2147,77,1497,5970,5511201251,1338842394,0.00,50.09,128,100.0
7197,E-randwrite-precondition,39850,39,58687,58,58,57,2151,77,1497,6011,5511201251,1338976778,0.00,68.80,128,100.0
7198,E-randwrite-precondition,39850,39,58750,58,59,57,2154,77,1497,6011,5511201251,1339074602,0.00,50.09,128,100.0
7199,E-randwrite-precondition,39850,39,58906,58,58,57,2157,77,1497,6052,5511201251,1339209058,0.00,68.84,128,100.0
7200,E-randwrite-precondition,39850,39,58812,58,58,57,2159,77,1497,6011,5511201251,1339306882,0.00,50.09,128,100.0
7201,E-randwrite-precondition,39850,39,58843,58,58,57,2160,77,1497,6052,5511201251,1339429090,0.00,62.57,128,100.0
7202,E-randwrite-precondition,39850,39,58687,58,58,57,2152,77,1497,6011,5511201251,1339502482,0.00,37.58,128,97.2
7204,E-randwrite-precondition,39850,39,58937,58,58,57,2152,77,1497,6052,5511201251,1339612538,0.00,56.35,128,100.0
7205,E-randwrite-precondition,39850,39,58718,58,58,57,2157,77,1497,5970,5511201251,1339698122,0.00,43.82,128,100.0
7206,E-randwrite-precondition,39850,39,58656,58,58,57,2157,77,1497,6052,5511201251,1339808186,0.00,56.35,128,100.0
7207,E-randwrite-precondition,39850,39,58750,58,58,57,2157,77,1497,5889,5511201251,1339893698,0.00,43.78,128,100.0
7208,E-randwrite-precondition,39850,39,59000,59,59,57,2142,77,1497,6052,5511201251,1340003762,0.00,56.35,128,100.0
7210,E-randwrite-precondition,39850,39,58812,58,58,57,2135,77,1497,5929,5511201251,1340113730,0.00,56.30,128,100.0
7211,E-randwrite-precondition,39850,39,58718,58,58,57,2135,77,1497,6011,5511201251,1340223786,0.00,56.35,128,100.0
7212,E-randwrite-precondition,39850,39,58437,58,58,57,2141,77,1113,5316,5511201251,1340333714,0.00,56.28,128,100.0
7213,E-randwrite-precondition,39850,39,58531,58,58,57,2136,77,1344,5357,5511201251,1340443698,0.00,56.31,128,100.0
7215,E-randwrite-precondition,39850,39,58343,58,58,57,2136,77,1497,5234,5511201251,1340553762,0.00,56.35,128,100.0
7216,E-randwrite-precondition,39850,39,58343,58,58,57,2134,77,1420,5398,5511201251,1340663754,0.00,56.32,128,100.0
7217,E-randwrite-precondition,39850,39,58468,58,58,56,2136,77,806,5234,5511201251,1340773762,0.00,56.32,128,100.0
7218,E-randwrite-precondition,39850,39,58375,58,58,57,2138,77,1420,5398,5511201251,1340883762,0.00,56.32,128,97.6
7220,E-randwrite-precondition,39850,39,58343,58,58,57,2139,77,806,5234,5511201251,1340993730,0.00,56.30,128,100.0
7221,E-randwrite-precondition,39850,39,58312,58,58,56,2139,77,729,5357,5511201251,1341103794,0.00,56.35,128,100.0
7222,E-randwrite-precondition,39850,39,58375,58,58,56,2144,77,1420,5193,5511201251,1341213786,0.00,56.32,128,100.0
7224,E-randwrite-precondition,39850,39,58625,58,58,56,2144,77,1344,5316,5511201251,1341335978,0.00,62.56,128,100.0
7225,E-randwrite-precondition,39850,39,58531,58,58,56,2149,77,1267,5275,5511201251,1341433802,0.00,50.09,128,100.0
7226,E-randwrite-precondition,39850,39,58593,58,58,57,2149,77,1344,5357,5511201251,1341580490,0.00,75.10,128,100.0
7227,E-randwrite-precondition,39850,39,58375,58,58,56,2154,77,1420,5316,5511201251,1341690554,0.00,56.35,128,100.0
7228,E-randwrite-precondition,39850,39,58312,58,58,56,2149,77,1036,5357,5511201251,1341837130,0.00,75.05,128,100.0
7229,E-randwrite-precondition,39850,39,58281,58,58,57,2142,77,1420,5316,5511201251,1341947194,0.00,56.35,128,100.0
7230,E-randwrite-precondition,39850,39,58406,58,58,57,2139,77,1420,5275,5511201251,1342081642,0.00,68.84,128,100.0
7232,E-randwrite-precondition,39850,39,58281,58,58,57,2142,77,883,5398,5511201251,1342216186,0.00,68.89,128,100.0
7233,E-randwrite-precondition,39850,39,58562,58,58,57,2136,77,1420,5275,5511201251,1342326026,0.00,56.24,128,100.0
7234,E-randwrite-precondition,39850,39,58375,58,58,56,2134,77,1497,5357,5511201251,1342472690,0.00,75.09,128,100.0
7235,E-randwrite-precondition,39850,39,58281,58,58,57,2136,77,1497,5316,5511201251,1342582754,0.00,56.35,128,100.0
7236,E-randwrite-precondition,39850,39,58562,58,58,56,2135,77,1420,5357,5511201251,1342729538,0.00,75.15,128,100.0
7237,E-randwrite-precondition,39850,39,58500,58,58,56,2135,77,729,5357,5511201251,1342839602,0.00,56.35,128,100.0
7238,E-randwrite-precondition,39850,39,58312,58,58,56,2134,77,1420,5275,5511201251,1342961730,0.00,62.53,128,100.0
7239,E-randwrite-precondition,39850,39,58281,58,58,56,2136,77,729,5398,5511201251,1343096154,0.00,68.83,128,100.0
7241,E-randwrite-precondition,39850,39,58437,58,58,56,2138,77,1420,5275,5511201251,1343206098,0.00,56.29,128,100.0
7242,E-randwrite-precondition,39850,39,58406,58,58,56,2136,77,1420,5357,5511201251,1343352786,0.00,75.10,128,100.0
7243,E-randwrite-precondition,39850,39,58250,58,58,56,2136,77,1344,5275,5511201251,1343450306,0.00,49.93,128,100.0
7244,E-randwrite-precondition,39850,39,58218,58,58,56,2139,77,1497,5357,5511201251,1343597090,0.00,75.15,128,100.0
7245,E-randwrite-precondition,39850,39,58125,58,58,56,2136,77,1420,5275,5511201251,1343694914,0.00,50.09,128,100.0
7246,E-randwrite-precondition,39850,39,58187,58,58,56,2139,77,1420,5316,5511201251,1343817170,0.00,62.60,128,100.0
7247,E-randwrite-precondition,39850,39,58218,58,58,57,2139,77,1344,5275,5511201251,1343914994,0.00,50.09,128,100.0
7248,E-randwrite-precondition,39850,39,58250,58,58,56,2143,77,1344,5316,5511201251,1344049394,0.00,68.81,128,100.0
7249,E-randwrite-precondition,39850,39,58187,58,58,57,2139,77,1420,5316,5511201251,1344147218,0.00,50.09,128,100.0
7251,E-randwrite-precondition,39850,39,58093,58,58,56,2139,77,1344,5357,5511201251,1344269498,0.00,62.61,128,100.0
7252,E-randwrite-precondition,39850,39,58281,58,58,56,2143,77,1344,5316,5511201251,1344342818,0.00,37.54,128,100.0
7253,E-randwrite-precondition,39850,39,58312,58,58,56,2142,77,1344,5357,5511201251,1344452730,0.00,56.27,128,100.0
7254,E-randwrite-precondition,39850,39,58031,58,58,56,2146,77,1420,5316,5511201251,1344538314,0.00,43.82,128,100.0
7255,E-randwrite-precondition,39850,39,58312,58,58,56,2147,77,729,5357,5511201251,1344648338,0.00,56.33,128,100.0
7256,E-randwrite-precondition,39850,39,58093,58,58,56,2151,77,1420,5275,5511201251,1344733882,0.00,43.80,128,100.0
7257,E-randwrite-precondition,39850,39,58187,58,58,56,2154,77,1420,5357,5511201251,1344843914,0.00,56.34,128,100.0
7259,E-randwrite-precondition,39850,39,58062,58,58,56,2152,77,729,5234,5511201251,1344941522,0.00,49.98,128,100.0
7260,E-randwrite-precondition,39850,39,58187,58,58,56,2151,77,1420,5357,5511201251,1345051586,0.00,56.35,128,100.0
7261,E-randwrite-precondition,39850,39,58187,58,58,56,2149,77,1420,5234,5511201251,1345161562,0.00,56.31,128,100.0
7262,E-randwrite-precondition,39850,39,58218,58,58,56,2151,77,1497,5357,5511201251,1345271626,0.00,56.35,128,100.0
7264,E-randwrite-precondition,39850,39,58031,58,58,56,2154,77,1344,5234,5511201251,1345381546,0.00,56.28,128,100.0
7265,E-randwrite-precondition,39850,39,58125,58,58,56,2152,77,1344,5357,5511201251,1345491514,0.00,56.30,128,100.0
7266,E-randwrite-precondition,39850,39,57968,57,58,56,2143,77,1344,5234,5511201251,1345601578,0.00,56.35,128,100.0
7267,E-randwrite-precondition,39850,39,58281,58,58,56,2136,77,729,5357,5511201251,1345711610,0.00,56.34,128,100.0
7269,E-randwrite-precondition,39850,39,58031,58,58,56,2134,77,1344,5234,5511201251,1345821642,0.00,56.34,128,100.0
7270,E-randwrite-precondition,39850,39,58062,58,58,56,2135,77,1420,5357,5511201251,1345931586,0.00,56.29,128,100.0
7271,E-randwrite-precondition,39850,39,58062,58,58,56,2130,77,806,5193,5511201251,1346041538,0.00,56.30,128,100.0
7272,E-randwrite-precondition,39850,39,58343,58,58,56,2133,77,1344,5316,5511201251,1346151602,0.00,56.35,128,100.0
7274,E-randwrite-precondition,39850,39,58187,58,57,56,2131,77,1420,5193,5511201251,1346249370,0.00,50.06,128,100.0
7275,E-randwrite-precondition,39850,39,57968,57,58,56,2135,77,1497,5398,5511201251,1346395938,0.00,75.04,128,100.0
7276,E-randwrite-precondition,39850,39,58187,58,58,56,2133,77,1497,5684,5511201251,1346506002,0.00,56.35,128,100.0
7277,E-randwrite-precondition,39850,39,58312,58,58,56,2132,77,1497,6052,5511201251,1346652762,0.00,75.14,128,100.0
7278,E-randwrite-precondition,39850,39,58500,58,58,56,2132,77,1497,6011,5511201251,1346762522,0.00,56.20,128,100.0
7280,E-randwrite-precondition,39850,39,58312,58,58,56,2132,77,1497,5929,5511201251,1346909306,0.00,75.15,128,100.0
7281,E-randwrite-precondition,39850,39,58218,58,58,56,2132,77,1497,6011,5511201251,1347043762,0.00,68.84,128,100.0
7282,E-randwrite-precondition,39850,39,58656,58,58,56,2135,77,1497,5929,5511201251,1347153674,0.00,56.27,128,100.0
7283,E-randwrite-precondition,39850,39,58500,58,58,56,2136,77,1497,6052,5511201251,1347300402,0.00,75.12,128,100.0
7284,E-randwrite-precondition,39850,39,58812,58,58,56,2136,77,1497,5929,5511201251,1347410234,0.00,56.23,128,100.0
7285,E-randwrite-precondition,39850,39,58687,58,58,56,2136,77,1497,6011,5511201251,1347556914,0.00,75.10,128,100.0
7286,E-randwrite-precondition,39850,39,58656,58,58,56,2136,77,1497,5970,5511201251,1347666874,0.00,56.30,128,100.0
7287,E-randwrite-precondition,39850,39,58718,58,58,56,2136,77,1497,5889,5511201251,1347789058,0.00,62.56,128,100.0
7288,E-randwrite-precondition,39850,39,58781,58,58,56,2138,77,1497,6011,5511201251,1347923514,0.00,68.84,128,100.0
7290,E-randwrite-precondition,39850,39,58687,58,58,56,2136,77,1497,5889,5511201251,1348021226,0.00,50.03,128,100.0
7291,E-randwrite-precondition,39850,39,58562,58,58,56,2139,77,1497,6011,5511201251,1348167890,0.00,75.09,128,100.0
7292,E-randwrite-precondition,39850,39,58687,58,58,56,2141,77,1497,5929,5511201251,1348265714,0.00,50.09,128,100.0
7293,E-randwrite-precondition,39850,39,58718,58,58,56,2141,77,1497,6257,5511201251,1348387994,0.00,62.61,128,100.0
7294,E-randwrite-precondition,39850,39,58562,58,58,56,2143,77,1497,5929,5511201251,1348485666,0.00,50.01,128,100.0
7295,E-randwrite-precondition,39850,39,58812,58,58,56,2144,77,1497,5970,5511201251,1348620082,0.00,68.82,128,100.0
7296,E-randwrite-precondition,39850,39,58656,58,58,57,2143,77,1497,5929,5511201251,1348717906,0.00,50.09,128,100.0
7297,E-randwrite-precondition,39850,39,58656,58,58,56,2146,77,1497,5970,5511201251,1348840098,0.00,62.56,128,99.6
7298,E-randwrite-precondition,39850,39,58718,58,58,56,2146,77,1497,5970,5511201251,1348925626,0.00,43.79,128,100.0
7300,E-randwrite-precondition,39850,39,58812,58,58,56,2148,77,1497,6052,5511201251,1349035690,0.00,56.35,128,100.0
7301,E-randwrite-precondition,39850,39,58718,58,58,56,2151,77,1497,5889,5511201251,1349109034,0.00,37.55,128,100.0
7302,E-randwrite-precondition,39850,39,58625,58,58,57,2156,77,1497,6011,5511201251,1349219042,0.00,56.32,128,100.0
7303,E-randwrite-precondition,39850,39,58625,58,58,56,2159,77,1497,5889,5511201251,1349328866,0.00,56.23,128,100.0
7304,E-randwrite-precondition,39850,39,58656,58,58,57,2157,77,1497,6011,5511201251,1349438930,0.00,56.35,128,100.0
7306,E-randwrite-precondition,39850,39,58687,58,58,57,2144,77,1497,5889,5511201251,1349548970,0.00,56.34,128,100.0
7307,E-randwrite-precondition,39850,39,58718,58,58,56,2136,77,1497,6011,5511201251,1349658994,0.00,56.33,128,100.0
7308,E-randwrite-precondition,39850,39,58687,58,58,56,2135,77,1497,5848,5511201251,1349768946,0.00,56.30,128,100.0
7310,E-randwrite-precondition,39850,39,58656,58,58,56,2136,77,1497,6011,5511201251,1349878970,0.00,56.33,128,100.0
7311,E-randwrite-precondition,39850,39,58781,58,58,56,2138,77,1497,5889,5511201251,1349988938,0.00,56.30,128,100.0
7312,E-randwrite-precondition,39850,39,58593,58,58,57,2135,77,1497,6011,5511201251,1350098978,0.00,56.34,128,100.0
7314,E-randwrite-precondition,39850,39,58687,58,58,56,2130,77,1497,5848,5511201251,1350208922,0.00,56.29,128,100.0
7315,E-randwrite-precondition,39850,39,58656,58,58,56,2136,77,1497,6011,5511201251,1350318986,0.00,56.35,128,100.0
7316,E-randwrite-precondition,39850,39,58781,58,58,56,2133,77,1497,5848,5511201251,1350429050,0.00,56.35,128,100.0
7317,E-randwrite-precondition,39850,39,58718,58,58,57,2135,77,1497,5970,5511201251,1350539114,0.00,56.35,128,100.0
7319,E-randwrite-precondition,39850,39,58687,58,58,56,2133,77,1497,5807,5511201251,1350648962,0.00,56.24,128,100.0
7320,E-randwrite-precondition,39850,39,59062,59,59,57,2138,77,1497,5970,5511201251,1350771170,0.00,62.57,128,100.0
7321,E-randwrite-precondition,39850,39,58500,58,58,56,2138,77,1497,5848,5511201251,1350868882,0.00,50.03,128,100.0
7322,E-randwrite-precondition,39850,39,58750,58,58,57,2139,77,1497,6011,5511201251,1351015642,0.00,75.14,128,100.0
7323,E-randwrite-precondition,39850,39,58687,58,58,57,2139,77,1497,5970,5511201251,1351125698,0.00,56.35,128,100.0
7324,E-randwrite-precondition,39850,39,58531,58,58,57,2144,77,1497,6011,5511201251,1351272114,0.00,74.96,128,100.0
7326,E-randwrite-precondition,39850,39,58843,58,58,57,2143,77,1497,6011,5511201251,1351382074,0.00,56.30,128,100.0
7327,E-randwrite-precondition,39850,39,58468,58,58,57,2148,77,1497,5929,5511201251,1351528786,0.00,75.12,128,100.0
7328,E-randwrite-precondition,39850,39,59093,59,59,56,2149,77,1344,6052,5511201251,1351663234,0.00,68.84,128,100.0
7329,E-randwrite-precondition,39850,39,59031,59,59,56,2151,77,1344,5929,5511201251,1351773098,0.00,56.25,128,100.0
7330,E-randwrite-precondition,39850,39,59125,59,59,56,2146,77,1497,6011,5511201251,1351919882,0.00,75.15,128,100.0
7331,E-randwrite-precondition,39850,39,59031,59,59,56,2146,77,1420,6011,5511201251,1352029946,0.00,56.35,128,100.0
7332,E-randwrite-precondition,39850,39,58593,58,58,56,2147,77,1113,5398,5511201251,1352176610,0.00,75.09,128,100.0
7334,E-randwrite-precondition,39850,39,58375,58,58,57,2151,77,1420,5316,5511201251,1352286650,0.00,56.34,128,100.0
7335,E-randwrite-precondition,39850,39,58218,58,58,56,2152,77,1420,5275,5511201251,1352408722,0.00,62.50,128,100.0
7336,E-randwrite-precondition,39850,39,58437,58,58,57,2157,77,729,5316,5511201251,1352543170,0.00,68.84,128,100.0
7337,E-randwrite-precondition,39850,39,58343,58,58,56,2159,77,1344,5234,5511201251,1352653234,0.00,56.35,128,100.0
7338,E-randwrite-precondition,39850,39,58343,58,58,56,2159,77,1420,5316,5511201251,1352799914,0.00,75.10,128,100.0
7339,E-randwrite-precondition,39850,39,58250,58,58,56,2152,77,1420,5234,5511201251,1352885298,0.00,43.72,128,100.0
7340,E-randwrite-precondition,39850,39,58281,58,58,56,2150,77,1344,5275,5511201251,1353019746,0.00,68.84,128,100.0
7341,E-randwrite-precondition,39850,39,58437,58,58,57,2154,77,1420,5275,5511201251,1353117506,0.00,50.05,128,100.0
7343,E-randwrite-precondition,39850,39,58250,58,58,56,2152,77,1420,5316,5511201251,1353252050,0.00,68.89,128,100.0
7344,E-randwrite-precondition,39850,39,58218,58,58,56,2160,77,1267,5275,5511201251,1353349858,0.00,50.08,128,100.0
7345,E-randwrite-precondition,39850,39,58187,58,58,56,2159,77,729,5357,5511201251,1353472082,0.00,62.58,128,100.0
7346,E-randwrite-precondition,39850,39,58187,58,58,57,2153,77,1420,5357,5511201251,1353557666,0.00,43.82,128,100.0
7347,E-randwrite-precondition,39850,39,58312,58,58,56,2142,77,1497,5357,5511201251,1353667706,0.00,56.34,128,100.0
7348,E-randwrite-precondition,39850,39,58218,58,58,56,2137,77,1036,5275,5511201251,1353753290,0.00,43.82,128,100.0
7349,E-randwrite-precondition,39850,39,58187,58,58,56,2142,77,806,5357,5511201251,1353863026,0.00,56.18,128,100.0
7351,E-randwrite-precondition,39850,39,58250,58,58,56,2139,77,1267,5234,5511201251,1353948538,0.00,43.78,128,100.0
7352,E-randwrite-precondition,39850,39,58125,58,58,56,2134,77,729,5357,5511201251,1354058482,0.00,56.29,128,100.0
7353,E-randwrite-precondition,39850,39,58250,58,58,56,2133,77,729,5234,5511201251,1354168426,0.00,56.29,128,100.0
7354,E-randwrite-precondition,39850,39,58187,58,58,56,2134,77,1344,5357,5511201251,1354278450,0.00,56.33,128,100.0
7356,E-randwrite-precondition,39850,39,58250,58,58,56,2134,77,1420,5234,5511201251,1354388314,0.00,56.25,128,100.0
7357,E-randwrite-precondition,39850,39,58187,58,58,56,2138,77,1420,5357,5511201251,1354498250,0.00,56.29,128,100.0
7358,E-randwrite-precondition,39850,39,58312,58,58,56,2138,77,1497,5193,5511201251,1354608234,0.00,56.31,128,100.0
7359,E-randwrite-precondition,39850,39,58093,58,58,56,2139,77,1420,5316,5511201251,1354718210,0.00,56.31,128,100.0
7361,E-randwrite-precondition,39850,39,58187,58,58,56,2143,77,1497,5193,5511201251,1354827698,0.00,56.06,13,100.0
7362,E-randwrite-precondition,39850,39,58093,58,58,56,2146,77,1036,5357,5511201251,1354938266,0.00,56.61,128,100.0
7363,E-randwrite-precondition,39850,39,58187,58,58,56,2149,77,1420,5234,5511201251,1355048330,0.00,56.35,128,100.0
7365,E-randwrite-precondition,39850,39,58156,58,58,56,2152,77,1267,5357,5511201251,1355158274,0.00,56.29,128,100.0
7366,E-randwrite-precondition,39850,39,58187,58,58,56,2157,77,1420,5193,5511201251,1355268242,0.00,56.30,128,100.0
7367,E-randwrite-precondition,39850,39,58218,58,58,56,2157,77,729,5316,5511201251,1355390546,0.00,62.62,128,100.0
7368,E-randwrite-precondition,39850,39,58093,58,58,56,2159,77,1420,5193,5511201251,1355488370,0.00,50.09,128,100.0
7369,E-randwrite-precondition,39850,39,58250,58,58,56,2160,77,1497,5357,5511201251,1355635002,0.00,75.08,128,99.2
7371,E-randwrite-precondition,39850,39,58250,58,58,56,2159,77,1420,5275,5511201251,1355745066,0.00,56.35,128,100.0
7372,E-randwrite-precondition,39850,39,58000,58,58,56,2160,77,1344,5357,5511201251,1355891754,0.00,75.10,128,100.0
7373,E-randwrite-precondition,39850,39,58125,58,58,56,2162,77,1344,5316,5511201251,1355989466,0.00,50.03,128,100.0
7374,E-randwrite-precondition,39850,39,58031,58,58,56,2152,77,883,5357,5511201251,1356136250,0.00,75.15,128,100.0
7375,E-randwrite-precondition,39850,39,58312,58,58,56,2141,77,1344,5357,5511201251,1356246098,0.00,56.24,128,100.0
7376,E-randwrite-precondition,39850,39,57968,57,57,56,2139,77,729,5234,5511201251,1356368402,0.00,62.62,128,100.0
7377,E-randwrite-precondition,39850,39,58156,58,57,56,2142,77,1344,5316,5511201251,1356502946,0.00,68.89,128,100.0
7378,E-randwrite-precondition,39850,39,58125,58,58,56,2141,77,1497,5275,5511201251,1356613010,0.00,56.35,128,100.0
7379,E-randwrite-precondition,39850,39,58218,58,57,56,2139,77,1497,5357,5511201251,1356759522,0.00,75.01,128,100.0
7381,E-randwrite-precondition,39850,39,58187,58,58,56,2141,77,1420,5316,5511201251,1356869562,0.00,56.34,128,100.0
7382,E-randwrite-precondition,39850,39,58187,58,58,56,2137,77,1344,5357,5511201251,1357016258,0.00,75.11,128,100.0
7383,E-randwrite-precondition,39850,39,58093,58,58,56,2139,77,1344,5357,5511201251,1357126226,0.00,56.30,128,94.0
7384,E-randwrite-precondition,39850,39,58062,58,58,56,2141,77,729,5234,5511201251,1357248530,0.00,62.62,128,100.0
7385,E-randwrite-precondition,39850,39,58000,58,57,56,2142,77,1344,5357,5511201251,1357395266,0.00,75.13,128,99.6
7386,E-randwrite-precondition,39850,39,58093,58,58,56,2144,77,806,5275,5511201251,1357505306,0.00,56.34,128,100.0
7387,E-randwrite-precondition,39850,39,57906,57,58,56,2142,77,1344,5357,5511201251,1357651994,0.00,75.10,128,100.0
7388,E-randwrite-precondition,39850,39,57968,57,57,56,2142,77,1344,5275,5511201251,1357737514,0.00,43.79,128,100.0
7390,E-randwrite-precondition,39850,39,57937,57,57,56,2144,77,1344,5316,5511201251,1357871914,0.00,68.81,128,100.0
7391,E-randwrite-precondition,39850,39,58062,58,58,56,2146,77,1344,5275,5511201251,1357969674,0.00,50.05,128,100.0
7392,E-randwrite-precondition,39850,39,58156,58,58,56,2144,77,1344,5275,5511201251,1358079730,0.00,56.35,128,95.6
7393,E-randwrite-precondition,39850,39,58343,58,58,56,2144,77,1497,5725,5511201251,1358177554,0.00,50.09,128,100.0
7394,E-randwrite-precondition,39850,39,58093,58,57,56,2146,77,1344,5439,5511201251,1358299762,0.00,62.57,128,100.0
7395,E-randwrite-precondition,39850,39,57843,57,58,56,2151,77,1036,5316,5511201251,1358385354,0.00,43.82,128,94.0
7396,E-randwrite-precondition,39850,39,58687,58,58,56,2155,77,1497,5929,5511201251,1358495322,0.00,56.30,128,100.0
7397,E-randwrite-precondition,39850,39,58812,58,58,56,2154,77,1344,5889,5511201251,1358568746,0.00,37.59,128,100.0
7399,E-randwrite-precondition,39850,39,58406,58,58,56,2149,77,1497,6011,5511201251,1358678810,0.00,56.35,128,100.0
7400,E-randwrite-precondition,39850,39,58312,58,58,56,2141,77,1497,5889,5511201251,1358776410,0.00,49.97,128,100.0
7401,E-randwrite-precondition,39850,39,58593,58,58,56,2136,77,1497,6011,5511201251,1358886378,0.00,56.30,128,100.0
7402,E-randwrite-precondition,39850,39,58218,58,58,56,2134,77,1497,5848,5511201251,1358996442,0.00,56.35,128,100.0
7404,E-randwrite-precondition,39850,39,58687,58,58,56,2130,77,1497,6011,5511201251,1359106466,0.00,56.33,128,100.0
7405,E-randwrite-precondition,39850,39,58375,58,58,56,2130,77,1497,5889,5511201251,1359216346,0.00,56.26,128,100.0
7406,E-randwrite-precondition,39850,39,58500,58,58,56,2131,77,1497,6011,5511201251,1359326338,0.00,56.32,128,100.0
7408,E-randwrite-precondition,39850,39,58687,58,58,56,2130,77,1497,5889,5511201251,1359436402,0.00,56.35,128,100.0
7409,E-randwrite-precondition,39850,39,58468,58,58,56,2130,77,1497,6011,5511201251,1359546466,0.00,56.35,128,100.0
7410,E-randwrite-precondition,39850,39,58406,58,58,56,2131,77,1497,5889,5511201251,1359656458,0.00,56.32,128,100.0
7411,E-randwrite-precondition,39850,39,58750,58,58,56,2134,77,1497,6011,5511201251,1359766322,0.00,56.25,128,100.0
7413,E-randwrite-precondition,39850,39,58468,58,58,56,2134,77,1497,5889,5511201251,1359876386,0.00,56.35,128,100.0
7414,E-randwrite-precondition,39850,39,58593,58,58,56,2136,77,1497,6011,5511201251,1359986450,0.00,56.35,128,100.0
7415,E-randwrite-precondition,39850,39,58750,58,58,56,2139,77,1497,5848,5511201251,1360096354,0.00,56.27,128,100.0
7416,E-randwrite-precondition,39850,39,58875,58,58,56,2142,77,1420,5929,5511201251,1360206418,0.00,56.35,128,100.0
7418,E-randwrite-precondition,39850,39,58937,58,58,56,2146,77,1420,5848,5511201251,1360316482,0.00,56.35,128,100.0
7419,E-randwrite-precondition,39850,39,58750,58,59,56,2149,77,1420,6011,5511201251,1360463050,0.00,75.04,128,100.0
7420,E-randwrite-precondition,39850,39,58343,58,58,57,2149,77,1497,5970,5511201251,1360572978,0.00,56.28,128,100.0
7421,E-randwrite-precondition,39850,39,58406,58,58,56,2146,77,1497,6011,5511201251,1360707522,0.00,68.89,128,100.0
7422,E-randwrite-precondition,39850,39,58625,58,58,56,2147,77,1497,5929,5511201251,1360805346,0.00,50.09,128,100.0
7423,E-randwrite-precondition,39850,39,58437,58,58,57,2147,77,1497,6011,5511201251,1360952034,0.00,75.10,128,100.0
7424,E-randwrite-precondition,39850,39,58906,58,58,56,2155,77,1344,6011,5511201251,1361062042,0.00,56.32,128,96.4
7425,E-randwrite-precondition,39850,39,58687,58,58,56,2155,77,1420,5929,5511201251,1361196290,0.00,68.73,128,100.0
7427,E-randwrite-precondition,39850,39,58875,58,58,56,2162,77,1344,6011,5511201251,1361330738,0.00,68.84,128,100.0
7428,E-randwrite-precondition,39850,39,58812,58,58,56,2154,77,1420,5970,5511201251,1361440802,0.00,56.35,128,100.0
7429,E-randwrite-precondition,39850,39,59000,59,59,56,2144,77,1420,6052,5511201251,1361587586,0.00,75.15,128,100.0
7430,E-randwrite-precondition,39850,39,58968,58,58,56,2136,77,1497,5970,5511201251,1361697522,0.00,56.29,128,100.0
7431,E-randwrite-precondition,39850,39,58937,58,59,56,2134,77,1344,6052,5511201251,1361844186,0.00,75.09,128,100.0
7432,E-randwrite-precondition,39850,39,58937,58,58,56,2138,77,1344,5970,5511201251,1361954250,0.00,56.35,128,100.0
7433,E-randwrite-precondition,39850,39,58375,58,58,56,2135,77,1497,5889,5511201251,1362076554,0.00,62.62,128,100.0
7434,E-randwrite-precondition,39850,39,58375,58,58,56,2134,77,1497,6011,5511201251,1362211002,0.00,68.84,128,100.0
7435,E-randwrite-precondition,39850,39,58375,58,58,56,2133,77,1497,5889,5511201251,1362308674,0.00,50.01,128,100.0
7437,E-randwrite-precondition,39850,39,58437,58,58,57,2136,77,1497,6011,5511201251,1362443218,0.00,68.89,128,100.0
7438,E-randwrite-precondition,39850,39,58406,58,58,56,2136,77,1497,5929,5511201251,1362541042,0.00,50.09,128,100.0
7439,E-randwrite-precondition,39850,39,58531,58,58,56,2136,77,1497,6011,5511201251,1362675578,0.00,68.88,128,100.0
7440,E-randwrite-precondition,39850,39,58500,58,58,56,2141,77,1497,5970,5511201251,1362773242,0.00,50.00,128,100.0
7441,E-randwrite-precondition,39850,39,58406,58,58,57,2139,77,1497,5970,5511201251,1362895394,0.00,62.54,128,100.0
7442,E-randwrite-precondition,39850,39,58843,58,58,57,2141,77,1497,5929,5511201251,1362981074,0.00,43.87,128,100.0
7443,E-randwrite-precondition,39850,39,58437,58,58,56,2143,77,1497,6052,5511201251,1363091042,0.00,56.30,128,100.0
7445,E-randwrite-precondition,39850,39,58406,58,58,56,2147,77,1497,5889,5511201251,1363176698,0.00,43.86,128,100.0
7446,E-randwrite-precondition,39850,39,58437,58,58,56,2151,77,1497,6052,5511201251,1363286498,0.00,56.22,128,100.0
7447,E-randwrite-precondition,39850,39,58312,58,58,56,2149,77,1497,5889,5511201251,1363396554,0.00,56.35,128,100.0
7448,E-randwrite-precondition,39850,39,58437,58,58,57,2152,77,1497,6052,5511201251,1363506594,0.00,56.34,128,100.0
7450,E-randwrite-precondition,39850,39,58500,58,58,56,2154,77,1497,5889,5511201251,1363616658,0.00,56.35,128,100.0
7451,E-randwrite-precondition,39850,39,58500,58,58,56,2155,77,1497,6052,5511201251,1363726618,0.00,56.30,128,100.0
7452,E-randwrite-precondition,39850,39,58406,58,58,57,2154,77,1497,5643,5511201251,1363824354,0.00,50.04,128,100.0
7453,E-randwrite-precondition,39850,39,58250,58,58,56,2155,77,960,5316,5511201251,1363909938,0.00,43.82,128,100.0
7454,E-randwrite-precondition,39850,39,58125,58,58,56,2152,77,1420,5357,5511201251,1364020002,0.00,56.35,128,100.0
7455,E-randwrite-precondition,39850,39,58187,58,58,56,2152,77,1420,5357,5511201251,1364105402,0.00,43.72,128,100.0
7456,E-randwrite-precondition,39850,39,58156,58,58,56,2152,77,729,5316,5511201251,1364215442,0.00,56.34,128,100.0
7457,E-randwrite-precondition,39850,39,58250,58,58,56,2159,77,729,5234,5511201251,1364288746,0.00,37.53,128,100.0
7459,E-randwrite-precondition,39850,39,58156,58,58,56,2152,77,1497,5316,5511201251,1364398754,0.00,56.32,128,100.0
7460,E-randwrite-precondition,39850,39,58250,58,58,56,2141,77,1036,5234,5511201251,1364496482,0.00,50.04,128,100.0
7461,E-randwrite-precondition,39850,39,58156,58,58,57,2136,77,1036,5316,5511201251,1364606546,0.00,56.35,128,100.0
7462,E-randwrite-precondition,39850,39,58093,58,58,56,2139,77,1267,5193,5511201251,1364716610,0.00,56.35,128,100.0
7464,E-randwrite-precondition,39850,39,58062,58,58,56,2141,77,1036,5275,5511201251,1364838810,0.00,62.57,128,100.0
7465,E-randwrite-precondition,39850,39,58218,58,58,56,2138,77,1420,5234,5511201251,1364924274,0.00,43.76,128,100.0
7466,E-randwrite-precondition,39850,39,58187,58,58,56,2134,77,1344,5357,5511201251,1365070770,0.00,75.01,128,100.0
7467,E-randwrite-precondition,39850,39,58000,58,58,56,2131,77,1344,5234,5511201251,1365180794,0.00,56.33,128,100.0
7468,E-randwrite-precondition,39850,39,58093,58,58,56,2136,77,1344,5316,5511201251,1365327578,0.00,75.15,128,100.0
7469,E-randwrite-precondition,39850,39,58031,58,58,56,2136,77,1420,5275,5511201251,1365437514,0.00,56.29,128,100.0
7471,E-randwrite-precondition,39850,39,58406,58,58,56,2139,77,1420,6052,5511201251,1365584178,0.00,75.09,128,100.0
7472,E-randwrite-precondition,39850,39,58156,58,58,56,2140,77,1420,5725,5511201251,1365718602,0.00,68.83,128,100.0
7473,E-randwrite-precondition,39850,39,58031,58,58,56,2142,77,729,5275,5511201251,1365828450,0.00,56.24,128,100.0
7474,E-randwrite-precondition,39850,39,58125,58,58,56,2144,77,1036,5357,5511201251,1365975234,0.00,75.15,128,100.0
7475,E-randwrite-precondition,39850,39,58093,58,58,56,2147,77,1267,5234,5511201251,1366109530,0.00,68.76,454,100.0
7476,E-randwrite-precondition,39850,39,58312,58,58,56,2149,77,1420,5398,5511201251,1366378562,0.00,137.74,128,100.0
7477,E-randwrite-precondition,39850,39,58125,58,58,56,2144,77,1344,5316,5511201251,1366488570,0.00,56.32,128,100.0
7479,E-randwrite-precondition,39850,39,58406,58,58,56,2149,77,1420,5234,5511201251,1366610778,0.00,62.57,128,100.0
7480,E-randwrite-precondition,39850,39,58093,58,58,56,2150,77,729,5316,5511201251,1366757562,0.00,75.15,128,100.0
7481,E-randwrite-precondition,39850,39,58343,58,58,56,2155,77,1420,5275,5511201251,1366867562,0.00,56.32,128,90.4
7482,E-randwrite-precondition,39850,39,58156,58,58,56,2157,77,1036,5357,5511201251,1367050970,0.00,93.90,128,100.0
7483,E-randwrite-precondition,39850,39,58093,58,58,56,2155,77,1344,5275,5511201251,1367148754,0.00,50.07,128,100.0
7485,E-randwrite-precondition,39850,39,58031,58,58,56,2157,77,729,5193,5511201251,1367270978,0.00,62.58,128,100.0
7486,E-randwrite-precondition,39850,39,58156,58,58,56,2152,77,729,5316,5511201251,1367405250,0.00,68.75,128,100.0
7487,E-randwrite-precondition,39850,39,58093,58,58,56,2142,77,1420,5193,5511201251,1367503002,0.00,50.05,128,100.0
7488,E-randwrite-precondition,39850,39,57937,57,57,56,2138,77,1497,5275,5511201251,1367637514,0.00,68.87,128,100.0
7489,E-randwrite-precondition,39850,39,58125,58,58,56,2138,77,1420,5234,5511201251,1367723074,0.00,43.81,128,100.0
7490,E-randwrite-precondition,39850,39,58062,58,58,56,2136,77,1344,5316,5511201251,1367833058,0.00,56.31,128,100.0
7492,E-randwrite-precondition,39850,39,58125,58,57,56,2138,77,1344,5234,5511201251,1367930866,0.00,50.08,128,100.0
7493,E-randwrite-precondition,39850,39,57843,57,58,56,2136,77,1267,5316,5511201251,1368040882,0.00,56.33,128,100.0
7494,E-randwrite-precondition,39850,39,58218,58,58,56,2134,77,883,5520,5511201251,1368150866,0.00,56.31,128,100.0
7495,E-randwrite-precondition,39850,39,58031,58,58,56,2136,77,806,5357,5511201251,1368260898,0.00,56.34,128,100.0
7497,E-randwrite-precondition,39850,39,57968,57,58,56,2136,77,729,5234,5511201251,1368370858,0.00,56.30,128,100.0
7498,E-randwrite-precondition,39850,39,57875,57,58,56,2137,77,1420,5316,5511201251,1368480866,0.00,56.32,128,100.0
7499,E-randwrite-precondition,39850,39,57906,57,57,56,2141,77,729,5234,5511201251,1368590890,0.00,56.33,128,100.0
7501,E-randwrite-precondition,39850,39,57843,57,57,56,2141,77,1344,5316,5511201251,1368700938,0.00,56.34,128,100.0
7502,E-randwrite-precondition,39850,39,58000,58,58,56,2139,77,1497,5193,5511201251,1368810962,0.00,56.33,128,100.0
7503,E-randwrite-precondition,39850,39,57906,57,57,56,2139,77,806,5316,5511201251,1368921002,0.00,56.34,128,100.0
7505,E-randwrite-precondition,39850,39,57906,57,57,56,2149,77,960,5234,5511201251,1369030898,0.00,56.27,128,100.0
7506,E-randwrite-precondition,39850,39,57812,57,57,56,2149,77,1420,5316,5511201251,1369140938,0.00,56.34,128,100.0
7507,E-randwrite-precondition,39850,39,57937,57,58,56,2154,77,1267,5193,5511201251,1369250882,0.00,56.29,128,100.0
7508,E-randwrite-precondition,39850,39,57843,57,57,56,2155,77,1420,5316,5511201251,1369360906,0.00,56.33,128,100.0
7510,E-randwrite-precondition,39850,39,57843,57,57,56,2152,77,1344,5193,5511201251,1369470786,0.00,56.26,128,100.0
7511,E-randwrite-precondition,39850,39,57906,57,57,56,2146,77,1344,5275,5511201251,1369593066,0.00,62.61,128,100.0
7512,E-randwrite-precondition,39850,39,57781,57,57,56,2147,77,1267,5193,5511201251,1369690850,0.00,50.07,128,100.0
7513,E-randwrite-precondition,39850,39,58031,58,58,56,2146,77,1497,5316,5511201251,1369825338,0.00,68.86,128,100.0
7514,E-randwrite-precondition,39850,39,57906,57,58,56,2147,77,806,5234,5511201251,1369935130,0.00,56.21,128,100.0
7515,E-randwrite-precondition,39850,39,57906,57,57,56,2146,77,1420,5316,5511201251,1370081842,0.00,75.12,128,100.0
7517,E-randwrite-precondition,39850,39,58218,58,58,56,2147,77,1497,5889,5511201251,1370191906,0.00,56.35,128,100.0
7518,E-randwrite-precondition,39850,39,58656,58,58,56,2149,77,1344,6011,5511201251,1370338594,0.00,75.10,128,100.0
7519,E-randwrite-precondition,39850,39,58187,58,58,56,2155,77,1344,6011,5511201251,1370448610,0.00,56.33,128,100.0
7520,E-randwrite-precondition,39850,39,58343,58,58,56,2157,77,1420,5889,5511201251,1370570914,0.00,62.62,128,100.0
7521,E-randwrite-precondition,39850,39,58687,58,58,56,2157,77,1497,6011,5511201251,1370705458,0.00,68.89,128,98.8
7522,E-randwrite-precondition,39850,39,59000,59,59,56,2162,77,1497,6543,5511201251,1370815426,0.00,56.30,128,100.0
7523,E-randwrite-precondition,39850,39,58843,58,58,56,2157,77,1497,6778,5511201251,1370962210,0.00,75.15,128,100.0
7524,E-randwrite-precondition,39850,39,58656,58,58,56,2159,77,1497,6093,5511201251,1371084338,0.00,62.53,561,100.0
7525,E-randwrite-precondition,39850,39,59031,59,59,56,2151,77,1497,6614,5511201251,1371365594,0.00,144.00,128,99.6
7527,E-randwrite-precondition,39850,39,59093,59,59,56,2141,77,1497,6818,5511201251,1371487898,0.00,62.62,128,100.0
7528,E-randwrite-precondition,39850,39,59281,59,59,56,2134,77,1497,6737,5511201251,1371622346,0.00,68.84,128,100.0
7529,E-randwrite-precondition,39850,39,58718,58,58,56,2136,77,1497,6175,5511201251,1371803354,0.00,92.68,304,98.0
7530,E-randwrite-precondition,39850,39,58687,58,58,56,2137,77,1497,6533,5511201251,1372001306,0.00,101.35,128,100.0
7531,E-randwrite-precondition,39850,39,58937,58,58,56,2134,77,1497,6737,5511201251,1372148090,0.00,75.15,128,100.0
7533,E-randwrite-precondition,39850,39,58687,58,58,56,2138,77,1497,6134,5511201251,1372257994,0.00,56.27,383,100.0
7534,E-randwrite-precondition,39850,39,59031,59,59,56,2134,77,1497,6379,5511201251,1372441370,0.00,93.89,124,100.0
7535,E-randwrite-precondition,39850,39,58968,58,59,57,2134,77,1497,6614,5511201251,1372587970,0.00,75.06,128,100.0
7536,E-randwrite-precondition,39850,39,59187,59,59,57,2134,77,1497,6737,5511201251,1372673514,0.00,43.80,128,100.0
7537,E-randwrite-precondition,39850,39,58500,58,58,56,2136,77,1497,6297,5511201251,1372795666,0.00,62.54,373,100.0
7539,E-randwrite-precondition,39850,39,58875,58,58,56,2133,77,1497,6216,5511201251,1372942506,0.00,75.18,302,100.0
7540,E-randwrite-precondition,39850,39,59093,59,59,56,2134,77,1497,6614,5511201251,1373113546,0.00,87.57,128,100.0
7541,E-randwrite-precondition,39850,39,58968,58,58,56,2139,77,1497,6655,5511201251,1373223610,0.00,56.35,128,100.0
7542,E-randwrite-precondition,39850,39,58812,58,58,57,2141,77,1497,6216,5511201251,1373345666,0.00,62.49,575,100.0
7543,E-randwrite-precondition,39850,39,59125,59,59,57,2141,77,1497,6655,5511201251,1373578154,0.00,119.03,128,100.0
7545,E-randwrite-precondition,39850,39,59156,59,59,56,2144,77,1497,6696,5511201251,1373651354,0.00,37.48,128,80.8
7546,E-randwrite-precondition,39850,39,59093,59,59,57,2146,77,1497,6778,5511201251,1373761418,0.00,56.35,128,100.0
7547,E-randwrite-precondition,39850,39,58968,58,58,56,2149,77,1497,6093,5511201251,1373859106,0.00,50.02,577,100.0
7548,E-randwrite-precondition,39850,39,59218,59,59,56,2153,77,1497,6573,5511201251,1374091466,0.00,118.97,128,100.0
7549,E-randwrite-precondition,39850,39,59312,59,59,56,2147,77,1497,6614,5511201251,1374213682,0.00,62.57,130,100.0
7550,E-randwrite-precondition,39850,39,59187,59,59,57,2145,77,1497,6778,5511201251,1374323546,0.00,56.25,128,100.0
7552,E-randwrite-precondition,39850,39,58781,58,59,57,2150,77,1497,6011,5511201251,1374476626,0.00,78.38,578,100.0
7553,E-randwrite-precondition,39850,39,59468,59,59,57,2152,77,1497,6696,5511201251,1374763682,0.00,146.97,128,100.0
7554,E-randwrite-precondition,39850,39,59375,59,59,57,2155,77,1497,6696,5511201251,1374873746,0.00,56.35,128,100.0
7555,E-randwrite-precondition,39850,39,59562,59,59,57,2155,77,1497,6818,5511201251,1375020338,0.00,75.06,128,100.0
7556,E-randwrite-precondition,39850,39,59343,59,59,57,2159,77,1344,6175,5511201251,1375203722,0.00,93.89,292,100.0
7557,E-randwrite-precondition,39850,39,58937,58,58,57,2152,77,1497,6614,5511201251,1375448226,0.00,125.19,128,100.0
7558,E-randwrite-precondition,39850,39,59281,59,59,57,2141,77,1497,6737,5511201251,1375546050,0.00,50.09,128,100.0
7560,E-randwrite-precondition,39850,39,58843,58,58,57,2138,77,1497,6338,5511201251,1375692730,0.00,75.10,548,100.0
7561,E-randwrite-precondition,39850,39,59218,59,59,57,2134,77,1497,6573,5511201251,1376010618,0.00,162.76,128,100.0
7562,E-randwrite-precondition,39850,39,59250,59,59,57,2133,77,1497,6696,5511201251,1376120570,0.00,56.30,128,100.0
7563,E-randwrite-precondition,39850,39,59218,59,59,57,2133,77,1497,6778,5511201251,1376267354,0.00,75.15,128,100.0
7565,E-randwrite-precondition,39850,39,59062,59,59,57,2136,77,1497,6216,5511201251,1376413706,0.00,74.93,356,100.0
7566,E-randwrite-precondition,39850,39,59156,59,59,57,2135,77,1497,6614,5511201251,1376707266,0.00,150.30,128,100.0
7567,E-randwrite-precondition,39850,39,59531,59,59,57,2134,77,1497,6778,5511201251,1376817330,0.00,56.35,128,100.0
7568,E-randwrite-precondition,39850,39,59031,59,59,57,2133,77,1497,6461,5511201251,1376927202,0.00,56.25,516,100.0
7569,E-randwrite-precondition,39850,39,59625,59,59,57,2133,77,1497,6573,5511201251,1377208570,0.00,144.06,128,100.0
7571,E-randwrite-precondition,39850,39,59375,59,59,57,2134,77,1497,6655,5511201251,1377318610,0.00,56.34,128,100.0
7572,E-randwrite-precondition,39850,39,58812,58,58,57,2136,77,1344,6052,5511201251,1377440754,0.00,62.54,629,100.0
7573,E-randwrite-precondition,39850,39,59062,59,59,57,2136,77,1497,6134,5511201251,1377636458,0.00,100.20,128,100.0
7574,E-randwrite-precondition,39850,39,58906,58,59,57,2138,77,1497,6175,5511201251,1377746514,0.00,56.35,128,100.0
7575,E-randwrite-precondition,39850,39,58968,58,58,57,2138,77,1344,5439,5511201251,1377856466,0.00,56.30,629,94.4
7576,E-randwrite-precondition,39850,39,59218,59,58,57,2139,77,1497,6134,5511201251,1378088746,0.00,118.93,128,100.0
7577,E-randwrite-precondition,39850,39,59000,59,59,57,2144,77,1497,6175,5511201251,1378149850,0.00,31.29,128,100.0
7578,E-randwrite-precondition,39850,39,58843,58,58,57,2144,77,960,5480,5511201251,1378259626,0.00,56.21,602,94.4
7580,E-randwrite-precondition,39850,39,59250,59,59,57,2148,77,1497,6257,5511201251,1378479786,0.00,112.72,128,100.0
7581,E-randwrite-precondition,39850,39,58906,58,58,57,2151,77,1420,5480,5511201251,1378589786,0.00,56.32,128,100.0
7582,E-randwrite-precondition,39850,39,58718,58,58,57,2152,77,1267,5398,5511201251,1378699850,0.00,56.35,128,100.0
7583,E-randwrite-precondition,39850,39,58718,58,58,57,2154,77,806,5357,5511201251,1378773122,0.00,37.52,128,100.0
7584,E-randwrite-precondition,39850,39,58656,58,58,57,2159,77,1420,5398,5511201251,1378883186,0.00,56.35,128,100.0
7585,E-randwrite-precondition,39850,39,58593,58,58,57,2156,77,1420,5357,5511201251,1378968682,0.00,43.77,128,100.0
7587,E-randwrite-precondition,39850,39,58656,58,58,57,2159,77,1267,5357,5511201251,1379078634,0.00,56.30,128,100.0
7588,E-randwrite-precondition,39850,39,58812,58,58,57,2156,77,1344,5234,5511201251,1379164178,0.00,43.80,128,100.0
7589,E-randwrite-precondition,39850,39,58562,58,58,57,2148,77,960,5316,5511201251,1379286482,0.00,62.62,128,100.0
7590,E-randwrite-precondition,39850,39,58468,58,58,57,2139,77,1420,5275,5511201251,1379384210,0.00,50.04,128,100.0
7591,E-randwrite-precondition,39850,39,58656,58,58,57,2135,77,1036,5316,5511201251,1379530898,0.00,75.10,128,100.0
7592,E-randwrite-precondition,39850,39,58500,58,58,57,2136,77,1267,5275,5511201251,1379640962,0.00,56.35,128,100.0
7593,E-randwrite-precondition,39850,39,58593,58,58,56,2135,77,1344,5357,5511201251,1379787746,0.00,75.15,128,100.0
7594,E-randwrite-precondition,39850,39,58937,58,59,57,2135,77,1497,5807,5511201251,1379897810,0.00,56.35,128,100.0
7596,E-randwrite-precondition,39850,39,58656,58,58,57,2133,77,806,5316,5511201251,1380019786,0.00,62.45,128,100.0
7597,E-randwrite-precondition,39850,39,58468,58,58,57,2133,77,729,5357,5511201251,1380154330,0.00,68.89,128,100.0
7598,E-randwrite-precondition,39850,39,58406,58,58,56,2133,77,1267,5275,5511201251,1380264290,0.00,56.30,128,100.0
7599,E-randwrite-precondition,39850,39,58406,58,58,56,2132,77,1497,5316,5511201251,1380410890,0.00,75.06,128,100.0
7600,E-randwrite-precondition,39850,39,58468,58,58,56,2138,77,1420,5316,5511201251,1380508602,0.00,50.03,128,92.0
7601,E-randwrite-precondition,39850,39,58500,58,58,57,2136,77,1344,5357,5511201251,1380655386,0.00,75.15,128,100.0
7602,E-randwrite-precondition,39850,39,58437,58,58,57,2136,77,883,5357,5511201251,1380765450,0.00,56.35,128,100.0
7603,E-randwrite-precondition,39850,39,58406,58,58,57,2133,77,806,5275,5511201251,1380899898,0.00,68.84,128,100.0
7605,E-randwrite-precondition,39850,39,58406,58,58,56,2138,77,1497,5357,5511201251,1381034322,0.00,68.83,128,100.0
7606,E-randwrite-precondition,39850,39,58437,58,58,57,2138,77,1344,5275,5511201251,1381131898,0.00,49.96,128,100.0
7607,E-randwrite-precondition,39850,39,58375,58,58,56,2146,77,1344,5316,5511201251,1381266442,0.00,68.89,128,100.0
7608,E-randwrite-precondition,39850,39,58281,58,58,56,2146,77,729,5275,5511201251,1381364266,0.00,50.09,128,100.0
7609,E-randwrite-precondition,39850,39,58468,58,58,56,2149,77,729,5316,5511201251,1381498714,0.00,68.84,128,100.0
7610,E-randwrite-precondition,39850,39,58312,58,58,56,2149,77,1420,5275,5511201251,1381596450,0.00,50.04,128,98.0
7611,E-randwrite-precondition,39850,39,58343,58,58,57,2156,77,1420,5316,5511201251,1381718746,0.00,62.62,128,100.0
7612,E-randwrite-precondition,39850,39,58343,58,58,56,2159,77,1497,5275,5511201251,1381804266,0.00,43.79,128,100.0
7614,E-randwrite-precondition,39850,39,58343,58,58,57,2149,77,1344,5357,5511201251,1381914258,0.00,56.32,128,100.0
7615,E-randwrite-precondition,39850,39,58250,58,58,56,2136,77,1420,5234,5511201251,1381999842,0.00,43.82,128,100.0
7616,E-randwrite-precondition,39850,39,58250,58,58,56,2138,77,1420,5357,5511201251,1382109786,0.00,56.29,128,100.0
7617,E-randwrite-precondition,39850,39,58437,58,58,57,2139,77,1344,5234,5511201251,1382219810,0.00,56.33,128,100.0
7618,E-randwrite-precondition,39850,39,58312,58,58,56,2133,77,1344,5357,5511201251,1382329874,0.00,56.35,128,100.0
7620,E-randwrite-precondition,39850,39,58187,58,58,56,2136,77,1497,5234,5511201251,1382439794,0.00,56.28,128,100.0
7621,E-randwrite-precondition,39850,39,58531,58,58,56,2133,77,1420,5357,5511201251,1382549762,0.00,56.30,129,100.0
7623,E-randwrite-precondition,39850,39,58312,58,58,56,2131,77,729,5234,5511201251,1382659826,0.00,56.35,128,100.0
7624,E-randwrite-precondition,39850,39,58218,58,58,56,2133,77,1420,5357,5511201251,1382769874,0.00,56.34,128,100.0
7625,E-randwrite-precondition,39850,39,58250,58,58,56,2133,77,1420,5234,5511201251,1382879786,0.00,56.27,128,100.0
7626,E-randwrite-precondition,39850,39,58312,58,58,56,2133,77,1344,5357,5511201251,1382989738,0.00,56.30,128,99.6
7628,E-randwrite-precondition,39850,39,58156,58,58,56,2135,77,1420,5234,5511201251,1383099802,0.00,56.35,128,100.0
7629,E-randwrite-precondition,39850,39,58250,58,58,56,2135,77,729,5398,5511201251,1383209746,0.00,56.29,128,100.0
7630,E-randwrite-precondition,39850,39,58187,58,58,56,2131,77,729,5275,5511201251,1383307570,0.00,50.09,129,100.0
7631,E-randwrite-precondition,39850,39,58156,58,58,57,2133,77,1420,5357,5511201251,1383429682,0.00,62.52,128,100.0
7633,E-randwrite-precondition,39850,39,58093,58,58,56,2133,77,1344,5193,5511201251,1383539674,0.00,56.32,128,100.0
7634,E-randwrite-precondition,39850,39,58218,58,58,56,2138,77,1497,5275,5511201251,1383661946,0.00,62.60,128,100.0
7635,E-randwrite-precondition,39850,39,58187,58,58,56,2136,77,1420,5193,5511201251,1383747458,0.00,43.78,128,100.0
7636,E-randwrite-precondition,39850,39,58375,58,58,56,2136,77,1497,5889,5511201251,1383894130,0.00,75.10,128,100.0
7637,E-randwrite-precondition,39850,39,58718,58,58,56,2138,77,1497,5929,5511201251,1384004194,0.00,56.35,128,100.0
7638,E-randwrite-precondition,39850,39,58656,58,58,56,2136,77,1497,6011,5511201251,1384150882,0.00,75.10,128,100.0
7640,E-randwrite-precondition,39850,39,58687,58,58,56,2139,77,1497,5970,5511201251,1384260826,0.00,56.29,128,100.0
7641,E-randwrite-precondition,39850,39,58812,58,58,56,2138,77,1497,5929,5511201251,1384407226,0.00,74.96,128,100.0
7642,E-randwrite-precondition,39850,39,58656,58,58,56,2139,77,1497,6011,5511201251,1384541762,0.00,68.88,128,100.0
7643,E-randwrite-precondition,39850,39,58687,58,58,57,2141,77,1497,5929,5511201251,1384651714,0.00,56.30,128,100.0
7644,E-randwrite-precondition,39850,39,58875,58,58,57,2146,77,1497,6011,5511201251,1384798402,0.00,75.10,128,100.0
7645,E-randwrite-precondition,39850,39,58625,58,58,56,2144,77,1497,5970,5511201251,1384896098,0.00,50.02,128,100.0
7646,E-randwrite-precondition,39850,39,58687,58,58,56,2143,77,1497,5970,5511201251,1385042778,0.00,75.10,128,100.0
7647,E-randwrite-precondition,39850,39,58968,58,58,56,2146,77,1497,5929,5511201251,1385152842,0.00,56.35,128,100.0
7649,E-randwrite-precondition,39850,39,58687,58,58,56,2146,77,1497,5929,5511201251,1385287290,0.00,68.84,128,100.0
7650,E-randwrite-precondition,39850,39,58937,58,58,56,2143,77,1497,6011,5511201251,1385409490,0.00,62.57,128,100.0
7651,E-randwrite-precondition,39850,39,58812,58,58,57,2146,77,1497,5929,5511201251,1385519426,0.00,56.29,128,100.0
7652,E-randwrite-precondition,39850,39,58562,58,58,57,2149,77,1497,6011,5511201251,1385666178,0.00,75.14,128,100.0
7653,E-randwrite-precondition,39850,39,58531,58,58,57,2149,77,1497,5970,5511201251,1385764002,0.00,50.09,128,100.0
7654,E-randwrite-precondition,39850,39,58875,58,58,56,2149,77,1497,6011,5511201251,1385910690,0.00,75.10,128,100.0
7655,E-randwrite-precondition,39850,39,58437,58,58,57,2152,77,1497,5970,5511201251,1386020666,0.00,56.31,128,100.0
7657,E-randwrite-precondition,39850,39,58437,58,58,57,2157,77,1497,5929,5511201251,1386167354,0.00,75.10,128,100.0
7658,E-randwrite-precondition,39850,39,58656,58,58,57,2154,77,1497,6011,5511201251,1386289658,0.00,62.62,128,100.0
7659,E-randwrite-precondition,39850,39,58937,58,58,56,2143,77,1497,5929,5511201251,1386399722,0.00,56.35,128,100.0
7660,E-randwrite-precondition,39850,39,58750,58,58,56,2136,77,1497,6011,5511201251,1386546506,0.00,75.15,128,100.0
7661,E-randwrite-precondition,39850,39,58687,58,58,56,2134,77,1497,5970,5511201251,1386656354,0.00,56.24,128,100.0
7662,E-randwrite-precondition,39850,39,58562,58,58,56,2134,77,1497,6052,5511201251,1386803138,0.00,75.15,128,100.0
7663,E-randwrite-precondition,39850,39,58687,58,58,56,2134,77,1497,6011,5511201251,1386913202,0.00,56.35,128,100.0
7665,E-randwrite-precondition,39850,39,58656,58,58,57,2134,77,1497,5929,5511201251,1387047650,0.00,68.84,128,100.0
7666,E-randwrite-precondition,39850,39,58656,58,59,56,2134,77,1497,6052,5511201251,1387182026,0.00,68.80,128,100.0
7667,E-randwrite-precondition,39850,39,58687,58,58,56,2133,77,1497,5970,5511201251,1387292090,0.00,56.35,128,100.0
7668,E-randwrite-precondition,39850,39,58812,58,58,57,2138,77,1497,6052,5511201251,1387438778,0.00,75.10,128,100.0
7669,E-randwrite-precondition,39850,39,58593,58,58,56,2135,77,1497,5970,5511201251,1387536602,0.00,50.09,128,100.0
7670,E-randwrite-precondition,39850,39,58750,58,58,56,2136,77,1497,6052,5511201251,1387683386,0.00,75.15,128,100.0
7671,E-randwrite-precondition,39850,39,58750,58,58,57,2136,77,1497,6011,5511201251,1387793314,0.00,56.28,128,100.0
7672,E-randwrite-precondition,39850,39,58531,58,58,57,2139,77,1497,5970,5511201251,1387927762,0.00,68.84,128,100.0
7674,E-randwrite-precondition,39850,39,58875,58,58,56,2139,77,1497,6052,5511201251,1388062306,0.00,68.89,128,100.0
7675,E-randwrite-precondition,39850,39,58687,58,58,56,2141,77,1497,5970,5511201251,1388172370,0.00,56.35,128,100.0
7676,E-randwrite-precondition,39850,39,58656,58,59,56,2143,77,1497,6011,5511201251,1388318818,0.00,74.98,128,100.0
7677,E-randwrite-precondition,39850,39,58687,58,58,56,2143,77,1497,5970,5511201251,1388416586,0.00,50.06,128,100.0
7678,E-randwrite-precondition,39850,39,58718,58,58,57,2146,77,1497,6052,5511201251,1388563370,0.00,75.15,128,100.0
7679,E-randwrite-precondition,39850,39,58718,58,58,57,2149,77,1497,6052,5511201251,1388673362,0.00,56.32,128,100.0
7680,E-randwrite-precondition,39850,39,58687,58,58,57,2154,77,1497,5929,5511201251,1388807810,0.00,68.84,128,100.0
7681,E-randwrite-precondition,39850,39,58718,58,58,57,2152,77,1497,6052,5511201251,1388942322,0.00,68.87,128,100.0
7682,E-randwrite-precondition,39850,39,58718,58,59,57,2157,77,1497,5970,5511201251,1389052386,0.00,56.35,128,100.0
7684,E-randwrite-precondition,39850,39,58687,58,59,57,2154,77,1497,6052,5511201251,1389199074,0.00,75.10,128,100.0
7685,E-randwrite-precondition,39850,39,58687,58,59,57,2149,77,1497,5970,5511201251,1389296898,0.00,50.09,128,100.0
7686,E-randwrite-precondition,39850,39,58812,58,58,57,2139,77,1497,6052,5511201251,1389431338,0.00,68.83,128,100.0
7687,E-randwrite-precondition,39850,39,58718,58,58,57,2136,77,1497,6052,5511201251,1389541402,0.00,56.35,128,100.0
7688,E-randwrite-precondition,39850,39,58687,58,58,57,2136,77,1497,5970,5511201251,1389688050,0.00,75.08,128,100.0
7689,E-randwrite-precondition,39850,39,58781,58,58,57,2133,77,1497,6052,5511201251,1389822594,0.00,68.89,128,100.0
7690,E-randwrite-precondition,39850,39,58687,58,59,57,2135,77,1497,6011,5511201251,1389932658,0.00,56.35,128,100.0
7691,E-randwrite-precondition,39850,39,58843,58,58,57,2136,77,1497,6052,5511201251,1390079066,0.00,74.96,128,100.0
7693,E-randwrite-precondition,39850,39,58500,58,58,56,2133,77,1344,5357,5511201251,1390176818,0.00,50.05,128,100.0
7694,E-randwrite-precondition,39850,39,58343,58,58,56,2131,77,1267,5357,5511201251,1390323554,0.00,75.13,128,100.0
7695,E-randwrite-precondition,39850,39,58312,58,58,57,2135,77,1420,5439,5511201251,1390433498,0.00,56.29,128,100.0
7696,E-randwrite-precondition,39850,39,58437,58,58,56,2135,77,1036,5357,5511201251,1390567722,0.00,68.72,128,100.0
7697,E-randwrite-precondition,39850,39,58437,58,58,56,2135,77,1420,5316,5511201251,1390677674,0.00,56.30,128,100.0
7698,E-randwrite-precondition,39850,39,58312,58,58,57,2138,77,1344,5234,5511201251,1390775498,0.00,50.09,128,100.0
7699,E-randwrite-precondition,39850,39,58468,58,58,56,2138,77,806,5275,5511201251,1390873322,0.00,50.09,128,100.0
7700,E-randwrite-precondition,39850,39,58593,58,58,56,2136,77,1497,5275,5511201251,1390983258,0.00,56.29,128,100.0
7702,E-randwrite-precondition,39850,39,58375,58,58,56,2139,77,1497,5316,5511201251,1391081082,0.00,50.09,128,100.0
7703,E-randwrite-precondition,39850,39,58281,58,58,57,2144,77,729,5357,5511201251,1391203330,0.00,62.59,128,100.0
7704,E-randwrite-precondition,39850,39,58250,58,58,56,2144,77,1344,5316,5511201251,1391276674,0.00,37.55,128,100.0
7705,E-randwrite-precondition,39850,39,58187,58,58,56,2144,77,1497,5357,5511201251,1391386650,0.00,56.31,128,100.0
7706,E-randwrite-precondition,39850,39,58156,58,58,56,2150,77,1420,5316,5511201251,1391472002,0.00,43.70,128,97.6
7707,E-randwrite-precondition,39850,39,58468,58,58,57,2154,77,1420,5357,5511201251,1391582010,0.00,56.32,128,100.0
7708,E-randwrite-precondition,39850,39,58343,58,58,56,2154,77,883,5275,5511201251,1391667594,0.00,43.82,128,100.0
7710,E-randwrite-precondition,39850,39,58218,58,58,57,2155,77,1344,5357,5511201251,1391777658,0.00,56.35,128,100.0
7711,E-randwrite-precondition,39850,39,58093,58,58,56,2146,77,729,5234,5511201251,1391875186,0.00,49.93,128,100.0
7712,E-randwrite-precondition,39850,39,58187,58,58,56,2136,77,1497,5316,5511201251,1391972994,0.00,50.08,128,99.6
7713,E-randwrite-precondition,39850,39,58187,58,58,56,2138,77,1344,5357,5511201251,1392070746,0.00,50.05,128,100.0
7714,E-randwrite-precondition,39850,39,58375,58,58,56,2136,77,1344,5316,5511201251,1392144090,0.00,37.55,128,100.0
7715,E-randwrite-precondition,39850,39,58187,58,58,56,2138,77,883,5357,5511201251,1392241826,0.00,50.04,128,100.0
7716,E-randwrite-precondition,39850,39,58281,58,58,56,2136,77,729,5234,5511201251,1392315186,0.00,37.56,128,100.0
7717,E-randwrite-precondition,39850,39,58312,58,58,56,2138,77,883,5398,5511201251,1392425098,0.00,56.27,128,100.0
7719,E-randwrite-precondition,39850,39,58125,58,58,56,2136,77,1344,5234,5511201251,1392535050,0.00,56.30,128,100.0
7720,E-randwrite-precondition,39850,39,58125,58,58,56,2134,77,1344,5357,5511201251,1392644994,0.00,56.29,128,100.0
7721,E-randwrite-precondition,39850,39,58187,58,58,56,2138,77,1036,5234,5511201251,1392754986,0.00,56.32,128,100.0
7723,E-randwrite-precondition,39850,39,58250,58,58,56,2139,77,806,5357,5511201251,1392865050,0.00,56.35,128,100.0
7724,E-randwrite-precondition,39850,39,58062,58,58,56,2141,77,1420,5234,5511201251,1392974970,0.00,56.28,128,100.0
7725,E-randwrite-precondition,39850,39,58281,58,58,56,2144,77,1497,5316,5511201251,1393097274,0.00,62.62,128,100.0
7726,E-randwrite-precondition,39850,39,57968,57,58,56,2146,77,1344,5193,5511201251,1393194778,0.00,49.92,128,100.0
7728,E-randwrite-precondition,39850,39,58125,58,58,56,2151,77,729,5357,5511201251,1393341354,0.00,75.05,128,100.0
7729,E-randwrite-precondition,39850,39,58062,58,58,56,2151,77,729,5275,5511201251,1393451418,0.00,56.35,128,100.0
7730,E-randwrite-precondition,39850,39,58281,58,58,56,2152,77,1344,5357,5511201251,1393598058,0.00,75.08,128,100.0
7731,E-randwrite-precondition,39850,39,58250,58,58,56,2155,77,1497,5316,5511201251,1393708018,0.00,56.30,128,100.0
7732,E-randwrite-precondition,39850,39,58250,58,58,56,2157,77,1344,5275,5511201251,1393854586,0.00,75.04,128,100.0
7733,E-randwrite-precondition,39850,39,58250,58,58,56,2155,77,1344,5316,5511201251,1393988978,0.00,68.81,128,100.0
7734,E-randwrite-precondition,39850,39,58156,58,58,56,2155,77,1497,5275,5511201251,1394098970,0.00,56.32,128,100.0
7736,E-randwrite-precondition,39850,39,57937,57,58,56,2146,77,806,5357,5511201251,1394245754,0.00,75.15,128,100.0
7737,E-randwrite-precondition,39850,39,57968,57,57,56,2134,77,1267,5316,5511201251,1394355738,0.00,56.31,128,100.0
7738,E-randwrite-precondition,39850,39,58093,58,58,56,2141,77,1497,5357,5511201251,1394502306,0.00,75.04,128,100.0
7739,E-randwrite-precondition,39850,39,58281,58,58,56,2138,77,1497,5357,5511201251,1394612370,0.00,56.35,128,100.0
7740,E-randwrite-precondition,39850,39,58093,58,58,56,2136,77,1036,5275,5511201251,1394734618,0.00,62.59,128,100.0
7741,E-randwrite-precondition,39850,39,58093,58,58,56,2134,77,1420,5316,5511201251,1394869034,0.00,68.82,128,100.0
7742,E-randwrite-precondition,39850,39,57968,57,57,56,2136,77,1497,5234,5511201251,1394978914,0.00,56.26,128,100.0
7743,E-randwrite-precondition,39850,39,58187,58,58,56,2134,77,1267,5357,5511201251,1395125578,0.00,75.09,128,100.0
7744,E-randwrite-precondition,39850,39,58156,58,58,56,2134,77,806,5316,5511201251,1395235642,0.00,56.35,128,100.0
7746,E-randwrite-precondition,39850,39,58093,58,58,56,2136,77,1420,5357,5511201251,1395382306,0.00,75.09,128,100.0
7747,E-randwrite-precondition,39850,39,58250,58,58,56,2138,77,1420,5316,5511201251,1395492330,0.00,56.33,128,100.0
7748,E-randwrite-precondition,39850,39,58062,58,58,56,2139,77,1497,5234,5511201251,1395614546,0.00,62.57,128,100.0
7749,E-randwrite-precondition,39850,39,58187,58,57,56,2142,77,1420,5357,5511201251,1395761162,0.00,75.07,128,100.0
7750,E-randwrite-precondition,39850,39,57968,57,57,56,2141,77,1267,5275,5511201251,1395871226,0.00,56.35,128,100.0
7751,E-randwrite-precondition,39850,39,58062,58,58,56,2142,77,1344,5357,5511201251,1396018010,0.00,75.15,128,100.0
7752,E-randwrite-precondition,39850,39,58000,58,57,56,2144,77,1344,5316,5511201251,1396127858,0.00,56.24,128,100.0
7754,E-randwrite-precondition,39850,39,57906,57,57,56,2149,77,1420,5234,5511201251,1396274546,0.00,75.10,128,100.0
7755,E-randwrite-precondition,39850,39,57875,57,57,56,2151,77,1497,5357,5511201251,1396409090,0.00,68.89,128,100.0
7756,E-randwrite-precondition,39850,39,58093,58,58,56,2149,77,1497,5725,5511201251,1396519130,0.00,56.34,128,100.0
7757,E-randwrite-precondition,39850,39,58218,58,58,56,2147,77,1497,5970,5511201251,1396653274,0.00,68.68,128,100.0
7758,E-randwrite-precondition,39850,39,58406,58,58,56,2149,77,1497,5970,5511201251,1396763322,0.00,56.34,128,100.0
7759,E-randwrite-precondition,39850,39,58343,58,58,56,2147,77,1497,6011,5511201251,1396910106,0.00,75.15,128,100.0
7760,E-randwrite-precondition,39850,39,58375,58,58,56,2150,77,1497,6011,5511201251,1397020066,0.00,56.30,128,100.0
7762,E-randwrite-precondition,39850,39,58250,58,58,56,2152,77,1497,5929,5511201251,1397142370,0.00,62.62,128,100.0
7763,E-randwrite-precondition,39850,39,58218,58,58,56,2155,77,1497,6011,5511201251,1397276770,0.00,68.81,128,100.0
7764,E-randwrite-precondition,39850,39,58250,58,58,56,2160,77,1497,5929,5511201251,1397386746,0.00,56.31,128,100.0
7765,E-randwrite-precondition,39850,39,58187,58,58,56,2160,77,1497,6052,5511201251,1397533418,0.00,75.10,128,100.0
7766,E-randwrite-precondition,39850,39,58343,58,58,56,2152,77,1497,5970,5511201251,1397631242,0.00,50.09,128,100.0
7767,E-randwrite-precondition,39850,39,58375,58,58,56,2141,77,1497,6011,5511201251,1397777930,0.00,75.10,128,100.0
7768,E-randwrite-precondition,39850,39,58250,58,58,56,2139,77,1497,6011,5511201251,1397887954,0.00,56.33,128,100.0
7769,E-randwrite-precondition,39850,39,58187,58,58,56,2142,77,1497,5929,5511201251,1398022346,0.00,68.81,128,100.0
7770,E-randwrite-precondition,39850,39,58500,58,58,56,2142,77,1497,5970,5511201251,1398144538,0.00,62.56,128,100.0
7772,E-randwrite-precondition,39850,39,58406,58,58,56,2141,77,1497,5929,5511201251,1398254546,0.00,56.32,128,100.0
7773,E-randwrite-precondition,39850,39,58343,58,58,56,2141,77,1497,6052,5511201251,1398401122,0.00,75.05,128,100.0
7774,E-randwrite-precondition,39850,39,58250,58,58,56,2141,77,1497,5929,5511201251,1398498946,0.00,50.09,128,100.0
7775,E-randwrite-precondition,39850,39,58531,58,58,57,2142,77,1497,6011,5511201251,1398645730,0.00,75.15,128,100.0
7776,E-randwrite-precondition,39850,39,58562,58,58,56,2142,77,1497,6011,5511201251,1398755762,0.00,56.34,128,100.0
7777,E-randwrite-precondition,39850,39,58562,58,58,56,2144,77,1497,5889,5511201251,1398902394,0.00,75.08,128,100.0
7778,E-randwrite-precondition,39850,39,58500,58,58,57,2146,77,1497,6011,5511201251,1399036818,0.00,68.83,128,100.0
7780,E-randwrite-precondition,39850,39,58343,58,58,56,2146,77,1497,5929,5511201251,1399146842,0.00,56.33,128,100.0
7781,E-randwrite-precondition,39850,39,58312,58,58,56,2147,77,1497,6011,5511201251,1399293530,0.00,75.10,128,100.0
7782,E-randwrite-precondition,39850,39,58375,58,58,57,2154,77,1497,5970,5511201251,1399391354,0.00,50.09,128,100.0
7783,E-randwrite-precondition,39850,39,58468,58,58,56,2157,77,1497,6011,5511201251,1399538058,0.00,75.11,128,100.0
7784,E-randwrite-precondition,39850,39,58593,58,58,56,2157,77,1497,5970,5511201251,1399648122,0.00,56.35,128,100.0
7785,E-randwrite-precondition,39850,39,58343,58,58,57,2160,77,1497,5889,5511201251,1399782570,0.00,68.84,128,100.0
7786,E-randwrite-precondition,39850,39,58468,58,58,56,2159,77,1497,5970,5511201251,1399904754,0.00,62.56,128,100.0
7787,E-randwrite-precondition,39850,39,58625,58,58,56,2159,77,1497,5929,5511201251,1400014698,0.00,56.29,128,100.0
7788,E-randwrite-precondition,39850,39,58375,58,58,56,2160,77,1497,6011,5511201251,1400161386,0.00,75.10,128,100.0
7790,E-randwrite-precondition,39850,39,58343,58,58,56,2160,77,1497,5970,5511201251,1400271450,0.00,56.35,128,100.0
7791,E-randwrite-precondition,39850,39,58531,58,58,56,2152,77,1497,6011,5511201251,1400405874,0.00,68.83,128,100.0
7792,E-randwrite-precondition,39850,39,58593,58,58,56,2152,77,1497,5970,5511201251,1400515938,0.00,56.35,128,100.0
7793,E-randwrite-precondition,39850,39,58437,58,58,56,2157,77,1497,5889,5511201251,1400662562,0.00,75.07,128,100.0
7794,E-randwrite-precondition,39850,39,58593,58,58,57,2159,77,1497,6011,5511201251,1400797106,0.00,68.89,128,100.0
7795,E-randwrite-precondition,39850,39,58531,58,58,56,2159,77,1497,5970,5511201251,1400907050,0.00,56.29,128,100.0
7796,E-randwrite-precondition,39850,39,58468,58,58,56,2152,77,1497,6175,5511201251,1401053738,0.00,75.10,128,100.0
7797,E-randwrite-precondition,39850,39,58500,58,58,56,2155,77,1497,5970,5511201251,1401151370,0.00,49.99,128,100.0
7799,E-randwrite-precondition,39850,39,58343,58,58,56,2157,77,1497,6011,5511201251,1401298154,0.00,75.15,128,100.0
7800,E-randwrite-precondition,39850,39,58687,58,58,57,2159,77,1497,6011,5511201251,1401408218,0.00,56.35,128,100.0
7801,E-randwrite-precondition,39850,39,58625,58,58,57,2157,77,1497,5929,5511201251,1401542562,0.00,68.78,128,100.0
7802,E-randwrite-precondition,39850,39,58781,58,58,56,2159,77,1497,6011,5511201251,1401664858,0.00,62.62,128,100.0
7803,E-randwrite-precondition,39850,39,58500,58,58,57,2162,77,1497,5889,5511201251,1401774754,0.00,56.27,128,100.0
7804,E-randwrite-precondition,39850,39,58468,58,58,56,2160,77,1497,6011,5511201251,1401921434,0.00,75.10,128,100.0
7805,E-randwrite-precondition,39850,39,58468,58,58,56,2157,77,1497,5929,5511201251,1402019258,0.00,50.09,128,100.0
7806,E-randwrite-precondition,39850,39,58468,58,58,57,2159,77,1497,6011,5511201251,1402166042,0.00,75.15,128,100.0
7807,E-randwrite-precondition,39850,39,58687,58,58,56,2157,77,1497,6011,5511201251,1402275906,0.00,56.25,128,99.6
7809,E-randwrite-precondition,39850,39,58562,58,58,56,2151,77,1497,5929,5511201251,1402422594,0.00,75.10,128,100.0
7810,E-randwrite-precondition,39850,39,58687,58,58,57,2154,77,1497,6011,5511201251,1402544882,0.00,62.61,128,100.0
7811,E-randwrite-precondition,39850,39,58531,58,58,57,2154,77,1497,5970,5511201251,1402654922,0.00,56.34,128,100.0
7812,E-randwrite-precondition,39850,39,58562,58,58,56,2144,77,1497,5561,5511201251,1402801514,0.00,75.06,128,100.0
7813,E-randwrite-precondition,39850,39,58218,58,58,56,2136,77,1344,5275,5511201251,1402899194,0.00,50.01,128,100.0
7814,E-randwrite-precondition,39850,39,58375,58,58,56,2136,77,1420,5357,5511201251,1403045890,0.00,75.11,128,100.0
7815,E-randwrite-precondition,39850,39,58250,58,58,56,2136,77,1344,5357,5511201251,1403155914,0.00,56.33,128,100.0
7817,E-randwrite-precondition,39850,39,58406,58,58,57,2139,77,729,5234,5511201251,1403302546,0.00,75.08,128,100.0
7818,E-randwrite-precondition,39850,39,58093,58,58,56,2138,77,729,5357,5511201251,1403436882,0.00,68.78,128,100.0
7819,E-randwrite-precondition,39850,39,58250,58,58,56,2135,77,1420,5275,5511201251,1403546946,0.00,56.35,128,100.0
7820,E-randwrite-precondition,39850,39,58093,58,58,56,2136,77,1267,5357,5511201251,1403693410,0.00,74.99,9,100.0
7821,E-randwrite-precondition,39850,39,58343,58,58,56,2136,77,1344,5316,5511201251,1403791330,0.00,50.14,128,100.0
7822,E-randwrite-precondition,39850,39,58218,58,58,56,2138,77,1113,5357,5511201251,1403938114,0.00,75.15,128,100.0
7823,E-randwrite-precondition,39850,39,58218,58,58,56,2139,77,1497,5357,5511201251,1404048074,0.00,56.30,128,100.0
7824,E-randwrite-precondition,39850,39,58093,58,58,56,2139,77,1267,5275,5511201251,1404170282,0.00,62.57,128,100.0
7826,E-randwrite-precondition,39850,39,58218,58,58,56,2141,77,806,5357,5511201251,1404304826,0.00,68.89,128,100.0
7827,E-randwrite-precondition,39850,39,58187,58,58,56,2144,77,1497,5275,5511201251,1404414890,0.00,56.35,128,100.0
7828,E-randwrite-precondition,39850,39,58406,58,58,56,2144,77,1420,5357,5511201251,1404561498,0.00,75.06,128,100.0
7829,E-randwrite-precondition,39850,39,58437,58,58,56,2147,77,1344,5275,5511201251,1404659282,0.00,50.07,128,100.0
7830,E-randwrite-precondition,39850,39,58187,58,58,56,2147,77,1344,5357,5511201251,1404805986,0.00,75.11,128,100.0
7831,E-randwrite-precondition,39850,39,58062,58,58,56,2147,77,729,5316,5511201251,1404916050,0.00,56.35,128,100.0
7832,E-randwrite-precondition,39850,39,58187,58,58,56,2152,77,1344,5234,5511201251,1405050498,0.00,68.84,128,100.0
7833,E-randwrite-precondition,39850,39,58125,58,58,56,2154,77,1036,5316,5511201251,1405172714,0.00,62.57,128,96.4
7834,E-randwrite-precondition,39850,39,58000,58,58,56,2155,77,883,5234,5511201251,1405282762,0.00,56.34,128,100.0
7836,E-randwrite-precondition,39850,39,58093,58,58,56,2157,77,960,5357,5511201251,1405429346,0.00,75.05,128,100.0
7837,E-randwrite-precondition,39850,39,57937,57,58,56,2157,77,806,5275,5511201251,1405539370,0.00,56.33,128,100.0
7838,E-randwrite-precondition,39850,39,58187,58,58,56,2152,77,1113,5357,5511201251,1405685994,0.00,75.07,128,100.0
7839,E-randwrite-precondition,39850,39,58281,58,58,56,2157,77,1420,5316,5511201251,1405795978,0.00,56.31,128,100.0
7840,E-randwrite-precondition,39850,39,58093,58,58,56,2157,77,1344,5275,5511201251,1405930362,0.00,68.80,128,100.0
7841,E-randwrite-precondition,39850,39,58031,58,58,56,2159,77,1036,5316,5511201251,1406052666,0.00,62.62,128,100.0
7842,E-randwrite-precondition,39850,39,58062,58,58,56,2163,77,1497,5275,5511201251,1406162730,0.00,56.35,128,100.0
7844,E-randwrite-precondition,39850,39,58062,58,58,56,2168,77,1420,5357,5511201251,1406309194,0.00,74.99,128,100.0
7845,E-randwrite-precondition,39850,39,58156,58,57,56,2157,77,1344,5316,5511201251,1406419258,0.00,56.35,128,100.0
7846,E-randwrite-precondition,39850,39,58062,58,58,56,2149,77,1420,5357,5511201251,1406566042,0.00,75.15,128,100.0
7847,E-randwrite-precondition,39850,39,58125,58,58,56,2147,77,1344,5316,5511201251,1406676106,0.00,56.35,128,100.0
7848,E-randwrite-precondition,39850,39,58000,58,58,56,2146,77,729,5275,5511201251,1406810522,0.00,68.82,128,100.0
7849,E-randwrite-precondition,39850,39,58187,58,57,56,2152,77,1420,5316,5511201251,1406944978,0.00,68.84,128,100.0
7850,E-randwrite-precondition,39850,39,57937,57,58,56,2154,77,1267,5275,5511201251,1407055042,0.00,56.35,128,100.0
7852,E-randwrite-precondition,39850,39,57968,57,57,56,2152,77,1420,5357,5511201251,1407201714,0.00,75.10,128,100.0
7853,E-randwrite-precondition,39850,39,58093,58,57,56,2144,77,1344,5275,5511201251,1407299538,0.00,50.09,128,100.0
7854,E-randwrite-precondition,39850,39,57875,57,57,56,2134,77,729,5357,5511201251,1407446194,0.00,75.09,128,100.0
7855,E-randwrite-precondition,39850,39,57812,57,57,56,2138,77,729,5316,5511201251,1407556186,0.00,56.32,128,100.0
7856,E-randwrite-precondition,39850,39,57875,57,57,56,2139,77,806,5234,5511201251,1407690634,0.00,68.84,128,100.0
7857,E-randwrite-precondition,39850,39,57812,57,58,56,2136,77,1420,5357,5511201251,1407825178,0.00,68.89,128,100.0
7858,E-randwrite-precondition,39850,39,57656,57,57,56,2133,77,1420,5275,5511201251,1407935170,0.00,56.32,128,100.0
7859,E-randwrite-precondition,39850,39,57906,57,57,56,2133,77,1344,5357,5511201251,1408081810,0.00,75.08,128,100.0
7861,E-randwrite-precondition,39850,39,58156,58,57,56,2133,77,1344,5316,5511201251,1408191874,0.00,56.35,128,100.0
7862,E-randwrite-precondition,39850,39,58093,58,58,56,2133,77,729,5357,5511201251,1408338658,0.00,75.15,128,100.0
7863,E-randwrite-precondition,39850,39,57843,57,58,56,2130,77,1344,5357,5511201251,1408448530,0.00,56.25,128,100.0
7864,E-randwrite-precondition,39850,39,57687,57,57,56,2131,77,1344,5275,5511201251,1408570738,0.00,62.57,128,100.0
7865,E-randwrite-precondition,39850,39,58000,58,58,56,2131,77,1420,5357,5511201251,1408705282,0.00,68.89,128,100.0
7866,E-randwrite-precondition,39850,39,58062,58,57,56,2133,77,806,5275,5511201251,1408815330,0.00,56.34,128,100.0
7867,E-randwrite-precondition,39850,39,57781,57,57,56,2134,77,729,5357,5511201251,1408962018,0.00,75.10,128,100.0
7868,E-randwrite-precondition,39850,39,57812,57,57,56,2136,77,1344,5275,5511201251,1409059706,0.00,50.02,128,100.0
7869,E-randwrite-precondition,39850,39,57750,57,57,56,2133,77,1344,5357,5511201251,1409206482,0.00,75.15,128,100.0
7871,E-randwrite-precondition,39850,39,58000,58,57,56,2134,77,1420,5316,5511201251,1409316546,0.00,56.35,128,100.0
7872,E-randwrite-precondition,39850,39,57781,57,57,56,2136,77,1036,5275,5511201251,1409438722,0.00,62.55,128,100.0
7873,E-randwrite-precondition,39850,39,57781,57,57,56,2134,77,1036,5357,5511201251,1409573266,0.00,68.89,129,100.0
7874,E-randwrite-precondition,39850,39,57906,57,57,56,2133,77,1267,5316,5511201251,1409695546,0.00,62.61,128,100.0
7875,E-randwrite-precondition,39850,39,57906,57,57,56,2133,77,806,5398,5511201251,1409842234,0.00,75.10,128,100.0
7876,E-randwrite-precondition,39850,39,58062,58,57,56,2134,77,1497,5889,5511201251,1409952298,0.00,56.35,128,100.0
7878,E-randwrite-precondition,39850,39,57906,57,57,56,2134,77,1497,5929,5511201251,1410099010,0.00,75.12,128,100.0
7879,E-randwrite-precondition,39850,39,58218,58,58,56,2136,77,1497,6011,5511201251,1410233282,0.00,68.75,128,100.0
7880,E-randwrite-precondition,39850,39,58093,58,58,56,2136,77,1497,5889,5511201251,1410331106,0.00,50.09,128,100.0
7881,E-randwrite-precondition,39850,39,57968,57,57,56,2134,77,1497,6011,5511201251,1410477890,0.00,75.15,128,100.0
7882,E-randwrite-precondition,39850,39,58375,58,58,56,2133,77,1497,5970,5511201251,1410587914,0.00,56.33,128,100.0
7883,E-randwrite-precondition,39850,39,58093,58,58,56,2136,77,1497,5970,5511201251,1410722186,0.00,68.75,128,100.0
7884,E-randwrite-precondition,39850,39,58281,58,58,56,2133,77,1497,5970,5511201251,1410832226,0.00,56.34,128,100.0
7886,E-randwrite-precondition,39850,39,57937,57,58,56,2133,77,1497,5929,5511201251,1410979010,0.00,75.15,128,100.0
7887,E-randwrite-precondition,39850,39,58250,58,58,56,2133,77,1497,6011,5511201251,1411113338,0.00,68.78,128,100.0
7888,E-randwrite-precondition,39850,39,58250,58,58,56,2133,77,1497,5889,5511201251,1411211082,0.00,50.04,128,100.0
7889,E-randwrite-precondition,39850,39,58125,58,58,56,2136,77,1497,6011,5511201251,1411357762,0.00,75.10,128,100.0
7890,E-randwrite-precondition,39850,39,58125,58,58,56,2136,77,1497,5929,5511201251,1411467826,0.00,56.35,128,100.0
7891,E-randwrite-precondition,39850,39,58187,58,58,56,2136,77,1497,6011,5511201251,1411614458,0.00,75.08,128,100.0
7892,E-randwrite-precondition,39850,39,58468,58,58,56,2136,77,1497,5929,5511201251,1411712266,0.00,50.08,128,100.0
7893,E-randwrite-precondition,39850,39,58093,58,58,56,2136,77,1497,5929,5511201251,1411858858,0.00,75.06,128,100.0
7894,E-randwrite-precondition,39850,39,58062,58,58,56,2136,77,1497,6011,5511201251,1411993266,0.00,68.82,128,100.0
7895,E-randwrite-precondition,39850,39,58187,58,58,56,2136,77,1497,5889,5511201251,1412091074,0.00,50.08,128,100.0
7897,E-randwrite-precondition,39850,39,58500,58,58,56,2135,77,1497,6451,5511201251,1412237834,0.00,75.14,128,100.0
7898,E-randwrite-precondition,39850,39,58187,58,58,56,2136,77,1497,5970,5511201251,1412347794,0.00,56.30,128,100.0
7899,E-randwrite-precondition,39850,39,58437,58,58,56,2136,77,1497,6011,5511201251,1412494266,0.00,74.99,128,100.0
7900,E-randwrite-precondition,39850,39,58218,58,58,56,2135,77,1497,5970,5511201251,1412592090,0.00,50.09,128,100.0
7901,E-randwrite-precondition,39850,39,58250,58,58,56,2135,77,1497,5889,5511201251,1412738786,0.00,75.11,128,100.0
7902,E-randwrite-precondition,39850,39,58375,58,58,56,2134,77,1497,6011,5511201251,1412873234,0.00,68.84,128,100.0
7903,E-randwrite-precondition,39850,39,58343,58,58,56,2134,77,1497,5848,5511201251,1412970874,0.00,49.99,128,100.0
7904,E-randwrite-precondition,39850,39,58500,58,58,56,2133,77,1497,6011,5511201251,1413117658,0.00,75.15,128,100.0
7906,E-randwrite-precondition,39850,39,58593,58,58,56,2133,77,1497,5970,5511201251,1413227722,0.00,56.35,128,100.0
7907,E-randwrite-precondition,39850,39,58500,58,58,56,2133,77,1497,6011,5511201251,1413374410,0.00,75.10,128,100.0
7908,E-randwrite-precondition,39850,39,58656,58,58,56,2133,77,1497,5970,5511201251,1413472210,0.00,50.07,128,100.0
7909,E-randwrite-precondition,39850,39,58250,58,58,56,2134,77,1497,5889,5511201251,1413618770,0.00,75.04,128,100.0
7910,E-randwrite-precondition,39850,39,58406,58,58,56,2133,77,1497,6011,5511201251,1413753218,0.00,68.84,128,100.0
7911,E-randwrite-precondition,39850,39,58593,58,58,56,2135,77,1497,5889,5511201251,1413851042,0.00,50.09,128,100.0
7912,E-randwrite-precondition,39850,39,58375,58,58,56,2134,77,1497,6011,5511201251,1413997826,0.00,75.15,128,100.0
7913,E-randwrite-precondition,39850,39,58531,58,58,56,2134,77,1497,5970,5511201251,1414107786,0.00,56.30,128,100.0
7915,E-randwrite-precondition,39850,39,58718,58,58,56,2136,77,1497,6052,5511201251,1414254466,0.00,75.10,128,100.0
7916,E-randwrite-precondition,39850,39,58375,58,58,56,2134,77,1497,5970,5511201251,1414364410,0.00,56.29,128,100.0
7917,E-randwrite-precondition,39850,39,58281,58,58,56,2139,77,1497,5929,5511201251,1414486658,0.00,62.59,128,100.0
7918,E-randwrite-precondition,39850,39,58343,58,58,56,2136,77,1497,6052,5511201251,1414621018,0.00,68.79,128,100.0
7919,E-randwrite-precondition,39850,39,58406,58,58,56,2136,77,1497,5929,5511201251,1414730898,0.00,56.26,128,100.0
7920,E-randwrite-precondition,39850,39,58281,58,58,56,2138,77,1497,6052,5511201251,1414877626,0.00,75.12,128,100.0
7921,E-randwrite-precondition,39850,39,58437,58,58,56,2134,77,1497,6011,5511201251,1414987618,0.00,56.32,128,100.0
7922,E-randwrite-precondition,39850,39,58281,58,58,56,2134,77,1497,6052,5511201251,1415134186,0.00,75.04,128,100.0
7923,E-randwrite-precondition,39850,39,58312,58,58,56,2136,77,1497,5970,5511201251,1415231882,0.00,50.02,128,100.0
7925,E-randwrite-precondition,39850,39,58250,58,58,56,2136,77,1497,5929,5511201251,1415366362,0.00,68.85,128,100.0
7926,E-randwrite-precondition,39850,39,58250,58,58,56,2136,77,1497,6052,5511201251,1415500762,0.00,68.81,128,100.0
7927,E-randwrite-precondition,39850,39,58687,58,58,56,2136,77,1497,5848,5511201251,1415598530,0.00,50.06,128,100.0
7928,E-randwrite-precondition,39850,39,58343,58,58,56,2136,77,1497,6052,5511201251,1415720762,0.00,62.58,128,99.2
7929,E-randwrite-precondition,39850,39,58406,58,58,56,2136,77,1497,5970,5511201251,1415818522,0.00,50.05,128,100.0
7930,E-randwrite-precondition,39850,39,58437,58,58,56,2136,77,1497,6093,5511201251,1415940706,0.00,62.56,128,100.0
7932,E-randwrite-precondition,39850,39,58187,58,58,56,2136,77,1420,5725,5511201251,1416038426,0.00,50.03,128,100.0
7933,E-randwrite-precondition,39850,39,58093,58,58,56,2135,77,806,5398,5511201251,1416160682,0.00,62.60,128,100.0
7934,E-randwrite-precondition,39850,39,58312,58,58,56,2136,77,806,5316,5511201251,1416258434,0.00,50.05,128,100.0
7935,E-randwrite-precondition,39850,39,57968,57,57,56,2136,77,1497,5357,5511201251,1416380546,0.00,62.52,128,100.0
7936,E-randwrite-precondition,39850,39,58156,58,58,56,2136,77,1497,5234,5511201251,1416478338,0.00,50.07,128,100.0
7937,E-randwrite-precondition,39850,39,58187,58,57,56,2136,77,729,5316,5511201251,1416625106,0.00,75.15,128,100.0
7938,E-randwrite-precondition,39850,39,57906,57,57,56,2134,77,1497,5316,5511201251,1416735050,0.00,56.29,128,100.0
7939,E-randwrite-precondition,39850,39,57937,57,58,56,2134,77,806,5357,5511201251,1416881674,0.00,75.07,128,100.0
7940,E-randwrite-precondition,39850,39,57906,57,58,56,2134,77,1190,5275,5511201251,1416979498,0.00,50.09,128,100.0
7942,E-randwrite-precondition,39850,39,58031,58,57,56,2137,77,806,5275,5511201251,1417126274,0.00,75.15,128,100.0
7943,E-randwrite-precondition,39850,39,57906,57,58,56,2137,77,883,5357,5511201251,1417272962,0.00,75.10,128,100.0
7944,E-randwrite-precondition,39850,39,57937,57,58,56,2139,77,1113,5275,5511201251,1417370546,0.00,49.96,128,94.4
7945,E-randwrite-precondition,39850,39,58093,58,57,56,2139,77,1113,5357,5511201251,1417517330,0.00,75.15,130,100.0
7946,E-randwrite-precondition,39850,39,57843,57,57,56,2141,77,1497,5316,5511201251,1417627338,0.00,56.32,128,100.0
7947,E-randwrite-precondition,39850,39,57968,57,57,56,2139,77,1344,5357,5511201251,1417774026,0.00,75.10,128,100.0
7949,E-randwrite-precondition,39850,39,58062,58,57,56,2137,77,1420,5316,5511201251,1417884090,0.00,56.35,128,100.0
7950,E-randwrite-precondition,39850,39,57937,57,57,56,2136,77,1036,5234,5511201251,1418018498,0.00,68.82,128,100.0
7951,E-randwrite-precondition,39850,39,57812,57,57,56,2138,77,1497,5357,5511201251,1418165130,0.00,75.08,128,100.0
7952,E-randwrite-precondition,39850,39,57968,57,57,56,2141,77,1344,5275,5511201251,1418262842,0.00,50.03,128,100.0
7953,E-randwrite-precondition,39850,39,57812,57,58,56,2141,77,1497,5357,5511201251,1418409618,0.00,75.15,128,100.0
7954,E-randwrite-precondition,39850,39,57875,57,57,56,2139,77,1344,5316,5511201251,1418519538,0.00,56.28,128,100.0
7956,E-randwrite-precondition,39850,39,57718,57,57,56,2139,77,1420,5234,5511201251,1418666170,0.00,75.08,128,100.0
7957,E-randwrite-precondition,39850,39,57687,57,57,56,2136,77,1267,5316,5511201251,1418800714,0.00,68.89,128,100.0
7958,E-randwrite-precondition,39850,39,57750,57,57,56,2134,77,1497,5275,5511201251,1418910738,0.00,56.33,128,100.0
7959,E-randwrite-precondition,39850,39,57750,57,57,56,2134,77,1036,5357,5511201251,1419057202,0.00,74.99,128,100.0
7960,E-randwrite-precondition,39850,39,57968,57,57,56,2136,77,729,5275,5511201251,1419155026,0.00,50.09,128,100.0
7961,E-randwrite-precondition,39850,39,57875,57,57,56,2134,77,1267,5357,5511201251,1419301754,0.00,75.12,128,100.0
7962,E-randwrite-precondition,39850,39,57906,57,57,56,2134,77,1344,5357,5511201251,1419411618,0.00,56.25,128,100.0
7963,E-randwrite-precondition,39850,39,57687,57,57,56,2134,77,1497,5234,5511201251,1419546066,0.00,68.84,128,100.0
7965,E-randwrite-precondition,39850,39,57968,57,57,56,2138,77,1267,5316,5511201251,1419680386,0.00,68.77,128,100.0
7966,E-randwrite-precondition,39850,39,57906,57,57,56,2136,77,1344,5234,5511201251,1419790434,0.00,56.34,128,100.0
7967,E-randwrite-precondition,39850,39,57687,57,57,56,2136,77,1267,5357,5511201251,1419937002,0.00,75.04,128,100.0
7968,E-randwrite-precondition,39850,39,57625,57,57,56,2136,77,1497,5316,5511201251,1420047066,0.00,56.35,128,100.0
7969,E-randwrite-precondition,39850,39,57625,57,57,56,2137,77,1344,5316,5511201251,1420193634,0.00,75.04,128,100.0
7970,E-randwrite-precondition,39850,39,57687,57,57,56,2137,77,1420,5316,5511201251,1420303578,0.00,56.29,128,100.0
7971,E-randwrite-precondition,39850,39,57593,57,57,56,2139,77,1036,5234,5511201251,1420425826,0.00,62.59,128,100.0
7972,E-randwrite-precondition,39850,39,57625,57,57,56,2139,77,1497,5316,5511201251,1420560314,0.00,68.86,128,100.0
7974,E-randwrite-precondition,39850,39,57875,57,57,56,2136,77,883,5275,5511201251,1420670378,0.00,56.35,128,100.0
7975,E-randwrite-precondition,39850,39,57687,57,57,56,2136,77,1344,5316,5511201251,1420816786,0.00,74.96,128,100.0
7976,E-randwrite-precondition,39850,39,57593,57,57,56,2137,77,1420,5316,5511201251,1420926850,0.00,56.35,128,100.0
7977,E-randwrite-precondition,39850,39,57656,57,57,56,2136,77,1267,5357,5511201251,1421073418,0.00,75.04,128,100.0
7978,E-randwrite-precondition,39850,39,57687,57,58,56,2139,77,1190,5316,5511201251,1421183482,0.00,56.35,128,100.0
7979,E-randwrite-precondition,39850,39,57687,57,57,56,2136,77,1420,5234,5511201251,1421305714,0.00,62.58,128,100.0
7980,E-randwrite-precondition,39850,39,57562,57,57,56,2139,77,729,5316,5511201251,1421440258,0.00,68.89,128,100.0
7981,E-randwrite-precondition,39850,39,57656,57,57,56,2140,77,1036,5275,5511201251,1421550234,0.00,56.31,128,100.0
7983,E-randwrite-precondition,39850,39,57531,57,57,56,2139,77,1113,5316,5511201251,1421696914,0.00,75.10,128,100.0
7984,E-randwrite-precondition,39850,39,57781,57,57,56,2137,77,729,5275,5511201251,1421794738,0.00,50.09,128,100.0
7985,E-randwrite-precondition,39850,39,57687,57,57,56,2136,77,1420,5316,5511201251,1421941442,0.00,75.11,128,100.0
7986,E-randwrite-precondition,39850,39,57656,57,57,56,2139,77,1497,5316,5511201251,1422051410,0.00,56.30,128,100.0
7987,E-randwrite-precondition,39850,39,57656,57,57,56,2139,77,1344,5234,5511201251,1422185914,0.00,68.87,128,100.0
7988,E-randwrite-precondition,39850,39,57656,57,57,56,2139,77,1344,5357,5511201251,1422320354,0.00,68.83,128,100.0
7989,E-randwrite-precondition,39850,39,57562,57,57,56,2139,77,1420,5275,5511201251,1422430226,0.00,56.25,128,100.0
7990,E-randwrite-precondition,39850,39,57875,57,57,56,2139,77,729,5357,5511201251,1422576826,0.00,75.06,128,100.0
7992,E-randwrite-precondition,39850,39,57687,57,57,56,2134,77,806,5316,5511201251,1422686882,0.00,56.35,128,100.0
7993,E-randwrite-precondition,39850,39,57750,57,57,56,2137,77,1497,5234,5511201251,1422833514,0.00,75.08,128,100.0
7994,E-randwrite-precondition,39850,39,57875,57,57,56,2136,77,1344,5357,5511201251,1422968058,0.00,68.89,128,100.0
7995,E-randwrite-precondition,39850,39,57687,57,57,56,2137,77,1113,5193,5511201251,1423077954,0.00,56.27,128,100.0
7996,E-randwrite-precondition,39850,39,58218,58,57,56,2141,77,1497,5889,5511201251,1423224634,0.00,75.10,128,100.0
7997,E-randwrite-precondition,39850,39,58093,58,58,56,2139,77,1497,6338,5511201251,1423334410,0.00,56.21,128,97.6
7998,E-randwrite-precondition,39850,39,58218,58,58,56,2136,77,1497,6052,5511201251,1423481090,0.00,75.10,128,100.0
7999,E-randwrite-precondition,39850,39,58343,58,58,56,2137,77,1497,5970,5511201251,1423578794,0.00,50.02,128,98.4
8001,E-randwrite-precondition,39850,39,58031,58,58,56,2138,77,1497,5929,5511201251,1423713242,0.00,68.84,128,100.0
8002,E-randwrite-precondition,39850,39,58312,58,58,56,2141,77,1497,6011,5511201251,1423847754,0.00,68.87,128,99.6
8003,E-randwrite-precondition,39850,39,58343,58,58,56,2140,77,1497,5889,5511201251,1423945274,0.00,49.93,128,100.0
8004,E-randwrite-precondition,39850,39,58312,58,58,56,2144,77,1497,6011,5511201251,1424092058,0.00,75.15,128,100.0
8005,E-randwrite-precondition,39850,39,58218,58,58,56,2140,77,1497,6011,5511201251,1424202026,0.00,56.30,128,100.0
8006,E-randwrite-precondition,39850,39,58187,58,58,56,2140,77,1497,6052,5511201251,1424348810,0.00,75.15,128,100.0
8007,E-randwrite-precondition,39850,39,58375,58,58,56,2140,77,1497,6011,5511201251,1424458786,0.00,56.31,128,100.0
8009,E-randwrite-precondition,39850,39,58125,58,58,56,2137,77,1497,5929,5511201251,1424593114,0.00,68.78,128,100.0
8010,E-randwrite-precondition,39850,39,58437,58,58,56,2139,77,1497,6011,5511201251,1424727658,0.00,68.89,128,100.0
8011,E-randwrite-precondition,39850,39,58406,58,58,56,2139,77,1497,5889,5511201251,1424825458,0.00,50.07,128,100.0
8012,E-randwrite-precondition,39850,39,58312,58,58,56,2140,77,1497,6011,5511201251,1424972242,0.00,75.15,128,100.0
8013,E-randwrite-precondition,39850,39,58156,58,58,56,2140,77,1497,5970,5511201251,1425082106,0.00,56.25,128,100.0
8014,E-randwrite-precondition,39850,39,58281,58,58,56,2139,77,1497,6011,5511201251,1425228866,0.00,75.14,128,100.0
8015,E-randwrite-precondition,39850,39,58093,58,58,56,2139,77,1497,6011,5511201251,1425338930,0.00,56.35,128,100.0
8016,E2-randwrite-qd,39850,39,58000,58,58,56,2142,77,1344,6011,5511201251,1425393322,0.00,27.85,0,57.2
8017,E2-randwrite-qd,39850,39,58312,58,58,56,2140,77,1344,5929,5511201251,1425463594,0.00,35.98,0,97.6
8018,E2-randwrite-qd,39850,39,58031,58,58,56,2142,77,1344,6011,5511201251,1425545930,0.00,42.16,1,84.8
8020,E2-randwrite-qd,39850,39,58093,58,58,56,2142,77,1420,6011,5511201251,1425622362,0.00,39.13,1,90.8
8021,E2-randwrite-qd,39850,39,58031,58,58,56,2140,77,1497,5929,5511201251,1425695530,0.00,37.46,0,100.0
8022,E2-randwrite-qd,39850,39,58000,58,58,56,2137,77,1420,6052,5511201251,1425780866,0.00,43.69,0,89.6
8023,E2-randwrite-qd,39850,39,58218,58,58,56,2137,77,1190,6011,5511201251,1425866426,0.00,43.81,0,94.8
8024,E2-randwrite-qd,39850,39,58343,58,58,56,2139,77,1344,5970,5511201251,1425930138,0.00,32.62,1,88.0
8025,E2-randwrite-qd,39850,39,58125,58,58,56,2137,77,1497,6011,5511201251,1425994498,0.00,32.95,1,92.4
8026,E2-randwrite-qd,39850,39,58062,58,58,56,2139,77,1497,6011,5511201251,1426073586,0.00,40.49,0,85.2
8027,E2-randwrite-qd,39850,39,58031,58,58,56,2139,77,1344,5929,5511201251,1426135194,0.00,31.54,0,97.2
8028,E2-randwrite-qd,39850,39,58093,58,58,56,2141,77,1267,6011,5511201251,1426220674,0.00,43.77,0,94.4
8030,E2-randwrite-qd,39850,39,58125,58,58,56,2142,77,1344,6011,5511201251,1426306002,0.00,43.69,1,93.2
8031,E2-randwrite-qd,39850,39,58093,58,58,56,2142,77,1497,5970,5511201251,1426366738,0.00,31.10,0,95.2
8032,E2-randwrite-qd,39850,39,58187,58,58,56,2141,77,1420,6052,5511201251,1426452490,0.00,43.91,0,91.6
8033,E2-randwrite-qd,39850,39,58468,58,58,56,2141,77,1497,6011,5511201251,1426537602,0.00,43.58,0,91.2
8034,E2-randwrite-qd,39850,39,58187,58,58,56,2141,77,1497,5970,5511201251,1426597738,0.00,30.79,0,94.8
8035,E2-randwrite-qd,39850,39,58062,58,58,56,2142,77,1497,6011,5511201251,1426684562,0.00,44.45,1,89.6
8036,E2-randwrite-qd,39850,39,58093,58,58,56,2142,77,1344,6011,5511201251,1426769850,0.00,43.67,1,92.0
8037,E2-randwrite-qd,39850,39,58187,58,58,56,2137,77,1344,6011,5511201251,1426830546,0.00,31.08,0,92.8
8038,E2-randwrite-qd,39850,39,58187,58,58,56,2144,77,1420,6011,5511201251,1426916114,0.00,43.81,0,92.8
8040,E2-randwrite-qd,39850,39,58125,58,58,56,2142,77,1497,5889,5511201251,1427001554,0.00,43.75,1,100.0
8041,E2-randwrite-qd,39850,39,58187,58,58,56,2142,77,1497,6011,5511201251,1427079346,0.00,39.83,0,88.4
8042,E2-randwrite-qd,39850,39,58125,58,58,56,2142,77,1267,6011,5511201251,1427160234,0.00,41.41,1,87.2
8043,E2-randwrite-qd,39850,39,58187,58,58,56,2142,77,1344,5929,5511201251,1427230482,0.00,35.97,1,91.2
8044,E2-randwrite-qd,39850,39,58125,58,58,56,2142,77,1344,6011,5511201251,1427306730,0.00,39.04,0,96.0
8045,E2-randwrite-qd,39850,39,58562,58,58,56,2142,77,1420,6052,5511201251,1427391906,0.00,43.61,0,92.0
8046,E2-randwrite-qd,39850,39,58093,58,58,56,2139,77,1497,5929,5511201251,1427453106,0.00,31.33,1,100.0
8047,E2-randwrite-qd,39850,39,58343,58,58,56,2141,77,1267,6052,5511201251,1427538482,0.00,43.71,0,93.6
8048,E2-randwrite-qd,39850,39,58218,58,58,56,2137,77,1344,6052,5511201251,1427623570,0.00,43.57,1,88.4
8050,E2-randwrite-qd,39850,39,58218,58,58,56,2137,77,1420,5970,5511201251,1427684954,0.00,31.43,1,98.4
8051,E2-randwrite-qd,39850,39,58468,58,58,56,2139,77,1497,6011,5511201251,1427770154,0.00,43.62,1,90.4
8052,E2-randwrite-qd,39850,39,58187,58,58,56,2141,77,1497,5643,5511201251,1427855442,0.00,43.67,0,89.2
8053,E2-randwrite-qd,39850,39,57906,57,58,56,2141,77,1497,5275,5511201251,1427916178,0.00,31.10,0,96.8
8054,E2-randwrite-qd,39850,39,58125,58,57,56,2144,77,729,5316,5511201251,1428001778,0.00,43.83,1,89.6
8055,E2-randwrite-qd,39850,39,58093,58,58,56,2142,77,1497,5357,5511201251,1428087210,0.00,43.74,0,93.2
8056,E2-randwrite-qd,39850,39,58000,58,57,56,2142,77,1113,5275,5511201251,1428148106,0.00,31.18,0,89.2
8057,E2-randwrite-qd,39850,39,57906,57,57,56,2142,77,1497,5316,5511201251,1428233498,0.00,43.72,1,86.8
8059,E2-randwrite-qd,39850,39,57687,57,57,56,2145,77,1497,5193,5511201251,1428318906,0.00,43.73,1,96.8
8060,E2-randwrite-qd,39850,39,57906,57,58,56,2147,77,1497,5316,5511201251,1428392154,0.00,37.50,1,88.4
8061,E2-randwrite-qd,39850,39,57937,57,57,56,2152,77,1497,6052,5511201251,1428478322,0.00,44.12,0,90.4
8062,E2-randwrite-qd,39850,39,58156,58,58,56,2147,77,1497,6175,5511201251,1428548698,0.00,36.03,1,91.2
8063,E2-randwrite-qd,39850,39,57937,57,57,56,2152,77,1420,5398,5511201251,1428623946,0.00,38.53,0,93.2
8064,E2-randwrite-qd,39850,39,57875,57,58,56,2152,77,1344,5357,5511201251,1428709922,0.00,44.02,1,93.6
8066,E2-randwrite-qd,39850,39,57812,57,57,56,2153,77,1267,5234,5511201251,1428792794,0.00,42.43,228,100.0
8067,E2-randwrite-qd,39850,39,58093,58,58,56,2070,74,1497,5439,5511201251,1428934394,0.00,72.50,0,83.6
8068,E2-randwrite-qd,39850,39,57812,57,57,56,2046,74,729,5357,5511201251,1429000402,0.00,33.80,1,88.8
8069,E2-randwrite-qd,39850,39,57875,57,57,56,2044,74,1420,5275,5511201251,1429063730,0.00,32.42,0,96.8
8070,E2-randwrite-qd,39850,39,57781,57,58,56,2050,74,729,5357,5511201251,1429149170,0.00,43.75,1,80.8
8071,E2-randwrite-qd,39850,39,57843,57,57,56,2049,74,1267,5152,5511201251,1429281282,0.00,67.64,254,100.0
8073,E2-randwrite-qd,39850,39,57718,57,57,56,2052,74,1267,5316,5511201251,1429448698,0.00,85.72,0,79.6
8074,E2-randwrite-qd,39850,39,57781,57,57,56,2053,74,729,5357,5511201251,1429527890,0.00,40.55,0,80.0
8075,E2-randwrite-qd,39850,39,57781,57,57,56,2053,74,729,5193,5511201251,1429578722,0.00,26.03,0,95.2
8076,E2-randwrite-qd,39850,39,57843,57,57,56,2058,74,1497,5316,5511201251,1429662586,0.00,42.94,1,82.8
8077,E2-randwrite-qd,39850,39,57906,57,57,56,2052,74,1497,5316,5511201251,1429747874,0.00,43.67,0,87.2
8078,E2-randwrite-qd,39850,39,57656,57,57,56,2052,74,1497,5234,5511201251,1429808506,0.00,31.04,1,96.0
8079,E2-randwrite-qd,39850,39,57812,57,57,56,2058,74,729,5316,5511201251,1429891738,0.00,42.61,1,80.4
8080,E2-randwrite-qd,39850,39,57687,57,57,56,2053,74,1497,5316,5511201251,1429967586,0.00,38.83,0,92.0
8081,E2-randwrite-qd,39850,39,57687,57,57,56,2043,74,729,5275,5511201251,1430029418,0.00,31.66,0,87.2
8082,E2-randwrite-qd,39850,39,57687,57,57,56,2045,74,729,5316,5511201251,1430113778,0.00,43.19,0,90.0
8083,E2-randwrite-qd,39850,39,57843,57,57,56,2046,74,1344,5316,5511201251,1430196858,0.00,42.54,1,83.2
8084,E2-randwrite-qd,39850,39,57718,57,57,56,2049,74,1497,5275,5511201251,1430249762,0.00,27.09,1,94.4
8086,E2-randwrite-qd,39850,39,57812,57,57,56,2049,74,729,5316,5511201251,1430334098,0.00,43.18,0,93.6
8087,E2-randwrite-qd,39850,39,57812,57,57,56,2049,74,1497,5316,5511201251,1430419362,0.00,43.66,0,94.8
8088,E2-randwrite-qd,39850,39,57781,57,58,56,2052,74,729,5275,5511201251,1430480258,0.00,31.18,1,93.6
8089,E2-randwrite-qd,39850,39,57812,57,57,56,2050,74,960,5316,5511201251,1430563138,0.00,42.43,1,83.2
8090,E2-randwrite-qd,39850,39,57687,57,57,56,2053,74,1267,5316,5511201251,1430639594,0.00,39.15,0,87.6
8091,E2-randwrite-qd,39850,39,57781,57,57,56,2049,74,1497,5234,5511201251,1430687658,0.00,24.61,0,94.0
8092,E2-randwrite-qd,39850,39,57781,57,57,56,2035,74,729,5316,5511201251,1430773338,0.00,43.87,1,88.8
8093,E2-randwrite-qd,39850,39,57656,57,57,56,2030,74,729,5316,5511201251,1430858330,0.00,43.52,0,86.8
8094,E2-randwrite-qd,39850,39,57968,57,57,56,2034,74,1497,5275,5511201251,1430919458,0.00,31.30,0,92.4
8095,E2-randwrite-qd,39850,39,57812,57,57,56,2031,74,729,5316,5511201251,1431005082,0.00,43.84,0,92.8
8097,E2-randwrite-qd,39850,39,57687,57,57,56,2031,74,1344,5316,5511201251,1431077994,0.00,37.33,0,86.8
8098,E2-randwrite-qd,39850,39,58031,58,58,56,2027,74,1497,5766,5511201251,1431136754,0.00,30.09,0,90.8
8099,E2-randwrite-qd,39850,39,57781,57,57,56,2027,74,1497,5398,5511201251,1431212394,0.00,38.73,1,94.8
8100,E2-randwrite-qd,39850,39,57593,57,57,56,2027,74,729,5316,5511201251,1431297866,0.00,43.76,1,91.2
8101,E2-randwrite-qd,39850,39,57812,57,57,56,2027,74,729,5275,5511201251,1431361010,0.00,32.33,1,84.4
8102,E2-randwrite-qd,39850,39,57656,57,57,56,2030,74,729,5316,5511201251,1431444546,0.00,42.77,0,86.0
8103,E2-randwrite-qd,39850,39,57718,57,57,56,2031,74,1497,5316,5511201251,1431529682,0.00,43.59,0,96.0
8104,E2-randwrite-qd,39850,39,57843,57,57,56,2034,74,1497,5275,5511201251,1431590570,0.00,31.17,1,89.2
8105,E2-randwrite-qd,39850,39,57718,57,57,56,2036,74,1497,5316,5511201251,1431676058,0.00,43.77,0,88.0
8107,E2-randwrite-qd,39850,39,57843,57,57,56,2037,74,1190,5193,5511201251,1431749914,0.00,37.81,0,100.0
8108,E2-randwrite-qd,39850,39,58156,58,57,56,2043,74,1497,5357,5511201251,1431830426,0.00,41.22,0,90.0
8109,E2-randwrite-qd,39850,39,58031,58,58,56,2046,74,1497,5316,5511201251,1431908258,0.00,39.85,1,84.4
8110,E2-randwrite-qd,39850,39,57687,57,57,56,2049,74,1497,5234,5511201251,1431981530,0.00,37.52,0,100.0
8111,E2-randwrite-qd,39850,39,57656,57,57,56,2043,74,1113,5275,5511201251,1432054650,0.00,37.44,1,88.8
8112,E2-randwrite-qd,39850,39,57625,57,57,56,2043,74,729,5316,5511201251,1432140018,0.00,43.71,1,87.2
8113,E2-randwrite-qd,39850,39,58062,58,58,56,2049,74,1497,6011,5511201251,1432210466,0.00,36.07,1,91.6
8114,E2-randwrite-qd,39850,39,57781,57,57,56,2043,74,960,5807,5511201251,1432320522,0.00,56.35,402,98.8
8116,E2-randwrite-qd,39850,39,58312,58,58,56,2037,74,1497,6134,5511201251,1432592466,0.00,139.24,1,87.2
8117,E2-randwrite-qd,39850,39,58812,58,58,56,2150,78,1497,6614,5511201251,1432628970,0.00,18.69,0,100.0
8118,E2-randwrite-qd,39850,39,58718,58,58,56,2168,78,1497,6655,5511201251,1432726842,0.00,50.11,1,84.0
8119,E2-randwrite-qd,39850,39,58687,58,58,56,2168,78,1113,6011,5511201251,1432882610,0.00,79.75,252,100.0
8120,E2-randwrite-qd,39850,39,59000,59,58,56,2172,78,1497,6573,5511201251,1433121714,0.00,122.42,1,88.4
8121,E2-randwrite-qd,39850,39,58906,58,59,56,2168,78,1497,6737,5511201251,1433215482,0.00,48.01,0,92.0
8123,E2-randwrite-qd,39850,39,59218,59,59,56,2172,78,1497,6737,5511201251,1433289058,0.00,37.67,0,99.6
8124,E2-randwrite-qd,39850,39,58750,58,58,56,2170,78,1497,6533,5511201251,1433560994,0.00,139.23,1,88.0
8125,E2-randwrite-qd,39850,39,58687,58,58,56,2168,78,1497,6614,5511201251,1433643186,0.00,42.08,0,100.0
8126,E2-randwrite-qd,39850,39,58687,58,58,56,2170,78,1497,6696,5511201251,1433740746,0.00,49.95,1,93.2
8127,E2-randwrite-qd,39850,39,58687,58,58,56,2170,78,1497,6052,5511201251,1433872458,0.00,67.44,486,100.0
8128,E2-randwrite-qd,39850,39,58750,58,58,56,2170,78,1497,6573,5511201251,1434132394,0.00,133.09,1,92.0
8129,E2-randwrite-qd,39850,39,58937,58,59,56,2170,78,1497,6737,5511201251,1434227026,0.00,48.45,1,89.2
8131,E2-randwrite-qd,39850,39,58968,58,58,56,2172,78,1497,6737,5511201251,1434283050,0.00,28.68,0,97.6
8132,E2-randwrite-qd,39850,39,58718,58,58,56,2170,78,1113,6216,5511201251,1434477298,0.00,99.45,262,98.0
8133,E2-randwrite-qd,39850,39,58781,58,58,56,2170,78,1497,6573,5511201251,1434656514,0.00,91.76,0,93.2
8134,E2-randwrite-qd,39850,39,59062,59,59,56,2170,78,1497,6737,5511201251,1434730666,0.00,37.97,0,93.2
8135,E2-randwrite-qd,39850,39,58875,58,58,56,2170,78,1497,6696,5511201251,1434820602,0.00,46.05,0,74.0
8136,E2-randwrite-qd,39850,39,58593,58,58,56,2170,78,1497,6175,5511201251,1435046426,0.00,115.62,1,100.0
8137,E2-randwrite-qd,39850,39,58687,58,58,56,2172,78,1497,6573,5511201251,1435164954,0.00,60.69,1,88.4
8138,E2-randwrite-qd,39850,39,59031,59,58,56,2173,78,1497,6614,5511201251,1435255850,0.00,46.54,0,94.0
8139,E2-randwrite-qd,39850,39,58968,58,58,56,2172,78,1497,6696,5511201251,1435328978,0.00,37.44,0,96.8
8140,E2-randwrite-qd,39850,39,58843,58,58,56,2175,78,1497,6420,5511201251,1435593242,0.00,135.30,0,87.6
8141,E2-randwrite-qd,39850,39,59000,59,58,57,2175,78,1497,6614,5511201251,1435696074,0.00,52.65,1,99.2
8142,E2-randwrite-qd,39850,39,59062,59,59,57,2177,78,1497,6696,5511201251,1435773810,0.00,39.80,1,95.6
8144,E2-randwrite-qd,39850,39,58875,58,59,56,2177,78,1497,6379,5511201251,1435912922,0.00,71.23,256,100.0
8145,E2-randwrite-qd,39850,39,59000,59,59,56,2175,78,1497,6614,5511201251,1436160922,0.00,126.98,1,90.4
8146,E2-randwrite-qd,39850,39,59000,59,59,56,2175,78,1497,6696,5511201251,1436236906,0.00,38.90,1,92.4
8147,E2-randwrite-qd,39850,39,58875,58,58,56,2177,78,1497,6737,5511201251,1436323650,0.00,44.41,0,90.0
8148,E2-randwrite-qd,39850,39,58718,58,58,56,2178,78,1497,6257,5511201251,1436438562,0.00,58.83,148,97.6
8149,E2-randwrite-qd,39850,39,58718,58,58,57,2185,78,1497,6655,5511201251,1436697842,0.00,132.75,1,100.0
8150,E2-randwrite-qd,39850,39,59250,59,59,56,2187,78,1497,6696,5511201251,1436783634,0.00,43.93,1,92.4
8152,E2-randwrite-qd,39850,39,59156,59,59,56,2190,78,1497,6778,5511201251,1436868890,0.00,43.65,0,94.8
8153,E2-randwrite-qd,39850,39,59000,59,59,56,2192,78,1497,6492,5511201251,1437136354,0.00,136.94,1,92.4
8154,E2-randwrite-qd,39850,39,58906,58,58,57,2190,78,1497,6573,5511201251,1437210634,0.00,38.03,1,98.8
8155,E2-randwrite-qd,39850,39,58875,58,58,56,2177,78,1497,6737,5511201251,1437308754,0.00,50.24,1,96.0
8156,E2-randwrite-qd,39850,39,58656,58,58,57,2174,78,1497,6134,5511201251,1437415794,0.00,54.80,346,100.0
8158,E2-randwrite-qd,39850,39,58781,58,59,56,2172,78,1497,6533,5511201251,1437712250,0.00,151.79,0,100.0
8159,E2-randwrite-qd,39850,39,59187,59,59,57,2174,78,1497,6696,5511201251,1437809874,0.00,49.98,0,100.0
8160,E2-randwrite-qd,39850,39,59000,59,58,56,2172,78,1497,6257,5511201251,1437996826,0.00,95.72,253,100.0
8161,E2-randwrite-qd,39850,39,59093,59,59,57,2170,78,1497,6696,5511201251,1438175610,0.00,91.54,0,88.4
8162,E2-randwrite-qd,39850,39,59312,59,59,57,2170,78,1497,6778,5511201251,1438259122,0.00,42.76,1,91.2
8163,E2-randwrite-qd,39850,39,59250,59,59,57,2170,78,1497,6533,5511201251,1438522794,0.00,135.00,1,97.6
8164,E2-randwrite-qd,39850,39,59156,59,59,57,2172,78,1497,6614,5511201251,1438603674,0.00,41.41,1,100.0
8166,E2-randwrite-qd,39850,39,59093,59,58,57,2172,78,1497,6451,5511201251,1438735402,0.00,67.44,414,100.0
8167,E2-randwrite-qd,39850,39,59406,59,59,57,2172,78,1497,6655,5511201251,1439016874,0.00,144.11,1,92.4
8168,E2-randwrite-qd,39850,39,58843,58,58,57,2170,78,1497,6134,5511201251,1439044266,0.00,14.02,0,100.0
8169,E2-randwrite-qd,39850,39,58687,58,58,57,2175,78,1497,6052,5511201251,1439129418,0.00,43.60,0,96.0
8170,E2-randwrite-qd,39850,39,58843,58,58,57,2177,78,1497,6093,5511201251,1439213770,0.00,43.19,0,98.8
8171,E2-randwrite-qd,39850,39,59000,59,59,57,2177,78,1497,6052,5511201251,1439272834,0.00,30.24,0,93.6
8172,E2-randwrite-qd,39850,39,58500,58,58,57,2181,78,1344,5480,5511201251,1439341098,0.00,34.95,0,78.8
8173,E2-randwrite-qd,39850,39,58656,58,58,57,2180,78,1420,5357,5511201251,1439413330,0.00,36.98,1,88.8
8174,E2-randwrite-qd,39850,39,58656,58,58,57,2182,78,1420,5234,5511201251,1439464002,0.00,25.94,0,92.4
8176,E2-randwrite-qd,39850,39,58562,58,58,57,2187,78,1420,5398,5511201251,1439531850,0.00,34.74,0,94.8
8177,E2-randwrite-qd,39850,39,58343,58,58,56,2189,78,1420,5357,5511201251,1439603906,0.00,36.89,1,91.6
8178,E2-randwrite-qd,39850,39,58312,58,58,56,2190,78,1497,5275,5511201251,1439677978,0.00,37.92,0,100.0
8179,E2-randwrite-qd,39850,39,58250,58,58,56,2181,78,1497,5357,5511201251,1439751178,0.00,37.48,1,90.8
8180,E2-randwrite-qd,39850,39,58343,58,58,56,2177,78,1497,5398,5511201251,1439824690,0.00,37.64,0,94.8
8182,E2-randwrite-qd,39850,39,58125,58,58,56,2174,78,1420,5193,5511201251,1439897762,0.00,37.41,0,100.0
8183,E2-randwrite-qd,39850,39,58281,58,58,57,2172,78,1420,5316,5511201251,1439979322,0.00,41.76,0,86.0
8184,E2-randwrite-qd,39850,39,58406,58,58,57,2170,78,1344,5357,5511201251,1440056842,0.00,39.69,1,92.0
8185,E2-randwrite-qd,39850,39,58343,58,58,56,2170,78,1267,5275,5511201251,1440124338,0.00,34.56,1,90.4
8186,E2-randwrite-qd,39850,39,58437,58,58,56,2170,78,729,5398,5511201251,1440200690,0.00,39.09,1,86.0
8187,E2-randwrite-qd,39850,39,58218,58,58,56,2170,78,1497,5357,5511201251,1440276338,0.00,38.73,1,92.4
8188,E2-randwrite-qd,39850,39,58562,58,58,56,2172,78,1344,5275,5511201251,1440347154,0.00,36.26,1,92.0
8189,E2-randwrite-qd,39850,39,58187,58,58,57,2174,78,1344,5316,5511201251,1440413874,0.00,34.16,0,89.2
8190,E2-randwrite-qd,39850,39,58406,58,58,56,2172,78,1344,5357,5511201251,1440496378,0.00,42.24,0,91.6
8191,E2-randwrite-qd,39850,39,58437,58,58,57,2172,78,1420,5275,5511201251,1440563242,0.00,34.23,0,86.8
8192,E2-randwrite-qd,39850,39,58375,58,58,57,2174,78,1497,5357,5511201251,1440642474,0.00,40.57,0,95.6
8194,E2-randwrite-qd,39850,39,58218,58,58,56,2174,78,1497,5357,5511201251,1440727770,0.00,43.67,0,89.2
8195,E2-randwrite-qd,39850,39,58187,58,58,56,2177,78,1497,5234,5511201251,1440789058,0.00,31.38,1,100.0
8196,E2-randwrite-qd,39850,39,58187,58,58,56,2179,78,1497,5357,5511201251,1440874450,0.00,43.72,1,94.8
8197,E2-randwrite-qd,39850,39,58312,58,58,56,2179,78,883,5316,5511201251,1440954538,0.00,41.01,2,67.2
8198,E2-randwrite-qd,39850,39,58656,58,58,56,2184,78,1497,5684,5511201251,1441047602,0.00,47.65,0,100.0
8199,E2-randwrite-qd,39850,39,58343,58,58,56,2187,78,729,5439,5511201251,1441149082,0.00,51.96,1,100.0
8200,E2-randwrite-qd,39850,39,58187,58,58,56,2185,78,729,5275,5511201251,1441224722,0.00,38.73,1,99.2
8201,E2-randwrite-qd,39850,39,58093,58,58,56,2182,78,1267,5316,5511201251,1441304674,0.00,40.94,1,100.0
8202,E2-randwrite-qd,39850,39,58062,58,58,56,2175,78,1267,5316,5511201251,1441412586,0.00,55.25,0,100.0
8204,E2-randwrite-qd,39850,39,58093,58,58,56,2172,78,1267,5275,5511201251,1441509842,0.00,49.80,0,100.0
8205,E2-randwrite-qd,39850,39,58093,58,58,56,2174,78,960,5316,5511201251,1441616714,0.00,54.72,4,100.0
8206,E2-randwrite-qd,39850,39,57937,57,58,56,2174,78,1267,5275,5511201251,1441702202,0.00,43.77,4,100.0
8207,E2-randwrite-qd,39850,39,58031,58,58,56,2170,78,1344,5316,5511201251,1441822922,0.00,61.81,2,98.4
8208,E2-randwrite-qd,39850,39,58062,58,58,56,2174,78,1344,5275,5511201251,1441922138,0.00,50.80,4,100.0
8209,E2-randwrite-qd,39850,39,58187,58,57,56,2175,78,1344,5316,5511201251,1442032090,0.00,56.30,4,100.0
8210,E2-randwrite-qd,39850,39,58093,58,58,56,2177,78,1344,5193,5511201251,1442117578,0.00,43.77,4,100.0
8211,E2-randwrite-qd,39850,39,57937,57,58,56,2182,78,729,5316,5511201251,1442237682,0.00,61.49,1,100.0
8212,E2-randwrite-qd,39850,39,58000,58,58,56,2185,78,1344,5234,5511201251,1442337514,0.00,51.11,4,100.0
8214,E2-randwrite-qd,39850,39,58093,58,58,56,2192,78,1420,5316,5511201251,1442459194,0.00,62.30,2,100.0
8215,E2-randwrite-qd,39850,39,57843,57,58,56,2197,78,1497,5193,5511201251,1442552642,0.00,47.85,2,100.0
8216,E2-randwrite-qd,39850,39,58125,58,58,56,2195,78,1344,5316,5511201251,1442667114,0.00,58.61,4,100.0
8217,E2-randwrite-qd,39850,39,57906,57,58,56,2189,78,806,5234,5511201251,1442764522,0.00,49.87,1,98.4
8218,E2-randwrite-qd,39850,39,57843,57,57,56,2174,78,1267,5316,5511201251,1442874810,0.00,56.47,4,100.0
8219,E2-randwrite-qd,39850,39,58187,58,58,56,2172,78,1497,5193,5511201251,1442983050,0.00,55.42,0,100.0
8220,E2-randwrite-qd,39850,39,57781,57,57,56,2172,78,729,5275,5511201251,1443086554,0.00,52.99,1,100.0
8222,E2-randwrite-qd,39850,39,57750,57,57,56,2170,78,806,5234,5511201251,1443203570,0.00,59.91,2,100.0
8223,E2-randwrite-qd,39850,39,57937,57,57,56,2170,78,1267,5316,5511201251,1443309186,0.00,54.08,2,100.0
8224,E2-randwrite-qd,39850,39,57750,57,57,56,2169,78,729,5316,5511201251,1443402882,0.00,47.97,2,100.0
8225,E2-randwrite-qd,39850,39,57843,57,57,56,2167,78,1344,5275,5511201251,1443492714,0.00,45.99,2,100.0
8226,E2-randwrite-qd,39850,39,58000,58,57,56,2102,74,883,5275,5511201251,1443607698,0.00,58.87,4,100.0
8227,E2-randwrite-qd,39850,39,57937,57,57,56,2039,74,883,5275,5511201251,1443703682,0.00,49.14,0,100.0
8228,E2-randwrite-qd,39850,39,57687,57,57,56,2030,74,1344,5275,5511201251,1443825938,0.00,62.60,1,100.0
8229,E2-randwrite-qd,39850,39,57968,57,57,56,2029,74,1497,5275,5511201251,1443911506,0.00,43.81,1,98.0
8230,E2-randwrite-qd,39850,39,58031,58,58,56,2024,74,729,5316,5511201251,1444023018,0.00,57.09,4,96.8
8231,E2-randwrite-qd,39850,39,57968,57,57,56,2027,74,1344,5275,5511201251,1444107258,0.00,43.13,1,100.0
8233,E2-randwrite-qd,39850,39,57718,57,57,56,2026,74,1497,5357,5511201251,1444229378,0.00,62.53,1,100.0
8234,E2-randwrite-qd,39850,39,58062,58,57,56,2030,74,1420,5234,5511201251,1444314466,0.00,43.57,2,100.0
8235,E2-randwrite-qd,39850,39,57687,57,57,56,2032,74,1267,5316,5511201251,1444432442,0.00,60.40,4,100.0
8236,E2-randwrite-qd,39850,39,58093,58,58,56,2030,74,1497,5725,5511201251,1444523682,0.00,46.71,4,100.0
8237,E2-randwrite-qd,39850,39,58125,58,58,56,2029,74,1497,5970,5511201251,1444633658,0.00,56.31,4,98.4
8238,E2-randwrite-qd,39850,39,58156,58,58,56,2130,78,1497,5929,5511201251,1444742002,0.00,55.47,1,100.0
8239,E2-randwrite-qd,39850,39,58125,58,58,56,2162,78,1497,6011,5511201251,1444853130,0.00,56.90,3,100.0
8241,E2-randwrite-qd,39850,39,58093,58,58,56,2167,78,1497,5929,5511201251,1444951122,0.00,50.17,4,100.0
8242,E2-randwrite-qd,39850,39,58312,58,58,56,2169,78,1497,5970,5511201251,1445061090,0.00,56.30,4,98.8
8243,E2-randwrite-qd,39850,39,58031,58,58,56,2170,78,1497,5929,5511201251,1445169586,0.00,55.55,1,100.0
8244,E2-randwrite-qd,39850,39,58062,58,58,56,2174,78,1497,5970,5511201251,1445264090,0.00,48.39,3,100.0
8245,E2-randwrite-qd,39850,39,57937,57,58,56,2172,78,1497,5929,5511201251,1445390698,0.00,64.82,1,100.0
8246,E2-randwrite-qd,39850,39,58187,58,58,56,2174,78,1497,6011,5511201251,1445500722,0.00,56.33,4,100.0
8248,E2-randwrite-qd,39850,39,58250,58,58,56,2174,78,1497,5929,5511201251,1445610698,0.00,56.31,4,100.0
8249,E2-randwrite-qd,39850,39,58468,58,58,56,2174,78,1497,6011,5511201251,1445715674,0.00,53.75,3,100.0
8250,E2-randwrite-qd,39850,39,58218,58,58,56,2174,78,1497,5970,5511201251,1445809234,0.00,47.90,2,95.2
8251,E2-randwrite-qd,39850,39,58906,58,58,56,2177,78,1497,5970,5511201251,1445899194,0.00,46.06,0,100.0
8252,E2-randwrite-qd,39850,39,58531,58,58,56,2179,78,1267,6011,5511201251,1445993626,0.00,48.35,0,100.0
8253,E2-randwrite-qd,39850,39,58750,58,58,56,2182,78,1420,5929,5511201251,1446086562,0.00,47.58,1,100.0
8254,E2-randwrite-qd,39850,39,58687,58,58,56,2182,78,1420,6011,5511201251,1446203266,0.00,59.75,0,100.0
8255,E2-randwrite-qd,39850,39,58625,58,58,56,2187,78,1497,5929,5511201251,1446274546,0.00,36.50,1,100.0
8256,E2-randwrite-qd,39850,39,58625,58,58,56,2185,78,1497,5970,5511201251,1446397170,0.00,62.78,4,100.0
8258,E2-randwrite-qd,39850,39,58781,58,58,56,2189,78,1420,5889,5511201251,1446497618,0.00,51.43,0,100.0
8259,E2-randwrite-qd,39850,39,58218,58,58,56,2187,78,1497,5929,5511201251,1446599866,0.00,52.35,4,89.2
8260,E2-randwrite-qd,39850,39,58000,58,58,56,2184,78,1497,5889,5511201251,1446701858,0.00,52.22,1,100.0
8261,E2-randwrite-qd,39850,39,58031,58,58,56,2184,78,1497,5970,5511201251,1446788810,0.00,44.52,1,100.0
8262,E2-randwrite-qd,39850,39,58250,58,58,56,2190,78,1497,5970,5511201251,1446880658,0.00,47.03,4,96.4
8263,E2-randwrite-qd,39850,39,58125,58,58,56,2190,78,1497,5848,5511201251,1446941826,0.00,31.32,4,95.2
8264,E2-randwrite-qd,39850,39,58156,58,58,56,2194,78,1497,5970,5511201251,1447024890,0.00,42.53,2,93.6
8265,E2-randwrite-qd,39850,39,58187,58,58,56,2192,78,1497,5970,5511201251,1447118026,0.00,47.69,0,100.0
8266,E2-randwrite-qd,39850,39,58250,58,58,56,2195,78,1497,5970,5511201251,1447191858,0.00,37.80,1,100.0
8268,E2-randwrite-qd,39850,39,58281,58,58,56,2193,78,1497,6011,5511201251,1447289514,0.00,50.00,0,100.0
8269,E2-randwrite-qd,39850,39,58312,58,58,56,2182,78,1497,5889,5511201251,1447375730,0.00,44.14,0,99.6
8270,E2-randwrite-qd,39850,39,58187,58,58,56,2177,78,1497,5970,5511201251,1447466858,0.00,46.66,4,88.8
8271,E2-randwrite-qd,39850,39,58218,58,58,56,2174,78,1497,6011,5511201251,1447556586,0.00,45.94,3,100.0
8272,E2-randwrite-qd,39850,39,58125,58,58,56,2174,78,1497,5970,5511201251,1447631970,0.00,38.60,2,100.0
8273,E2-randwrite-qd,39850,39,58250,58,58,56,2174,78,1497,6011,5511201251,1447735738,0.00,53.13,4,98.4
8274,E2-randwrite-qd,39850,39,58156,58,58,56,2174,78,1497,5889,5511201251,1447802178,0.00,34.02,1,100.0
8275,E2-randwrite-qd,39850,39,58312,58,58,56,2170,78,1497,6011,5511201251,1447894306,0.00,47.17,4,94.0
8276,E2-randwrite-qd,39850,39,58531,58,58,56,2174,78,1344,6011,5511201251,1448000730,0.00,54.49,0,100.0
8277,E2-randwrite-qd,39850,39,58343,58,58,56,2174,78,1497,5929,5511201251,1448077586,0.00,39.35,4,98.8
8278,E2-randwrite-qd,39850,39,58125,58,58,56,2174,78,1497,5970,5511201251,1448169682,0.00,47.15,0,97.2
8280,E2-randwrite-qd,39850,39,58125,58,58,56,2174,78,1497,5889,5511201251,1448253946,0.00,43.14,1,100.0
8281,E2-randwrite-qd,39850,39,58187,58,58,56,2175,78,1497,5970,5511201251,1448346210,0.00,47.24,4,94.8
8282,E2-randwrite-qd,39850,39,58312,58,58,56,2172,78,1497,6011,5511201251,1448434114,0.00,45.01,1,96.0
8283,E2-randwrite-qd,39850,39,58218,58,58,56,2174,78,1497,5970,5511201251,1448522018,0.00,45.01,1,100.0
8284,E2-randwrite-qd,39850,39,58218,58,58,56,2172,78,1497,6011,5511201251,1448630738,0.00,55.66,2,100.0
8285,E2-randwrite-qd,39850,39,58156,58,58,56,2169,78,1497,5889,5511201251,1448700362,0.00,35.65,4,100.0
8286,E2-randwrite-qd,39850,39,58312,58,58,56,2174,78,1497,5929,5511201251,1448785826,0.00,43.76,4,98.8
8287,E2-randwrite-qd,39850,39,58187,58,58,56,2174,78,1497,5929,5511201251,1448889898,0.00,53.28,1,100.0
8289,E2-randwrite-qd,39850,39,58468,58,58,56,2174,78,1497,5970,5511201251,1448974194,0.00,43.16,0,100.0
8290,E2-randwrite-qd,39850,39,58406,58,58,56,2177,78,1497,5970,5511201251,1449066634,0.00,47.33,4,97.6
8291,E2-randwrite-qd,39850,39,58187,58,58,56,2177,78,1497,5889,5511201251,1449134610,0.00,34.80,1,100.0
8292,E2-randwrite-qd,39850,39,58187,58,58,56,2179,78,960,5602,5511201251,1449230794,0.00,49.25,0,99.6
8293,E2-randwrite-qd,39850,39,58031,58,57,56,2179,78,1420,5234,5511201251,1449331554,0.00,51.59,2,100.0
8294,E2-randwrite-qd,39850,39,58000,58,58,56,2182,78,729,5275,5511201251,1449442970,0.00,57.04,1,88.8
8295,E2-randwrite-qd,39850,39,57906,57,58,56,2184,78,729,5193,5511201251,1449559594,0.00,59.71,2,100.0
8297,E2-randwrite-qd,39850,39,58062,58,58,56,2078,74,729,5275,5511201251,1449670114,0.00,56.59,0,100.0
8298,E2-randwrite-qd,39850,39,58062,58,57,56,2052,74,1267,5234,5511201251,1449766498,0.00,49.35,0,100.0
8299,E2-randwrite-qd,39850,39,58187,58,58,56,2043,74,1497,5684,5511201251,1449866058,0.00,50.97,0,94.4
8300,E2-randwrite-qd,39850,39,58000,58,57,56,2076,77,1267,5398,5511201251,1449962898,0.00,49.58,2,88.4
8301,E2-randwrite-qd,39850,39,57843,57,57,56,2141,77,1036,5275,5511201251,1450036090,0.00,37.47,1,100.0
8302,E2-randwrite-qd,39850,39,58031,58,57,56,2154,77,729,5275,5511201251,1450134234,0.00,50.25,1,100.0
8303,E2-randwrite-qd,39850,39,57875,57,57,56,2159,77,1344,5193,5511201251,1450207066,0.00,37.29,2,97.6
8304,E2-randwrite-qd,39850,39,58125,58,57,56,2158,77,806,5316,5511201251,1450303642,0.00,49.45,1,100.0
8305,E2-randwrite-qd,39850,39,58000,58,58,56,2160,77,1420,5316,5511201251,1450418666,0.00,58.89,1,97.2
8306,E2-randwrite-qd,39850,39,57906,57,57,56,2082,74,1420,5275,5511201251,1450507938,0.00,45.71,4,100.0
8308,E2-randwrite-qd,39850,39,57718,57,58,56,2050,74,729,5275,5511201251,1450622186,0.00,58.49,2,100.0
8309,E2-randwrite-qd,39850,39,57875,57,57,56,2122,77,729,5275,5511201251,1450707546,0.00,43.70,1,98.8
8310,E2-randwrite-qd,39850,39,58093,58,58,56,2139,77,1344,5316,5511201251,1450820794,0.00,57.98,2,89.2
8311,E2-randwrite-qd,39850,39,57781,57,57,56,2141,77,729,5234,5511201251,1450903938,0.00,42.57,4,96.4
8312,E2-randwrite-qd,39850,39,57843,57,57,56,2141,77,1497,5275,5511201251,1451013874,0.00,56.29,2,87.2
8313,E2-randwrite-qd,39850,39,57718,57,57,56,2136,77,1420,5234,5511201251,1451099194,0.00,43.68,0,97.6
8314,E2-randwrite-qd,39850,39,57812,57,57,56,2134,77,1497,5316,5511201251,1451225810,0.00,64.83,1,99.2
8315,E2-randwrite-qd,39850,39,57781,57,57,56,2134,77,1344,5193,5511201251,1451321306,0.00,48.89,1,100.0
8316,E2-randwrite-qd,39850,39,57718,57,57,56,2136,77,1497,5275,5511201251,1451446938,0.00,64.32,2,100.0
8318,E2-randwrite-qd,39850,39,57968,57,57,56,2138,77,729,5234,5511201251,1451538458,0.00,46.86,4,100.0
8319,E2-randwrite-qd,39850,39,57812,57,57,56,2138,77,1267,5316,5511201251,1451647218,0.00,55.69,0,93.6
8320,E2-randwrite-qd,39850,39,57937,57,57,56,2134,77,1420,5316,5511201251,1451741514,0.00,48.28,4,100.0
8321,E2-randwrite-qd,39850,39,57656,57,57,56,2136,77,729,5316,5511201251,1451805986,0.00,33.01,0,100.0
8322,E2-randwrite-qd,39850,39,57750,57,57,56,2134,77,883,5357,5511201251,1451929442,0.00,63.21,0,100.0
8323,E2-randwrite-qd,39850,39,57687,57,57,56,2136,77,806,5316,5511201251,1452002162,0.00,37.23,2,100.0
8324,E2-randwrite-qd,39850,39,57687,57,57,56,2138,77,806,5357,5511201251,1452098962,0.00,49.56,1,100.0
8325,E2-randwrite-qd,39850,39,57593,57,57,56,2139,77,960,5234,5511201251,1452184010,0.00,43.54,1,100.0
8326,E2-randwrite-qd,39850,39,57656,57,57,56,2137,77,1267,5316,5511201251,1452269290,0.00,43.66,0,100.0
8328,E2-randwrite-qd,39850,39,57750,57,57,56,2139,77,729,5316,5511201251,1452367010,0.00,50.03,0,100.0
8329,E2-randwrite-qd,39850,39,57843,57,57,56,2139,77,1344,5275,5511201251,1452435554,0.00,35.09,0,99.2
8330,E2-randwrite-qd,39850,39,57875,57,57,56,2139,77,806,5357,5511201251,1452526602,0.00,46.62,1,97.6
8331,E2-randwrite-qd,39850,39,57562,57,57,56,2141,77,729,5234,5511201251,1452623666,0.00,49.70,0,100.0
8332,E2-randwrite-qd,39850,39,57625,57,57,56,2145,77,1190,5316,5511201251,1452710346,0.00,44.38,0,96.8
8333,E2-randwrite-qd,39850,39,57625,57,57,56,2145,77,806,5316,5511201251,1452806826,0.00,49.40,1,100.0
8334,E2-randwrite-qd,39850,39,57750,57,57,56,2145,77,1420,5234,5511201251,1452872378,0.00,33.56,0,87.2
8335,E2-randwrite-qd,39850,39,57687,57,57,56,2145,77,1497,5316,5511201251,1452971786,0.00,50.90,0,91.6
8337,E2-randwrite-qd,39850,39,57687,57,57,56,2145,77,1344,5193,5511201251,1453064394,0.00,47.42,1,100.0
8338,E2-randwrite-qd,39850,39,57812,57,57,56,2152,77,1497,5234,5511201251,1453145490,0.00,41.52,4,98.0
8339,E2-randwrite-qd,39850,39,57656,57,57,56,2149,77,1420,5275,5511201251,1453243074,0.00,49.96,4,96.8
8340,E2-randwrite-qd,39850,39,57906,57,57,56,2154,77,1267,5234,5511201251,1453309498,0.00,34.01,1,99.2
8341,E2-randwrite-qd,39850,39,57906,57,57,56,2159,77,1497,5316,5511201251,1453426354,0.00,59.83,4,94.4
8342,E2-randwrite-qd,39850,39,57531,57,57,56,2097,74,1190,5234,5511201251,1453515538,0.00,45.66,1,100.0
8343,E2-randwrite-qd,39850,39,57750,57,57,56,2046,74,883,5357,5511201251,1453614162,0.00,50.50,2,100.0
8344,E2-randwrite-qd,39850,39,57687,57,57,56,2034,74,729,5193,5511201251,1453721986,0.00,55.21,1,100.0
8346,E2-randwrite-qd,39850,39,57906,57,57,56,2036,74,1497,5316,5511201251,1453817226,0.00,48.76,4,99.6
8347,E2-randwrite-qd,39850,39,57687,57,57,56,2034,74,729,5316,5511201251,1453927050,0.00,56.23,0,100.0
8348,E2-randwrite-qd,39850,39,57687,57,57,56,2033,74,1267,5316,5511201251,1453991730,0.00,33.12,1,100.0
8349,E2-randwrite-qd,39850,39,57656,57,57,56,2031,74,1420,5316,5511201251,1454092114,0.00,51.40,0,98.4
8350,E2-randwrite-qd,39850,39,57843,57,57,56,2031,74,729,5193,5511201251,1454175802,0.00,42.85,4,92.0
8351,E2-randwrite-qd,39850,39,57562,57,57,56,2031,74,729,5316,5511201251,1454288002,0.00,57.45,0,100.0
8352,E2-randwrite-qd,39850,39,57718,57,57,56,2033,74,729,5275,5511201251,1454378114,0.00,46.14,0,96.0
8353,E2-randwrite-qd,39850,39,57750,57,57,56,2033,74,1497,5275,5511201251,1454444970,0.00,34.23,1,100.0
8354,E2-randwrite-qd,39850,39,57656,57,57,56,2031,74,1344,5316,5511201251,1454550146,0.00,53.85,4,92.0
8355,E2-randwrite-qd,39850,39,57718,57,57,56,2036,74,729,5234,5511201251,1454627714,0.00,39.71,2,92.4
8356,E2-randwrite-qd,39850,39,57906,57,57,56,2036,74,1497,5929,5511201251,1454727666,0.00,51.18,0,95.2
8358,E2-randwrite-qd,39850,39,58062,58,58,56,2040,74,1497,5889,5511201251,1454824810,0.00,49.74,1,100.0
8359,E2-randwrite-qd,39850,39,58000,58,57,56,2040,74,1497,6011,5511201251,1454909138,0.00,43.18,0,100.0
8360,E2-randwrite-qd,39850,39,57906,57,57,56,2037,74,1497,6011,5511201251,1455004978,0.00,49.07,4,100.0
8361,E2-randwrite-qd,39850,39,58000,58,58,56,2037,74,1497,5970,5511201251,1455086698,0.00,41.84,0,94.0
8362,E2-randwrite-qd,39850,39,58031,58,58,56,2040,74,1497,6011,5511201251,1455181122,0.00,48.35,1,96.8
8363,E2-randwrite-qd,39850,39,58000,58,58,56,2045,74,1497,5929,5511201251,1455264234,0.00,42.55,1,97.6
8364,E2-randwrite-qd,39850,39,58343,58,58,56,2045,74,1497,6011,5511201251,1455353418,0.00,45.66,1,92.0
8365,E2-randwrite-qd,39850,39,58093,58,58,56,2048,74,1497,6011,5511201251,1455456530,0.00,52.79,2,96.4
8367,E2-randwrite-qd,39850,39,58468,58,58,56,2052,74,1497,5970,5511201251,1455545762,0.00,45.69,0,87.6
8368,E2-randwrite-qd,39850,39,58312,58,58,56,2056,77,1497,5970,5511201251,1455651906,0.00,54.35,1,99.2
8369,E2-randwrite-qd,39850,39,58187,58,58,56,2137,77,1497,5848,5511201251,1455719554,0.00,34.64,1,100.0
8370,E2-randwrite-qd,39850,39,58125,58,58,56,2150,77,1497,5970,5511201251,1455814474,0.00,48.60,2,100.0
8371,E2-randwrite-qd,39850,39,58156,58,58,56,2154,77,1497,5889,5511201251,1455913218,0.00,50.56,1,100.0
8372,E2-randwrite-qd,39850,39,58312,58,58,56,2144,77,1497,5970,5511201251,1456007202,0.00,48.12,0,100.0
8373,E2-randwrite-qd,39850,39,58343,58,58,56,2137,77,1497,5970,5511201251,1456101146,0.00,48.10,4,94.0
8374,E2-randwrite-qd,39850,39,58375,58,58,56,2139,77,1497,5929,5511201251,1456167466,0.00,33.96,1,99.2
8375,E2-randwrite-qd,39850,39,58437,58,58,56,2141,77,1497,5929,5511201251,1456259818,0.00,47.28,4,95.6
8377,E2-randwrite-qd,39850,39,58187,58,58,56,2142,77,1497,5848,5511201251,1456345434,0.00,43.84,0,100.0
8378,E2-randwrite-qd,39850,39,58187,58,58,56,2139,77,1497,5929,5511201251,1456418658,0.00,37.49,32,65.2
8379,E2-randwrite-qd,39850,39,58156,58,58,56,2139,77,1497,5970,5511201251,1456536410,0.00,60.29,3,100.0
8380,E2-randwrite-qd,39850,39,58062,58,58,56,2139,77,1497,5929,5511201251,1456621122,0.00,43.37,1,100.0
8381,E2-randwrite-qd,39850,39,58156,58,58,56,2137,77,1497,5970,5511201251,1456733274,0.00,57.42,1,94.8
8382,E2-randwrite-qd,39850,39,58156,58,58,56,2137,77,1497,5929,5511201251,1456819602,0.00,44.20,3,90.8
8383,E2-randwrite-qd,39850,39,58093,58,58,56,2139,77,1497,6011,5511201251,1456940090,0.00,61.69,1,98.4
8384,E2-randwrite-qd,39850,39,58281,58,58,56,2139,77,1497,5848,5511201251,1457024322,0.00,43.13,1,97.2
8385,E2-randwrite-qd,39850,39,58343,58,58,56,2137,77,1497,5970,5511201251,1457135626,0.00,56.99,2,95.2
8386,E2-randwrite-qd,39850,39,58343,58,58,56,2141,77,1497,5889,5511201251,1457233010,0.00,49.86,0,96.0
8388,E2-randwrite-qd,39850,39,58187,58,58,56,2139,77,1497,5970,5511201251,1457342650,0.00,56.14,1,91.6
8389,E2-randwrite-qd,39850,39,58281,58,58,56,2142,77,1497,5889,5511201251,1457453018,0.00,56.51,0,100.0
8390,E2-randwrite-qd,39850,39,58281,58,58,56,2144,77,1497,5970,5511201251,1457562282,0.00,55.94,0,92.4
8391,E2-randwrite-qd,39850,39,58156,58,58,56,2146,77,1497,5889,5511201251,1457672114,0.00,56.23,0,100.0
8392,E2-randwrite-qd,39850,39,58500,58,58,56,2151,77,1497,5970,5511201251,1457782746,0.00,56.64,1,96.4
8393,E2-randwrite-qd,39850,39,58281,58,58,56,2155,77,1497,5848,5511201251,1457892562,0.00,56.23,0,100.0
8395,E2-randwrite-qd,39850,39,58437,58,58,56,2157,77,1497,5970,5511201251,1457995258,0.00,52.58,32,89.6
8396,E2-randwrite-qd,39850,39,58750,58,58,56,2160,77,1344,5889,5511201251,1458117466,0.00,62.57,32,100.0
8397,E2-randwrite-qd,39850,39,58656,58,58,56,2160,77,1267,5929,5511201251,1458239762,0.00,62.62,32,96.0
8398,E2-randwrite-qd,39850,39,58656,58,58,56,2162,77,1344,5889,5511201251,1458342234,0.00,52.47,1,100.0
8399,E2-randwrite-qd,39850,39,58812,58,58,56,2162,77,1497,6052,5511201251,1458459890,0.00,60.24,32,100.0
8400,E2-randwrite-qd,39850,39,58875,58,58,56,2157,77,1344,6011,5511201251,1458565362,0.00,54.00,2,100.0
8401,E2-randwrite-qd,39850,39,58812,58,58,56,2160,77,1344,6011,5511201251,1458684874,0.00,61.19,1,100.0
8403,E2-randwrite-qd,39850,39,58750,58,58,56,2149,77,1344,5929,5511201251,1458769986,0.00,43.58,1,100.0
8404,E2-randwrite-qd,39850,39,58875,58,58,56,2142,77,1420,6011,5511201251,1458863218,0.00,47.73,32,100.0
8405,E2-randwrite-qd,39850,39,58625,58,58,56,2139,77,1497,5848,5511201251,1458997530,0.00,68.77,32,100.0
8406,E2-randwrite-qd,39850,39,58625,58,58,56,2143,77,1267,5929,5511201251,1459119834,0.00,62.62,32,100.0
8407,E2-randwrite-qd,39850,39,58625,58,58,56,2143,77,1420,5848,5511201251,1459229898,0.00,56.35,32,100.0
8408,E2-randwrite-qd,39850,39,58781,58,58,56,2143,77,1344,5970,5511201251,1459364250,0.00,68.79,2,100.0
8409,E2-randwrite-qd,39850,39,58593,58,58,56,2146,77,1497,5889,5511201251,1459457098,0.00,47.54,0,96.0
8411,E2-randwrite-qd,39850,39,58187,58,58,56,2144,77,1497,5970,5511201251,1459580994,0.00,63.43,16,94.4
8412,E2-randwrite-qd,39850,39,58187,58,58,56,2143,77,960,5643,5511201251,1459677386,0.00,49.35,2,100.0
8413,E2-randwrite-qd,39850,39,58031,58,58,56,2143,77,1497,5316,5511201251,1459799626,0.00,62.59,0,91.6
8414,E2-randwrite-qd,39850,39,57937,57,58,56,2144,77,1267,5234,5511201251,1459898682,0.00,50.72,1,96.4
8415,E2-randwrite-qd,39850,39,57875,57,58,56,2146,77,1344,5275,5511201251,1460035482,0.00,70.04,2,100.0
8416,E2-randwrite-qd,39850,39,57968,57,57,56,2146,77,1344,5234,5511201251,1460134386,0.00,50.64,32,100.0
8417,E2-randwrite-qd,39850,39,57906,57,57,56,2151,77,1420,5275,5511201251,1460268834,0.00,68.84,32,100.0
8418,E2-randwrite-qd,39850,39,57937,57,57,56,2151,77,1420,5234,5511201251,1460377114,0.00,55.44,1,100.0
8420,E2-randwrite-qd,39850,39,57937,57,57,56,2151,77,1420,5275,5511201251,1460513258,0.00,69.71,32,100.0
8421,E2-randwrite-qd,39850,39,57968,57,57,56,2156,77,883,5275,5511201251,1460609146,0.00,49.09,2,100.0
8422,E2-randwrite-qd,39850,39,57812,57,57,56,2159,77,1420,5275,5511201251,1460742098,0.00,68.07,2,100.0
8423,E2-randwrite-qd,39850,39,57843,57,57,56,2154,77,1344,5275,5511201251,1460843354,0.00,51.84,32,100.0
8424,E2-randwrite-qd,39850,39,57843,57,57,56,2147,77,1420,5193,5511201251,1460975906,0.00,67.87,1,100.0
8425,E2-randwrite-qd,39850,39,57781,57,57,56,2141,77,1344,5275,5511201251,1461109186,0.00,68.24,4,100.0
8427,E2-randwrite-qd,39850,39,57750,57,57,56,2143,77,1497,5234,5511201251,1461208298,0.00,50.75,2,100.0
8428,E2-randwrite-qd,39850,39,57750,57,57,56,2138,77,1267,5275,5511201251,1461340530,0.00,67.70,0,100.0
8429,E2-randwrite-qd,39850,39,58031,58,57,56,2136,77,1267,5193,5511201251,1461424666,0.00,43.08,0,96.0
8430,E2-randwrite-qd,39850,39,57937,57,57,56,2134,77,1497,5316,5511201251,1461552298,0.00,65.35,32,88.4
8431,E2-randwrite-qd,39850,39,57781,57,58,56,2133,77,1267,5234,5511201251,1461645322,0.00,47.63,9,98.0
8432,E2-randwrite-qd,39850,39,57750,57,57,56,2136,77,1420,5275,5511201251,1461767602,0.00,62.61,0,91.2
8433,E2-randwrite-qd,39850,39,57812,57,57,56,2135,77,1497,5193,5511201251,1461865106,0.00,49.92,2,100.0
8434,E2-randwrite-qd,39850,39,57750,57,57,56,2138,77,1267,5275,5511201251,1461987354,0.00,62.59,3,93.6
8435,E2-randwrite-qd,39850,39,57781,57,57,56,2135,77,1267,5234,5511201251,1462083786,0.00,49.37,0,100.0
8437,E2-randwrite-qd,39850,39,57968,57,57,56,2136,77,1497,5275,5511201251,1462206906,0.00,63.04,4,100.0
8438,E2-randwrite-qd,39850,39,57593,57,57,56,2138,77,1344,5193,5511201251,1462291394,0.00,43.26,0,99.6
8439,E2-randwrite-qd,39850,39,57750,57,57,56,2139,77,1344,5275,5511201251,1462413562,0.00,62.55,1,93.6
8440,E2-randwrite-qd,39850,39,57750,57,57,56,2138,77,1497,5152,5511201251,1462511498,0.00,50.14,1,100.0
8441,E2-randwrite-qd,39850,39,57687,57,57,56,2138,77,1497,5275,5511201251,1462603522,0.00,47.12,32,100.0
8442,E2-randwrite-qd,39850,39,58000,58,58,56,2139,77,960,5275,5511201251,1462713138,0.00,56.12,12,92.0
8443,E2-randwrite-qd,39850,39,57781,57,57,56,2141,77,729,5234,5511201251,1462794738,0.00,41.78,0,100.0
8445,E2-randwrite-qd,39850,39,57625,57,57,56,2144,77,729,5316,5511201251,1462890858,0.00,49.21,1,100.0
8446,E2-randwrite-qd,39850,39,57562,57,57,56,2147,77,729,5234,5511201251,1462975090,0.00,43.13,1,100.0
8447,E2-randwrite-qd,39850,39,57687,57,57,56,2146,77,1497,5275,5511201251,1463075098,0.00,51.20,1,94.8
8448,E2-randwrite-qd,39850,39,57500,57,57,56,2152,77,1420,5193,5511201251,1463164386,0.00,45.72,2,100.0
8449,E2-randwrite-qd,39850,39,57562,57,57,56,2157,77,1420,5275,5511201251,1463261834,0.00,49.89,2,100.0
8450,E2-randwrite-qd,39850,39,57656,57,57,56,2151,77,1267,5316,5511201251,1463361290,0.00,50.92,32,96.4
8451,E2-randwrite-qd,39850,39,57531,57,57,56,2145,77,1344,5275,5511201251,1463446874,0.00,43.82,32,100.0
8453,E2-randwrite-qd,39850,39,57718,57,57,56,2141,77,883,5316,5511201251,1463556938,0.00,56.35,32,100.0
8454,E2-randwrite-qd,39850,39,57687,57,57,56,2142,77,1113,5234,5511201251,1463627770,0.00,36.27,2,97.6
8455,E2-randwrite-qd,39850,39,57687,57,57,56,2144,77,1267,5275,5511201251,1463720722,0.00,47.59,2,100.0
8456,E2-randwrite-qd,39850,39,57687,57,57,56,2146,77,883,5193,5511201251,1463825802,0.00,53.80,32,100.0
8457,E2-randwrite-qd,39850,39,57562,57,57,56,2144,77,729,5275,5511201251,1463918866,0.00,47.65,2,100.0
8458,E2-randwrite-qd,39850,39,57531,57,57,56,2147,77,806,5316,5511201251,1464021450,0.00,52.52,32,100.0
8460,E2-randwrite-qd,39850,39,57687,57,57,56,2147,77,806,5275,5511201251,1464094794,0.00,37.55,32,100.0
8461,E2-randwrite-qd,39850,39,57812,57,57,56,2149,77,1420,5316,5511201251,1464192346,0.00,49.95,32,94.4
8462,E2-randwrite-qd,39850,39,57468,57,57,55,2151,77,806,5234,5511201251,1464277930,0.00,43.82,32,100.0
8463,E2-randwrite-qd,39850,39,57468,57,57,56,2152,77,1420,5316,5511201251,1464385762,0.00,55.21,1,100.0
8464,E2-randwrite-qd,39850,39,57406,57,57,56,2081,74,960,5152,5511201251,1464485818,0.00,51.23,32,100.0
8465,E2-randwrite-qd,39850,39,57437,57,57,56,2058,74,1497,5275,5511201251,1464581170,0.00,48.82,0,100.0
8466,E2-randwrite-qd,39850,39,57437,57,57,56,2053,74,1497,5316,5511201251,1464653698,0.00,37.13,1,100.0
8468,E2-randwrite-qd,39850,39,57250,57,57,56,2048,74,883,5275,5511201251,1464710162,0.00,28.91,0,100.0
8469,E2-randwrite-qd,39850,39,57468,57,57,56,2037,74,1267,5316,5511201251,1464782602,0.00,37.09,0,100.0
8470,E2-randwrite-qd,39850,39,57281,57,57,56,2036,74,729,5275,5511201251,1464871066,0.00,45.29,3,100.0
8471,E2-randwrite-qd,39850,39,57687,57,57,56,2036,74,1344,5193,5511201251,1464933338,0.00,31.88,0,95.2
8472,E2-randwrite-qd,39850,39,57500,57,57,56,2037,74,1267,5275,5511201251,1465015410,0.00,42.02,0,100.0
8474,E2-randwrite-qd,39850,39,57500,57,57,56,2034,74,883,5152,5511201251,1465133586,0.00,60.51,32,100.0
8475,E2-randwrite-qd,39850,39,57562,57,57,56,2031,74,1420,5275,5511201251,1465260610,0.00,65.04,2,98.8
8476,E2-randwrite-qd,39850,39,57750,57,57,56,2031,74,1497,5439,5511201251,1465365682,0.00,53.80,32,100.0
8477,E2-randwrite-qd,39850,39,57750,57,57,56,2033,74,1497,5929,5511201251,1465470762,0.00,53.80,2,100.0
8478,E2-randwrite-qd,39850,39,57593,57,57,56,2034,74,1497,5848,5511201251,1465569626,0.00,50.62,0,98.0
8479,E2-randwrite-qd,39850,39,57687,57,57,56,2036,74,1497,5970,5511201251,1465677898,0.00,55.44,1,100.0
8480,E2-randwrite-qd,39850,39,57687,57,57,56,2037,74,1497,5848,5511201251,1465789674,0.00,57.23,0,100.0
8481,E2-randwrite-qd,39850,39,57687,57,57,56,2040,74,1497,5970,5511201251,1465886402,0.00,49.52,1,95.2
8483,E2-randwrite-qd,39850,39,57718,57,57,56,2043,74,1497,5889,5511201251,1466009418,0.00,62.98,1,100.0
8484,E2-randwrite-qd,39850,39,57781,57,57,56,2046,74,1497,5970,5511201251,1466121066,0.00,57.16,0,91.2
8485,E2-randwrite-qd,39850,39,57968,57,57,56,2048,74,1497,5929,5511201251,1466230234,0.00,55.89,0,98.4
8486,E2-randwrite-qd,39850,39,57937,57,57,56,2050,74,1497,5970,5511201251,1466352386,0.00,62.54,0,100.0
8487,E2-randwrite-qd,39850,39,57875,57,57,56,2052,74,1497,5889,5511201251,1466463218,0.00,56.75,26,100.0
8488,E2-randwrite-qd,39850,39,57812,57,57,56,2053,74,1497,5970,5511201251,1466582386,0.00,61.01,3,99.2
8490,E2-randwrite-qd,39850,39,57843,57,57,56,2047,74,1497,5889,5511201251,1466680370,0.00,50.17,1,100.0
8491,E2-randwrite-qd,39850,39,58093,58,57,56,2041,74,1497,5970,5511201251,1466802810,0.00,62.69,2,97.6
8492,E2-randwrite-qd,39850,39,57906,57,57,56,2037,74,1497,5889,5511201251,1466901202,0.00,50.38,1,100.0
8493,E2-randwrite-qd,39850,39,58031,58,57,56,2031,74,1497,5970,5511201251,1467010266,0.00,55.84,1,95.6
8494,E2-randwrite-qd,39850,39,58000,58,57,56,2031,74,1497,5889,5511201251,1467109778,0.00,50.95,2,96.0
8495,E2-randwrite-qd,39850,39,57968,57,57,56,2033,74,1497,5970,5511201251,1467223562,0.00,58.26,32,100.0
8496,E2-randwrite-qd,39850,39,57937,57,58,56,2030,74,1497,5889,5511201251,1467329778,0.00,54.38,0,100.0
8497,E2-randwrite-qd,39850,39,57937,57,58,56,2030,74,1497,5970,5511201251,1467438754,0.00,55.80,0,95.2
8499,E2-randwrite-qd,39850,39,57968,57,58,56,2028,74,1497,5889,5511201251,1467553754,0.00,58.88,32,100.0
8500,E2-randwrite-qd,39850,39,58031,58,58,56,2033,74,1497,6011,5511201251,1467676058,0.00,62.62,32,98.0
8501,E2-randwrite-qd,39850,39,58000,58,58,56,2030,74,1497,6052,5511201251,1467785794,0.00,56.18,32,100.0
8502,E2-randwrite-qd,39850,39,58187,58,57,56,2030,74,1497,5970,5511201251,1467915706,0.00,66.51,1,100.0
8503,E2-randwrite-qd,39850,39,58062,58,58,56,2031,74,1497,5848,5511201251,1468005842,0.00,46.15,32,100.0
8504,E2-randwrite-qd,39850,39,58125,58,58,56,2034,74,1497,5970,5511201251,1468128034,0.00,62.56,32,96.8
8505,E2-randwrite-qd,39850,39,58031,58,58,56,2036,74,1497,5889,5511201251,1468225706,0.00,50.01,32,88.0
8506,E2-randwrite-qd,39850,39,57968,57,58,56,2040,74,1497,6011,5511201251,1468360250,0.00,68.89,32,100.0
8507,E2-randwrite-qd,39850,39,58250,58,58,56,2040,74,1497,5929,5511201251,1468458074,0.00,50.09,32,100.0
8509,E2-randwrite-qd,39850,39,58375,58,58,56,2042,74,1497,6011,5511201251,1468592522,0.00,68.84,32,100.0
8510,E2-randwrite-qd,39850,39,58281,58,58,56,2045,78,1497,5970,5511201251,1468690346,0.00,50.09,32,100.0
8511,E2-randwrite-qd,39850,39,58125,58,58,56,2160,78,1497,6011,5511201251,1468824650,0.00,68.76,32,100.0
8512,E2-randwrite-qd,39850,39,58062,58,58,56,2180,78,1497,5970,5511201251,1468920322,0.00,48.98,0,100.0
8513,E2-randwrite-qd,39850,39,58281,58,58,56,2187,78,1497,5970,5511201251,1469056922,0.00,69.94,32,100.0
8514,E2-randwrite-qd,39850,39,58125,58,58,56,2110,74,1497,5970,5511201251,1469154746,0.00,50.09,32,99.2
8515,E2-randwrite-qd,39850,39,58281,58,58,56,2059,74,1497,6011,5511201251,1469289098,0.00,68.79,32,100.0
8516,E2-randwrite-qd,39850,39,58156,58,58,56,2052,74,1497,5929,5511201251,1469374626,0.00,43.79,32,100.0
8517,E2-randwrite-qd,39850,39,58093,58,58,56,2050,74,1497,6011,5511201251,1469509170,0.00,68.89,32,100.0
8518,E2-randwrite-qd,39850,39,58250,58,58,56,2128,77,1497,5970,5511201251,1469606994,0.00,50.09,32,100.0
8520,E2-randwrite-qd,39850,39,58187,58,58,56,2144,77,1497,6011,5511201251,1469741442,0.00,68.84,32,100.0
8521,E2-randwrite-qd,39850,39,58406,58,58,56,2137,77,1497,5970,5511201251,1469839122,0.00,50.01,32,100.0
8522,E2-randwrite-qd,39850,39,58031,58,58,56,2141,77,1497,5889,5511201251,1469969826,0.00,66.92,0,100.0
8523,E2-randwrite-qd,39850,39,58156,58,58,56,2141,77,1497,6011,5511201251,1470095970,0.00,64.59,32,100.0
8524,E2-randwrite-qd,39850,39,58062,58,58,56,2141,77,1497,5848,5511201251,1470206034,0.00,56.35,32,100.0
8526,E2-randwrite-qd,39850,39,58250,58,58,56,2137,77,1497,6011,5511201251,1470340362,0.00,68.78,32,100.0
8527,E2-randwrite-qd,39850,39,58031,58,58,56,2139,77,1497,5929,5511201251,1470433538,0.00,47.71,2,99.6
8528,E2-randwrite-qd,39850,39,58187,58,58,56,2139,77,1497,6011,5511201251,1470556970,0.00,63.20,1,100.0
8529,E2-randwrite-qd,39850,39,58250,58,58,56,2136,77,1497,5889,5511201251,1470641178,0.00,43.11,1,99.2
8530,E2-randwrite-qd,39850,39,58312,58,58,56,2138,77,1497,5970,5511201251,1470765722,0.00,63.77,1,97.2
8531,E2-randwrite-qd,39850,39,58281,58,58,56,2138,77,1497,5929,5511201251,1470866026,0.00,51.36,32,99.2
8532,E2-randwrite-qd,39850,39,57937,57,58,56,2136,77,1497,5439,5511201251,1471000570,0.00,68.89,32,100.0
8533,E2-randwrite-qd,39850,39,58062,58,57,56,2141,77,960,5234,5511201251,1471098394,0.00,50.09,32,100.0
8534,E2-randwrite-qd,39850,39,57875,57,57,56,2141,77,1497,5275,5511201251,1471215818,0.00,60.12,8,97.6
8536,E2-randwrite-qd,39850,39,58000,58,57,56,2139,77,1344,5193,5511201251,1471313458,0.00,49.99,17,82.8
8537,E2-randwrite-qd,39850,39,57750,57,57,56,2141,77,1344,5275,5511201251,1471433282,0.00,61.35,1,95.6
8538,E2-randwrite-qd,39850,39,57718,57,57,56,2142,77,1344,5193,5511201251,1471520914,0.00,44.87,1,100.0
8539,E2-randwrite-qd,39850,39,57718,57,57,56,2142,77,883,5316,5511201251,1471623882,0.00,52.72,32,98.4
8540,E2-randwrite-qd,39850,39,57843,57,57,56,2145,77,1036,5193,5511201251,1471716738,0.00,47.54,0,92.4
8541,E2-randwrite-qd,39850,39,57843,57,57,56,2150,77,1344,5275,5511201251,1471829274,0.00,57.62,0,93.6
8542,E2-randwrite-qd,39850,39,57718,57,57,56,2149,77,1497,5275,5511201251,1471941482,0.00,57.45,32,92.4
8543,E2-randwrite-qd,39850,39,57968,57,57,56,2154,77,1344,5275,5511201251,1472020602,0.00,40.51,1,98.8
8544,E2-randwrite-qd,39850,39,57718,57,57,56,2085,74,1497,5275,5511201251,1472142730,0.00,62.53,2,96.4
8545,E2-randwrite-qd,39850,39,57718,57,57,56,2059,74,1497,5275,5511201251,1472229290,0.00,44.32,3,100.0
8547,E2-randwrite-qd,39850,39,57562,57,57,56,2056,74,1497,5275,5511201251,1472351978,0.00,62.82,7,92.4
8548,E2-randwrite-qd,39850,39,57656,57,57,56,2045,74,1267,5234,5511201251,1472437194,0.00,43.63,1,97.2
8549,E2-randwrite-qd,39850,39,57656,57,57,56,2042,74,1267,5275,5511201251,1472552634,0.00,59.11,32,91.2
8550,E2-randwrite-qd,39850,39,57625,57,57,56,2043,74,1344,5234,5511201251,1472645322,0.00,47.46,0,94.4
8551,E2-randwrite-qd,39850,39,57687,57,57,56,2040,74,883,5316,5511201251,1472752674,0.00,54.96,1,91.6
8552,E2-randwrite-qd,39850,39,57718,57,57,56,2034,74,960,5193,5511201251,1472828802,0.00,38.98,3,100.0
8553,E2-randwrite-qd,39850,39,57812,57,57,56,2037,74,1344,5275,5511201251,1472950570,0.00,62.35,1,94.0
8554,E2-randwrite-qd,39850,39,57687,57,57,56,2037,74,1344,5193,5511201251,1473046610,0.00,49.17,1,100.0
8555,E2-randwrite-qd,39850,39,57843,57,57,56,2037,74,1497,5316,5511201251,1473158466,0.00,57.27,3,100.0
8557,E2-randwrite-qd,39850,39,57843,57,57,56,2037,74,1497,5234,5511201251,1473260322,0.00,52.15,2,100.0
8558,E2-randwrite-qd,39850,39,58062,58,58,56,2043,74,1420,5357,5511201251,1473334722,0.00,38.09,128,68.0
8559,E2-randwrite-qd,39850,39,57687,57,57,56,2040,74,1497,5234,5511201251,1473481410,0.00,75.10,128,100.0
8560,E2-randwrite-qd,39850,39,57781,57,57,56,2040,74,1497,5316,5511201251,1473615954,0.00,68.89,128,100.0
8561,E2-randwrite-qd,39850,39,57718,57,57,56,2040,74,729,5234,5511201251,1473713762,0.00,50.08,128,91.6
8562,E2-randwrite-qd,39850,39,58000,58,58,56,2040,74,1497,5316,5511201251,1473860362,0.00,75.06,128,100.0
8563,E2-randwrite-qd,39850,39,57687,57,57,56,2045,74,1344,5275,5511201251,1473970330,0.00,56.30,128,100.0
8565,E2-randwrite-qd,39850,39,57875,57,57,56,2045,74,806,5316,5511201251,1474117050,0.00,75.12,128,100.0
8566,E2-randwrite-qd,39850,39,57875,57,57,56,2048,74,729,5275,5511201251,1474214698,0.00,50.00,128,100.0
8567,E2-randwrite-qd,39850,39,57562,57,57,56,2049,74,1420,5234,5511201251,1474361306,0.00,75.06,128,100.0
8568,E2-randwrite-qd,39850,39,57687,57,57,56,2055,74,1420,5357,5511201251,1474495794,0.00,68.86,128,98.4
8569,E2-randwrite-qd,39850,39,57781,57,57,56,2052,74,1497,5234,5511201251,1474605786,0.00,56.32,128,100.0
8570,E2-randwrite-qd,39850,39,57718,57,57,56,2054,74,1113,5357,5511201251,1474752474,0.00,75.10,128,100.0
8571,E2-randwrite-qd,39850,39,57843,57,57,56,2056,74,883,5275,5511201251,1474862386,0.00,56.27,128,100.0
8573,E2-randwrite-qd,39850,39,57625,57,57,56,2056,74,883,5357,5511201251,1475009082,0.00,75.11,128,100.0
8574,E2-randwrite-qd,39850,39,57687,57,57,56,2058,74,1420,5275,5511201251,1475119042,0.00,56.30,128,100.0
8575,E2-randwrite-qd,39850,39,57500,57,57,56,2056,74,1497,5234,5511201251,1475241298,0.00,62.60,128,100.0
8576,E2-randwrite-qd,39850,39,57750,57,57,56,2051,74,1267,5316,5511201251,1475375746,0.00,68.84,128,100.0
8577,E2-randwrite-qd,39850,39,57562,57,57,56,2051,74,729,5234,5511201251,1475473466,0.00,50.03,128,100.0
8578,E2-randwrite-qd,39850,39,57593,57,57,56,2045,74,1497,5316,5511201251,1475620098,0.00,75.08,128,100.0
8579,E2-randwrite-qd,39850,39,57812,57,57,56,2036,74,1344,5234,5511201251,1475730130,0.00,56.34,128,100.0
8580,E2-randwrite-qd,39850,39,57781,57,57,56,2034,74,1344,5316,5511201251,1475876858,0.00,75.12,128,100.0
8582,E2-randwrite-qd,39850,39,57625,57,57,56,2032,74,729,5275,5511201251,1475986698,0.00,56.24,128,100.0
8583,E2-randwrite-qd,39850,39,57718,57,57,56,2031,74,1420,5234,5511201251,1476121042,0.00,68.78,128,100.0
8584,E2-randwrite-qd,39850,39,57718,57,57,56,2033,74,1420,5316,5511201251,1476255570,0.00,68.88,128,100.0
8585,E2-randwrite-qd,39850,39,57500,57,57,56,2033,74,1344,5193,5511201251,1476353330,0.00,50.05,128,100.0
8586,E2-randwrite-qd,39850,39,57593,57,57,56,2033,74,1420,5316,5511201251,1476499786,0.00,74.99,128,100.0
8587,E2-randwrite-qd,39850,39,57812,57,57,56,2034,74,883,5275,5511201251,1476609794,0.00,56.32,128,99.2
8588,E2-randwrite-qd,39850,39,57593,57,57,56,2033,74,1420,5357,5511201251,1476756538,0.00,75.13,128,100.0
8590,E2-randwrite-qd,39850,39,57625,57,57,56,2037,74,1344,5316,5511201251,1476866506,0.00,56.30,128,100.0
8591,E2-randwrite-qd,39850,39,57625,57,57,56,2040,74,1420,5234,5511201251,1477000890,0.00,68.80,128,100.0
8592,E2-randwrite-qd,39850,39,57531,57,57,56,2040,74,1267,5316,5511201251,1477135234,0.00,68.78,128,100.0
8593,E2-randwrite-qd,39850,39,57562,57,57,56,2040,74,1420,5193,5511201251,1477232954,0.00,50.03,128,97.2
8594,E2-randwrite-qd,39850,39,57656,57,57,56,2045,74,960,5316,5511201251,1477379586,0.00,75.08,128,100.0
8595,E2-randwrite-qd,39850,39,57593,57,57,56,2048,74,1420,5275,5511201251,1477489586,0.00,56.32,128,100.0
8596,E2-randwrite-qd,39850,39,58125,58,58,56,2052,74,1420,5929,5511201251,1477636266,0.00,75.10,128,100.0
8597,E2-randwrite-qd,39850,39,58343,58,58,56,2049,74,1344,5970,5511201251,1477734090,0.00,50.09,128,100.0
8599,E2-randwrite-qd,39850,39,58187,58,58,56,2052,74,1497,5929,5511201251,1477880778,0.00,75.10,128,100.0
8600,E2-randwrite-qd,39850,39,58406,58,58,56,2052,74,1497,6011,5511201251,1478015226,0.00,68.84,128,100.0
8601,E2-randwrite-qd,39850,39,58687,58,58,56,2045,74,1497,6461,5511201251,1478112922,0.00,50.02,128,96.8
8602,E2-randwrite-qd,39850,39,57875,57,57,56,2037,74,1497,6052,5511201251,1478259610,0.00,75.10,128,100.0
8603,E2-randwrite-qd,39850,39,57937,57,57,56,2033,74,1497,5970,5511201251,1478369650,0.00,56.34,128,100.0
8604,E2-randwrite-qd,39850,39,57812,57,58,56,2033,74,1497,6011,5511201251,1478516346,0.00,75.11,128,100.0
8605,E2-randwrite-qd,39850,39,57906,57,58,56,2033,74,1497,6011,5511201251,1478614146,0.00,50.07,128,100.0
8607,E2-randwrite-qd,39850,39,58187,58,58,56,2030,74,1497,5929,5511201251,1478748450,0.00,68.76,128,100.0
8608,E2-randwrite-qd,39850,39,57968,57,58,56,2028,74,1497,6011,5511201251,1478882994,0.00,68.89,128,89.6
8609,E2-randwrite-qd,39850,39,57843,57,57,56,2030,74,1497,5889,5511201251,1478993058,0.00,56.35,128,100.0
8610,E2-randwrite-qd,39850,39,57968,57,57,56,2030,74,1497,6052,5511201251,1479139626,0.00,75.04,128,100.0
8611,E2-randwrite-qd,39850,39,58187,58,58,56,2031,74,1497,6011,5511201251,1479249466,0.00,56.24,128,100.0
8612,E2-randwrite-qd,39850,39,58125,58,58,56,2032,74,1497,6011,5511201251,1479383962,0.00,68.86,128,100.0
8613,E2-randwrite-qd,39850,39,58062,58,58,56,2031,74,1497,6011,5511201251,1479481746,0.00,50.07,128,100.0
8614,E2-randwrite-qd,39850,39,58062,58,58,56,2126,78,1497,6052,5511201251,1479616186,0.00,68.83,128,100.0
8615,E2-randwrite-qd,39850,39,58031,58,58,56,2169,78,1497,6011,5511201251,1479714002,0.00,50.08,128,100.0
8616,E2-randwrite-qd,39850,39,58031,58,58,56,2065,74,1497,6011,5511201251,1479836138,0.00,62.53,128,100.0
8618,E2-randwrite-qd,39850,39,58093,58,58,56,2043,74,1497,5970,5511201251,1479921722,0.00,43.82,128,100.0
8619,E2-randwrite-qd,39850,39,58125,58,58,56,2133,77,1497,6011,5511201251,1480043922,0.00,62.57,128,98.8
8620,E2-randwrite-qd,39850,39,58125,58,58,56,2146,77,1497,5970,5511201251,1480141690,0.00,50.06,128,100.0
8621,E2-randwrite-qd,39850,39,58000,58,58,56,2149,77,1497,6052,5511201251,1480263842,0.00,62.54,128,100.0
8622,E2-randwrite-qd,39850,39,58156,58,58,56,2153,77,1497,6011,5511201251,1480337082,0.00,37.50,128,100.0
8623,E2-randwrite-qd,39850,39,58156,58,58,56,2158,77,1497,6052,5511201251,1480434786,0.00,50.02,128,96.8
8624,E2-randwrite-qd,39850,39,57968,57,58,56,2160,77,1497,5929,5511201251,1480520250,0.00,43.76,128,100.0
8625,E2-randwrite-qd,39850,39,58187,58,58,56,2163,77,1497,6011,5511201251,1480618066,0.00,50.08,128,100.0
8626,E2-randwrite-qd,39850,39,58062,58,58,56,2167,77,1497,6011,5511201251,1480715722,0.00,50.00,128,100.0
8627,E2-randwrite-qd,39850,39,58031,58,58,56,2165,77,1497,6011,5511201251,1480789058,0.00,37.55,128,100.0
8629,E2-randwrite-qd,39850,39,58187,58,58,56,2162,77,1497,6052,5511201251,1480886818,0.00,50.05,128,97.6
8630,E2-randwrite-qd,39850,39,58187,58,58,56,2163,77,1497,5970,5511201251,1480960250,0.00,37.60,128,100.0
8631,E2-randwrite-qd,39850,39,58000,58,58,56,2153,77,1497,6011,5511201251,1481057970,0.00,50.03,128,100.0
8632,E2-randwrite-qd,39850,39,57968,57,58,56,2139,77,1497,5889,5511201251,1481167994,0.00,56.33,128,100.0
8633,E2-randwrite-qd,39850,39,58187,58,58,56,2136,77,1497,6011,5511201251,1481265722,0.00,50.04,128,100.0
8634,E2-randwrite-qd,39850,39,58093,58,58,56,2140,77,1497,6011,5511201251,1481375586,0.00,56.25,128,100.0
8636,E2-randwrite-qd,39850,39,58531,58,58,56,2136,77,1497,6011,5511201251,1481448914,0.00,37.54,128,100.0
8637,E2-randwrite-qd,39850,39,58093,58,58,56,2138,77,1497,6011,5511201251,1481558802,0.00,56.26,128,100.0
8638,E2-randwrite-qd,39850,39,57937,57,57,56,2136,77,1497,5929,5511201251,1481632146,0.00,37.55,128,100.0
8639,E2-randwrite-qd,39850,39,58250,58,58,56,2138,77,1497,6052,5511201251,1481729850,0.00,50.02,128,96.4
8640,E2-randwrite-qd,39850,39,58500,58,58,56,2137,77,1344,5889,5511201251,1481827674,0.00,50.09,128,100.0
8641,E2-randwrite-qd,39850,39,58687,58,58,56,2136,77,1420,6052,5511201251,1481925314,0.00,49.99,128,100.0
8642,E2-randwrite-qd,39850,39,58312,58,58,56,2139,77,1497,5970,5511201251,1482035370,0.00,56.35,128,100.0
8644,E2-randwrite-qd,39850,39,58437,58,58,56,2137,77,1497,5929,5511201251,1482120954,0.00,43.82,128,100.0
8645,E2-randwrite-qd,39850,39,58500,58,58,56,2141,77,1420,5970,5511201251,1482231018,0.00,56.35,128,100.0
8646,E2-randwrite-qd,39850,39,58750,58,58,56,2142,77,1267,6011,5511201251,1482341082,0.00,56.35,128,100.0
8647,E2-randwrite-qd,39850,39,58437,58,58,56,2145,77,1420,5929,5511201251,1482487698,0.00,75.07,128,100.0
8648,E2-randwrite-qd,39850,39,58656,58,58,56,2150,77,1497,6614,5511201251,1482609946,0.00,62.59,128,100.0
8649,E2-randwrite-qd,39850,39,58437,58,58,56,2153,77,1497,6573,5511201251,1482707706,0.00,50.05,128,97.6
8650,E2-randwrite-qd,39850,39,58281,58,58,56,2153,77,1497,6052,5511201251,1482854394,0.00,75.10,128,100.0
8651,E2-randwrite-qd,39850,39,58218,58,58,56,2157,77,1497,5929,5511201251,1482952026,0.00,49.99,128,100.0
8653,E2-randwrite-qd,39850,39,57875,57,58,56,2157,77,1497,5398,5511201251,1483098634,0.00,75.06,379,100.0
8654,E2-randwrite-qd,39850,39,57875,57,57,56,2142,77,1420,5357,5511201251,1483306554,0.00,106.46,128,100.0
8655,E2-randwrite-qd,39850,39,57781,57,58,56,2136,77,1420,5275,5511201251,1483428682,0.00,62.53,128,100.0
8656,E2-randwrite-qd,39850,39,58062,58,58,56,2139,77,883,5357,5511201251,1483563098,0.00,68.82,128,100.0
8657,E2-randwrite-qd,39850,39,57812,57,57,56,2137,77,1344,5275,5511201251,1483673154,0.00,56.35,128,100.0
8659,E2-randwrite-qd,39850,39,57687,57,57,56,2137,77,1497,5275,5511201251,1483831922,0.00,81.29,344,100.0
8660,E2-randwrite-qd,39850,39,58062,58,57,56,2136,77,1497,5316,5511201251,1484003194,0.00,87.69,128,99.2
8661,E2-randwrite-qd,39850,39,57687,57,57,56,2137,77,1344,5357,5511201251,1484149778,0.00,75.05,128,100.0
8662,E2-randwrite-qd,39850,39,57968,57,57,56,2137,77,1344,5357,5511201251,1484259650,0.00,56.25,128,100.0
8663,E2-randwrite-qd,39850,39,57843,57,57,56,2134,77,1344,5275,5511201251,1484381954,0.00,62.62,128,100.0
8664,E2-randwrite-qd,39850,39,57812,57,57,56,2134,77,806,5357,5511201251,1484516402,0.00,68.84,128,100.0
8665,E2-randwrite-qd,39850,39,57718,57,57,56,2134,77,806,5275,5511201251,1484626466,0.00,56.35,128,100.0
8666,E2-randwrite-qd,39850,39,57937,57,57,56,2134,77,1497,5357,5511201251,1484773146,0.00,75.10,128,100.0
8667,E2-randwrite-qd,39850,39,57968,57,57,56,2139,77,806,5275,5511201251,1484870954,0.00,50.08,128,100.0
8669,E2-randwrite-qd,39850,39,57781,57,57,56,2137,77,1420,5357,5511201251,1485017626,0.00,75.10,128,100.0
8670,E2-randwrite-qd,39850,39,57781,57,57,56,2137,77,1344,5357,5511201251,1485127690,0.00,56.35,128,100.0
8671,E2-randwrite-qd,39850,39,57593,57,57,56,2136,77,1036,5275,5511201251,1485262130,0.00,68.83,128,100.0
8672,E2-randwrite-qd,39850,39,57687,57,57,56,2139,77,1344,5357,5511201251,1485396458,0.00,68.78,128,100.0
8673,E2-randwrite-qd,39850,39,57593,57,57,56,2136,77,729,5234,5511201251,1485506418,0.00,56.30,128,100.0
8674,E2-randwrite-qd,39850,39,57656,57,57,56,2137,77,1344,5357,5511201251,1485653106,0.00,75.10,128,100.0
8675,E2-randwrite-qd,39850,39,57781,57,57,56,2141,77,729,5275,5511201251,1485750890,0.00,50.07,128,100.0
8676,E2-randwrite-qd,39850,39,57750,57,57,56,2139,77,1036,5357,5511201251,1485885186,0.00,68.76,128,100.0
8678,E2-randwrite-qd,39850,39,57656,57,57,56,2141,77,1344,5275,5511201251,1485982890,0.00,50.02,128,100.0
8679,E2-randwrite-qd,39850,39,57468,57,57,56,2139,77,1344,5316,5511201251,1486117434,0.00,68.89,128,100.0
8680,E2-randwrite-qd,39850,39,57531,57,57,56,2142,77,1344,5316,5511201251,1486215258,0.00,50.09,128,100.0
8681,E2-randwrite-qd,39850,39,57781,57,57,56,2146,77,1344,5316,5511201251,1486337562,0.00,62.62,128,100.0
8682,E2-randwrite-qd,39850,39,57531,57,57,56,2144,77,806,5316,5511201251,1486435138,0.00,49.96,128,100.0
8683,E2-randwrite-qd,39850,39,57718,57,57,56,2147,77,1497,5316,5511201251,1486557298,0.00,62.55,128,100.0
8684,E2-randwrite-qd,39850,39,57593,57,57,56,2150,77,729,5316,5511201251,1486630738,0.00,37.60,128,100.0
8686,E2-randwrite-qd,39850,39,57562,57,57,56,2152,77,1497,5357,5511201251,1486740794,0.00,56.35,128,100.0
8687,E2-randwrite-qd,39850,39,57625,57,57,56,2155,77,1267,5275,5511201251,1486813994,0.00,37.48,128,100.0
8688,E2-randwrite-qd,39850,39,57468,57,57,56,2131,74,1420,5357,5511201251,1486924058,0.00,56.35,128,100.0
8689,E2-randwrite-qd,39850,39,57562,57,57,56,2044,74,729,5193,5511201251,1487021826,0.00,50.06,128,100.0
8690,E2-randwrite-qd,39850,39,57500,57,57,56,2033,74,1344,5316,5511201251,1487131890,0.00,56.35,128,100.0
8692,E2-randwrite-qd,39850,39,57531,57,57,55,2033,74,1344,5234,5511201251,1487241682,0.00,56.21,128,100.0
8693,E2-randwrite-qd,39850,39,57562,57,57,56,2034,74,1420,5275,5511201251,1487339458,0.00,50.06,128,100.0
8694,E2-randwrite-qd,39850,39,57468,57,57,56,2033,74,806,5316,5511201251,1487437210,0.00,50.05,128,100.0
8695,E2-randwrite-qd,39850,39,57281,57,57,55,2034,74,960,5275,5511201251,1487510650,0.00,37.60,128,100.0
8696,E2-randwrite-qd,39850,39,57406,57,57,56,2031,74,729,5316,5511201251,1487608378,0.00,50.04,128,100.0
8697,E2-randwrite-qd,39850,39,57437,57,57,56,2031,74,806,5275,5511201251,1487693730,0.00,43.70,128,100.0
8698,E2-randwrite-qd,39850,39,57375,57,57,56,2033,74,1267,5316,5511201251,1487791554,0.00,50.09,128,100.0
8700,E2-randwrite-qd,39850,39,57875,57,57,56,2030,74,1497,5766,5511201251,1487889298,0.00,50.04,128,100.0
8701,E2-randwrite-qd,39850,39,57718,57,57,56,2031,74,1497,6134,5511201251,1487962642,0.00,37.55,128,98.8
8702,E2-randwrite-qd,39850,39,57718,57,57,56,2034,74,1497,5316,5511201251,1488109146,0.00,75.01,588,100.0
8704,E2-randwrite-qd,39850,39,57906,57,58,56,2039,74,1497,6093,5511201251,1488341418,0.00,118.92,117,100.0
8705,E2-randwrite-qd,39850,39,58312,58,58,56,2039,74,1420,6175,5511201251,1488451362,0.00,56.29,128,100.0
8706,E2-randwrite-qd,39850,39,58250,58,58,56,2039,74,1344,6216,5511201251,1488536946,0.00,43.82,128,100.0
8707,E2-randwrite-qd,39850,39,57812,57,58,56,2039,74,729,5889,5511201251,1488817978,0.00,143.89,128,94.8
8708,E2-randwrite-qd,39850,39,57812,57,57,56,2040,74,1497,6052,5511201251,1488940282,0.00,62.62,128,100.0
8709,E2-randwrite-qd,39850,39,57843,57,57,56,2045,74,1497,6216,5511201251,1489087042,0.00,75.14,128,100.0
8710,E2-randwrite-qd,39850,39,57750,57,57,56,2049,74,729,5766,5511201251,1489196834,0.00,56.21,402,100.0
8712,E2-randwrite-qd,39850,39,58125,58,58,56,2051,74,1497,6011,5511201251,1489502466,0.00,156.48,128,100.0
8713,E2-randwrite-qd,39850,39,58218,58,58,56,2052,74,1497,6175,5511201251,1489636906,0.00,68.83,128,98.8
8714,E2-randwrite-qd,39850,39,58000,58,57,56,2055,74,1497,6175,5511201251,1489746938,0.00,56.34,128,100.0
8715,E2-randwrite-qd,39850,39,57906,57,57,56,2058,74,1497,5684,5511201251,1490015810,0.00,137.66,126,95.2
8716,E2-randwrite-qd,39850,39,58468,58,58,56,2056,74,1497,6461,5511201251,1490150354,0.00,68.89,128,100.0
8717,E2-randwrite-qd,39850,39,58312,58,58,56,2052,74,1497,6737,5511201251,1490309098,0.00,81.28,128,100.0
8718,E2-randwrite-qd,39850,39,58187,58,58,56,2115,77,1497,6696,5511201251,1490418938,0.00,56.24,565,100.0
8720,E2-randwrite-qd,39850,39,58437,58,58,56,2137,77,1497,6573,5511201251,1490737042,0.00,162.87,128,100.0
8721,E2-randwrite-qd,39850,39,58625,58,58,56,2141,77,1497,6778,5511201251,1490871370,0.00,68.78,128,100.0
8722,E2-randwrite-qd,39850,39,58375,58,58,56,2139,77,1497,6492,5511201251,1490981362,0.00,56.32,128,100.0
8723,E2-randwrite-qd,39850,39,58375,58,58,56,2140,77,1497,6257,5511201251,1491152498,0.00,87.62,532,92.4
8724,E2-randwrite-qd,39850,39,58406,58,58,56,2139,77,1497,6573,5511201251,1491384874,0.00,118.98,128,100.0
8725,E2-randwrite-qd,39850,39,58531,58,58,56,2136,77,1497,6818,5511201251,1491543722,0.00,81.33,128,100.0
8726,E2-randwrite-qd,39850,39,58656,58,58,56,2139,77,1497,6859,5511201251,1491641546,0.00,50.09,128,92.4
8728,E2-randwrite-qd,39850,39,58437,58,58,56,2139,77,1497,6573,5511201251,1491971730,0.00,169.05,128,100.0
8729,E2-randwrite-qd,39850,39,58531,58,58,56,2139,77,1497,6737,5511201251,1492081794,0.00,56.35,128,100.0
8730,E2-randwrite-qd,39850,39,58593,58,59,56,2141,77,1497,6737,5511201251,1492203978,0.00,62.56,128,100.0
8731,E2-randwrite-qd,39850,39,58312,58,58,56,2137,77,1497,6134,5511201251,1492326146,0.00,62.55,656,99.2
8733,E2-randwrite-qd,39850,39,58343,58,58,56,2137,77,1497,6533,5511201251,1492595050,0.00,137.68,29,100.0
8734,E2-randwrite-qd,39850,39,58781,58,58,56,2139,77,1497,6737,5511201251,1492729450,0.00,68.81,128,100.0
8735,E2-randwrite-qd,39850,39,58406,58,58,56,2138,77,1497,6410,5511201251,1492839402,0.00,56.30,501,100.0
8736,E2-randwrite-qd,39850,39,58468,58,58,56,2144,77,1497,6420,5511201251,1493022730,0.00,93.86,160,100.0
8737,E2-randwrite-qd,39850,39,59000,59,59,56,2146,77,1497,6614,5511201251,1493157274,0.00,68.89,128,100.0
8738,F-latency,39850,39,58812,58,58,57,2147,77,1497,6696,5511222827,1493182778,11.05,13.06,1,64.4
8740,F-latency,39850,39,58593,58,58,56,2142,77,1497,6175,5511266955,1493230386,22.59,24.38,365,100.0
8741,F-latency,39850,39,58687,58,58,56,2147,77,1497,6461,5511267851,1493403394,0.46,88.58,1,100.0
8742,F-latency,39850,39,58812,58,58,57,2147,77,1497,6614,5511334915,1493404554,34.34,0.59,1,96.0
8743,F-latency,39850,39,58875,58,58,56,2152,77,1497,6655,5511403619,1493404554,35.18,0.00,1,99.6
8744,F-latency,39850,39,58843,58,58,56,2155,77,1497,6533,5511442099,1493572106,19.70,85.79,209,100.0
8745,F-latency,39850,39,59125,59,59,56,2153,77,1497,6614,5511496795,1493625170,28.00,27.17,1,100.0
8746,F-latency,39850,39,58781,58,58,57,2147,77,1497,6655,5511566307,1493625170,35.59,0.00,1,99.6
8747,F-latency,39850,39,58531,58,58,57,2144,77,1497,6451,5511580763,1493846314,7.40,113.23,1,98.4
8748,F-latency,39850,39,58875,58,58,56,2139,77,1497,6614,5511649275,1493846850,35.08,0.27,1,100.0
8750,F-latency,39850,39,58687,58,58,56,2141,77,1497,6533,5511709019,1493913666,30.59,34.21,494,100.0
8751,F-latency,39850,39,58906,58,58,57,2139,77,1497,6655,5511738387,1494067466,15.04,78.75,1,100.0
8752,F-latency,39850,39,58937,58,58,56,2141,77,1497,6655,5511807723,1494067466,35.50,0.00,1,97.2
8753,F-latency,39850,39,58593,58,58,56,2139,77,1497,6573,5511828323,1494288586,10.55,113.21,1,100.0
8754,F-latency,39850,39,58531,58,58,56,2136,77,1497,6216,5511898323,1494288586,35.84,0.00,1,97.6
8755,F-latency,39850,39,58437,58,58,56,2137,77,1497,5889,5511968627,1494288586,36.00,0.00,1,97.6
8756,F-latency,39850,39,58468,58,58,56,2137,77,1497,5848,5512038939,1494288586,36.00,0.00,1,96.8
8757,F-latency,39850,39,58625,58,58,57,2137,77,1497,5889,5512109547,1494289610,36.15,0.52,2,97.6
8758,F-latency,39850,39,58500,58,58,57,2137,77,1497,5848,5512179987,1494289746,36.07,0.07,1,97.2
8759,F-latency,39850,39,58343,58,58,56,2139,77,1497,5889,5512250859,1494289754,36.29,0.00,1,95.6
8760,F-latency,39850,39,58656,58,58,57,2139,77,1497,5889,5512321579,1494289754,36.21,0.00,1,99.6
8761,F-latency,39850,39,58500,58,58,56,2136,77,1497,5889,5512392251,1494289754,36.18,0.00,1,99.2
8762,F-latency,39850,39,58718,58,58,57,2140,77,1497,5889,5512462467,1494289850,35.95,0.05,1,98.4
8763,F-latency,39850,39,58468,58,58,56,2142,77,1497,5889,5512532915,1494289874,36.07,0.01,1,100.0
8765,F-latency,39850,39,58500,58,58,56,2145,77,1497,5889,5512603387,1494289874,36.08,0.00,1,98.0
8766,F-latency,39850,39,58500,58,58,57,2150,77,1497,5889,5512673235,1494289874,35.76,0.00,0,97.6
8767,F-latency,39850,39,58562,58,58,56,2152,77,1497,5889,5512743387,1494289890,35.92,0.01,0,97.2
8768,F-latency,39850,39,58812,58,58,57,2153,77,1497,5889,5512813883,1494290050,36.09,0.08,1,98.0
8769,F-latency,39850,39,58625,58,58,56,2157,77,1497,5889,5512884419,1494290066,36.11,0.01,0,96.0
8770,F-latency,39850,39,58468,58,58,57,2158,77,1497,5848,5512954515,1494290066,35.89,0.00,1,100.0
8771,F-latency,39850,39,58593,58,58,56,2159,77,1497,5889,5513024619,1494290066,35.89,0.00,1,96.8
8772,F-latency,39850,39,58312,58,58,56,2155,77,1267,5520,5513090147,1494290066,33.55,0.00,1,100.0
8773,F-latency,39850,39,58187,58,58,57,2150,77,1344,5398,5513157195,1494290162,34.33,0.05,1,98.0
8774,F-latency,39850,39,58281,58,58,56,2150,77,1420,5357,5513223227,1494290178,33.81,0.01,1,100.0
8775,F-latency,39850,39,58218,58,58,56,2155,77,1497,5357,5513289051,1494290178,33.70,0.00,1,99.6
8776,F-latency,39850,39,58250,58,58,56,2152,77,1344,5357,5513355771,1494290178,34.16,0.00,1,99.6
8777,F-latency,39850,39,58250,58,58,56,2140,77,1344,5398,5513422363,1494290178,34.10,0.00,1,100.0
8778,F-latency,39850,39,58187,58,58,56,2140,77,1344,5357,5513487115,1494290274,33.15,0.05,2,95.6
8779,F-latency,39850,39,58343,58,58,56,2140,77,1497,5398,5513553851,1494290290,34.17,0.01,1,100.0
8780,F-latency,39850,39,58187,58,58,56,2141,77,1497,5398,5513620371,1494290290,34.06,0.00,1,100.0
8782,F-latency,39850,39,58093,58,58,56,2136,77,1267,5398,5513686947,1494290290,34.09,0.00,0,100.0
8783,F-latency,39850,39,58187,58,58,56,2136,77,1497,5398,5513753235,1494290290,33.94,0.00,1,100.0
8784,F-latency,39850,39,58062,58,58,56,2137,77,1267,5357,5513819787,1494290402,34.07,0.06,1,99.2
8785,F-latency,39850,39,58125,58,58,56,2136,77,1420,5398,5513883395,1494291562,32.57,0.59,1,98.8
8786,F-latency,39850,39,58250,58,58,56,2136,77,1420,5357,5513950075,1494291562,34.14,0.00,1,100.0
8787,F-latency,39850,39,58250,58,58,56,2137,77,1267,5316,5514016051,1494291562,33.78,0.00,1,100.0
8788,F-latency,39850,39,58125,58,58,56,2137,77,1420,5398,5514082523,1494291562,34.03,0.00,0,100.0
8789,F-latency,39850,39,57968,57,57,56,2139,77,1267,5398,5514148611,1494291658,33.84,0.05,2,100.0
8790,F-latency,39850,39,58000,58,58,56,2139,77,1344,5357,5514214139,1494291674,33.55,0.01,1,100.0
8791,F-latency,39850,39,58250,58,58,56,2139,77,1420,5398,5514279339,1494291674,33.38,0.00,1,98.0
8792,F-latency,39850,39,58187,58,58,56,2141,77,1344,5398,5514340811,1494291674,31.47,0.00,1,100.0
8793,F-latency,39850,39,58062,58,58,56,2141,77,1344,5398,5514405307,1494291674,33.02,0.00,1,92.8
8794,F-latency,39850,39,58343,58,58,56,2142,77,1267,5439,5514471715,1494291786,34.00,0.06,2,98.0
8795,F-latency,39850,39,58031,58,58,56,2141,77,1036,5398,5514530651,1494291802,30.18,0.01,1,98.8
8796,F-latency,39850,39,57937,57,58,56,2142,77,1420,5398,5514593739,1494291802,32.30,0.00,1,98.4
8798,F-latency,39850,39,58031,58,58,56,2146,77,1344,5398,5514656003,1494291818,31.88,0.01,0,96.8
8799,F-latency,39850,39,58093,58,58,56,2147,77,1344,5357,5514716315,1494291818,30.88,0.00,1,95.6
8800,F-latency,39850,39,57937,57,57,56,2149,77,1267,5357,5514776795,1494291930,30.97,0.06,1,96.0
8801,F-latency,39850,39,58156,58,58,56,2152,77,1344,5398,5514843123,1494291946,33.96,0.01,1,95.6
8802,F-latency,39850,39,58218,58,57,56,2132,74,960,5357,5514906035,1494291946,32.21,0.00,1,97.2
8803,F-latency,39850,39,57968,57,58,56,2067,74,1497,5643,5514970419,1494292474,32.96,0.27,1,95.2
8804,F-latency,39850,39,57875,57,57,56,2056,74,1497,5398,5515037315,1494292474,34.25,0.00,1,98.0
8805,F-latency,39850,39,58000,58,58,56,2056,74,1497,5357,5515104035,1494292474,34.16,0.00,0,98.8
8806,F-latency,39850,39,57937,57,57,56,2056,74,1267,5357,5515170419,1494292490,33.99,0.01,1,97.6
8807,F-latency,39850,39,57875,57,58,56,2062,74,1420,5398,5515236723,1494292506,33.95,0.01,1,100.0
8808,F-latency,39850,39,58062,58,57,56,2058,74,1344,5357,5515300843,1494292818,32.83,0.16,1,100.0
8809,F-latency,39850,39,57875,57,58,56,2058,74,1267,5357,5515358851,1494292818,29.70,0.00,1,98.8
8810,F-latency,39850,39,58187,58,57,56,2061,74,1267,5398,5515410091,1494292818,26.23,0.00,1,98.4
8811,F-latency,39850,39,57968,57,57,56,2055,74,1344,5357,5515468331,1494292826,29.82,0.00,1,97.6
8812,F-latency,39850,39,57875,57,58,56,2041,74,1344,5357,5515527123,1494292826,30.10,0.00,1,97.6
8814,F-latency,39850,39,58031,58,57,56,2036,74,1344,5398,5515584779,1494292930,29.52,0.05,1,96.0
8815,F-latency,39850,39,58031,58,57,56,2152,78,1113,5357,5515642043,1494292930,29.32,0.00,1,94.4
8816,F-latency,39850,39,57937,57,57,56,2163,74,1267,5357,5515699547,1494292930,29.44,0.00,1,98.0
8817,F-latency,39850,39,58125,58,57,56,2056,74,1036,5357,5515757171,1494292938,29.50,0.00,1,98.8
8818,F-latency,39850,39,57875,57,58,56,2040,74,1344,5357,5515815499,1494292938,29.86,0.00,1,92.0
8819,F-latency,39850,39,57718,57,57,56,2037,74,1267,5357,5515874859,1494293050,30.39,0.06,1,98.4
8820,F-latency,39850,39,57718,57,57,56,2035,74,1420,5357,5515940587,1494293514,33.65,0.24,1,94.4
8821,F-latency,39850,39,57906,57,57,56,2037,74,1267,5357,5516006843,1494293514,33.92,0.00,1,97.6
8822,F-latency,39850,39,57843,57,57,56,2037,74,1344,5398,5516073811,1494293522,34.29,0.00,0,100.0
8823,F-latency,39850,39,57718,57,57,56,2037,74,1497,5357,5516140315,1494293522,34.05,0.00,1,100.0
8824,F-latency,39850,39,58031,58,57,56,2037,74,1497,5398,5516207099,1494293634,34.19,0.06,2,100.0
8825,F-latency,39850,39,57750,57,57,56,2037,74,1497,5357,5516272147,1494293642,33.30,0.00,1,94.4
8826,F-latency,39850,39,57718,57,57,56,2041,74,1497,5357,5516338315,1494293642,33.88,0.00,1,100.0
8827,F-latency,39850,39,57718,57,57,56,2043,74,1267,5398,5516404323,1494293650,33.80,0.00,1,100.0
8828,F-latency,39850,39,57750,57,57,56,2049,74,1344,5234,5516469219,1494293650,33.23,0.00,1,95.6
8830,F-latency,39850,39,57750,57,57,56,2050,74,1497,5234,5516533923,1494293746,33.13,0.05,2,95.6
8831,F-latency,39850,39,57875,57,57,56,2050,74,1497,5357,5516599619,1494293754,33.64,0.00,1,99.2
8832,F-latency,39850,39,57718,57,57,56,2052,74,1267,5316,5516664315,1494293762,33.12,0.00,1,99.2
8833,F-latency,39850,39,57968,57,57,56,2055,74,1344,5357,5516730051,1494293770,33.66,0.00,1,98.4
8834,F-latency,39850,39,57812,57,58,56,2055,74,1497,5357,5516795083,1494293770,33.30,0.00,1,93.6
8835,F-latency,39850,39,57687,57,57,56,2057,74,1267,5357,5516861427,1494293866,33.97,0.05,1,100.0
8836,F-latency,39850,39,58000,58,58,56,2057,74,1497,5684,5516929355,1494293874,34.78,0.00,1,100.0
8837,F-latency,39850,39,57937,57,57,56,2056,74,1497,5848,5516999875,1494293882,36.11,0.00,1,98.0
8838,F-latency,39850,39,58187,58,58,56,2046,74,1497,5848,5517070011,1494293890,35.91,0.00,1,96.8
8839,F-latency,39850,39,58000,58,58,56,2041,74,1497,5848,5517140347,1494293890,36.01,0.00,1,96.8
8840,F-latency,39850,39,58000,58,58,56,2129,78,1497,5848,5517210659,1494293986,36.00,0.05,1,95.2
8841,F-latency,39850,39,58406,58,58,56,2180,78,1420,5889,5517280435,1494293994,35.73,0.00,1,98.8
8842,F-latency,39850,39,58406,58,58,56,2187,78,1344,5970,5517346955,1494293994,34.06,0.00,1,99.6
8843,F-latency,39850,39,58562,58,58,56,2192,78,1497,6011,5517412083,1494294002,33.35,0.00,1,97.2
8844,F-latency,39850,39,58500,58,58,56,2193,78,1497,6011,5517478027,1494294002,33.76,0.00,1,96.8
8845,F-latency,39850,39,58406,58,58,56,2190,78,1497,6011,5517544371,1494294114,33.97,0.06,1,100.0
8847,F-latency,39850,39,58500,58,58,56,2180,78,1344,5970,5517610443,1494294114,33.83,0.00,1,96.8
8848,F-latency,39850,39,58687,58,58,56,2175,78,1497,6011,5517676579,1494294114,33.86,0.00,1,99.6
8849,F-latency,39850,39,58562,58,58,56,2177,78,1497,6011,5517742379,1494294122,33.69,0.00,1,100.0
8850,F-latency,39850,39,58437,58,58,56,2175,78,1420,6011,5517808547,1494294122,33.88,0.00,1,98.0
8851,F-latency,39850,39,58562,58,58,56,2175,78,1497,5970,5517873923,1494294218,33.47,0.05,0,98.0
8852,F-latency,39850,39,58593,58,58,56,2178,78,1420,5970,5517940035,1494294218,33.85,0.00,1,99.2
8853,F-latency,39850,39,58531,58,58,56,2175,78,1497,5970,5518006507,1494294218,34.03,0.00,1,100.0
8854,F-latency,39850,39,58468,58,58,56,2175,78,1420,5929,5518073075,1494294234,34.08,0.01,0,97.2
8855,F-latency,39850,39,58343,58,58,56,2175,78,1420,5929,5518139251,1494294234,33.88,0.00,1,100.0
8856,F-latency,39850,39,58500,58,58,56,2177,78,1344,5929,5518205339,1494294386,33.84,0.08,1,100.0
8857,F-latency,39850,39,58468,58,58,56,2175,78,1420,5929,5518271411,1494294386,33.83,0.00,1,100.0
8858,F-latency,39850,39,58625,58,58,56,2175,78,1267,5929,5518337971,1494294386,34.08,0.00,0,99.2
8859,F-latency,39850,39,58562,58,58,56,2177,78,1497,5889,5518403235,1494294394,33.42,0.00,1,98.4
8860,F-latency,39850,39,58375,58,58,56,2175,78,1344,5929,5518468979,1494294394,33.66,0.00,1,99.2
8861,F-latency,39850,39,58375,58,58,56,2175,78,1420,5929,5518535435,1494294490,34.03,0.05,1,100.0
8862,F-latency,39850,39,58687,58,58,56,2178,78,1420,5929,5518600075,1494294498,33.10,0.00,0,97.2
8863,F-latency,39850,39,58343,58,58,56,2178,78,1497,5970,5518666387,1494294498,33.95,0.00,1,99.2
8864,F-latency,39850,39,58531,58,58,56,2180,78,1497,5929,5518732531,1494294506,33.87,0.00,1,100.0
8866,F-latency,39850,39,58375,58,58,56,2183,78,1344,5929,5518798275,1494294506,33.66,0.00,1,99.6
8867,F-latency,39850,39,58312,58,58,56,2189,78,1497,5929,5518864011,1494294610,33.66,0.05,1,100.0
8868,F-latency,39850,39,58625,58,58,56,2192,78,1344,5929,5518930507,1494294626,34.05,0.01,0,100.0
8869,F-latency,39850,39,58312,58,58,56,2190,78,1420,5889,5518996715,1494294626,33.90,0.00,1,98.8
8870,F-latency,39850,39,58375,58,58,56,2195,78,1344,5889,5519062915,1494294634,33.89,0.00,1,97.2
8871,F-latency,39850,39,58468,58,58,56,2195,78,1420,5929,5519129379,1494294634,34.03,0.00,1,100.0
8872,F-latency,39850,39,58531,58,58,56,2192,78,1497,5929,5519195811,1494294754,34.01,0.06,1,100.0
8873,F-latency,39850,39,58687,58,58,56,2175,78,1420,5929,5519261307,1494294754,33.53,0.00,1,97.6
8874,F-latency,39850,39,58468,58,58,56,2172,78,1420,5929,5519327403,1494294754,33.84,0.00,0,100.0
8875,F-latency,39850,39,58437,58,58,56,2178,78,1420,5929,5519393403,1494294762,33.79,0.00,1,100.0
8876,F-latency,39850,39,58562,58,58,56,2177,78,1497,5929,5519459915,1494294762,34.05,0.00,1,99.6
8877,F-latency,39850,39,58656,58,58,56,2176,78,1497,5929,5519526291,1494294866,33.98,0.05,1,98.4
8878,F-latency,39850,39,58562,58,58,56,2175,78,1344,5929,5519592699,1494294874,34.00,0.00,1,92.4
8879,F-latency,39850,39,58281,58,58,56,2173,78,1344,5929,5519658459,1494294874,33.67,0.00,1,96.4
8880,F-latency,39850,39,58562,58,58,56,2173,78,1497,5929,5519724395,1494294882,33.76,0.00,1,96.0
8881,F-latency,39850,39,58375,58,58,56,2177,78,1497,5929,5519790531,1494294882,33.86,0.00,1,97.2
8882,F-latency,39850,39,58687,58,58,56,2175,78,1344,5929,5519856515,1494294970,33.78,0.05,1,100.0
8884,F-latency,39850,39,58437,58,58,56,2175,78,1420,5929,5519922803,1494294978,33.94,0.00,0,100.0
8885,F-latency,39850,39,58468,58,58,56,2173,78,1344,5889,5519988867,1494294978,33.82,0.00,1,100.0
8886,F-latency,39850,39,58406,58,58,56,2175,78,1344,5929,5520055275,1494294986,34.00,0.00,1,99.6
8887,F-latency,39850,39,58437,58,58,56,2174,78,1420,5889,5520119483,1494294986,32.87,0.00,1,96.8
8888,F-latency,39850,39,58718,58,58,56,2172,78,1420,5929,5520184963,1494295138,33.53,0.08,2,94.8
8889,F-latency,39850,39,58156,58,58,56,2174,78,1497,6093,5520196963,1494356034,6.14,31.18,0,66.8
8890,F-latency,39850,39,58187,58,58,56,2174,78,1497,5929,5520196963,1494410194,0.00,27.73,0,92.4
8891,F-latency,39850,39,58031,58,58,56,2174,78,1497,5848,5520196963,1494494618,0.00,43.23,1,100.0
8892,F-latency,39850,39,58218,58,57,56,2177,78,1420,5480,5520196963,1494563602,0.00,35.32,0,95.2
8893,F-latency,39850,39,57750,57,57,56,2178,78,1420,5357,5520196963,1494629186,0.00,33.58,0,83.6
8895,F-latency,39850,39,57656,57,57,56,2056,74,1420,5234,5520196963,1494702250,0.00,37.41,1,100.0
8896,F-latency,39850,39,57562,57,57,56,2043,74,1420,5316,5520196963,1494775826,0.00,37.67,1,92.4
8897,F-latency,39850,39,57937,57,57,56,2044,74,883,5398,5520196963,1494855682,0.00,40.89,0,96.8
8898,F-latency,39850,39,57562,57,57,56,2046,74,1420,5275,5520196963,1494921866,0.00,33.89,1,98.4
8899,F-latency,39850,39,57718,57,57,56,2050,74,1267,5357,5520196963,1494994354,0.00,37.11,1,90.4
8900,F-latency,39850,39,57718,57,57,56,2049,74,1420,5398,5520196963,1495080930,0.00,44.33,0,96.0
8901,F-latency,39850,39,57625,57,57,56,2046,74,1344,5275,5520196963,1495154042,0.00,37.43,0,100.0
8902,F-latency,39850,39,57687,57,57,56,2040,74,1267,5398,5520196963,1495242434,0.00,45.26,1,96.0
8904,F-latency,39850,39,58156,58,58,56,2034,74,729,5643,5520196963,1495333890,0.00,46.83,0,84.4
8905,F-latency,39850,39,57781,57,57,56,2030,74,1344,5316,5520196963,1495391234,0.00,29.36,1,98.8
8906,F-latency,39850,39,57875,57,57,56,2024,74,1344,5357,5520196963,1495471346,0.00,41.02,1,90.8
8907,F-latency,39850,39,57843,57,57,56,2024,74,883,5398,5520196963,1495556138,0.00,43.41,1,91.6
8908,F-latency,39850,39,57968,57,57,56,2027,74,1420,5316,5520196963,1495618090,0.00,31.72,0,91.2
8909,F-latency,39850,39,57656,57,57,56,2027,74,1344,5357,5520196963,1495704490,0.00,44.24,0,92.0
8910,F-latency,39850,39,57750,57,57,56,2028,74,1267,5357,5520196963,1495791146,0.00,44.37,0,92.8
8911,F-latency,39850,39,57593,57,57,56,2031,74,1497,5316,5520196963,1495849466,0.00,29.86,1,96.4
8912,F-latency,39850,39,57687,57,57,56,2030,74,883,5398,5520196963,1495941962,0.00,47.36,0,98.0
8913,F-latency,39850,39,57625,57,57,56,2033,74,1267,5275,5520196963,1496021002,0.00,40.47,1,100.0
8914,F-latency,39850,39,57687,57,57,56,2036,74,1497,5398,5520196963,1496096346,0.00,38.58,1,84.8
8916,F-latency,39850,39,57562,57,57,56,2034,74,1344,5357,5520196963,1496180074,0.00,42.87,0,94.4
8917,F-latency,39850,39,57656,57,57,56,2039,74,1497,5234,5520196963,1496240922,0.00,31.15,1,98.4
8918,F-latency,39850,39,57531,57,57,56,2044,74,729,5357,5520196963,1496313122,0.00,36.97,1,87.6
8919,F-latency,39850,39,57500,57,57,56,2041,74,1267,5357,5520196963,1496397730,0.00,43.32,1,86.0
8920,F-latency,39850,39,57562,57,57,56,2044,74,1420,5275,5520196963,1496463594,0.00,33.72,1,88.4
8921,F-latency,39850,39,57625,57,57,56,2043,74,1497,5357,5520196963,1496540586,0.00,39.42,1,88.4
8922,F-latency,39850,39,57781,57,57,56,2040,74,806,5398,5520196963,1496627570,0.00,44.54,1,91.2
8923,F-latency,39850,39,57562,57,57,56,2038,74,1344,5275,5520196963,1496692162,0.00,33.07,0,100.0
8924,F-latency,39850,39,57812,57,57,56,2037,74,1420,5398,5520196963,1496777362,0.00,43.62,0,98.8
8925,F-latency,39850,39,57687,57,57,56,2036,74,1344,5357,5520196963,1496850938,0.00,37.67,1,91.6
8927,F-latency,39850,39,57468,57,57,56,2040,74,1420,5316,5520196963,1496923458,0.00,37.13,0,100.0
8928,F-latency,39850,39,57500,57,57,56,2043,74,1420,5398,5520196963,1497008434,0.00,43.51,1,99.6
8929,F-latency,39850,39,57718,57,57,56,2046,74,1420,5398,5520196963,1497094810,0.00,44.22,0,93.6
8930,F-latency,39850,39,57500,57,57,56,2044,74,1267,5316,5520196963,1497155378,0.00,31.01,1,100.0
8931,F-latency,39850,39,57593,57,57,56,2046,74,1190,5398,5520196963,1497244898,0.00,45.83,0,94.8
8932,F-latency,39850,39,57718,57,57,56,2046,74,1420,5275,5520196963,1497326274,0.00,41.66,0,100.0
8933,F-latency,39850,39,57531,57,57,56,2049,74,1420,5357,5520196963,1497411770,0.00,43.77,0,94.0
8934,F-latency,39850,39,57656,57,57,56,2044,74,1344,5398,5520196963,1497497602,0.00,43.95,0,92.4
8935,F-latency,39850,39,57718,57,57,56,2044,74,1344,5275,5520196963,1497567826,0.00,35.95,1,88.8
8937,F-latency,39850,39,57437,57,57,56,2046,74,1420,5357,5520196963,1497620098,0.00,26.76,1,98.8
8938,F-latency,39850,39,57468,57,57,56,2049,74,1420,5398,5520196963,1497704194,0.00,43.06,1,90.8
8939,F-latency,39850,39,57593,57,57,56,2047,74,1344,5275,5520196963,1497770618,0.00,34.01,1,89.2
8940,F-latency,39850,39,57593,57,57,56,2053,74,1420,5398,5520196963,1497851330,0.00,41.32,1,98.8
8941,F-latency,39850,39,57593,57,57,56,2049,74,883,5398,5520196963,1497943778,0.00,47.33,0,93.6
8942,F-latency,39850,39,57718,57,57,56,2038,74,729,5275,5520196963,1497998586,0.00,28.06,0,94.0
8943,F-latency,39850,39,57375,57,57,56,2035,74,1420,5357,5520196963,1498071578,0.00,37.37,0,85.2
8944,F-latency,39850,39,57781,57,57,55,2034,74,1420,5398,5520196963,1498159538,0.00,45.04,0,96.0
8945,F-latency,39850,39,57625,57,57,56,2034,74,729,5275,5520196963,1498224930,0.00,33.48,1,91.2
8946,F-latency,39850,39,57531,57,57,56,2033,74,1420,5398,5520196963,1498306234,0.00,41.63,1,98.0
8947,F-latency,39850,39,57375,57,57,56,2030,74,1267,5357,5520196963,1498388554,0.00,42.15,1,91.6
8948,F-latency,39850,39,57281,57,57,56,2030,74,1344,5234,5520196963,1498449986,0.00,31.45,0,97.2
8950,F-latency,39850,39,57593,57,57,55,2028,74,1267,5357,5520196963,1498535106,0.00,43.58,1,88.4
8951,F-latency,39850,39,57625,57,57,56,2028,74,729,5398,5520196963,1498620626,0.00,43.79,1,98.8
8952,F-latency,39850,39,57343,57,57,56,2028,74,1420,5357,5520196963,1498680738,0.00,30.78,0,94.4
8953,F-latency,39850,39,57375,57,57,56,2033,74,1036,5316,5520196963,1498771170,0.00,46.30,1,90.4
8954,F-latency,39850,39,57718,57,57,56,2033,74,729,5357,5520196963,1498860226,0.00,45.60,0,91.2
8955,F-latency,39850,39,57562,57,57,56,2033,74,1420,5398,5520196963,1498918562,0.00,29.87,1,94.0
8956,F-latency,39850,39,57656,57,57,56,2031,74,1497,5889,5520196963,1499011098,0.00,47.38,1,99.2
8957,F-latency,39850,39,57687,57,57,56,2031,74,1497,5929,5520196963,1499083890,0.00,37.27,1,100.0
8958,F-latency,39850,39,57937,57,57,56,2031,74,1497,6052,5520196963,1499175434,0.00,46.87,0,96.8
8959,F-latency,39850,39,57781,57,57,56,2034,74,1497,6052,5520196963,1499267258,0.00,47.01,1,96.0
8960,F-latency,39850,39,58000,58,57,56,2036,74,1497,5970,5520196963,1499325754,0.00,29.95,1,92.0
8962,F-latency,39850,39,57750,57,57,56,2035,74,1497,6052,5520196963,1499413922,0.00,45.14,0,97.6
8963,F-latency,39850,39,57875,57,57,56,2039,74,1497,6052,5520196963,1499501130,0.00,44.65,0,95.6
8964,F-latency,39850,39,57875,57,57,56,2037,74,1497,6011,5520196963,1499561098,0.00,30.70,1,98.4
8965,F-latency,39850,39,57781,57,57,56,2038,74,1497,6052,5520196963,1499658322,0.00,49.78,1,100.0
8966,F-latency,39850,39,57687,57,57,56,2040,74,1497,6011,5520196963,1499731730,0.00,37.58,0,96.0
8967,F-latency,39850,39,58218,58,58,56,2044,74,1420,6011,5520196963,1499792450,0.00,31.09,0,94.4
8968,F-latency,39850,39,58031,58,58,56,2043,74,1497,6011,5520196963,1499878290,0.00,43.95,1,94.0
8969,F-latency,39850,39,58375,58,58,56,2046,74,1497,5889,5520196963,1499964082,0.00,43.93,1,100.0
8970,F-latency,39850,39,58218,58,58,56,2047,74,1497,5970,5520196963,1500039266,0.00,38.49,0,95.6
8972,F-latency,39850,39,58218,58,58,56,2052,74,1344,6011,5520196963,1500122394,0.00,42.56,1,95.2
8973,F-latency,39850,39,58406,58,58,56,2049,74,1420,5848,5520196963,1500183426,0.00,31.25,1,100.0
8974,F-latency,39850,39,58437,58,58,56,2041,74,1497,6011,5520196963,1500268586,0.00,43.60,1,95.2
8975,F-latency,39850,39,58218,58,58,56,2035,74,1497,6011,5520196963,1500343810,0.00,38.51,1,93.6
8976,F-latency,39850,39,58187,58,58,56,2035,74,1420,5889,5520196963,1500403258,0.00,30.44,1,99.2
8977,F-latency,39850,39,58375,58,58,56,2037,74,1497,5970,5520196963,1500488274,0.00,43.53,0,95.6
8978,F-latency,39850,39,58281,58,58,56,2033,74,1497,6011,5520196963,1500569690,0.00,41.68,0,92.0
8979,F-latency,39850,39,58187,58,58,56,2034,74,1267,5889,5520196963,1500622370,0.00,26.97,1,100.0
8981,F-latency,39850,39,58187,58,57,56,2144,78,1497,5970,5520196963,1500695602,0.00,37.49,1,98.0
8982,F-latency,39850,39,57875,57,57,56,2158,74,1497,6052,5520196963,1500768818,0.00,37.49,0,100.0
8983,F-latency,39850,39,57750,57,57,56,2046,74,1497,5889,5520196963,1500841914,0.00,37.43,1,100.0
8984,F-latency,39850,39,57937,57,58,56,2039,74,1497,6011,5520196963,1500915402,0.00,37.63,0,96.0
8985,F-latency,39850,39,58125,58,57,56,2035,74,1497,6011,5520196963,1500988570,0.00,37.46,1,100.0
8986,F-latency,39850,39,58000,58,58,56,2037,74,1497,6011,5520196963,1501041482,0.00,27.09,0,93.2
8987,F-latency,39850,39,58000,58,58,56,2037,74,1497,5970,5520196963,1501091066,0.00,25.39,0,97.6
8988,F-latency,39850,39,58093,58,58,56,2036,74,1497,6011,5520196963,1501161442,0.00,36.03,1,98.0
8990,F-latency,39850,39,58031,58,58,56,2037,74,1497,6011,5520196963,1501232554,0.00,36.41,0,94.4
8991,F-latency,39850,39,58406,58,58,56,2037,74,1497,5970,5520196963,1501288986,0.00,28.89,0,99.2
8992,F-latency,39850,39,57906,57,57,56,2038,74,1497,6052,5520196963,1501354650,0.00,33.62,1,98.8
8993,F-latency,39850,39,57875,57,57,56,2038,74,1497,6011,5520196963,1501427594,0.00,37.35,1,100.0
8994,F-latency,39850,39,57843,57,58,56,2133,78,1497,5889,5520196963,1501501026,0.00,37.60,0,100.0
8995,F-latency,39850,39,58031,58,58,56,2177,78,1497,6011,5520196963,1501574090,0.00,37.41,0,98.8
8996,F-latency,39850,39,57937,57,58,56,2189,78,1497,6011,5520196963,1501648434,0.00,38.06,1,99.2
8998,F-latency,39850,39,57968,57,57,56,2170,74,1497,5889,5520196963,1501708274,0.00,30.64,1,100.0
8999,F-latency,39850,39,58156,58,57,56,2071,74,1497,6011,5520196963,1501780938,0.00,37.20,0,100.0
9000,F-latency,39850,39,58218,58,58,56,2058,74,1344,6011,5520196963,1501842250,0.00,31.39,0,95.6
9001,F-latency,39850,39,58281,58,58,56,2052,74,1497,6052,5520196963,1501912786,0.00,36.11,1,95.2
9002,F-latency,39850,39,58687,58,58,56,2047,74,1267,5929,5520196963,1501962066,0.00,25.23,1,100.0
9003,F-latency,39850,39,58406,58,58,56,2037,74,1497,6052,5520196963,1502032418,0.00,36.02,0,97.2
9004,F-latency,39850,39,58281,58,58,56,2123,78,1497,6175,5520196963,1502105898,0.00,37.62,1,96.8
9005,F-latency,39850,39,58093,58,58,56,2165,78,1497,5889,5520196963,1502153458,0.00,24.35,0,94.0
9006,F-latency,39850,39,58281,58,58,56,2172,78,1497,6011,5520196963,1502218322,0.00,33.21,1,87.2
9007,F-latency,39850,39,57937,57,58,56,2175,78,1497,6011,5520196963,1502282194,0.00,32.70,0,100.0
9009,F-latency,39850,39,58093,58,58,56,2178,78,1497,6011,5520196963,1502355338,0.00,37.45,1,89.2
9010,F-latency,39850,39,58218,58,58,56,2182,78,1497,5970,5520196963,1502413530,0.00,29.79,1,98.0
9011,F-latency,39850,39,58093,58,58,56,2185,78,1497,6011,5520196963,1502489474,0.00,38.88,1,99.6
9012,F-latency,39850,39,58000,58,57,56,2186,78,1190,5643,5520196963,1502563034,0.00,37.66,0,93.6
9013,F-latency,39850,39,57843,57,57,56,2188,78,1497,5316,5520196963,1502624498,0.00,31.47,1,98.4
9014,F-latency,39850,39,57687,57,57,56,2132,74,1420,5398,5520196963,1502716298,0.00,47.00,1,95.2
9015,F-latency,39850,39,57718,57,57,56,2063,74,1190,5357,5520196963,1502795218,0.00,40.41,1,95.6
9016,F-latency,39850,39,57687,57,57,56,2054,74,1420,5316,5520196963,1502855978,0.00,31.11,1,100.0
9017,F-latency,39850,39,57687,57,57,56,2048,74,1267,5398,5520196963,1502940706,0.00,43.38,0,95.6
9019,F-latency,39850,39,57781,57,57,56,2041,74,1420,5275,5520196963,1503026178,0.00,43.76,1,100.0
9020,F-latency,39850,39,57687,57,57,56,2037,74,1344,5398,5520196963,1503112498,0.00,44.20,0,96.8
9021,F-latency,39850,39,57687,57,57,56,2032,74,1497,5398,5520196963,1503198138,0.00,43.85,1,92.4
9022,F-latency,39850,39,57687,57,57,56,2034,74,1344,5275,5520196963,1503271050,0.00,37.33,0,100.0
9023,F-latency,39850,39,57687,57,57,56,2032,74,1497,5398,5520196963,1503356306,0.00,43.65,0,92.0
9024,F-latency,39850,39,57718,57,57,56,2031,74,883,5398,5520196963,1503448674,0.00,47.29,1,95.6
9025,F-latency,39850,39,57875,57,57,56,2033,74,1497,5357,5520196963,1503509506,0.00,31.15,0,82.8
9026,F-latency,39850,39,57656,57,57,56,2033,74,1267,5316,5520196963,1503597514,0.00,45.06,0,88.8
9027,F-latency,39850,39,57593,57,57,56,2030,74,1344,5357,5520196963,1503686522,0.00,45.57,1,100.0
9029,F-latency,39850,39,57656,57,57,56,2033,74,1497,5275,5520196963,1503746818,0.00,30.87,1,98.0
9030,F-latency,39850,39,57718,57,57,56,2030,74,1267,5398,5520196963,1503834010,0.00,44.64,0,93.2
9031,F-latency,39850,39,57687,57,57,56,2030,74,1420,5275,5520196963,1503906018,0.00,36.87,1,100.0
9032,F-latency,39850,39,57593,57,57,56,2030,74,1420,5398,5520196963,1503991306,0.00,43.67,0,97.6
9033,F-latency,39850,39,57718,57,57,56,2032,74,1267,5398,5520196963,1504077242,0.00,44.00,0,91.2
9034,F-latency,39850,39,57906,57,57,56,2035,74,1267,5275,5520196963,1504147058,0.00,35.75,1,94.8
9035,F-latency,39850,39,57687,57,57,56,2040,74,1267,5357,5520196963,1504223394,0.00,39.08,0,100.0
9036,F-latency,39850,39,57687,57,57,56,2041,74,1344,5398,5520196963,1504309026,0.00,43.84,0,92.8
9037,F-latency,39850,39,57750,57,57,56,2041,74,1344,5316,5520196963,1504379170,0.00,35.91,1,94.0
9038,F-latency,39850,39,57656,57,57,56,2044,74,1344,5398,5520196963,1504458106,0.00,40.42,0,86.4
9039,F-latency,39850,39,57656,57,57,56,2044,74,1497,5193,5520196963,1504462090,0.00,2.04,0,75.6
9040,F-latency,39850,39,57500,57,57,56,2044,74,1344,5193,5520196963,1504468082,0.00,3.07,1,100.0
9041,F-latency,39850,39,57500,57,57,56,2047,74,1344,5152,5520196963,1504472970,0.00,2.50,0,100.0
9043,F-latency,39850,39,57625,57,57,56,2050,74,1344,5152,5520196963,1504480026,0.00,3.61,0,100.0
9044,F-latency,39850,39,57531,57,57,56,2052,74,1267,5112,5520196963,1504487250,0.00,3.70,0,100.0
9045,F-latency,39850,39,57687,57,57,56,2053,74,1344,5193,5520196963,1504494602,0.00,3.76,0,100.0
9046,F-latency,39850,39,57687,57,57,56,2053,74,729,5112,5520196963,1504501626,0.00,3.60,0,100.0
9047,F-latency,39850,39,57718,57,57,56,2044,74,1344,5112,5520196963,1504508666,0.00,3.60,0,100.0
9048,F-latency,39850,39,57375,57,57,56,2038,74,1344,5152,5520196963,1504514314,0.00,2.89,0,100.0
9049,F-latency,39850,39,57531,57,57,56,2038,74,1344,5193,5520196963,1504521002,0.00,3.42,1,100.0
9050,F-latency,39850,39,57500,57,57,56,2040,74,1497,5071,5520196963,1504525650,0.00,2.38,1,100.0
9051,F-latency,39850,39,57281,57,57,56,2037,74,1344,5071,5520196963,1504530618,0.00,2.54,0,100.0
9052,F-latency,39850,39,57468,57,57,56,2034,74,1344,5112,5520196963,1504536282,0.00,2.90,0,100.0
9053,F-latency,39850,39,57375,57,57,56,2034,74,1267,5112,5520196963,1504542018,0.00,2.94,0,100.0
9054,F-latency,39850,39,57500,57,57,56,2034,74,1267,5112,5520196963,1504547906,0.00,3.01,0,100.0
9055,F-latency,39850,39,57406,57,57,56,2033,74,1497,5112,5520196963,1504553746,0.00,2.99,0,100.0
9056,F-latency,39850,39,57625,57,57,56,2034,74,1497,5112,5520196963,1504560858,0.00,3.64,1,100.0
9058,F-latency,39850,39,57531,57,57,56,2033,74,1267,5112,5520196963,1504566442,0.00,2.86,1,100.0
9059,F-latency,39850,39,57406,57,57,56,2034,74,729,5112,5520196963,1504572322,0.00,3.01,1,100.0
9060,F-latency,39850,39,57312,57,57,56,2034,74,1344,5112,5520196963,1504578090,0.00,2.95,1,100.0
9061,F-latency,39850,39,57375,57,57,56,2038,74,1344,5112,5520196963,1504581786,0.00,1.89,0,86.4
9062,F-latency,39850,39,57281,57,57,56,2037,74,1267,5112,5520196963,1504588178,0.00,3.27,0,100.0
9063,F-latency,39850,39,57437,57,57,56,2038,74,1344,5112,5520196963,1504594506,0.00,3.24,0,100.0
9064,F-latency,39850,39,57312,57,57,55,2038,74,1497,5152,5520196963,1504600770,0.00,3.21,0,100.0
9065,F-latency,39850,39,57468,57,57,55,2043,74,1497,5112,5520196963,1504607186,0.00,3.28,0,100.0
9066,F-latency,39850,39,57343,57,57,55,2043,74,1267,5112,5520196963,1504613498,0.00,3.23,0,100.0
9067,F-latency,39850,39,57375,57,57,55,2047,74,1497,5152,5520196963,1504619330,0.00,2.99,0,100.0
9068,F-latency,39850,39,57218,57,57,56,2050,74,1344,5152,5520196963,1504624746,0.00,2.77,1,100.0
9069,F-latency,39850,39,57312,57,57,56,2053,74,1267,5152,5520196963,1504630082,0.00,2.73,0,100.0
9070,F-latency,39850,39,57468,57,57,56,2051,74,1344,5152,5520196963,1504634026,0.00,2.02,0,100.0
9072,F-latency,39850,39,57343,57,57,56,2047,74,729,5193,5520196963,1504639450,0.00,2.78,0,100.0
9073,F-latency,39850,39,57281,57,57,56,2041,74,1267,5234,5520196963,1504644826,0.00,2.75,1,100.0
9074,F-latency,39850,39,57531,57,57,55,2037,74,1344,5193,5520196963,1504650218,0.00,2.76,0,100.0
9075,F-latency,39850,39,57500,57,57,55,2037,74,1497,5193,5520196963,1504655690,0.00,2.80,0,100.0
9076,F-latency,39850,39,57750,57,58,56,2040,74,1344,5602,5520196963,1504661026,0.00,2.73,0,100.0
9077,F-latency,39850,39,58187,58,58,56,2040,74,1267,5807,5520196963,1504666418,0.00,2.76,0,100.0
9078,F-latency,39850,39,58187,58,57,56,2035,74,1497,5807,5520196963,1504671794,0.00,2.75,0,100.0
9079,F-latency,39850,39,58125,58,58,56,2035,74,1344,5848,5520196963,1504677186,0.00,2.76,0,100.0
9080,F-latency,39850,39,57843,57,58,56,2034,74,1344,5848,5520196963,1504682730,0.00,2.84,0,100.0
9081,F-latency,39850,39,58062,58,58,56,2032,74,1420,5766,5520196963,1504685882,0.00,1.61,0,100.0
9082,F-latency,39850,39,57906,57,58,56,2034,74,1344,5848,5520196963,1504691194,0.00,2.72,1,100.0
9083,F-latency,39850,39,58062,58,57,56,2033,74,1420,5807,5520196963,1504696554,0.00,2.74,0,100.0
9084,F-latency,39850,39,57968,57,58,55,2034,74,1497,5807,5520196963,1504701226,0.00,2.39,0,100.0
9086,F-latency,39850,39,57875,57,57,56,2035,74,1497,5807,5520196963,1504705530,0.00,2.20,1,100.0
9087,F-latency,39850,39,57687,57,57,56,2036,74,1497,5848,5520196963,1504710642,0.00,2.62,0,100.0
9088,F-latency,39850,39,57687,57,57,56,2037,74,1497,5848,5520196963,1504715906,0.00,2.70,0,100.0
9089,F-latency,39850,39,57687,57,58,56,2037,74,1497,5848,5520196963,1504721282,0.00,2.75,0,100.0
9090,F-latency,39850,39,57906,57,57,56,2039,74,1497,5848,5520196963,1504726882,0.00,2.87,0,100.0
9091,F-latency,39850,39,57750,57,57,56,2042,74,1497,5807,5520196963,1504732250,0.00,2.75,0,100.0
9092,F-latency,39850,39,58187,58,58,56,2046,74,1267,5725,5520196963,1504736178,0.00,2.01,0,92.0
9093,F-latency,39850,39,58093,58,58,56,2047,74,1420,5766,5520196963,1504740938,0.00,2.44,0,100.0
9094,F-latency,39850,39,58281,58,58,56,2049,74,1267,5807,5520196963,1504745706,0.00,2.44,0,100.0
9095,F-latency,39850,39,58187,58,58,56,2052,74,1344,5807,5520196963,1504751194,0.00,2.81,0,100.0
9096,F-latency,39850,39,58250,58,58,56,2046,74,1420,5807,5520196963,1504758274,0.00,3.62,0,100.0
9097,F-latency,39850,39,58187,58,58,56,2034,74,1267,5807,5520196963,1504765194,0.00,3.54,0,100.0
9098,F-latency,39850,39,58156,58,58,56,2037,74,1267,5848,5520196963,1504770770,0.00,2.85,0,100.0
9099,F-latency,39850,39,58250,58,58,56,2036,74,1344,5807,5520196963,1504776410,0.00,2.89,0,100.0
9100,F-latency,39850,39,58437,58,58,56,2036,74,1267,5807,5520196963,1504782306,0.00,3.02,0,100.0
9102,F-latency,39850,39,58187,58,58,56,2039,74,1267,5807,5520196963,1504787922,0.00,2.88,0,100.0
9103,F-latency,39850,39,58187,58,58,56,2037,74,1344,5766,5520196963,1504791570,0.00,1.87,0,96.4
9104,F-latency,39850,39,58187,58,58,56,2037,74,1344,5807,5520196963,1504798642,0.00,3.62,0,100.0
9105,F-latency,39850,39,58468,58,58,56,2034,74,1344,6093,5520196963,1504804898,0.00,3.20,0,100.0
9106,F-latency,39850,39,58281,58,58,56,2033,74,1267,5848,5520196963,1504811802,0.00,3.53,0,100.0
9107,F-latency,39850,39,58218,58,58,56,2036,74,1344,5807,5520196963,1504817298,0.00,2.81,0,100.0
9108,F-latency,39850,39,58375,58,58,56,2037,74,1420,5848,5520196963,1504824434,0.00,3.65,0,100.0
9109,F-latency,39850,39,58250,58,58,56,2036,74,1267,5807,5520196963,1504830010,0.00,2.85,0,100.0
9110,F-latency,39850,39,58406,58,58,56,2037,74,1344,5807,5520196963,1504836170,0.00,3.15,0,100.0
9111,F-latency,39850,39,58218,58,58,56,2042,74,1267,5766,5520196963,1504841914,0.00,2.94,0,100.0
9112,F-latency,39850,39,58218,58,58,56,2040,74,1344,5807,5520196963,1504848874,0.00,3.56,1,100.0
9113,F-latency,39850,39,58406,58,58,56,2040,74,1267,5807,5520196963,1504855898,0.00,3.60,1,100.0
9114,F-latency,39850,39,58218,58,58,56,2043,74,1344,5807,5520196963,1504863426,0.00,3.85,0,100.0
9115,F-latency,39850,39,58312,58,58,56,2046,74,1497,5848,5520196963,1504870546,0.00,3.65,0,100.0
9116,F-latency,39850,39,58250,58,58,56,2047,74,1497,5807,5520196963,1504877722,0.00,3.67,0,100.0
9117,F-latency,39850,39,58218,58,58,56,2046,74,1344,5807,5520196963,1504884730,0.00,3.59,0,100.0
9119,F-latency,39850,39,58437,58,58,56,2134,77,1344,5807,5520196963,1504891954,0.00,3.70,0,100.0
9120,F-latency,39850,39,58281,58,58,56,2147,77,1420,5766,5520196963,1504896354,0.00,2.25,0,100.0
9121,F-latency,39850,39,58250,58,58,56,2147,77,1344,5807,5520196963,1504903562,0.00,3.69,1,100.0
9122,F-latency,39850,39,58187,58,58,56,2142,77,1420,5807,5520196963,1504910170,0.00,3.38,0,100.0
9123,F-latency,39850,39,58406,58,58,56,2137,77,1420,5807,5520196963,1504917258,0.00,3.63,0,100.0
9124,F-latency,39850,39,58250,58,58,56,2142,77,1344,5807,5520196963,1504922978,0.00,2.93,0,100.0
9125,F-latency,39850,39,58500,58,58,56,2141,77,1344,5807,5520196963,1504930266,0.00,3.73,0,100.0
9126,F-latency,39850,39,58281,58,58,56,2142,77,1344,5807,5520196963,1504935850,0.00,2.86,0,100.0
9127,F-latency,39850,39,58187,58,58,56,2137,77,1344,5807,5520196963,1504941562,0.00,2.92,0,100.0
9128,F-latency,39850,39,58281,58,58,56,2137,77,1344,5766,5520196963,1504946506,0.00,2.53,0,100.0
9129,F-latency,39850,39,58187,58,58,56,2139,77,1497,5807,5520196963,1504953794,0.00,3.73,0,100.0
9130,F-latency,39850,39,58218,58,58,56,2139,77,1344,5848,5520196963,1504960466,0.00,3.42,0,100.0
9131,F-latency,39850,39,58312,58,58,56,2140,77,1344,5807,5520196963,1504967642,0.00,3.67,0,100.0
9132,F-latency,39850,39,57687,57,57,56,2142,77,1344,5234,5520196963,1504974626,0.00,3.58,0,100.0
9133,F-latency,39850,39,57375,57,57,56,2142,77,729,5112,5520196963,1504981866,0.00,3.71,0,100.0
9135,F-latency,39850,39,57468,57,57,56,2144,77,729,5152,5520196963,1504989130,0.00,3.72,1,100.0
9136,F-latency,39850,39,57468,57,57,56,2144,77,1344,5234,5520196963,1504996322,0.00,3.68,0,100.0
9137,F-latency,39850,39,57500,57,57,56,2147,77,1267,5071,5520196963,1504999890,0.00,1.83,0,100.0
9138,F-latency,39850,39,57437,57,57,56,2149,77,1344,5112,5520196963,1505006154,0.00,3.21,0,100.0
9139,F-latency,39850,39,57593,57,57,56,2153,77,1344,5152,5520196963,1505012530,0.00,3.26,0,100.0
9140,F-latency,39850,39,57437,57,57,56,2116,74,729,5152,5520196963,1505018930,0.00,3.28,1,100.0
9141,F-latency,39850,39,57531,57,57,56,2065,74,729,5112,5520196963,1505025114,0.00,3.17,0,100.0
9142,F-latency,39850,39,57375,57,57,56,2050,74,1497,5193,5520196963,1505031522,0.00,3.28,0,100.0
9143,F-latency,39850,39,57312,57,57,56,2041,74,1497,5152,5520196963,1505037666,0.00,3.15,1,100.0
9144,F-latency,39850,39,57531,57,57,56,2040,74,1497,5234,5520196963,1505043170,0.00,2.82,0,100.0
9145,F-latency,39850,39,57406,57,57,56,2040,74,1497,5193,5520196963,1505048610,0.00,2.79,0,100.0
9146,F-latency,39850,39,57593,57,57,56,2040,74,1267,5193,5520196963,1505052346,0.00,1.91,0,100.0
9147,F-latency,39850,39,57281,57,57,56,2038,74,1497,5193,5520196963,1505057418,0.00,2.60,0,100.0
9149,F-latency,39850,39,57218,57,57,55,2041,74,1497,5234,5520196963,1505062794,0.00,2.75,0,100.0
9150,F-latency,39850,39,57375,57,57,55,2041,74,1344,5234,5520196963,1505068090,0.00,2.71,0,100.0
9151,F-latency,39850,39,57312,57,57,56,2044,74,1497,5193,5520196963,1505073386,0.00,2.71,0,100.0
9152,F-latency,39850,39,57437,57,57,56,2047,74,1497,5234,5520196963,1505078802,0.00,2.77,0,100.0
9153,F-latency,39850,39,57312,57,57,55,2050,74,1344,5234,5520196963,1505084066,0.00,2.70,0,100.0
9154,F-latency,39850,39,57187,57,57,56,2041,74,1344,5193,5520196963,1505089426,0.00,2.74,0,100.0
9155,F-latency,39850,39,57562,57,57,56,2038,74,1497,5193,5520196963,1505095010,0.00,2.86,0,100.0
9156,F-latency,39850,39,57218,57,57,56,2038,74,1344,5193,5520196963,1505100378,0.00,2.75,1,100.0
9157,F-latency,39850,39,57187,57,57,56,2041,74,1344,5112,5520196963,1505104234,0.00,1.97,0,100.0
9158,F-latency,39850,39,57312,57,57,55,2041,74,1344,5234,5520196963,1505109602,0.00,2.75,0,100.0
9160,F-latency,39850,39,57437,57,57,56,2046,74,1344,5152,5520196963,1505114322,0.00,2.42,0,100.0
9161,F-latency,39850,39,57406,57,57,56,2052,74,1344,5193,5520196963,1505118946,0.00,2.37,0,100.0
9162,F-latency,39850,39,57250,57,57,56,2052,74,1497,5193,5520196963,1505124314,0.00,2.75,0,100.0
9163,F-latency,39850,39,57562,57,57,55,2053,74,1344,5193,5520196963,1505129698,0.00,2.76,0,100.0
9164,F-latency,39850,39,57343,57,57,56,2047,74,1344,5234,5520196963,1505135074,0.00,2.75,0,100.0
9165,F-latency,39850,39,57281,57,57,55,2040,74,1344,5193,5520196963,1505140554,0.00,2.81,0,100.0
9166,F-latency,39850,39,57218,57,57,55,2037,74,1344,5193,5520196963,1505145778,0.00,2.67,0,100.0
9167,F-latency,39850,39,57406,57,57,55,2035,74,1267,5193,5520196963,1505151282,0.00,2.82,0,100.0
9168,F-latency,39850,39,57218,57,57,55,2035,74,1267,5112,5520196963,1505156018,0.00,2.42,0,100.0
9169,F-latency,39850,39,57156,57,57,56,2033,74,1267,5112,5520196963,1505162146,0.00,3.14,1,99.6
9170,F-latency,39850,39,57312,57,57,56,2030,74,1267,5112,5520196963,1505168234,0.00,3.12,1,100.0
9172,F-latency,39850,39,57218,57,57,56,2033,74,1344,5112,5520196963,1505175338,0.00,3.64,1,100.0
9173,F-latency,39850,39,57468,57,57,55,2033,74,1344,5152,5520196963,1505181090,0.00,2.95,1,100.0
9174,F-latency,39850,39,57125,57,57,55,2032,74,1344,5152,5520196963,1505188210,0.00,3.65,0,100.0
9175,F-latency,39850,39,57437,57,57,56,2032,74,1497,5112,5520196963,1505194106,0.00,3.02,0,100.0
9176,F-latency,39850,39,57218,57,57,55,2034,74,1497,5112,5520196963,1505199874,0.00,2.95,0,100.0
9177,F-latency,39850,39,57187,57,57,55,2035,74,1344,5193,5520196963,1505207010,0.00,3.65,0,100.0
9178,F-latency,39850,39,57218,57,57,55,2038,74,1344,5112,5520196963,1505210570,0.00,1.82,1,100.0
9179,F-latency,39850,39,57187,57,57,56,2040,74,1267,5193,5520196963,1505217130,0.00,3.36,1,100.0
9180,F-latency,39850,39,57281,57,57,56,2041,74,1344,5152,5520196963,1505223010,0.00,3.01,0,100.0
9181,F-latency,39850,39,57218,57,57,55,2038,74,1267,5152,5520196963,1505230042,0.00,3.60,0,100.0
9182,F-latency,39850,39,57343,57,57,55,2040,74,1036,5112,5520196963,1505235642,0.00,2.87,1,100.0
9183,F-latency,39850,39,57218,57,57,56,2043,74,1344,5112,5520196963,1505241418,0.00,2.96,0,100.0
9184,F-latency,39850,39,57468,57,57,55,2041,74,1497,5193,5520196963,1505248810,0.00,3.78,0,100.0
9185,F-latency,39850,39,57437,57,57,56,2047,74,1344,5112,5520196963,1505254274,0.00,2.80,1,100.0
9187,F-latency,39850,39,57218,57,57,56,2048,74,1344,5112,5520196963,1505260010,0.00,2.94,0,100.0
9188,F-latency,39850,39,57156,57,57,55,2051,74,1344,5112,5520196963,1505263866,0.00,1.97,0,100.0
9189,G-mixed,39850,39,57281,57,57,55,2053,74,1497,5234,5520196963,1505268922,0.00,2.59,0,92.4
9190,G-mixed,39850,39,57312,57,57,55,2051,74,1420,5520,5520409723,1505363154,108.93,48.25,128,82.0
9191,G-mixed,39850,39,57250,57,57,55,2047,74,1497,5561,5520622683,1505453314,109.04,46.16,106,95.2
9192,G-mixed,39850,39,57312,57,57,55,2038,74,1267,5520,5520777563,1505520522,79.30,34.41,128,96.0
9193,G-mixed,39850,39,57218,57,57,55,2034,74,1497,5561,5520973499,1505605642,100.32,43.58,125,99.2
9194,G-mixed,39850,39,57343,57,57,55,2034,74,1420,5398,5521120875,1505669130,75.46,32.51,116,91.2
9195,G-mixed,39850,39,57687,57,57,56,2037,74,883,5561,5521316739,1505754058,100.28,43.48,109,90.4
9196,G-mixed,39850,39,58093,58,58,55,2034,74,1497,6175,5521507027,1505835378,97.43,41.64,128,89.2
9198,G-mixed,39850,39,57906,57,58,55,2033,74,1497,6175,5521635451,1505889474,65.75,27.70,102,96.0
9199,G-mixed,39850,39,58125,58,58,56,2033,74,1497,6216,5521837715,1505975922,103.56,44.26,127,92.0
9200,G-mixed,39850,39,58031,58,57,55,2031,74,1497,6052,5521987547,1506039466,76.71,32.53,126,91.6
9201,G-mixed,39850,39,58250,58,58,56,2031,74,1420,6175,5522189531,1506125514,103.42,44.06,128,87.6
9202,G-mixed,39850,39,58062,58,58,56,2034,74,1344,6216,5522389723,1506211690,102.50,44.12,117,98.0
9203,G-mixed,39850,39,58031,58,58,56,2034,74,1420,6175,5522529107,1506272330,71.36,31.05,107,94.0
9204,G-mixed,39850,39,58093,58,58,56,2035,74,1497,6175,5522724547,1506356986,100.07,43.34,125,96.4
9205,G-mixed,39850,39,57718,57,57,56,2034,74,1497,6297,5522876899,1506424074,78.00,34.35,128,100.0
9207,G-mixed,39850,39,57750,57,57,56,2035,74,1036,6216,5523064355,1506504658,95.98,41.26,128,99.6
9208,G-mixed,39850,39,57750,57,57,56,2037,74,1497,6175,5523254907,1506585690,97.56,41.49,120,98.0
9209,G-mixed,39850,39,57781,57,57,56,2037,74,1420,6093,5523383795,1506639618,65.99,27.61,123,100.0
9210,G-mixed,39850,39,57906,57,57,56,2040,74,1420,6175,5523558099,1506715970,89.24,39.09,118,91.6
9211,G-mixed,39850,39,57718,57,57,56,2044,74,1497,6011,5523722147,1506786298,83.99,36.01,88,100.0
9212,G-mixed,39850,39,57687,57,57,56,2046,74,1497,6216,5523910171,1506867658,96.27,41.66,119,98.8
9213,G-mixed,39850,39,57781,57,57,56,2052,74,1497,6216,5524076907,1506937922,85.37,35.98,119,96.0
9215,G-mixed,39850,39,57687,57,57,56,2053,74,1497,6052,5524192467,1506989130,59.17,26.22,124,100.0
9216,G-mixed,39850,39,57968,57,57,56,2055,74,1497,6175,5524351291,1507056026,81.32,34.25,116,94.4
9217,G-mixed,39850,39,57906,57,57,56,2055,74,1497,6216,5524504147,1507121234,78.26,33.39,128,100.0
9218,G-mixed,39850,39,57781,57,57,56,2052,74,1497,6011,5524620907,1507171698,59.78,25.84,96,100.0
9219,G-mixed,39850,39,58125,58,58,56,2049,74,1344,6216,5524785555,1507242906,84.30,36.46,101,100.0
9220,G-mixed,39850,39,58500,58,58,56,2053,74,1420,6216,5524951955,1507313314,85.20,36.05,98,89.2
9221,G-mixed,39850,39,58281,58,58,56,2056,74,1497,6011,5525067443,1507364642,59.13,26.28,128,100.0
9223,G-mixed,39850,39,58187,58,58,56,2059,74,1497,6216,5525232531,1507435482,84.53,36.27,127,100.0
9224,G-mixed,39850,39,58187,58,58,56,2053,74,1497,6216,5525398195,1507507994,84.82,37.13,128,100.0
9225,G-mixed,39850,39,58531,58,58,56,2043,74,1036,6093,5525514931,1507558426,59.77,25.82,128,82.4
9226,G-mixed,39850,39,58375,58,58,56,2033,74,1344,6134,5525672659,1507626410,80.76,34.81,128,94.4
9227,G-mixed,39850,39,58500,58,58,56,2034,74,1420,6134,5525813419,1507685922,72.07,30.47,121,95.2
9228,G-mixed,39850,39,58187,58,58,56,2035,74,1497,5970,5525940579,1507742386,65.11,28.91,123,100.0
9230,G-mixed,39850,39,58406,58,58,56,2035,74,1344,6134,5526097635,1507809754,80.41,34.49,128,94.4
9231,G-mixed,39850,39,58062,58,57,56,2034,74,1497,6175,5526248531,1507874978,77.26,33.39,113,89.2
9232,G-mixed,39850,39,58187,58,58,56,2035,74,1344,6052,5526367387,1507924234,60.85,25.22,127,100.0
9233,G-mixed,39850,39,58281,58,58,56,2037,74,1497,6175,5526525251,1507992266,80.83,34.83,128,91.2
9234,G-mixed,39850,39,58562,58,58,56,2033,74,1497,6573,5526674571,1508056986,76.45,33.14,122,100.0
9235,G-mixed,39850,39,58156,58,58,56,2036,74,1497,6696,5526814179,1508117730,71.48,31.10,122,100.0
9236,G-mixed,39850,39,58687,58,58,56,2144,78,1497,6288,5526970483,1508186378,80.03,35.15,128,96.8
9238,G-mixed,39850,39,58187,58,58,56,2178,78,1497,6206,5527120123,1508250242,76.62,32.70,125,100.0
9239,G-mixed,39850,39,58187,58,58,56,2184,78,1497,6052,5527257411,1508310850,70.29,31.03,93,100.0
9240,G-mixed,39850,39,58187,58,58,56,2121,74,1497,5889,5527279059,1508440162,11.08,66.21,384,89.2
9241,G-mixed,39850,39,58312,58,58,56,2062,74,1497,6175,5527468243,1508598634,96.86,81.14,124,94.8
9242,G-mixed,39850,39,57937,57,58,56,2053,74,1497,6093,5527632299,1508668354,84.00,35.70,124,100.0
9243,G-mixed,39850,39,58406,58,58,56,2053,74,1420,6257,5527796059,1508739962,83.85,36.66,128,94.4
9244,G-mixed,39850,39,58500,58,58,56,2134,77,1497,6257,5527988043,1508822978,98.30,42.50,107,92.4
9246,G-mixed,39850,39,58562,58,58,56,2156,77,1497,6134,5528102091,1508896730,58.39,37.76,107,91.6
9247,G-mixed,39850,39,58375,58,58,56,2161,77,1497,6216,5528317627,1508988386,110.35,46.93,123,97.2
9248,G-mixed,39850,39,58343,58,58,56,2163,77,1497,6093,5528476443,1509058562,81.31,35.93,128,95.2
9249,G-mixed,39850,39,58218,58,58,56,2165,77,1497,6257,5528664139,1509139210,96.10,41.29,109,100.0
9250,G-mixed,39850,39,58468,58,58,56,2167,77,1497,6257,5528860523,1509224642,100.55,43.74,105,97.2
9251,G-mixed,39850,39,58406,58,58,56,2163,77,1497,6175,5529006683,1509287146,74.83,32.00,115,87.6
9252,G-mixed,39850,39,58031,58,58,56,2165,77,1497,5684,5529201947,1509369746,99.98,42.29,128,92.0
9253,G-mixed,39850,39,57750,57,57,56,2156,77,1113,5439,5529350075,1509434258,75.84,33.03,119,95.2
9254,G-mixed,39850,39,57875,57,57,56,2148,77,806,5561,5529530195,1509512018,92.22,39.81,110,92.0
9255,G-mixed,39850,39,58062,58,57,56,2142,77,1420,5602,5529716787,1509591722,95.54,40.81,126,85.6
9257,G-mixed,39850,39,57812,57,58,56,2142,77,1497,5520,5529872187,1509658538,79.56,34.21,126,90.4
9258,G-mixed,39850,39,57875,57,58,56,2142,77,1497,5561,5530075275,1509744858,103.98,44.20,128,91.2
9259,G-mixed,39850,39,57718,57,57,56,2142,77,1497,5439,5530224635,1509808970,76.47,32.83,119,96.8
9260,G-mixed,39850,39,57875,57,58,56,2139,77,1497,5561,5530400531,1509885258,90.06,39.06,114,90.4
9261,G-mixed,39850,39,58218,58,58,56,2142,77,729,5561,5530591411,1509967522,97.73,42.12,128,88.4
9262,G-mixed,39850,39,57750,57,57,56,2140,77,1497,5520,5530742467,1510031642,77.34,32.83,117,100.0
9263,G-mixed,39850,39,58093,58,57,56,2140,77,1497,5561,5530944091,1510118906,103.23,44.68,128,93.6
9264,G-mixed,39850,39,57656,57,57,56,2140,77,1497,5439,5531116515,1510193410,88.28,38.15,128,100.0
9265,G-mixed,39850,39,58093,58,57,56,2140,77,1420,5520,5531295187,1510270346,91.48,39.39,128,94.8
9266,G-mixed,39850,39,57937,57,58,56,2139,77,1497,5561,5531483843,1510350554,96.59,41.07,125,91.6
9268,G-mixed,39850,39,57656,57,57,56,2141,77,1036,5520,5531637299,1510416850,78.57,33.94,125,99.2
9269,G-mixed,39850,39,57906,57,57,56,2139,77,1113,5561,5531838083,1510502690,102.80,43.95,122,92.8
9270,G-mixed,39850,39,57625,57,57,56,2142,77,1497,5439,5531987203,1510567530,76.35,33.20,128,96.4
9271,G-mixed,39850,39,57906,57,57,56,2141,77,1420,5520,5532164091,1510645266,90.57,39.80,128,92.4
9272,G-mixed,39850,39,57656,57,57,56,2142,77,1420,5602,5532360555,1510728794,100.59,42.77,121,99.6
9273,G-mixed,39850,39,57687,57,58,56,2144,77,1497,5480,5532507683,1510791738,75.33,32.23,124,94.8
9274,G-mixed,39850,39,58031,58,58,56,2145,77,883,5561,5532702603,1510874402,99.80,42.32,100,92.8
9275,G-mixed,39850,39,57625,57,57,56,2149,77,1497,5439,5532881507,1510950586,91.60,39.01,124,100.0
9277,G-mixed,39850,39,57750,57,57,56,2152,77,1497,5561,5533050139,1511022754,86.34,36.95,124,90.8
9278,G-mixed,39850,39,57843,57,57,56,2153,74,1344,5602,5533233099,1511102298,93.68,40.73,125,83.6
9279,G-mixed,39850,39,57656,57,57,56,2070,74,883,5520,5533376531,1511162298,73.44,30.72,128,100.0
9280,G-mixed,39850,39,57781,57,57,56,2056,74,1113,5602,5533564395,1511243122,96.19,41.38,128,92.0
9281,G-mixed,39850,39,57468,57,57,56,2049,74,1497,5439,5533752867,1511323906,96.50,41.36,128,100.0
9282,G-mixed,39850,39,57687,57,57,56,2047,74,1420,5561,5533927083,1511397610,89.20,37.74,115,93.2
9283,G-mixed,39850,39,57625,57,57,56,2049,74,1344,5602,5534109499,1511475882,93.40,40.08,122,95.6
9284,G-mixed,39850,39,57625,57,57,56,2046,74,1497,5480,5534251179,1511536450,72.54,31.01,125,100.0
9285,G-mixed,39850,39,57593,57,57,56,2047,74,1267,5561,5534437075,1511617146,95.18,41.32,127,98.4
9287,G-mixed,39850,39,58156,58,58,56,2049,74,1497,6338,5534624515,1511698858,95.97,41.84,128,96.0
9288,G-mixed,39850,39,58281,58,58,56,2050,74,1497,6451,5534771859,1511760690,75.44,31.66,125,100.0
9289,G-mixed,39850,39,58187,58,58,56,2052,74,1497,6134,5534884331,1512029682,57.59,137.72,127,96.0
9290,G-mixed,39850,39,57875,57,58,56,2055,74,1267,6134,5535025939,1512091274,72.50,31.54,118,99.2
9291,G-mixed,39850,39,58187,58,58,56,2055,74,1497,6369,5535236219,1512181282,107.66,46.08,104,100.0
9292,G-mixed,39850,39,57875,57,57,56,2058,74,729,5725,5535406419,1512284090,87.14,52.64,577,100.0
9293,G-mixed,39850,39,58187,58,58,56,2049,74,1497,6297,5535570819,1512543746,84.17,132.94,104,90.0
9295,G-mixed,39850,39,58062,58,58,56,2043,74,1497,6420,5535740395,1512614522,86.82,36.24,74,95.2
9296,G-mixed,39850,39,58125,58,58,56,2038,74,1497,6288,5535875755,1512673242,69.30,30.06,128,96.4
9297,G-mixed,39850,39,57750,57,57,56,2044,74,1344,5848,5536017987,1512790850,72.82,60.22,591,96.0
9298,G-mixed,39850,39,58125,58,57,56,2116,77,1497,6175,5536226227,1513045154,106.62,130.20,123,100.0
9299,G-mixed,39850,39,58125,58,58,56,2148,77,1497,6410,5536391755,1513116506,84.75,36.53,118,97.2
9300,G-mixed,39850,39,58187,58,58,56,2150,77,1497,6451,5536563427,1513192146,87.90,38.73,120,90.4
9302,G-mixed,39850,39,57937,57,57,56,2155,74,1113,5398,5536573883,1513316634,5.35,63.74,383,100.0
9303,G-mixed,39850,39,58250,58,58,56,2063,74,1497,6257,5536793323,1513509714,112.35,98.86,115,100.0
9304,G-mixed,39850,39,58125,58,58,56,2048,74,1497,6369,5536981523,1513590154,96.36,41.19,126,100.0
9305,G-mixed,39850,39,58125,58,58,56,2051,74,1344,6369,5537070371,1513652002,45.49,31.67,810,80.8
9306,G-mixed,39850,39,57843,57,57,56,2047,74,1497,5889,5537073115,1513810402,1.40,81.10,284,100.0
9308,G-mixed,39850,39,58156,58,58,56,2044,74,1420,6257,5537262459,1513931642,96.94,62.07,126,100.0
9309,G-mixed,39850,39,58093,58,58,56,2132,77,1497,6297,5537363987,1513975450,51.98,22.43,124,94.0
9310,G-mixed,39850,39,57906,57,57,56,2158,77,1036,5602,5537495539,1514066490,67.35,46.61,618,98.8
9311,G-mixed,39850,39,58125,58,58,56,2156,77,1497,6011,5537556347,1514279898,31.13,109.26,119,100.0
9312,G-mixed,39850,39,58062,58,58,56,2088,74,1497,6175,5537717563,1514350666,82.54,36.23,124,98.0
9313,G-mixed,39850,39,58125,58,58,56,2056,74,1497,6328,5537820091,1514394386,52.49,22.38,123,100.0
9315,G-mixed,39850,39,57906,57,57,56,2131,77,1420,5970,5537930795,1514466034,56.68,36.68,383,98.8
9316,G-mixed,39850,39,58156,58,58,56,2150,77,1497,5848,5537935275,1514636810,2.29,87.44,243,100.0
9317,G-mixed,39850,39,58625,58,58,56,2153,77,1497,6696,5538122923,1514746234,96.08,56.03,126,100.0
9318,G-mixed,39850,39,58875,58,58,56,2148,77,1497,6900,5538267779,1514809482,74.17,32.38,124,92.8
9319,G-mixed,39850,39,58500,58,58,56,2150,77,1267,6338,5538364403,1514904514,49.47,48.66,569,100.0
9320,G-mixed,39850,39,58625,58,58,56,2150,77,1497,6216,5538366747,1515038746,1.20,68.73,261,100.0
9322,G-mixed,39850,39,58687,58,58,56,2152,77,1497,6778,5538566091,1515160370,102.06,62.27,118,100.0
9323,G-mixed,39850,39,59031,59,58,56,2147,77,1497,6900,5538732923,1515231202,85.42,36.27,127,100.0
9324,G-mixed,39850,39,58687,58,58,56,2147,77,1420,6052,5538842451,1515339194,56.08,55.29,552,100.0
9326,G-mixed,39850,39,59156,59,58,56,2147,77,1497,6778,5539003603,1515569378,82.51,117.85,102,94.8
9327,G-mixed,39850,39,59000,59,58,56,2149,77,1497,6859,5539172923,1515642610,86.69,37.49,107,86.0
9328,G-mixed,39850,39,59000,59,59,56,2145,77,1497,6818,5539292819,1515693194,61.39,25.90,94,100.0
9329,G-mixed,39850,39,58500,58,58,56,2145,77,1497,6614,5539465339,1515807474,88.33,58.51,604,100.0
9330,G-mixed,39850,39,59156,59,59,56,2147,77,1497,6900,5539664635,1516072690,102.04,135.79,128,94.4
9331,G-mixed,39850,39,59062,59,59,56,2149,77,1497,6900,5539762595,1516116066,50.16,22.21,128,81.2
9332,G-mixed,39850,39,58687,58,58,56,2149,77,1497,6982,5539952987,1516198602,97.48,42.26,121,96.8
9333,G-mixed,39850,39,58406,58,58,56,2150,77,1497,6328,5540064363,1516281106,57.02,42.24,746,79.2
9335,G-mixed,39850,39,58625,58,58,56,2152,77,1497,6818,5540254115,1516548554,97.15,136.93,119,100.0
9336,G-mixed,39850,39,58718,58,59,56,2152,77,1497,6859,5540447003,1516629578,98.76,41.48,113,100.0
9337,G-mixed,39850,39,58718,58,58,56,2152,77,1497,6369,5540592827,1516758330,74.66,65.92,376,100.0
9339,G-mixed,39850,39,58875,58,59,56,2150,77,1497,6778,5540799227,1517001954,105.68,124.74,128,100.0
9340,G-mixed,39850,39,59250,59,59,56,2153,77,1497,7390,5541183747,1517017194,196.87,7.80,99,55.2
9341,G-mixed,39850,39,58812,58,58,56,2155,77,1497,6573,5541613347,1517237810,219.96,112.96,43,92.4
9342,G-mixed,39850,39,59781,59,59,56,2154,77,1497,7798,5542753563,1517238674,583.79,0.44,79,76.4
9343,G-mixed,39850,39,59625,59,59,57,2152,77,1497,7962,5543934475,1517238674,604.63,0.00,49,72.0
9344,G-mixed,39850,39,59968,59,59,57,2154,77,1497,7921,5544921107,1517460042,505.16,113.34,96,76.0
9345,G-mixed,39850,39,59343,59,59,57,2157,77,1497,7390,5546062131,1517460042,584.20,0.00,88,65.6
9346,G-mixed,39850,39,59593,59,59,57,2153,77,1497,7390,5547189227,1517460042,577.07,0.00,89,66.8
9347,G-mixed,39850,39,59593,59,59,57,2153,77,1497,7349,5548311443,1517461226,574.57,0.61,90,68.8
9348,G-mixed,39850,39,59656,59,59,57,2157,77,1497,7349,5549444291,1517461226,580.02,0.00,127,68.0
9349,G-mixed,39850,39,59718,59,59,57,2157,77,1497,7349,5550575019,1517462322,578.93,0.56,104,65.2
9351,G-mixed,39850,39,59500,59,59,57,2153,77,1497,7390,5551700515,1517462322,576.25,0.00,99,70.8
9352,G-mixed,39850,39,59750,59,59,57,2153,77,1497,7390,5552817739,1517462322,572.02,0.00,107,73.6
9353,G-mixed,39850,39,59625,59,59,57,2153,77,1497,7349,5553907219,1517462426,557.81,0.05,73,72.0
9354,G-mixed,39850,39,59531,59,59,57,2157,77,1497,7308,5555013867,1517462426,566.60,0.00,117,70.0
9355,G-mixed,39850,39,59718,59,59,57,2152,77,1497,7308,5556119115,1517462434,565.89,0.00,106,70.0
9356,G-mixed,39850,39,59875,59,59,57,2204,80,1497,7308,5557228451,1517462434,567.98,0.00,93,72.4
9357,G-mixed,39850,39,59656,59,59,57,2250,80,1497,7349,5558368531,1517462434,583.72,0.00,81,74.0
9358,G-mixed,39850,39,59906,59,59,57,2259,80,1497,7308,5559429875,1517462554,543.41,0.06,125,76.0
9359,G-mixed,39850,39,59781,59,59,57,2262,80,1497,7308,5560469299,1517462562,532.19,0.00,88,67.2
9360,G-mixed,39850,39,59781,59,59,57,2257,80,1497,7308,5561508467,1517462578,532.05,0.01,106,64.0
9361,G-mixed,39850,39,59656,59,59,57,2253,80,1497,7308,5562563299,1517462578,540.07,0.00,95,74.4
9363,G-mixed,39850,39,59750,59,59,57,2243,80,1497,7308,5563615635,1517462578,538.80,0.00,112,72.8
9364,G-mixed,39850,39,59812,59,59,57,2245,80,1497,7349,5564660659,1517462698,535.05,0.06,128,65.6
9365,G-mixed,39850,39,59750,59,59,57,2246,80,1497,7349,5565693443,1517462706,528.79,0.00,112,77.2
9366,G-mixed,39850,39,59750,59,59,57,2250,80,1497,7349,5566740315,1517462722,536.00,0.01,69,76.8
9367,G-mixed,39850,39,59812,59,59,57,2245,80,1497,7308,5567790779,1517462722,537.84,0.00,84,76.0
9368,G-mixed,39850,39,60062,60,59,57,2246,80,1497,7308,5568839995,1517462730,537.20,0.00,124,68.4
9369,G-mixed,39850,39,59875,59,59,57,2244,80,1497,7308,5569879075,1517462866,532.01,0.07,112,74.8
9370,G-mixed,39850,39,60031,60,59,57,2246,80,1497,7268,5570919883,1517462866,532.89,0.00,110,71.6
9371,G-mixed,39850,39,60031,60,60,57,2245,80,1497,7349,5571938107,1517462874,521.33,0.00,125,69.6
9372,G-mixed,39850,39,59656,59,59,57,2243,80,1497,6900,5572941643,1517462874,513.81,0.00,125,67.6
9373,G-mixed,39850,39,59718,59,59,57,2244,80,1497,6818,5573948899,1517462874,515.72,0.00,127,72.0
9375,G-mixed,39850,39,59937,59,60,57,2246,80,1497,6859,5574962915,1517463106,519.18,0.12,122,74.8
9376,G-mixed,39850,39,59875,59,59,57,2246,80,1497,6859,5575976011,1517463114,518.71,0.00,124,70.4
9377,G-mixed,39850,39,59687,59,59,57,2248,80,1497,6818,5576976827,1517463122,512.42,0.00,127,65.6
9378,G-mixed,39850,39,59593,59,59,57,2246,80,1497,6818,5577972579,1517463122,509.83,0.00,114,73.2
9379,G-mixed,39850,39,59906,59,59,57,2248,80,1497,6818,5578961547,1517463122,506.35,0.00,105,66.0
9380,G-mixed,39850,39,60000,60,59,57,2253,80,1497,6818,5579947395,1517463226,504.75,0.05,99,68.4
9381,G-mixed,39850,39,59937,59,59,57,2253,80,1497,6818,5580944315,1517463226,510.42,0.00,122,73.2
9382,G-mixed,39850,39,59781,59,59,57,2257,80,1497,6818,5581960547,1517463250,520.31,0.01,122,66.0
9383,G-mixed,39850,39,59875,59,59,57,2259,80,1497,6818,5582966499,1517463250,515.05,0.00,121,69.6
9384,G-mixed,39850,39,59812,59,59,57,2259,80,1497,6859,5583976291,1517463250,517.01,0.00,123,69.2
9385,G-mixed,39850,39,59781,59,59,57,2259,80,1497,6818,5584981603,1517463386,514.72,0.07,108,66.4
9387,G-mixed,39850,39,59937,59,59,57,2264,80,1497,6859,5585988691,1517463386,515.63,0.00,126,69.2
9388,G-mixed,39850,39,59906,59,59,57,2262,80,1497,6859,5586996011,1517463394,515.75,0.00,87,75.2
9389,G-mixed,39850,39,59812,59,59,57,2248,80,1497,6818,5587997819,1517463394,512.93,0.00,97,75.6
9390,G-mixed,39850,39,59718,59,59,57,2246,80,1497,6859,5589011363,1517463394,518.93,0.00,122,64.4
9391,G-mixed,39850,39,59781,59,59,57,2243,80,1497,6818,5590008219,1517463618,510.39,0.11,124,69.6
9392,G-mixed,39850,39,59718,59,59,57,2246,80,1497,6818,5591015363,1517463618,515.66,0.00,98,76.4
9393,G-mixed,39850,39,59750,59,59,57,2239,80,1497,6818,5592016731,1517463626,512.70,0.00,128,74.8
9394,G-mixed,39850,39,59843,59,59,57,2245,80,1497,6859,5593024099,1517463626,515.77,0.00,105,69.2
9395,G-mixed,39850,39,59937,59,59,57,2243,80,1497,6818,5594026899,1517463626,513.43,0.00,85,69.6
9396,G-mixed,39850,39,59781,59,59,57,2245,80,1497,6818,5595032419,1517463730,514.83,0.05,123,73.2
9397,G-mixed,39850,39,59843,59,59,57,2243,80,1497,6818,5596037531,1517463730,514.62,0.00,107,71.6
9399,G-mixed,39850,39,59750,59,59,57,2241,80,1497,6818,5597059635,1517463746,523.32,0.01,106,66.4
9400,G-mixed,39850,39,59781,59,59,57,2241,80,1497,6818,5598058603,1517463746,511.47,0.00,123,70.0
9401,G-mixed,39850,39,59968,59,59,57,2243,80,1497,6818,5599059875,1517463746,512.65,0.00,101,65.6
9402,G-mixed,39850,39,60031,60,59,57,2243,80,1497,6859,5600056347,1517463850,510.19,0.05,125,71.2
9403,G-mixed,39850,39,59812,59,59,57,2245,80,1497,6859,5601055843,1517463850,511.74,0.00,125,75.2
9404,G-mixed,39850,39,59843,59,60,57,2245,80,1497,6818,5602075075,1517463858,521.85,0.00,126,73.6
9405,G-mixed,39850,39,60156,60,59,58,2249,80,1497,6859,5603095667,1517463858,522.54,0.00,127,66.8
9406,G-mixed,39850,39,60468,60,60,57,2250,80,1497,7186,5604095179,1517463866,511.75,0.00,117,77.2
9407,G-mixed,39850,39,60031,60,60,57,2256,80,1497,6900,5605101691,1517464362,515.33,0.25,82,69.2
9408,G-mixed,39850,39,60093,60,60,57,2256,80,1497,6859,5606107331,1517464362,514.89,0.00,110,72.0
9409,G-mixed,39850,39,59968,59,60,57,2259,80,1497,6859,5607111675,1517464378,514.22,0.01,124,66.0
9411,G-mixed,39850,39,60250,60,60,57,2259,80,1497,6859,5608123859,1517464378,518.24,0.00,122,71.2
9412,G-mixed,39850,39,59937,59,60,57,2265,80,1497,6859,5609132371,1517464410,516.36,0.02,114,69.6
9413,G-mixed,39850,39,60000,60,60,57,2261,80,1497,6818,5610146179,1517464954,519.07,0.28,95,73.2
9414,G-mixed,39850,39,59968,59,60,57,2245,80,1497,6859,5611154979,1517464954,516.51,0.00,126,69.6
9415,G-mixed,39850,39,60031,60,60,57,2243,80,1497,6818,5612159515,1517464962,514.32,0.00,125,67.2
9416,G-mixed,39850,39,59906,59,60,57,2243,80,1497,6859,5613174531,1517464962,519.69,0.00,93,69.6
9417,G-mixed,39850,39,59968,59,60,57,2241,80,1497,6818,5614176795,1517464962,513.16,0.00,100,70.0
9418,G-mixed,39850,39,60187,60,60,57,2241,80,1497,6818,5615181987,1517465138,514.66,0.09,123,70.8
9419,G-mixed,39850,39,60125,60,59,57,2245,80,1497,6818,5616197267,1517465138,519.82,0.00,112,64.4
9420,G-mixed,39850,39,60125,60,60,57,2243,80,1497,6818,5617222675,1517465146,525.01,0.00,122,69.6
9421,G-mixed,39850,39,60031,60,60,57,2247,80,1497,6859,5618225035,1517465154,513.21,0.00,90,71.6
9423,G-mixed,39850,39,60000,60,60,57,2243,80,1497,6818,5619245835,1517465154,522.65,0.00,122,69.6
9424,G-mixed,39850,39,59968,59,59,58,2245,80,1497,6818,5620248531,1517465274,513.38,0.06,113,68.8
9425,G-mixed,39850,39,60125,60,60,58,2245,80,1497,6818,5621250491,1517465274,513.00,0.00,102,68.4
9426,G-mixed,39850,39,59875,59,60,58,2247,80,1497,6818,5622262747,1517465282,518.28,0.00,123,68.0
9427,G-mixed,39850,39,59968,59,60,57,2247,80,1497,6859,5623290667,1517465282,526.30,0.00,127,68.8
9428,G-mixed,39850,39,60031,60,60,58,2243,80,1497,6818,5624301235,1517465290,517.41,0.00,125,68.4
9429,G-mixed,39850,39,60187,60,60,57,2243,80,1497,6818,5625323675,1517465394,523.49,0.05,115,68.0
9430,G-mixed,39850,39,60062,60,60,58,2247,80,1497,6859,5626339707,1517465402,520.21,0.00,126,72.4
9431,G-mixed,39850,39,60062,60,60,58,2250,80,1497,6818,5627355283,1517465410,519.97,0.00,117,69.6
9432,G-mixed,39850,39,60093,60,60,58,2254,80,1497,6859,5628361523,1517465410,515.19,0.00,97,69.6
9433,G-mixed,39850,39,60093,60,60,58,2256,80,1497,6818,5629376747,1517465410,519.79,0.00,101,69.2
9435,G-mixed,39850,39,60125,60,60,57,2254,80,1497,6818,5630380931,1517465618,514.14,0.11,94,72.4
9436,G-mixed,39850,39,60281,60,60,58,2258,80,1497,6982,5631388979,1517465626,516.12,0.00,84,75.2
9437,G-mixed,39850,39,60187,60,60,58,2259,80,1497,7268,5632418827,1517465634,527.28,0.00,94,80.0
9438,G-mixed,39850,39,60562,60,60,57,2257,80,1497,7308,5633433643,1517465634,519.59,0.00,102,71.6
9439,G-mixed,39850,39,60375,60,60,57,2249,80,1497,7308,5634441819,1517465634,516.19,0.00,127,68.0
9440,G-mixed,39850,39,60781,60,60,58,2241,80,1497,7308,5635445947,1517465738,514.11,0.05,124,68.8
9441,G-mixed,39850,39,60468,60,60,58,2245,80,1497,7308,5636453035,1517465738,515.63,0.00,100,73.2
9442,G-mixed,39850,39,60656,60,60,58,2249,80,1497,7268,5637460507,1517465746,515.83,0.00,117,70.8
9443,G-mixed,39850,39,60625,60,60,58,2247,80,1497,7268,5638485779,1517465762,524.94,0.01,121,72.8
9444,G-mixed,39850,39,60468,60,60,58,2245,80,1497,7308,5639507931,1517465762,523.34,0.00,110,74.4
9445,G-mixed,39850,39,60375,60,60,58,2249,80,1497,7308,5640516707,1517465898,516.49,0.07,122,78.0
9447,G-mixed,39850,39,60750,60,60,58,2245,80,1497,7308,5641533947,1517465898,520.83,0.00,89,73.2
9448,G-mixed,39850,39,60812,60,60,58,2241,80,1497,7349,5642545563,1517465906,517.95,0.00,97,76.4
9449,G-mixed,39850,39,60750,60,60,58,2245,80,1497,7308,5643561547,1517465906,520.18,0.00,125,72.8
9450,G-mixed,39850,39,60656,60,60,58,2247,80,1497,7308,5644572715,1517465906,517.72,0.00,122,70.0
9451,G-mixed,39850,39,60468,60,60,58,2243,80,1497,7308,5645592515,1517466050,522.14,0.07,122,75.2
9452,G-mixed,39850,39,60562,60,60,58,2247,80,1497,7390,5646630371,1517466050,531.38,0.00,107,73.6
9453,G-mixed,39850,39,60656,60,60,58,2245,80,1497,7390,5647650771,1517466066,522.44,0.01,124,74.4
9454,G-mixed,39850,39,60968,60,60,58,2242,80,1497,7349,5648666923,1517466066,520.27,0.00,98,74.0
9455,G-mixed,39850,39,60625,60,60,58,2243,80,1497,7349,5649678747,1517466066,518.05,0.00,111,78.0
9456,G-mixed,39850,39,60781,60,60,58,2350,84,1497,7308,5650682307,1517466186,513.82,0.06,128,70.4
9458,G-mixed,39850,39,60562,60,60,58,2383,84,1497,7308,5651684147,1517466202,512.94,0.01,119,74.4
9459,G-mixed,39850,39,60875,60,60,58,2393,84,1497,7349,5652704771,1517466210,522.56,0.00,121,72.0
9460,G-mixed,39850,39,60968,60,60,58,2395,84,1497,7349,5653721267,1517466210,520.45,0.00,105,70.0
9461,G-mixed,39850,39,60875,60,60,58,2397,84,1497,7308,5654734179,1517466210,518.61,0.00,119,70.0
9462,G-mixed,39850,39,60906,60,61,58,2399,84,1497,7349,5655749731,1517466338,519.96,0.07,108,74.4
9463,G-mixed,39850,39,61125,61,60,58,2393,84,1497,7349,5656761123,1517466338,517.83,0.00,124,74.4
9464,G-mixed,39850,39,61218,61,60,58,2385,84,1497,7308,5657779715,1517466346,521.52,0.00,97,71.6
9465,G-mixed,39850,39,60968,60,60,58,2383,84,1497,7308,5658796123,1517466346,520.40,0.00,120,74.0
9466,G-mixed,39850,39,60968,60,61,58,2385,84,1497,7308,5659811275,1517466354,519.76,0.00,103,75.2
9467,G-mixed,39850,39,60687,60,60,58,2385,84,1497,7308,5660821763,1517466474,517.37,0.06,103,70.8
9468,G-mixed,39850,39,60875,60,60,58,2387,84,1497,7308,5661830923,1517466474,516.69,0.00,99,75.2
9470,G-mixed,39850,39,60906,60,60,58,2387,84,1497,7308,5662834875,1517466482,514.02,0.00,103,74.0
9471,G-mixed,39850,39,61156,61,60,58,2383,84,1497,7349,5663842507,1517466482,515.91,0.00,95,70.4
9472,G-mixed,39850,39,61062,61,60,58,2385,84,1497,7308,5664868595,1517466482,525.36,0.00,104,72.4
9473,G-mixed,39850,39,61093,61,60,58,2383,84,1497,7349,5665877811,1517466602,516.72,0.06,97,74.0
9474,G-mixed,39850,39,60875,60,60,58,2385,84,1497,7308,5666879747,1517466610,512.99,0.00,98,72.0
9475,G-mixed,39850,39,60812,60,60,58,2385,84,1497,7308,5667898379,1517466618,521.54,0.00,114,70.8
9476,G-mixed,39850,39,60937,60,61,58,2385,84,1497,7390,5668904995,1517466618,515.39,0.00,108,75.6
9477,G-mixed,39850,39,60812,60,60,58,2383,84,1497,7308,5669904683,1517466618,511.84,0.00,87,72.4
9478,G-mixed,39850,39,61093,61,60,58,2385,84,1497,7268,5670909939,1517466730,514.69,0.06,126,73.6
9479,G-mixed,39850,39,61000,61,61,58,2383,84,1497,7308,5671911179,1517466738,512.63,0.00,95,72.4
9480,G-mixed,39850,39,61062,61,61,58,2383,84,1497,7268,5672920419,1517466746,516.73,0.00,126,67.6
9481,G-mixed,39850,39,60968,60,61,58,2385,84,1497,7349,5673924667,1517466754,514.17,0.00,108,77.6
9483,G-mixed,39850,39,60968,60,61,58,2385,84,1497,7349,5674940619,1517466754,520.17,0.00,101,70.8
9484,G-mixed,39850,39,61031,61,61,58,2385,84,1497,7308,5675951371,1517466866,517.51,0.06,128,66.8
9485,G-mixed,39850,39,60781,60,61,58,2383,84,1497,7308,5676941931,1517466874,507.17,0.00,102,74.8
9486,G-mixed,39850,39,61187,61,61,58,2383,84,1497,7308,5677942435,1517466882,512.26,0.00,127,73.2
9487,G-mixed,39850,39,61375,61,61,58,2381,84,1497,7349,5678957747,1517466882,519.84,0.00,121,71.2
9488,G-mixed,39850,39,61187,61,60,58,2385,84,1497,7349,5679962611,1517466890,514.49,0.00,102,66.0
9489,G-mixed,39850,39,61031,61,61,58,2387,84,1497,7308,5680968755,1517467074,515.15,0.09,106,66.0
9490,17-cleanup-trim,39850,39,60468,60,60,58,2389,84,1344,6297,5681182067,1517521666,109.22,27.95,0,36.4
9491,17-cleanup-trim,39850,39,60000,60,60,58,2391,84,1420,5766,5681182211,1517521666,0.07,0.00,1,100.0
9492,17-cleanup-trim,39850,39,59875,59,59,58,2301,80,1344,5193,5681182243,1517521666,0.02,0.00,1,100.0
9493,17-cleanup-trim,39850,39,59750,59,59,58,2268,80,1344,5071,5681182275,1517521666,0.02,0.00,1,100.0
9494,17-cleanup-trim,39850,39,59625,59,59,58,2266,80,1344,5071,5681182275,1517521666,0.00,0.00,1,100.0
9495,17-cleanup-trim,39850,39,59656,59,59,58,2263,80,1497,5071,5681182275,1517522170,0.00,0.26,1,100.0
9497,17-cleanup-trim,39850,39,59687,59,59,58,2257,80,1267,5071,5681182275,1517522170,0.00,0.00,1,100.0
9498,17-cleanup-trim,39850,39,59562,59,59,58,2252,80,1344,5071,5681182275,1517522170,0.00,0.00,1,100.0
9499,17-cleanup-trim,39850,39,59593,59,59,58,2247,80,729,5071,5681182275,1517522170,0.00,0.00,1,100.0
9500,17-cleanup-trim,39850,39,59687,59,59,58,2250,80,1344,5071,5681182275,1517522170,0.00,0.00,1,100.0
9501,17-cleanup-trim,39850,39,59812,59,59,57,2249,80,1267,5071,5681182275,1517522306,0.00,0.07,1,100.0
9502,17-cleanup-trim,39850,39,59531,59,59,57,2250,80,1497,5071,5681182275,1517522306,0.00,0.00,1,100.0
9503,17-cleanup-trim,39850,39,59437,59,59,58,2250,80,1267,5071,5681182275,1517522314,0.00,0.00,1,100.0
9504,17-cleanup-trim,39850,39,59250,59,59,57,2247,80,1344,5071,5681182275,1517522314,0.00,0.00,1,100.0
9505,17-cleanup-trim,39850,39,59312,59,59,57,2245,80,729,5112,5681182275,1517522314,0.00,0.00,1,100.0
9506,17-cleanup-trim,39850,39,59218,59,59,57,2248,80,1344,5071,5681182275,1517522322,0.00,0.00,2,100.0
9507,17-cleanup-trim,39850,39,59468,59,59,58,2252,80,729,5398,5681182275,1517522466,0.00,0.07,1,100.0
9508,17-cleanup-trim,39850,39,59187,59,59,58,2252,80,729,5112,5681182275,1517522466,0.00,0.00,1,100.0
9509,17-cleanup-trim,39850,39,59187,59,59,57,2255,80,1267,5071,5681182275,1517522466,0.00,0.00,1,100.0
9511,17-cleanup-trim,39850,39,59250,59,59,57,2261,80,1267,5071,5681182275,1517522650,0.00,0.09,1,100.0
9512,17-cleanup-trim,39850,39,59156,59,59,57,2264,80,1344,5071,5681182275,1517522658,0.00,0.00,3,100.0
9513,17-cleanup-trim,39850,39,59062,59,59,57,2261,80,1497,5071,5681182275,1517523186,0.00,0.27,1,100.0
9514,17-cleanup-trim,39850,39,59062,59,59,57,2261,80,960,5071,5681182275,1517523186,0.00,0.00,1,100.0
9515,17-cleanup-trim,39850,39,59312,59,59,57,2256,80,1344,5071,5681182275,1517523186,0.00,0.00,1,100.0
9516,17-cleanup-trim,39850,39,59406,59,59,57,2250,80,1344,5071,5681182275,1517523186,0.00,0.00,1,100.0
9517,17-cleanup-trim,39850,39,59343,59,59,57,2247,80,1267,5112,5681182275,1517523586,0.00,0.20,2,100.0
9518,17-cleanup-trim,39850,39,59312,59,59,57,2245,80,1344,5071,5681182275,1517523730,0.00,0.07,1,100.0
9519,17-cleanup-trim,39850,39,59093,59,59,57,2247,80,729,5071,5681182275,1517523730,0.00,0.00,1,100.0
9520,17-cleanup-trim,39850,39,59062,59,59,57,2245,80,1344,5071,5681182275,1517523730,0.00,0.00,1,100.0
9521,17-cleanup-trim,39850,39,58906,58,59,57,2245,80,729,5071,5681182275,1517523730,0.00,0.00,1,100.0
9522,17-cleanup-trim,39850,39,58968,58,58,57,2247,80,1344,5071,5681182275,1517523874,0.00,0.07,1,100.0
9523,17-cleanup-trim,39850,39,59031,59,59,57,2247,80,1036,5071,5681182275,1517523874,0.00,0.00,1,100.0
9525,17-cleanup-trim,39850,39,58906,58,58,57,2245,80,1267,5071,5681182275,1517523874,0.00,0.00,1,100.0
9526,17-cleanup-trim,39850,39,58781,58,59,57,2247,80,729,5071,5681182275,1517523882,0.00,0.00,1,100.0
9527,17-cleanup-trim,39850,39,58968,58,58,57,2247,80,1344,5071,5681182275,1517523882,0.00,0.00,1,100.0
9528,17-cleanup-trim,39850,39,58968,58,58,57,2247,80,1267,5071,5681182275,1517523994,0.00,0.06,1,100.0
9529,17-cleanup-trim,39850,39,58812,58,59,57,2246,80,1344,5071,5681182275,1517524002,0.00,0.00,1,100.0
9530,17-cleanup-trim,39850,39,59031,59,59,57,2248,80,1267,5071,5681182275,1517524002,0.00,0.00,1,100.0
9531,17-cleanup-trim,39850,39,59125,59,59,57,2250,80,1344,5071,5681182275,1517524002,0.00,0.00,1,100.0
9532,17-cleanup-trim,39850,39,58593,58,58,57,2254,80,1344,5071,5681182275,1517524002,0.00,0.00,1,100.0
9533,17-cleanup-trim,39850,39,58625,58,58,57,2255,80,1344,5071,5681182275,1517524026,0.00,0.01,2,100.0
9534,17-cleanup-trim,39850,39,58687,58,58,57,2193,77,1036,5193,5681182275,1517524130,0.00,0.05,1,100.0
9535,17-cleanup-trim,39850,39,58750,58,58,57,2164,77,1267,5275,5681182275,1517524130,0.00,0.00,1,100.0
9536,17-cleanup-trim,39850,39,58687,58,58,57,2164,77,1267,5071,5681182275,1517524130,0.00,0.00,0,19.2
9537,17-cleanup-trim,39850,39,58687,58,58,57,2157,77,729,5030,5681182275,1517524130,0.00,0.00,0,0.0
9539,17-cleanup-trim,39850,39,58593,58,58,57,2148,77,1497,5030,5681182275,1517524338,0.00,0.11,0,0.0
9540,17-cleanup-trim,39850,39,58687,58,58,57,2141,77,1267,5030,5681182275,1517524338,0.00,0.00,0,0.0
9541,17-cleanup-trim,39850,39,58562,58,58,57,2143,77,729,5030,5681182275,1517524362,0.00,0.01,0,0.0
9542,17-cleanup-trim,39850,39,58656,58,58,57,2144,77,1036,5030,5681182275,1517524362,0.00,0.00,0,0.0
9543,17-cleanup-trim,39850,39,58593,58,58,57,2143,77,1267,5030,5681182275,1517524362,0.00,0.00,0,0.0
9544,17-cleanup-trim,39850,39,58437,58,58,57,2143,77,729,5030,5681182275,1517524554,0.00,0.10,0,0.0
9545,17-cleanup-trim,39850,39,58593,58,58,57,2139,77,1497,5030,5681182275,1517524554,0.00,0.00,0,0.0
9546,17-cleanup-trim,39850,39,58656,58,58,57,2141,77,1344,4989,5681182275,1517524554,0.00,0.00,0,0.0
9547,17-cleanup-trim,39850,39,58500,58,58,57,2141,77,729,5030,5681182275,1517524554,0.00,0.00,0,0.0
9548,17-cleanup-trim,39850,39,58406,58,58,57,2141,77,1267,5030,5681182275,1517524562,0.00,0.00,0,0.0
9549,17-cleanup-trim,39850,39,58750,58,58,56,2143,77,1344,5030,5681182275,1517524706,0.00,0.07,0,0.0
9550,17-cleanup-trim,39850,39,58343,58,58,57,2143,77,1497,5030,5681182275,1517524714,0.00,0.00,0,0.4
9551,17-cleanup-trim,39850,39,58468,58,58,56,2144,77,1267,5030,5681182275,1517524714,0.00,0.00,0,0.0
9552,17-cleanup-trim,39850,39,58375,58,58,57,2144,77,1344,5030,5681182275,1517524714,0.00,0.00,0,0.0
9553,17-cleanup-trim,39850,39,58531,58,58,57,2144,77,1344,5030,5681182275,1517524714,0.00,0.00,0,0.0
9555,17-cleanup-trim,39850,39,58250,58,58,57,2146,77,729,5030,5681182275,1517524946,0.00,0.12,0,0.4
9556,17-cleanup-trim,39850,39,58687,58,58,57,2149,77,1267,5152,5681182275,1517524954,0.00,0.00,0,0.0
9557,17-cleanup-trim,39850,39,58687,58,58,57,2147,77,1344,5643,5681182275,1517524954,0.00,0.00,0,0.0
9558,17-cleanup-trim,39850,39,58656,58,58,57,2147,77,1497,5684,5681182275,1517524954,0.00,0.00,0,0.0
9559,17-cleanup-trim,39850,39,59093,59,59,57,2149,77,1344,5684,5681182275,1517524954,0.00,0.00,0,0.0
9560,17-cleanup-trim,39850,39,59031,59,59,57,2152,77,1344,5684,5681182275,1517525074,0.00,0.06,0,0.4
9561,17-cleanup-trim,39850,39,58937,58,58,57,2157,77,1497,5643,5681182275,1517525074,0.00,0.00,0,0.0
9562,17-cleanup-trim,39850,39,58656,58,58,57,2160,77,1497,5643,5681182275,1517525074,0.00,0.00,0,0.0
9563,17-cleanup-trim,39850,39,58687,58,58,57,2160,77,1497,5643,5681182275,1517525082,0.00,0.00,0,0.0
9564,17-cleanup-trim,39850,39,58562,58,58,57,2154,77,1497,5643,5681182275,1517525082,0.00,0.00,0,0.0
9565,17-cleanup-trim,39850,39,58937,58,58,56,2146,77,1497,5684,5681182275,1517525210,0.00,0.07,0,0.0
9566,17-cleanup-trim,39850,39,58562,58,58,57,2144,77,1497,5684,5681182275,1517525210,0.00,0.00,0,0.0
9567,17-cleanup-trim,39850,39,58687,58,58,57,2146,77,1497,5643,5681182275,1517525210,0.00,0.00,0,0.0
9568,17-cleanup-trim,39850,39,58625,58,58,57,2144,77,1497,5643,5681182275,1517525210,0.00,0.00,0,0.0
9569,17-cleanup-trim,39850,39,58656,58,58,57,2144,77,1497,5684,5681182275,1517525210,0.00,0.00,0,0.0
9570,17-cleanup-trim,39850,39,58531,58,58,57,2142,77,1497,5643,5681182275,1517525330,0.00,0.06,0,0.0
9571,17-cleanup-trim,39850,39,58718,58,58,57,2141,77,1497,5643,5681182275,1517525354,0.00,0.01,0,0.0
9572,17-cleanup-trim,39850,39,58593,58,58,56,2139,77,1497,5643,5681182275,1517525354,0.00,0.00,0,0.0
9574,17-cleanup-trim,39850,39,58562,58,58,57,2139,77,1497,5643,5681182275,1517525354,0.00,0.00,0,0.0
9575,17-cleanup-trim,39850,39,58531,58,58,57,2141,77,1497,5643,5681182275,1517525354,0.00,0.00,0,0.0
9576,17-cleanup-trim,39850,39,58531,58,58,57,2143,77,1497,5643,5681182275,1517525466,0.00,0.06,0,0.0
9577,17-cleanup-trim,39850,39,58625,58,58,57,2146,77,1497,5643,5681182275,1517525482,0.00,0.01,0,0.4
9578,17-cleanup-trim,39850,39,58593,58,58,56,2146,77,1497,5643,5681182275,1517525490,0.00,0.00,0,0.0
9579,17-cleanup-trim,39850,39,58562,58,58,56,2144,77,1497,5684,5681182275,1517525490,0.00,0.00,0,0.0
9580,17-cleanup-trim,39850,39,58687,58,58,56,2146,77,1497,5684,5681182275,1517525490,0.00,0.00,0,0.0
9581,17-cleanup-trim,39850,39,58750,58,58,57,2146,77,1497,5684,5681182275,1517525610,0.00,0.06,0,0.0
9582,17-cleanup-trim,39850,39,58656,58,58,57,2147,77,1497,5643,5681182275,1517525618,0.00,0.00,0,0.0
9583,17-cleanup-trim,39850,39,58531,58,58,57,2150,77,1497,5684,5681182275,1517525618,0.00,0.00,0,0.0
9584,17-cleanup-trim,39850,39,58656,58,58,57,2152,77,1497,5684,5681182275,1517525618,0.00,0.00,0,0.0
9585,17-cleanup-trim,39850,39,58593,58,58,57,2154,77,1497,5643,5681182275,1517525618,0.00,0.00,0,0.0
9586,17-cleanup-trim,39850,39,58593,58,58,56,2155,77,1497,5643,5681182275,1517525778,0.00,0.08,0,0.0
9587,17-cleanup-trim,39850,39,58437,58,58,56,2157,77,1497,5684,5681182275,1517525778,0.00,0.00,0,0.0
9588,17-cleanup-trim,39850,39,58562,58,58,56,2160,77,1497,5643,5681182275,1517525778,0.00,0.00,0,0.0
9589,17-cleanup-trim,39850,39,58468,58,58,56,2160,77,1497,5643,5681182275,1517525778,0.00,0.00,0,0.0
9590,17-cleanup-trim,39850,39,58625,58,58,57,2162,77,1497,5643,5681182275,1517525778,0.00,0.00,0,0.0
9591,17-cleanup-trim,39850,39,58468,58,58,56,2164,77,1497,5684,5681182275,1517525914,0.00,0.07,0,0.0
9592,17-cleanup-trim,39850,39,58593,58,58,57,2162,77,1497,5643,5681182275,1517525922,0.00,0.00,0,0.0
9594,17-cleanup-trim,39850,39,58468,58,58,56,2165,77,1497,5643,5681182275,1517525930,0.00,0.00,0,0.0
9595,17-cleanup-trim,39850,39,58562,58,58,57,2165,77,1497,5643,5681182275,1517525930,0.00,0.00,0,0.0
9596,17-cleanup-trim,39850,39,58500,58,58,56,2155,77,1497,5643,5681182275,1517525930,0.00,0.00,0,0.0
9597,17-cleanup-trim,39850,39,58656,58,58,56,2145,77,1497,5643,5681182275,1517526066,0.00,0.07,0,0.0
9598,17-cleanup-trim,39850,39,58500,58,58,56,2142,77,1497,5684,5681182275,1517526066,0.00,0.00,0,0.0
9599,17-cleanup-trim,39850,39,58718,58,58,56,2139,77,1497,5684,5681182275,1517526066,0.00,0.00,0,0.0
9600,17-cleanup-trim,39850,39,58843,58,58,57,2142,77,1497,5643,5681182275,1517526066,0.00,0.00,0,0.0
9601,17-cleanup-trim,39850,39,58593,58,58,56,2144,77,1497,5643,5681182275,1517526074,0.00,0.00,0,0.0
9602,17-cleanup-trim,39850,39,58500,58,58,57,2142,77,1497,5643,5681182275,1517526194,0.00,0.06,0,0.0
9603,17-cleanup-trim,39850,39,58468,58,58,56,2139,77,1497,5684,5681182275,1517526202,0.00,0.00,0,0.0
9604,17-cleanup-trim,39850,39,58781,58,58,57,2142,77,1497,5643,5681182275,1517526202,0.00,0.00,0,0.0
9605,17-cleanup-trim,39850,39,58500,58,58,56,2142,77,1497,5643,5681182275,1517526202,0.00,0.00,0,0.0
9606,17-cleanup-trim,39850,39,58468,58,58,56,2141,77,1497,5643,5681182275,1517526202,0.00,0.00,0,0.0
9607,17-cleanup-trim,39850,39,59125,59,59,56,2144,77,1420,5929,5681182275,1517526402,0.00,0.10,0,0.4
9608,17-cleanup-trim,39850,39,58843,58,58,56,2146,77,1344,5807,5681182275,1517526970,0.00,0.29,0,0.0
9609,17-cleanup-trim,39850,39,58843,58,58,56,2142,77,1497,5684,5681182275,1517526970,0.00,0.00,0,0.0
9610,17-cleanup-trim,39850,39,58875,58,58,56,2147,77,1267,5684,5681182275,1517526970,0.00,0.00,0,0.0
9611,17-cleanup-trim,39850,39,58968,58,58,56,2147,77,1344,5684,5681182275,1517526970,0.00,0.00,0,0.0
9613,17-cleanup-trim,39850,39,58218,58,58,56,2146,77,729,5071,5681182275,1517527394,0.00,0.22,0,0.0
9614,17-cleanup-trim,39850,39,58375,58,58,56,2149,77,1344,4989,5681182275,1517527546,0.00,0.08,0,0.0
9615,17-cleanup-trim,39850,39,58093,58,58,57,2149,77,729,5030,5681182275,1517527546,0.00,0.00,0,0.0
9616,17-cleanup-trim,39850,39,58000,58,58,56,2151,77,729,5030,5681182275,1517527546,0.00,0.00,0,0.0
9617,17-cleanup-trim,39850,39,58187,58,58,56,2154,77,729,5030,5681182275,1517527546,0.00,0.00,0,0.0
9618,17-cleanup-trim,39850,39,58031,58,58,56,2154,77,729,5071,5681182275,1517527714,0.00,0.09,0,0.4
9619,17-cleanup-trim,39850,39,58187,58,58,56,2155,77,729,5030,5681182275,1517527714,0.00,0.00,0,0.0
9620,17-cleanup-trim,39850,39,58000,58,58,56,2159,77,1267,5030,5681182275,1517527722,0.00,0.00,0,0.0
9621,17-cleanup-trim,39850,39,58125,58,58,56,2159,77,1344,5030,5681182275,1517527722,0.00,0.00,0,0.0
9622,17-cleanup-trim,39850,39,58031,58,58,56,2157,77,1190,5030,5681182275,1517527722,0.00,0.00,0,0.0
9623,17-cleanup-trim,39850,39,58000,58,58,56,2159,77,1267,5030,5681182275,1517527834,0.00,0.06,0,0.0
9624,17-cleanup-trim,39850,39,58031,58,58,56,2150,77,729,5030,5681182275,1517527842,0.00,0.00,0,0.4
9625,17-cleanup-trim,39850,39,58062,58,57,56,2142,77,729,5030,5681182275,1517527842,0.00,0.00,0,0.0
9626,17-cleanup-trim,39850,39,57843,57,57,56,2142,77,960,5030,5681182275,1517527842,0.00,0.00,0,0.0
9627,17-cleanup-trim,39850,39,57937,57,57,56,2144,77,1344,5030,5681182275,1517527842,0.00,0.00,0,0.0
9629,17-cleanup-trim,39850,39,58093,58,57,56,2144,77,1267,5030,5681182275,1517528002,0.00,0.08,0,0.0
9630,17-cleanup-trim,39850,39,57781,57,58,56,2142,77,1267,5030,5681182275,1517528002,0.00,0.00,0,0.0
9631,17-cleanup-trim,39850,39,57718,57,57,56,2141,77,1267,5030,5681182275,1517528018,0.00,0.01,0,0.0
9632,17-cleanup-trim,39850,39,57937,57,57,56,2139,77,1344,5030,5681182275,1517528018,0.00,0.00,0,0.0
9633,17-cleanup-trim,39850,39,57687,57,57,56,2138,77,1267,5030,5681182275,1517528018,0.00,0.00,0,0.0
9634,17-cleanup-trim,39850,39,57937,57,57,56,2138,77,1267,5030,5681182275,1517528178,0.00,0.08,0,0.0
9635,17-cleanup-trim,39850,39,57843,57,57,56,2141,77,1344,5030,5681182275,1517528178,0.00,0.00,0,0.0
9636,17-cleanup-trim,39850,39,57718,57,57,56,2144,77,1497,5030,5681182275,1517528178,0.00,0.00,0,0.0
9637,17-cleanup-trim,39850,39,57875,57,57,56,2146,77,1344,5030,5681182275,1517528178,0.00,0.00,0,0.0
9638,17-cleanup-trim,39850,39,57843,57,57,56,2145,77,1344,5030,5681182275,1517528186,0.00,0.00,0,0.0
9639,17-cleanup-trim,39850,39,57687,57,57,56,2144,77,1344,4989,5681182275,1517528314,0.00,0.07,0,0.0
9640,17-cleanup-trim,39850,39,57718,57,57,56,2147,77,1344,5030,5681182275,1517528322,0.00,0.00,0,0.4
9641,17-cleanup-trim,39850,39,57656,57,57,56,2152,77,1267,5030,5681182275,1517528322,0.00,0.00,0,0.0
9642,17-cleanup-trim,39850,39,57812,57,57,56,2155,77,729,5030,5681182275,1517528322,0.00,0.00,0,0.0
9644,17-cleanup-trim,39850,39,57625,57,57,56,2155,77,960,5030,5681182275,1517528322,0.00,0.00,0,0.0
9645,17-cleanup-trim,39850,39,57812,57,57,56,2074,74,1344,5030,5681182275,1517528522,0.00,0.10,0,0.4
9646,17-cleanup-trim,39850,39,57593,57,57,56,2058,74,729,5030,5681182275,1517528530,0.00,0.00,0,0.0
9647,17-cleanup-trim,39850,39,57593,57,57,56,2058,74,1344,5030,5681182275,1517528530,0.00,0.00,0,0.0
9648,17-cleanup-trim,39850,39,57625,57,57,56,2056,74,1267,5030,5681182275,1517528530,0.00,0.00,0,0.0
9649,17-cleanup-trim,39850,39,57593,57,57,56,2056,74,1267,4989,5681182275,1517528530,0.00,0.00,0,0.0
9650,17-cleanup-trim,39850,39,57593,57,57,56,2055,74,960,4989,5681182275,1517528650,0.00,0.06,0,0.0
9651,17-cleanup-trim,39850,39,57718,57,57,56,2061,74,1344,5030,5681182275,1517528650,0.00,0.00,0,0.0
9652,17-cleanup-trim,39850,39,57562,57,57,56,2050,74,729,5030,5681182275,1517528650,0.00,0.00,0,0.0
9653,17-cleanup-trim,39850,39,57750,57,57,56,2043,74,1267,4989,5681182275,1517528658,0.00,0.00,0,0.0
9654,17-cleanup-trim,39850,39,57687,57,57,56,2036,74,1344,5030,5681182275,1517528658,0.00,0.00,0,0.0
9655,17-cleanup-trim,39850,39,57437,57,57,56,2033,74,1267,5030,5681182275,1517528778,0.00,0.06,0,0.0
9656,17-cleanup-trim,39850,39,57468,57,57,56,2034,74,960,5030,5681182275,1517528786,0.00,0.00,0,0.4
9657,17-cleanup-trim,39850,39,57375,57,57,56,2033,74,1344,5030,5681182275,1517528786,0.00,0.00,0,0.0
9658,17-cleanup-trim,39850,39,57531,57,57,56,2034,74,1036,5030,5681182275,1517528786,0.00,0.00,0,0.0
9660,17-cleanup-trim,39850,39,57343,57,57,56,2031,74,729,4989,5681182275,1517528786,0.00,0.00,0,0.0
9661,17-cleanup-trim,39850,39,57500,57,57,56,2034,74,1267,5030,5681182275,1517528914,0.00,0.07,1,0.4
9662,17-cleanup-trim,39850,39,57437,57,57,56,2033,74,1344,5030,5681182275,1517528922,0.00,0.00,0,0.0
9663,17-cleanup-trim,39850,39,57656,57,57,55,2034,74,1190,5030,5681182275,1517528922,0.00,0.00,0,0.0
9664,17-cleanup-trim,39850,39,57343,57,57,55,2034,74,1344,4989,5681182275,1517528922,0.00,0.00,0,0.0
9665,17-cleanup-trim,39850,39,57343,57,57,56,2033,74,1267,4989,5681182275,1517528922,0.00,0.00,0,0.0
9666,17-cleanup-trim,39850,39,57406,57,57,56,2036,74,1497,5030,5681182275,1517529026,0.00,0.05,0,0.0
9667,17-cleanup-trim,39850,39,57375,57,57,56,2039,74,1267,5030,5681182275,1517529034,0.00,0.00,0,0.4
9668,17-cleanup-trim,39850,39,57437,57,57,56,2040,74,1267,5030,5681182275,1517529042,0.00,0.00,0,0.0
9669,17-cleanup-trim,39850,39,57343,57,57,56,2040,74,729,4989,5681182275,1517529042,0.00,0.00,0,0.0
9670,17-cleanup-trim,39850,39,57625,57,57,56,2042,74,1344,5030,5681182275,1517529042,0.00,0.00,0,0.0
9671,17-cleanup-trim,39850,39,57281,57,57,56,2043,74,1267,5030,5681182275,1517529194,0.00,0.08,0,0.0
9672,17-cleanup-trim,39850,39,57218,57,57,56,2042,74,1344,5030,5681182275,1517529194,0.00,0.00,0,0.0
9673,17-cleanup-trim,39850,39,57406,57,57,55,2046,74,1267,4989,5681182275,1517529194,0.00,0.00,0,0.0
9675,17-cleanup-trim,39850,39,57250,57,57,55,2047,74,1267,5030,5681182275,1517529194,0.00,0.00,0,0.0
9676,17-cleanup-trim,39850,39,57562,57,57,55,2052,74,1497,5112,5681182275,1517529202,0.00,0.00,0,0.0
9677,17-cleanup-trim,39850,39,57687,57,57,56,2050,74,1497,5602,5681182275,1517529450,0.00,0.13,0,0.4
9678,17-cleanup-trim,39850,39,57968,57,57,56,2055,74,1497,5643,5681182275,1517529450,0.00,0.00,0,0.0
9679,17-cleanup-trim,39850,39,57687,57,57,56,2050,74,1497,5643,5681182275,1517529450,0.00,0.00,0,0.0
9680,17-cleanup-trim,39850,39,57750,57,57,56,2046,74,1497,5643,5681182275,1517529450,0.00,0.00,0,0.0
9681,17-cleanup-trim,39850,39,57718,57,57,56,2037,74,1497,5643,5681182275,1517529450,0.00,0.00,0,0.0
9682,17-cleanup-trim,39850,39,58031,58,57,56,2034,74,1497,5643,5681182275,1517529562,0.00,0.06,0,0.0
9683,17-cleanup-trim,39850,39,57781,57,57,56,2036,74,1497,5643,5681182275,1517529570,0.00,0.00,0,0.0
9684,17-cleanup-trim,39850,39,57687,57,57,56,2037,74,1497,5643,5681182275,1517529570,0.00,0.00,0,0.0
9685,17-cleanup-trim,39850,39,58000,58,58,56,2034,74,1497,5684,5681182275,1517529570,0.00,0.00,0,0.0
9686,17-cleanup-trim,39850,39,57843,57,57,56,2034,74,1497,5643,5681182275,1517529570,0.00,0.00,0,0.0
9687,17-cleanup-trim,39850,39,57687,57,57,56,2034,74,1497,5643,5681182275,1517529690,0.00,0.06,0,0.0
9688,17-cleanup-trim,39850,39,57968,57,57,56,2033,74,1497,5643,5681182275,1517529698,0.00,0.00,0,0.0
9689,17-cleanup-trim,39850,39,57843,57,57,56,2033,74,1497,5643,5681182275,1517529698,0.00,0.00,0,0.0
9690,17-cleanup-trim,39850,39,58093,58,58,56,2033,74,1497,5643,5681182275,1517529706,0.00,0.00,0,0.0
9691,17-cleanup-trim,39850,39,57687,57,57,56,2034,74,1497,5643,5681182275,1517529706,0.00,0.00,0,0.0
9692,17-cleanup-trim,39850,39,57843,57,57,56,2034,74,1497,5643,5681182275,1517529834,0.00,0.07,0,0.0
9694,17-cleanup-trim,39850,39,57812,57,57,56,2036,74,1497,5643,5681182275,1517529834,0.00,0.00,0,0.0
9695,17-cleanup-trim,39850,39,57968,57,57,56,2037,74,1497,5643,5681182275,1517529834,0.00,0.00,0,0.0
9696,17-cleanup-trim,39850,39,57781,57,57,56,2036,74,1497,5643,5681182275,1517529834,0.00,0.00,0,0.0
9697,17-cleanup-trim,39850,39,57781,57,57,56,2036,74,1497,5643,5681182275,1517529834,0.00,0.00,0,0.0
9698,17-cleanup-trim,39850,39,58000,58,58,56,2034,74,1497,5684,5681182275,1517529978,0.00,0.07,0,0.0
9699,17-cleanup-trim,39850,39,57812,57,57,56,2034,74,1497,5643,5681182275,1517529978,0.00,0.00,0,0.0
9700,17-cleanup-trim,39850,39,58343,58,58,56,2037,74,1497,5643,5681182275,1517529978,0.00,0.00,0,0.0
9701,17-cleanup-trim,39850,39,58062,58,58,56,2039,74,1344,5684,5681182275,1517529978,0.00,0.00,0,0.0
9702,17-cleanup-trim,39850,39,58156,58,57,56,2039,74,1267,5643,5681182275,1517529978,0.00,0.00,0,0.0
9703,17-cleanup-trim,39850,39,57968,57,58,56,2040,74,1344,5643,5681182275,1517530098,0.00,0.06,0,0.0
9704,17-cleanup-trim,39850,39,58281,58,58,56,2046,74,1344,5684,5681182275,1517530106,0.00,0.00,0,0.0
9705,17-cleanup-trim,39850,39,58062,58,58,56,2046,74,1267,5684,5681182275,1517530106,0.00,0.00,0,0.0
9706,17-cleanup-trim,39850,39,57937,57,58,56,2047,74,1497,5643,5681182275,1517530114,0.00,0.00,0,0.0
9707,17-cleanup-trim,39850,39,58250,58,58,56,2050,74,1267,5684,5681182275,1517530114,0.00,0.00,0,0.0
9708,17-cleanup-trim,39850,39,58281,58,58,56,2050,74,1497,6175,5681182275,1517530906,0.00,0.41,0,0.0
9709,17-cleanup-trim,39850,39,58125,58,58,56,2049,74,1344,5684,5681182275,1517530906,0.00,0.00,0,0.0
9710,17-cleanup-trim,39850,39,58093,58,58,56,2040,74,1344,5643,5681182275,1517530906,0.00,0.00,0,0.0
9711,17-cleanup-trim,39850,39,58218,58,58,56,2037,74,1344,5643,5681182275,1517530906,0.00,0.00,0,0.0
9712,17-cleanup-trim,39850,39,58062,58,58,56,2037,74,1344,5684,5681182275,1517530906,0.00,0.00,0,0.0
9714,17-cleanup-trim,39850,39,58343,58,58,56,2037,74,1497,5684,5681182275,1517531266,0.00,0.18,0,0.0
9715,17-cleanup-trim,39850,39,58187,58,58,56,2037,74,1267,5643,5681182275,1517531266,0.00,0.00,0,0.0
9716,17-cleanup-trim,39850,39,57968,57,57,56,2033,74,1344,5684,5681182275,1517531266,0.00,0.00,0,0.0
9717,17-cleanup-trim,39850,39,58250,58,58,56,2034,74,1344,5643,5681182275,1517531266,0.00,0.00,0,0.0
9718,17-cleanup-trim,39850,39,58156,58,58,56,2034,74,1420,5725,5681182275,1517531266,0.00,0.00,0,0.0
9719,17-cleanup-trim,39850,39,58187,58,58,56,2036,74,1344,5684,5681182275,1517531602,0.00,0.17,0,0.0
9720,17-cleanup-trim,39850,39,58000,58,58,56,2031,74,1267,5643,5681182275,1517531602,0.00,0.00,0,0.0
9721,17-cleanup-trim,39850,39,58312,58,58,56,2033,74,1344,5643,5681182275,1517531610,0.00,0.00,0,0.0
9722,17-cleanup-trim,39850,39,58000,58,58,56,2036,74,1267,5684,5681182275,1517531610,0.00,0.00,0,0.0
9723,17-cleanup-trim,39850,39,58093,58,58,56,2037,74,1267,5684,5681182275,1517531610,0.00,0.00,0,0.0
9724,17-cleanup-trim,39850,39,58250,58,58,56,2036,74,1344,5684,5681182275,1517531738,0.00,0.07,0,0.0
9725,17-cleanup-trim,39850,39,58187,58,58,56,2037,74,1267,5643,5681182275,1517531746,0.00,0.00,0,0.4
9726,17-cleanup-trim,39850,39,58187,58,58,56,2039,74,1267,5643,5681182275,1517531746,0.00,0.00,0,0.0
9727,17-cleanup-trim,39850,39,58000,58,58,56,2039,74,1344,5643,5681182275,1517531746,0.00,0.00,0,0.0
9728,17-cleanup-trim,39850,39,58187,58,58,56,2042,74,1267,5643,5681182275,1517531754,0.00,0.00,0,0.0
9729,17-cleanup-trim,39850,39,58125,58,58,56,2040,74,1267,5684,5681182275,1517531866,0.00,0.06,0,0.0
9730,17-cleanup-trim,39850,39,58406,58,58,56,2045,74,1344,5684,5681182275,1517531874,0.00,0.00,0,0.4
9731,17-cleanup-trim,39850,39,58187,58,58,56,2046,74,1344,5684,5681182275,1517531874,0.00,0.00,0,0.0
9733,17-cleanup-trim,39850,39,57406,57,57,56,2049,74,1344,5071,5681182275,1517531874,0.00,0.00,0,0.0
9734,17-cleanup-trim,39850,39,57500,57,57,56,2052,74,1344,5030,5681182275,1517531874,0.00,0.00,0,0.0
9735,17-cleanup-trim,39850,39,57531,57,57,56,2049,74,1344,5030,5681182275,1517532066,0.00,0.10,0,0.4
9736,17-cleanup-trim,39850,39,57375,57,57,56,2042,74,1344,4989,5681182275,1517532074,0.00,0.00,0,0.0
9737,17-cleanup-trim,39850,39,57531,57,57,56,2039,74,1267,4989,5681182275,1517532074,0.00,0.00,0,0.0
9738,17-cleanup-trim,39850,39,57375,57,57,56,2037,74,1267,5030,5681182275,1517532074,0.00,0.00,0,0.0
9739,17-cleanup-trim,39850,39,57437,57,57,56,2036,74,960,4989,5681182275,1517532074,0.00,0.00,0,0.0
9740,17-cleanup-trim,39850,39,57187,57,57,56,2036,74,1036,4989,5681182275,1517532186,0.00,0.06,0,0.0
9741,17-cleanup-trim,39850,39,57375,57,57,56,2037,74,1344,5030,5681182275,1517532186,0.00,0.00,0,0.0
9742,17-cleanup-trim,39850,39,57312,57,57,56,2036,74,960,4989,5681182275,1517532186,0.00,0.00,0,0.0
9743,17-cleanup-trim,39850,39,57312,57,57,55,2037,74,729,4989,5681182275,1517532194,0.00,0.00,0,0.0
9744,17-cleanup-trim,39850,39,57250,57,57,55,2034,74,1036,5030,5681182275,1517532194,0.00,0.00,0,0.0
9745,17-cleanup-trim,39850,39,57218,57,57,56,2036,74,1344,5030,5681182275,1517532330,0.00,0.07,0,0.4
9746,17-cleanup-trim,39850,39,57468,57,57,56,2040,74,1344,5030,5681182275,1517532330,0.00,0.00,0,0.0
9748,17-cleanup-trim,39850,39,57218,57,57,56,2039,74,1267,5030,5681182275,1517532330,0.00,0.00,0,0.0
9749,17-cleanup-trim,39850,39,57500,57,57,55,2037,74,729,5030,5681182275,1517532330,0.00,0.00,0,0.0
9750,17-cleanup-trim,39850,39,57281,57,57,55,2042,74,1497,4989,5681182275,1517532330,0.00,0.00,0,0.0
9751,17-cleanup-trim,39850,39,57187,57,57,55,2042,74,729,4989,5681182275,1517532490,0.00,0.08,0,0.4
9752,17-cleanup-trim,39850,39,57250,57,57,56,2045,74,1344,4989,5681182275,1517532490,0.00,0.00,0,0.0
9753,17-cleanup-trim,39850,39,57281,57,57,55,2046,74,729,4989,5681182275,1517532490,0.00,0.00,0,0.0
9754,17-cleanup-trim,39850,39,57093,57,57,55,2049,74,1344,4989,5681182275,1517532490,0.00,0.00,0,0.0
9755,17-cleanup-trim,39850,39,57375,57,57,55,2043,74,1344,4989,5681182275,1517532490,0.00,0.00,0,0.0
9756,17-cleanup-trim,39850,39,57156,57,57,56,2045,74,1420,5030,5681182275,1517532626,0.00,0.07,0,0.0
9757,17-cleanup-trim,39850,39,57218,57,57,56,2049,74,729,5030,5681182275,1517532626,0.00,0.00,0,0.0
9758,17-cleanup-trim,39850,39,57218,57,57,55,2055,74,1267,4989,5681182275,1517532634,0.00,0.00,0,0.0
9759,17-cleanup-trim,39850,39,57093,57,57,55,2050,74,1344,5030,5681182275,1517532634,0.00,0.00,0,0.0
9760,17-cleanup-trim,39850,39,57125,57,57,56,2045,74,729,5030,5681182275,1517532634,0.00,0.00,0,0.0
9761,17-cleanup-trim,39850,39,57187,57,57,55,2039,74,729,4989,5681182275,1517532762,0.00,0.07,1,0.0
9762,17-cleanup-trim,39850,39,57187,57,57,55,2039,74,960,5030,5681182275,1517532770,0.00,0.00,0,0.0
9764,17-cleanup-trim,39850,39,57218,57,57,55,2039,74,729,5030,5681182275,1517532770,0.00,0.00,0,0.0
9765,17-cleanup-trim,39850,39,57000,57,57,55,2040,74,1267,5030,5681182275,1517532770,0.00,0.00,0,0.0
9766,17-cleanup-trim,39850,39,57250,57,57,55,2036,74,1344,4989,5681182275,1517532778,0.00,0.00,0,0.0
9767,17-cleanup-trim,39850,39,57187,57,57,56,2033,74,729,4989,5681182275,1517532930,0.00,0.08,0,0.0
9768,17-cleanup-trim,39850,39,57000,57,57,55,2034,74,1267,5030,5681182275,1517532930,0.00,0.00,0,0.0
9769,17-cleanup-trim,39850,39,57156,57,57,55,2034,74,729,4989,5681182275,1517532930,0.00,0.00,0,0.0
9770,17-cleanup-trim,39850,39,57218,57,57,55,2036,74,729,5030,5681182275,1517532930,0.00,0.00,0,0.0
9771,17-cleanup-trim,39850,39,57187,57,57,55,2037,74,960,4989,5681182275,1517532930,0.00,0.00,0,0.0
9772,17-cleanup-trim,39850,39,56875,56,57,55,2037,74,1497,5030,5681182275,1517533050,0.00,0.06,0,0.0
9773,17-cleanup-trim,39850,39,56968,56,56,55,2037,74,1267,5030,5681182275,1517533066,0.00,0.01,0,0.0
9774,17-cleanup-trim,39850,39,57250,57,57,55,2034,74,1267,4989,5681182275,1517533066,0.00,0.00,0,0.0
9775,17-cleanup-trim,39850,39,56906,56,56,55,2040,74,960,4989,5681182275,1517533066,0.00,0.00,0,0.0
9776,17-cleanup-trim,39850,39,56812,56,56,55,2040,74,1497,4989,5681182275,1517533066,0.00,0.00,0,0.0
9777,17-cleanup-trim,39850,39,56937,56,56,55,2046,74,1267,4989,5681182275,1517533186,0.00,0.06,0,0.0
9779,17-cleanup-trim,39850,39,56937,56,57,55,2047,74,1190,4989,5681182275,1517533194,0.00,0.00,0,0.0
9780,17-cleanup-trim,39850,39,57031,57,56,55,2047,74,1344,4989,5681182275,1517533194,0.00,0.00,0,0.0
9781,17-cleanup-trim,39850,39,56906,56,57,55,2049,74,1344,5030,5681182275,1517533202,0.00,0.00,0,0.0
9782,17-cleanup-trim,39850,39,57218,57,56,55,2053,74,1344,4989,5681182275,1517533202,0.00,0.00,0,0.0
9783,17-cleanup-trim,39850,39,56843,56,57,55,2055,74,729,4989,5681182275,1517533330,0.00,0.07,0,0.0
9784,17-cleanup-trim,39850,39,56812,56,56,55,2047,74,1344,4989,5681182275,1517533330,0.00,0.00,0,0.0
9785,17-cleanup-trim,39850,39,56937,56,56,55,2043,74,729,4989,5681182275,1517533330,0.00,0.00,0,0.0
9786,17-cleanup-trim,39850,39,56875,56,56,55,2037,74,1344,4989,5681182275,1517533330,0.00,0.00,0,0.0
9787,17-cleanup-trim,39850,39,56781,56,56,55,2038,74,1267,4989,5681182275,1517533330,0.00,0.00,0,0.0
9788,17-cleanup-trim,39850,39,56937,56,56,55,2040,74,1344,4989,5681182275,1517533450,0.00,0.06,0,0.0
9789,17-cleanup-trim,39850,39,56937,56,56,55,2037,74,1267,4989,5681182275,1517533458,0.00,0.00,0,0.0
9790,17-cleanup-trim,39850,39,57031,57,56,55,2035,74,1344,4989,5681182275,1517533458,0.00,0.00,0,0.0
9791,17-cleanup-trim,39850,39,57062,57,56,55,2035,74,1344,4989,5681182275,1517533458,0.00,0.00,0,0.0
9792,17-cleanup-trim,39850,39,56843,56,57,55,2035,74,1267,4989,5681182275,1517533458,0.00,0.00,0,0.0
9794,17-cleanup-trim,39850,39,56781,56,56,55,2037,74,1267,4989,5681182275,1517533570,0.00,0.06,1,0.0
9795,17-cleanup-trim,39850,39,56750,56,56,55,2034,74,729,5030,5681182275,1517533578,0.00,0.00,0,0.0
9796,17-cleanup-trim,39850,39,57187,57,57,55,2036,74,1267,5193,5681182275,1517533586,0.00,0.00,0,0.0
9797,17-cleanup-trim,39850,39,57562,57,57,55,2036,74,1497,5602,5681182275,1517533586,0.00,0.00,0,0.0
9798,17-cleanup-trim,39850,39,57500,57,57,55,2034,74,1420,5643,5681182275,1517533586,0.00,0.00,0,0.0
9799,17-cleanup-trim,39850,39,57468,57,57,55,2036,74,1344,5684,5681182275,1517533698,0.00,0.06,0,0.0
9800,17-cleanup-trim,39850,39,57500,57,57,55,2037,74,1344,5643,5681182275,1517533706,0.00,0.00,0,0.0
9801,17-cleanup-trim,39850,39,57343,57,57,55,2041,74,1344,5643,5681182275,1517533706,0.00,0.00,0,0.0
9802,17-cleanup-trim,39850,39,57687,57,57,55,2041,74,1267,5643,5681182275,1517533706,0.00,0.00,0,0.0
9803,17-cleanup-trim,39850,39,57468,57,57,55,2043,74,1267,5684,5681182275,1517533714,0.00,0.00,0,0.0
9804,17-cleanup-trim,39850,39,57500,57,57,55,2044,74,1497,5643,5681182275,1517533866,0.00,0.08,0,0.0
9805,17-cleanup-trim,39850,39,57187,57,57,55,2046,74,1497,5643,5681182275,1517533866,0.00,0.00,0,0.0
9806,17-cleanup-trim,39850,39,57156,57,57,55,2046,74,1497,5643,5681182275,1517533866,0.00,0.00,0,0.0
9807,17-cleanup-trim,39850,39,57406,57,57,55,2046,74,1497,5643,5681182275,1517533866,0.00,0.00,0,0.0
9808,17-cleanup-trim,39850,39,57406,57,57,55,2046,74,1497,5807,5681182275,1517533866,0.00,0.00,0,0.0
9809,17-cleanup-trim,39850,39,57531,57,57,55,2049,74,1267,5807,5681182275,1517534394,0.00,0.27,0,0.0
9810,17-cleanup-trim,39850,39,57687,57,57,55,2047,74,1344,5643,5681182275,1517534434,0.00,0.02,0,0.4
9811,17-cleanup-trim,39850,39,57500,57,57,55,2050,74,1344,5684,5681182275,1517534434,0.00,0.00,0,0.0
9813,17-cleanup-trim,39850,39,57468,57,57,55,2052,74,1344,5643,5681182275,1517534434,0.00,0.00,0,0.0
9814,17-cleanup-trim,39850,39,57375,57,57,55,2051,74,1344,5643,5681182275,1517534450,0.00,0.01,0,0.0
9815,17-cleanup-trim,39850,39,57468,57,57,55,2056,74,1497,5643,5681182275,1517535170,0.00,0.37,0,0.4
9816,17-cleanup-trim,39850,39,57437,57,57,55,2059,74,1267,5643,5681182275,1517535170,0.00,0.00,0,0.0
9817,17-cleanup-trim,39850,39,57468,57,57,55,2059,74,1267,5643,5681182275,1517535170,0.00,0.00,0,0.0
9818,17-cleanup-trim,39850,39,57593,57,57,55,2062,74,1344,5643,5681182275,1517535170,0.00,0.00,0,0.0
9819,17-cleanup-trim,39850,39,57593,57,57,55,2062,74,1497,5684,5681182275,1517535178,0.00,0.00,0,0.0
9820,17-cleanup-trim,39850,39,57500,57,57,55,2059,74,1497,5684,5681182275,1517535282,0.00,0.05,0,0.0
9821,17-cleanup-trim,39850,39,57718,57,57,55,2053,74,1497,5643,5681182275,1517535282,0.00,0.00,0,0.0
9822,17-cleanup-trim,39850,39,57500,57,57,55,2051,74,1267,5643,5681182275,1517535282,0.00,0.00,0,0.0
9823,17-cleanup-trim,39850,39,57468,57,57,55,2050,74,1344,5643,5681182275,1517535282,0.00,0.00,0,0.0
9824,17-cleanup-trim,39850,39,57531,57,57,55,2056,74,1344,5643,5681182275,1517535282,0.00,0.00,0,0.0
9825,17-cleanup-trim,39850,39,57843,57,57,55,2050,74,1497,6338,5681182275,1517535578,0.00,0.15,0,0.0
9826,17-cleanup-trim,39850,39,57656,57,57,55,2041,74,1420,6573,5681182275,1517535586,0.00,0.00,0,0.0
9827,17-cleanup-trim,39850,39,57593,57,57,55,2037,74,1267,5725,5681182275,1517535586,0.00,0.00,0,0.0
9828,17-cleanup-trim,39850,39,57625,57,57,55,2040,74,1267,5684,5681182275,1517535586,0.00,0.00,0,0.0
9829,17-cleanup-trim,39850,39,57781,57,57,55,2035,74,1267,5643,5681182275,1517535586,0.00,0.00,0,0.0
9830,17-cleanup-trim,39850,39,57593,57,57,55,2035,74,1344,5684,5681182275,1517716490,0.00,92.62,0,10.4
9832,17-cleanup-trim,39850,39,57468,57,57,55,2038,74,1344,5643,5681182275,1517716506,0.00,0.01,0,0.0
9833,17-cleanup-trim,39850,39,57687,57,57,55,2041,74,1344,5643,5681182275,1517716506,0.00,0.00,0,0.0
9834,17-cleanup-trim,39850,39,57531,57,57,55,2043,74,1267,5643,5681182275,1517716506,0.00,0.00,0,0.0
9835,17-cleanup-trim,39850,39,57718,57,57,55,2044,74,1267,5684,5681182275,1517716506,0.00,0.00,0,0.0
9836,17-cleanup-trim,39850,39,57562,57,57,55,2044,74,1497,5684,5681182275,1517757570,0.00,21.02,0,2.4
9837,17-cleanup-trim,39850,39,57625,57,57,55,2046,74,1267,5684,5681182275,1517757570,0.00,0.00,0,0.0
9838,17-cleanup-trim,39850,39,57593,57,57,55,2047,74,1267,5684,5681182275,1517757578,0.00,0.00,0,0.0
9839,17-cleanup-trim,39850,39,57437,57,57,55,2049,74,1344,5643,5681182275,1517757578,0.00,0.00,0,0.0
9840,17-cleanup-trim,39850,39,57531,57,57,55,2052,74,1344,5643,5681182275,1517757578,0.00,0.00,0,0.0
9841,17-cleanup-trim,39850,39,57656,57,57,55,2051,74,1420,5684,5681182275,1517757706,0.00,0.07,0,0.0
9842,17-cleanup-trim,39850,39,57718,57,57,55,2053,74,1344,5643,5681182275,1517757714,0.00,0.00,0,0.4
9843,17-cleanup-trim,39850,39,57812,57,57,55,2057,74,1344,5643,5681182275,1517757714,0.00,0.00,0,0.0
9844,17-cleanup-trim,39850,39,57687,57,57,55,2056,74,1344,5643,5681182275,1517757714,0.00,0.00,0,0.0
9845,17-cleanup-trim,39850,39,57593,57,57,55,2057,74,1267,5684,5681182275,1517757714,0.00,0.00,0,0.0
9846,17-cleanup-trim,39850,39,57656,57,57,55,2057,74,1344,5684,5681182275,1517757858,0.00,0.07,0,0.0
9847,17-cleanup-trim,39850,39,57562,57,57,55,2050,74,1344,5684,5681182275,1517757858,0.00,0.00,0,0.0
9848,17-cleanup-trim,39850,39,57812,57,57,55,2046,74,1420,5643,5681182275,1517757874,0.00,0.01,0,0.0
9849,17-cleanup-trim,39850,39,57656,57,57,55,2044,74,1267,5643,5681182275,1517757874,0.00,0.00,0,0.0
9851,17-cleanup-trim,39850,39,57562,57,57,55,2049,74,1267,5643,5681182275,1517757874,0.00,0.00,0,0.0
9852,17-cleanup-trim,39850,39,57156,57,57,55,2050,74,1344,5561,5681182275,1517758162,0.00,0.15,0,0.0
9853,17-cleanup-trim,39850,39,57125,57,57,55,2052,74,1344,5030,5681182275,1517758162,0.00,0.00,0,0.0
9854,17-cleanup-trim,39850,39,57187,57,57,55,2053,74,1267,4989,5681182275,1517758162,0.00,0.00,0,0.0
9855,17-cleanup-trim,39850,39,56906,56,56,55,2053,74,1344,4989,5681182275,1517758162,0.00,0.00,0,0.0
9856,17-cleanup-trim,39850,39,56843,56,57,55,2051,74,1267,4989,5681182275,1517758170,0.00,0.00,0,0.0
9857,17-cleanup-trim,39850,39,56937,56,56,55,2056,74,1267,4989,5681182275,1517758314,0.00,0.07,0,0.0
9858,17-cleanup-trim,39850,39,56781,56,56,55,2054,74,1344,4989,5681182275,1517758314,0.00,0.00,0,0.0
9859,17-cleanup-trim,39850,39,56937,56,56,55,2049,74,1344,4989,5681182275,1517758314,0.00,0.00,0,0.0
9860,17-cleanup-trim,39850,39,56843,56,56,55,2047,74,729,4989,5681182275,1517758314,0.00,0.00,0,0.0
9861,17-cleanup-trim,39850,39,56718,56,56,55,2050,74,1344,4989,5681182275,1517758314,0.00,0.00,0,0.0
9862,17-cleanup-trim,39850,39,57000,57,57,55,2046,74,1344,4989,5681182275,1517758450,0.00,0.07,0,0.0
9863,17-cleanup-trim,39850,39,56843,56,56,55,2038,74,1267,4989,5681182275,1517758466,0.00,0.01,0,0.0
9864,17-cleanup-trim,39850,39,56718,56,56,55,2034,74,1497,4989,5681182275,1517758466,0.00,0.00,0,0.0
9865,17-cleanup-trim,39850,39,56812,56,56,55,2035,74,1267,4989,5681182275,1517758466,0.00,0.00,0,0.0
9867,17-cleanup-trim,39850,39,56656,56,56,55,2036,74,729,4989,5681182275,1517758466,0.00,0.00,0,0.0
9868,17-cleanup-trim,39850,39,56781,56,56,55,2036,74,1267,5030,5681182275,1517758578,0.00,0.06,0,0.4
9869,17-cleanup-trim,39850,39,56625,56,56,55,2033,74,1344,4989,5681182275,1517758578,0.00,0.00,0,0.0
9870,17-cleanup-trim,39850,39,56968,56,56,55,2034,74,960,5030,5681182275,1517758578,0.00,0.00,0,0.0
9871,17-cleanup-trim,39850,39,56968,56,56,55,2036,74,729,4989,5681182275,1517758586,0.00,0.00,0,0.0
9872,17-cleanup-trim,39850,39,56718,56,56,55,2034,74,1344,4989,5681182275,1517758586,0.00,0.00,0,0.0
9873,17-cleanup-trim,39850,39,56625,56,56,55,2034,74,1036,4989,5681182275,1517758698,0.00,0.06,0,0.0
9874,17-cleanup-trim,39850,39,56625,56,56,55,2035,74,1344,4989,5681182275,1517758698,0.00,0.00,0,0.0
9875,17-cleanup-trim,39850,39,56593,56,56,55,2034,74,1267,4989,5681182275,1517758698,0.00,0.00,0,0.0
9876,17-cleanup-trim,39850,39,56625,56,56,55,2033,74,1344,4989,5681182275,1517758698,0.00,0.00,0,0.0
9877,17-cleanup-trim,39850,39,57031,57,57,55,2037,74,1344,5807,5681182275,1517758698,0.00,0.00,0,0.0
9878,17-cleanup-trim,39850,39,57062,57,57,55,2037,74,1344,5929,5681182275,1517759466,0.00,0.39,0,0.0
9879,17-cleanup-trim,39850,39,57062,57,57,55,2036,74,1344,5889,5681182275,1517980082,0.00,112.96,0,13.2
9880,17-cleanup-trim,39850,39,57000,57,56,55,2034,74,1497,5929,5681182275,1517980082,0.00,0.00,0,0.0
9881,17-cleanup-trim,39850,39,56843,56,57,55,2038,74,1344,5929,5681182275,1517980082,0.00,0.00,0,0.0
9883,17-cleanup-trim,39850,39,57093,57,56,55,2041,74,1344,5929,5681182275,1518200698,0.00,112.96,0,12.4
9884,17-cleanup-trim,39850,39,56875,56,57,55,2041,74,1267,5848,5681182275,1518201218,0.00,0.27,0,0.0
9885,17-cleanup-trim,39850,39,56937,56,57,55,2044,74,1267,5929,5681182275,1518201242,0.00,0.01,0,0.0
9886,17-cleanup-trim,39850,39,57031,57,57,55,2041,74,1344,5970,5681182275,1518421858,0.00,112.96,0,12.8
9887,17-cleanup-trim,39850,39,57125,57,57,55,2044,74,1344,5889,5681182275,1518421858,0.00,0.00,0,0.0
9888,17-cleanup-trim,39850,39,56875,56,57,55,2047,74,1344,5929,5681182275,1518421858,0.00,0.00,0,0.0
9889,17-cleanup-trim,39850,39,56875,56,57,55,2044,74,1267,6011,5681182275,1518643026,0.00,113.24,0,13.2
9890,17-cleanup-trim,39850,39,56906,56,56,55,2050,74,1344,5848,5681182275,1518643026,0.00,0.00,0,0.0
9891,17-cleanup-trim,39850,39,57125,57,56,55,2053,74,1344,5889,5681182275,1518643026,0.00,0.00,0,0.0
9892,17-cleanup-trim,39850,39,57000,57,57,55,1998,71,1420,6093,5681182275,1518803666,0.00,82.25,235,9.6
9893,17-cleanup-trim,39850,39,57125,57,57,55,1956,71,1344,5848,5681182275,1518863650,0.00,30.71,0,4.0
9894,17-cleanup-trim,39850,39,57625,57,57,55,1950,71,1267,5889,5681182275,1518864218,0.00,0.29,0,0.0
9895,17-cleanup-trim,39850,39,57250,57,57,55,1950,71,1344,5929,5681182275,1518864218,0.00,0.00,0,0.0
9896,17-cleanup-trim,39850,39,57312,57,57,55,2018,74,1344,5889,5681182275,1519084946,0.00,113.01,0,12.8
9897,17-cleanup-trim,39850,39,56968,56,56,55,2047,74,1344,5929,5681182275,1519084946,0.00,0.00,0,0.0
9898,17-cleanup-trim,39850,39,57218,57,57,55,2058,74,1344,5929,5681182275,1519084946,0.00,0.00,0,0.0
9899,17-cleanup-trim,39850,39,57062,57,57,55,2059,74,1344,5889,5681182275,1519306090,0.00,113.23,0,13.2
9901,17-cleanup-trim,39850,39,57062,57,57,55,2061,74,1497,5889,5681182275,1519306098,0.00,0.00,0,0.0
9902,17-cleanup-trim,39850,39,57312,57,57,55,2052,74,1497,5929,5681182275,1519306098,0.00,0.00,0,0.0
9903,17-cleanup-trim,39850,39,57031,57,57,55,2043,74,1497,5970,5681182275,1519526730,0.00,112.96,0,12.0
9904,17-cleanup-trim,39850,39,56968,56,57,55,2037,74,1497,5889,5681182275,1519527266,0.00,0.27,0,0.0
9905,17-cleanup-trim,39850,39,57250,57,57,55,2034,74,1344,5929,5681182275,1519527274,0.00,0.00,0,0.0
9906,17-cleanup-trim,39850,39,57156,57,57,55,2037,74,1267,6011,5681182275,1519747890,0.00,112.96,0,12.4
9907,17-cleanup-trim,39850,39,57218,57,57,55,2038,74,1344,5848,5681182275,1519747890,0.00,0.00,0,0.0
9908,17-cleanup-trim,39850,39,57156,57,57,55,2035,74,1344,5889,5681182275,1519747890,0.00,0.00,0,0.0
9909,17-cleanup-trim,39850,39,57250,57,57,55,2036,74,1497,6257,5681182275,1519969530,0.00,113.48,0,12.4
9910,17-cleanup-trim,39850,39,57218,57,57,55,2034,74,1420,5970,5681182275,1519970186,0.00,0.34,0,0.4
9911,17-cleanup-trim,39850,39,57218,57,57,55,2037,74,1497,5889,5681182275,1519970186,0.00,0.00,0,0.0
9912,17-cleanup-trim,39850,39,57312,57,57,55,2037,74,1497,6011,5681182275,1519972746,0.00,1.31,38,0.0
9913,17-cleanup-trim,39850,39,57031,57,57,55,2038,74,1344,5848,5681182275,1520190802,0.00,111.64,0,12.0
9914,17-cleanup-trim,39850,39,57062,57,57,55,2040,74,1344,5929,5681182275,1520191722,0.00,0.47,0,0.0
9915,17-cleanup-trim,39850,39,57531,57,57,55,2040,74,1267,6011,5681182275,1520412346,0.00,112.96,0,13.2
9916,17-cleanup-trim,39850,39,57312,57,57,55,2044,74,1497,6410,5681182275,1520412346,0.00,0.00,0,0.0
9917,17-cleanup-trim,39850,39,57375,57,57,55,2047,74,1497,6614,5681182275,1520632962,0.00,112.96,0,12.4
9918,17-cleanup-trim,39850,39,57437,57,57,55,2053,74,1497,6492,5681182275,1520632962,0.00,0.00,0,0.0
9920,17-cleanup-trim,39850,39,57531,57,57,55,2052,74,1497,6492,5681182275,1520634162,0.00,0.61,0,0.0
9921,17-cleanup-trim,39850,39,57937,57,58,56,2046,74,1497,6655,5681182275,1520854786,0.00,112.96,0,12.0
9922,17-cleanup-trim,39850,39,57250,57,57,55,2040,74,1344,5766,5681182275,1520854794,0.00,0.00,0,0.0
9923,17-cleanup-trim,39850,39,57406,57,57,55,2038,74,729,5643,5681182275,1520854794,0.00,0.00,0,0.0
9924,17-cleanup-trim,39850,39,57218,57,57,56,2037,74,1267,5643,5681182275,1520854794,0.00,0.00,0,0.0
9925,17-cleanup-trim,39850,39,57187,57,57,55,2035,74,1267,5643,5681182275,1520856010,0.00,0.62,0,0.4
9926,17-cleanup-trim,39850,39,57312,57,57,55,2035,74,1267,5643,5681182275,1520857146,0.00,0.58,0,0.0
9927,17-cleanup-trim,39850,39,57250,57,57,55,2035,74,1344,5643,5681182275,1520857146,0.00,0.00,0,0.0
9928,17-cleanup-trim,39850,39,57218,57,57,55,2034,74,1344,5643,5681182275,1520857146,0.00,0.00,0,0.0
9929,17-cleanup-trim,39850,39,57187,57,57,55,2034,74,1344,5643,5681182275,1520857146,0.00,0.00,0,0.0
9930,17-cleanup-trim,39850,39,57375,57,57,55,2033,74,1267,5643,5681182275,1520857258,0.00,0.06,0,0.0
9931,17-cleanup-trim,39850,39,57218,57,57,55,2034,74,1344,5643,5681182275,1520857282,0.00,0.01,0,0.4
9932,17-cleanup-trim,39850,39,57500,57,57,55,2036,74,1267,5643,5681182275,1520857282,0.00,0.00,0,0.0
9933,17-cleanup-trim,39850,39,57375,57,57,55,2038,74,1267,5643,5681182275,1520857282,0.00,0.00,0,0.0
9934,17-cleanup-trim,39850,39,57312,57,57,55,2035,74,1344,5643,5681182275,1520857282,0.00,0.00,0,0.0
9935,17-cleanup-trim,39850,39,57437,57,57,55,2037,74,1344,5643,5681182275,1520857434,0.00,0.08,0,0.0
9936,17-cleanup-trim,39850,39,57250,57,57,55,2041,74,1344,5602,5681182275,1520857450,0.00,0.01,0,0.4
9937,17-cleanup-trim,39850,39,57312,57,57,55,2038,74,1497,5643,5681182275,1520857450,0.00,0.00,0,0.0
9939,17-cleanup-trim,39850,39,57125,57,57,55,2037,74,1267,5643,5681182275,1520857450,0.00,0.00,0,0.0
9940,17-cleanup-trim,39850,39,57375,57,57,55,2040,74,1344,5643,5681182275,1520857450,0.00,0.00,0,0.0
9941,17-cleanup-trim,39850,39,57281,57,57,55,2040,74,1344,5643,5681182275,1520857690,0.00,0.12,0,0.0
9942,17-cleanup-trim,39850,39,57218,57,57,56,2044,74,1344,5643,5681182275,1520857690,0.00,0.00,0,0.0
9943,17-cleanup-trim,39850,39,57343,57,57,55,2046,74,1344,5684,5681182275,1520857698,0.00,0.00,0,0.0
9944,17-cleanup-trim,39850,39,57375,57,57,55,2046,74,1420,5643,5681182275,1520857698,0.00,0.00,0,0.0
9945,17-cleanup-trim,39850,39,57250,57,57,55,2043,74,1267,5643,5681182275,1520857698,0.00,0.00,0,0.0
9946,17-cleanup-trim,39850,39,57125,57,57,55,2049,74,1267,5643,5681182275,1520857786,0.00,0.05,1,0.4
9947,17-cleanup-trim,39850,39,57406,57,57,55,2046,74,1344,5643,5681182275,1520857802,0.00,0.01,0,0.0
9948,17-cleanup-trim,39850,39,57250,57,57,55,2049,74,1344,5643,5681182275,1520857802,0.00,0.00,0,0.0
9949,17-cleanup-trim,39850,39,57468,57,57,55,2051,74,1344,5643,5681182275,1520857802,0.00,0.00,0,0.0
9950,17-cleanup-trim,39850,39,57218,57,57,55,2053,74,1267,5643,5681182275,1520857802,0.00,0.00,0,0.0
9951,17-cleanup-trim,39850,39,57312,57,57,55,2050,74,1344,5684,5681182275,1520857906,0.00,0.05,0,0.0
9952,17-cleanup-trim,39850,39,57187,57,57,55,2049,74,1267,5684,5681182275,1520857922,0.00,0.01,0,0.0
9953,17-cleanup-trim,39850,39,57437,57,57,55,2052,74,1267,5684,5681182275,1520857922,0.00,0.00,0,0.0
9954,17-cleanup-trim,39850,39,57343,57,57,55,2052,74,1344,5684,5681182275,1520857922,0.00,0.00,0,0.0
9955,17-cleanup-trim,39850,39,57281,57,57,55,2055,74,1267,5643,5681182275,1520857922,0.00,0.00,0,0.0
9956,17-cleanup-trim,39850,39,57437,57,57,56,2056,74,1344,5684,5681182275,1520858026,0.00,0.05,0,0.0
9958,17-cleanup-trim,39850,39,57250,57,57,55,2059,74,1344,5643,5681182275,1520858042,0.00,0.01,0,0.4
9959,17-cleanup-trim,39850,39,57281,57,57,55,2059,74,1344,5643,5681182275,1520858042,0.00,0.00,0,0.0
9960,17-cleanup-trim,39850,39,57218,57,57,55,2056,74,1267,5643,5681182275,1520858042,0.00,0.00,0,0.0
9961,17-cleanup-trim,39850,39,57500,57,57,55,2055,74,1344,5643,5681182275,1520858042,0.00,0.00,0,0.0
9962,17-cleanup-trim,39850,39,57281,57,57,56,2058,74,1267,5643,5681182275,1520858162,0.00,0.06,0,0.0
9963,17-cleanup-trim,39850,39,57562,57,57,55,2056,74,1267,5684,5681182275,1520858170,0.00,0.00,0,0.0
9964,17-cleanup-trim,39850,39,57250,57,57,55,2058,74,1497,5684,5681182275,1520858178,0.00,0.00,0,0.0
9965,17-cleanup-trim,39850,39,57312,57,57,55,2058,74,1267,5643,5681182275,1520858178,0.00,0.00,0,0.0
9966,17-cleanup-trim,39850,39,57187,57,57,55,2053,74,1344,5643,5681182275,1520858178,0.00,0.00,0,0.0
9967,17-cleanup-trim,39850,39,57531,57,57,56,2050,74,1344,5643,5681182275,1520858290,0.00,0.06,0,0.4
9968,17-cleanup-trim,39850,39,57281,57,57,55,2050,74,1267,5684,5681182275,1520858306,0.00,0.01,0,0.0
9969,17-cleanup-trim,39850,39,57218,57,57,56,2052,74,729,5643,5681182275,1520858306,0.00,0.00,0,0.0
9970,17-cleanup-trim,39850,39,57218,57,57,55,2053,74,1344,5684,5681182275,1520858306,0.00,0.00,0,0.0
9971,17-cleanup-trim,39850,39,57406,57,57,55,2053,74,1344,5684,5681182275,1520858306,0.00,0.00,0,0.0
9972,17-cleanup-trim,39850,39,57062,57,57,55,2049,74,1344,5112,5681182275,1520858410,0.00,0.05,0,0.0
9973,17-cleanup-trim,39850,39,56843,56,57,55,2049,74,1497,5030,5681182275,1520858434,0.00,0.01,0,0.0
9974,17-cleanup-trim,39850,39,57062,57,56,55,2049,74,729,4989,5681182275,1520858434,0.00,0.00,0,0.0
9975,17-cleanup-trim,39850,39,56843,56,56,55,2047,74,960,4989,5681182275,1520858434,0.00,0.00,0,0.0
9977,17-cleanup-trim,39850,39,56937,56,56,55,2041,74,1267,4989,5681182275,1520858434,0.00,0.00,0,0.0
9978,17-cleanup-trim,39850,39,57000,57,57,55,2047,74,729,5030,5681182275,1520858570,0.00,0.07,0,0.0
9979,17-cleanup-trim,39850,39,56812,56,56,55,2046,74,1344,4989,5681182275,1520858570,0.00,0.00,0,0.0
9980,17-cleanup-trim,39850,39,56812,56,57,55,2041,74,1267,4989,5681182275,1520858570,0.00,0.00,0,0.0
9981,17-cleanup-trim,39850,39,56781,56,56,55,2038,74,1344,4989,5681182275,1520858570,0.00,0.00,0,0.0
9982,17-cleanup-trim,39850,39,56875,56,56,55,2040,74,1267,5030,5681182275,1520858570,0.00,0.00,0,0.0
9983,17-cleanup-trim,39850,39,56875,56,56,55,2039,74,1344,4989,5681182275,1520858698,0.00,0.07,0,0.0
9984,17-cleanup-trim,39850,39,56750,56,56,55,2041,74,1190,4989,5681182275,1520858706,0.00,0.00,0,0.4
9985,17-cleanup-trim,39850,39,56781,56,56,55,2039,74,729,5030,5681182275,1520858706,0.00,0.00,0,0.0
9986,17-cleanup-trim,39850,39,56718,56,56,55,2040,74,1497,4989,5681182275,1520858706,0.00,0.00,0,0.0
9987,17-cleanup-trim,39850,39,56937,56,56,55,2041,74,1267,4989,5681182275,1520858706,0.00,0.00,0,0.0
9988,17-cleanup-trim,39850,39,56656,56,56,55,2043,74,1344,5030,5681182275,1520858810,0.00,0.05,1,0.0
9989,17-cleanup-trim,39850,39,56812,56,56,55,2043,74,1344,4989,5681182275,1520858818,0.00,0.00,0,0.4
9990,17-cleanup-trim,39850,39,56625,56,56,55,2047,74,1267,4989,5681182275,1520858818,0.00,0.00,0,0.0
9992,17-cleanup-trim,39850,39,56718,56,56,55,2046,74,729,4989,5681182275,1520858818,0.00,0.00,0,0.0
9993,17-cleanup-trim,39850,39,56656,56,56,55,2044,74,1036,4989,5681182275,1520858818,0.00,0.00,0,0.0
9994,17-cleanup-trim,39850,39,56718,56,56,55,2047,74,1036,5030,5681182275,1520858930,0.00,0.06,0,0.0
9995,17-cleanup-trim,39850,39,56718,56,56,55,2046,74,729,4989,5681182275,1520858938,0.00,0.00,0,0.4
9996,17-cleanup-trim,39850,39,56781,56,56,55,2022,71,1497,5030,5681182275,1520858938,0.00,0.00,0,0.0
9997,17-cleanup-trim,39850,39,56656,56,56,55,1962,71,1267,4989,5681182275,1520858938,0.00,0.00,0,0.0
9998,17-cleanup-trim,39850,39,56843,56,56,55,1950,71,1344,4989,5681182275,1520858938,0.00,0.00,0,0.0
9999,17-cleanup-trim,39850,39,56687,56,56,55,1948,71,1344,4989,5681182275,1520859130,0.00,0.10,0,0.0
10000,17-cleanup-trim,39850,39,56625,56,56,55,1943,71,1267,4989,5681182275,1520859130,0.00,0.00,0,0.0
10001,17-cleanup-trim,39850,39,56531,56,56,55,1936,71,1267,4989,5681182275,1520859146,0.00,0.01,0,0.0
10002,17-cleanup-trim,39850,39,56687,56,56,55,1927,71,1267,4989,5681182275,1520859146,0.00,0.00,0,0.0
10003,17-cleanup-trim,39850,39,56562,56,56,55,1926,71,1267,4989,5681182275,1520859146,0.00,0.00,0,0.0
10004,17-cleanup-trim,39850,39,56468,56,56,55,1927,71,1267,4989,5681182275,1520859266,0.00,0.06,0,0.0
10005,17-cleanup-trim,39850,39,56531,56,56,55,1928,71,1113,4989,5681182275,1520859274,0.00,0.00,0,0.0
10007,17-cleanup-trim,39850,39,56718,56,56,55,1928,71,1267,4989,5681182275,1520859274,0.00,0.00,0,0.0
10008,17-cleanup-trim,39850,39,56593,56,56,55,1930,71,1344,4989,5681182275,1520859274,0.00,0.00,0,0.0
10009,17-cleanup-trim,39850,39,56562,56,56,55,1930,71,1344,4989,5681182275,1520859274,0.00,0.00,0,0.0
10010,17-cleanup-trim,39850,39,56781,56,56,55,1930,71,1497,5398,5681182275,1520859482,0.00,0.11,0,0.0
10011,17-cleanup-trim,39850,39,56687,56,56,55,1930,71,960,5112,5681182275,1520859482,0.00,0.00,0,0.0
10012,17-cleanup-trim,39850,39,56468,56,56,55,1930,71,1267,4989,5681182275,1520859482,0.00,0.00,0,0.0
10013,17-cleanup-trim,39850,39,56718,56,56,55,1928,71,1497,4989,5681182275,1520859482,0.00,0.00,0,0.0
10014,17-cleanup-trim,39850,39,56531,56,56,55,1931,71,960,4989,5681182275,1520859482,0.00,0.00,0,0.0
10015,17-cleanup-trim,39850,39,56500,56,56,55,1934,71,729,4989,5681182275,1520859994,0.00,0.26,0,0.0
10016,17-cleanup-trim,39850,39,56531,56,56,55,1931,71,1267,4989,5681182275,1520859994,0.00,0.00,0,0.0
10017,17-cleanup-trim,39850,39,56500,56,56,55,1936,71,1344,4989,5681182275,1520859994,0.00,0.00,0,0.0
10018,17-cleanup-trim,39850,39,56500,56,56,55,1939,71,960,4989,5681182275,1520859994,0.00,0.00,0,0.0
10019,17-cleanup-trim,39850,39,56593,56,56,55,1940,71,729,4989,5681182275,1520859994,0.00,0.00,0,0.0
10020,17-cleanup-trim,39850,39,56593,56,56,55,1940,71,729,4989,5681182275,1520860514,0.00,0.27,0,0.4
10021,17-cleanup-trim,39850,39,56562,56,56,55,1943,71,1267,4989,5681182275,1520860514,0.00,0.00,0,0.0
10023,17-cleanup-trim,39850,39,56437,56,56,55,1945,71,1267,4989,5681182275,1520860514,0.00,0.00,0,0.0
10024,17-cleanup-trim,39850,39,56750,56,56,55,1948,71,729,4989,5681182275,1520860514,0.00,0.00,0,0.0
10025,17-cleanup-trim,39850,39,56468,56,56,55,1949,71,1267,4989,5681182275,1520860514,0.00,0.00,0,0.0
10026,17-cleanup-trim,39850,39,56531,56,56,55,1947,71,1344,4989,5681182275,1520860666,0.00,0.08,0,0.0
10027,17-cleanup-trim,39850,39,56375,56,56,55,1947,71,729,4989,5681182275,1520860666,0.00,0.00,0,0.0
10028,17-cleanup-trim,39850,39,56562,56,56,55,1940,71,1267,4989,5681182275,1520860666,0.00,0.00,0,0.0
10029,17-cleanup-trim,39850,39,56406,56,56,55,1933,71,1344,4989,5681182275,1520860666,0.00,0.00,0,0.0
10030,17-cleanup-trim,39850,39,56406,56,56,55,1931,71,729,4989,5681182275,1520860666,0.00,0.00,0,0.0
10031,17-cleanup-trim,39850,39,56500,56,56,55,1931,71,729,4989,5681182275,1520860786,0.00,0.06,1,0.4
10032,17-cleanup-trim,39850,39,56625,56,56,55,1931,71,1267,4989,5681182275,1520860794,0.00,0.00,0,0.0
10033,17-cleanup-trim,39850,39,56437,56,56,55,1931,71,960,4989,5681182275,1520860794,0.00,0.00,0,0.0
10034,17-cleanup-trim,39850,39,56343,56,56,55,1927,71,1267,4989,5681182275,1520860802,0.00,0.00,0,0.0
10035,17-cleanup-trim,39850,39,56500,56,56,55,1927,71,960,4989,5681182275,1520860818,0.00,0.01,0,0.0
10036,17-cleanup-trim,39850,39,56656,56,56,55,1930,71,1267,5602,5681182275,1520861122,0.00,0.16,0,0.0
10038,17-cleanup-trim,39850,39,56781,56,56,55,1930,71,1344,5602,5681182275,1520861130,0.00,0.00,0,0.0
10039,17-cleanup-trim,39850,39,56750,56,56,55,1928,71,1267,5643,5681182275,1520861130,0.00,0.00,0,0.0
10040,17-cleanup-trim,39850,39,56531,56,56,55,1930,71,1267,5643,5681182275,1520861130,0.00,0.00,0,0.0
10041,17-cleanup-trim,39850,39,56718,56,56,55,1934,71,1267,5643,5681182275,1520861146,0.00,0.01,0,0.0
10042,17-cleanup-trim,39850,39,56718,56,56,55,1935,71,1344,5602,5681182275,1520861482,0.00,0.17,0,0.0
10043,17-cleanup-trim,39850,39,56812,56,56,55,1936,71,1267,5643,5681182275,1520861482,0.00,0.00,0,0.0
10044,17-cleanup-trim,39850,39,56656,56,56,55,1936,71,1344,5602,5681182275,1520861498,0.00,0.01,0,0.0
10045,17-cleanup-trim,39850,39,56781,56,56,55,1936,71,1344,5684,5681182275,1520861498,0.00,0.00,0,0.0
10046,17-cleanup-trim,39850,39,56718,56,56,55,1941,71,1344,5643,5681182275,1520861498,0.00,0.00,0,0.0
10047,17-cleanup-trim,39850,39,57000,57,56,55,1944,71,1344,5643,5681182275,1520861658,0.00,0.08,0,0.0
10048,17-cleanup-trim,39850,39,56812,56,56,55,1945,71,1344,5643,5681182275,1520861666,0.00,0.00,0,0.0
10049,17-cleanup-trim,39850,39,56718,56,56,55,1935,71,1344,5643,5681182275,1520861666,0.00,0.00,0,0.0
10050,17-cleanup-trim,39850,39,56906,56,56,55,1931,71,1344,5643,5681182275,1520861666,0.00,0.00,0,0.0
10051,17-cleanup-trim,39850,39,56781,56,56,55,1928,71,1267,5684,5681182275,1520861666,0.00,0.00,0,0.0
10052,17-cleanup-trim,39850,39,57062,57,57,55,1928,71,1344,5684,5681182275,1520861802,0.00,0.07,0,0.0
10053,17-cleanup-trim,39850,39,56750,56,56,55,1928,71,1267,5684,5681182275,1520861810,0.00,0.00,0,0.0
10054,17-cleanup-trim,39850,39,56875,56,56,55,1927,71,1267,5684,5681182275,1520861810,0.00,0.00,0,0.0
10055,17-cleanup-trim,39850,39,56843,56,56,55,1926,71,1344,5643,5681182275,1520861810,0.00,0.00,0,0.0
10057,17-cleanup-trim,39850,39,57125,57,57,55,1928,71,1497,5643,5681182275,1520861810,0.00,0.00,0,0.0
10058,17-cleanup-trim,39850,39,56875,56,56,55,1926,71,1344,5643,5681182275,1520861922,0.00,0.06,0,0.0
10059,17-cleanup-trim,39850,39,56718,56,56,55,1927,71,1344,5643,5681182275,1520861930,0.00,0.00,0,0.0
10060,17-cleanup-trim,39850,39,56937,56,56,55,1927,71,1344,5643,5681182275,1520861930,0.00,0.00,0,0.0
10061,17-cleanup-trim,39850,39,56937,56,56,55,1927,71,1344,5643,5681182275,1520861930,0.00,0.00,0,0.0
10062,17-cleanup-trim,39850,39,56875,56,56,55,1927,71,1344,5643,5681182275,1520861930,0.00,0.00,0,0.0
10063,17-cleanup-trim,39850,39,56968,56,56,55,1931,71,1344,5684,5681182275,1520862034,0.00,0.05,0,0.0
10064,17-cleanup-trim,39850,39,56875,56,56,55,1935,71,1267,5643,5681182275,1520862042,0.00,0.00,0,0.4
10065,17-cleanup-trim,39850,39,56906,56,57,55,1936,71,1344,5643,5681182275,1520862042,0.00,0.00,0,0.0
10066,17-cleanup-trim,39850,39,57218,57,56,55,1938,71,1267,5643,5681182275,1520862042,0.00,0.00,0,0.0
10067,17-cleanup-trim,39850,39,56968,56,56,55,1940,71,1267,5643,5681182275,1520862058,0.00,0.01,0,0.0
10068,17-cleanup-trim,39850,39,56968,56,56,55,1940,71,1267,5684,5681182275,1520862186,0.00,0.07,0,0.0
10069,17-cleanup-trim,39850,39,57125,57,57,55,1944,71,1267,5643,5681182275,1520862194,0.00,0.00,0,0.4
10070,17-cleanup-trim,39850,39,56937,56,56,55,1944,71,1344,5643,5681182275,1520862210,0.00,0.01,0,0.0
10071,17-cleanup-trim,39850,39,57000,57,56,55,1948,71,1344,5643,5681182275,1520862210,0.00,0.00,0,0.0
10072,17-cleanup-trim,39850,39,56875,56,57,55,1947,71,1344,5643,5681182275,1520862210,0.00,0.00,0,0.0
10073,17-cleanup-trim,39850,39,57187,57,56,55,1943,71,1267,5643,5681182275,1520862346,0.00,0.07,0,0.0
10074,17-cleanup-trim,39850,39,57000,57,57,55,1933,71,1267,5643,5681182275,1520862354,0.00,0.00,0,0.4
10075,17-cleanup-trim,39850,39,56906,56,56,55,1928,71,1267,5643,5681182275,1520862354,0.00,0.00,0,0.0
10077,17-cleanup-trim,39850,39,57031,57,56,55,1931,71,1267,5643,5681182275,1520862354,0.00,0.00,0,0.0
10078,17-cleanup-trim,39850,39,57031,57,57,55,1930,71,1344,5643,5681182275,1520862354,0.00,0.00,0,0.0
10079,17-cleanup-trim,39850,39,57218,57,56,55,1928,71,1344,5684,5681182275,1520862482,0.00,0.07,0,0.0
10080,17-cleanup-trim,39850,39,57031,57,57,55,1927,71,1344,5643,5681182275,1520862482,0.00,0.00,0,0.0
10081,17-cleanup-trim,39850,39,57000,57,57,55,1927,71,1344,5684,5681182275,1520862482,0.00,0.00,0,0.0
10082,17-cleanup-trim,39850,39,57031,57,57,55,1927,71,1344,5643,5681182275,1520862482,0.00,0.00,0,0.0
10083,17-cleanup-trim,39850,39,56968,56,57,55,1927,71,1344,5684,5681182275,1520862482,0.00,0.00,0,0.0
10084,17-cleanup-trim,39850,39,57218,57,57,55,1929,71,1267,5643,5681182275,1520862594,0.00,0.06,1,0.0
10085,17-cleanup-trim,39850,39,56968,56,56,55,1930,71,1267,5684,5681182275,1520862602,0.00,0.00,0,0.0
10086,17-cleanup-trim,39850,39,56937,56,56,55,1997,75,1344,5684,5681182275,1520862602,0.00,0.00,0,0.0
10087,17-cleanup-trim,39850,39,57218,57,57,55,2056,75,1344,5643,5681182275,1520862602,0.00,0.00,0,0.0
10088,17-cleanup-trim,39850,39,56906,56,56,55,1988,71,1267,5684,5681182275,1520862602,0.00,0.00,0,0.0
10089,17-cleanup-trim,39850,39,56843,56,56,55,1943,71,1344,5643,5681182275,1520862722,0.00,0.06,0,0.0
10090,17-cleanup-trim,39850,39,57062,57,57,55,1936,71,1344,5643,5681182275,1520862730,0.00,0.00,0,0.4
10091,17-cleanup-trim,39850,39,56937,56,56,55,1939,71,1267,5643,5681182275,1520862730,0.00,0.00,0,0.0
10092,17-cleanup-trim,39850,39,56968,56,56,55,1940,71,960,5071,5681182275,1520862730,0.00,0.00,0,0.0
10093,17-cleanup-trim,39850,39,56718,56,56,55,1941,71,1267,4989,5681182275,1520862730,0.00,0.00,0,0.0
10095,17-cleanup-trim,39850,39,56625,56,56,55,1942,71,1344,5030,5681182275,1520862834,0.00,0.05,0,0.0
10096,17-cleanup-trim,39850,39,56593,56,56,55,1944,71,729,4989,5681182275,1520862842,0.00,0.00,0,0.4
10097,17-cleanup-trim,39850,39,56718,56,56,55,1946,71,729,4989,5681182275,1520862842,0.00,0.00,0,0.0
10098,17-cleanup-trim,39850,39,56593,56,56,55,1940,71,1344,5030,5681182275,1520862842,0.00,0.00,0,0.0
10099,17-cleanup-trim,39850,39,56718,56,56,55,1931,71,1267,4989,5681182275,1520862858,0.00,0.01,0,0.0
10100,17-cleanup-trim,39850,39,56812,56,56,55,1930,71,1267,4989,5681182275,1520862986,0.00,0.07,0,0.0
10101,17-cleanup-trim,39850,39,56625,56,56,55,1931,71,729,4989,5681182275,1520862986,0.00,0.00,0,0.0
10102,17-cleanup-trim,39850,39,56812,56,56,55,1931,71,806,4989,5681182275,1520862994,0.00,0.00,0,0.0
10103,17-cleanup-trim,39850,39,56625,56,56,55,1930,71,1497,4989,5681182275,1520862994,0.00,0.00,0,0.0
10104,17-cleanup-trim,39850,39,56531,56,56,55,1928,71,1344,4989,5681182275,1520862994,0.00,0.00,0,0.0
10105,17-cleanup-trim,39850,39,56468,56,56,55,1930,71,729,4989,5681182275,1520863122,0.00,0.07,0,0.0
10106,17-cleanup-trim,39850,39,56656,56,56,55,1930,71,1267,4989,5681182275,1520863130,0.00,0.00,0,0.0
10107,17-cleanup-trim,39850,39,56625,56,56,55,1930,71,960,4989,5681182275,1520863130,0.00,0.00,0,0.0
10108,17-cleanup-trim,39850,39,56562,56,56,55,1931,71,1344,4989,5681182275,1520863130,0.00,0.00,0,0.0
10109,17-cleanup-trim,39850,39,56718,56,56,55,1930,71,1267,4989,5681182275,1520863130,0.00,0.00,0,0.0
10111,17-cleanup-trim,39850,39,57031,57,57,55,1932,71,806,5561,5681182275,1520864146,0.00,0.52,0,0.0
10112,17-cleanup-trim,39850,39,56531,56,56,55,1934,71,1344,5071,5681182275,1520864146,0.00,0.00,0,0.0
10113,17-cleanup-trim,39850,39,56500,56,56,55,1935,71,1344,4989,5681182275,1520864146,0.00,0.00,0,0.0
10114,17-cleanup-trim,39850,39,56406,56,56,55,1936,71,1497,4989,5681182275,1520864146,0.00,0.00,0,0.0
10115,17-cleanup-trim,39850,39,56625,56,56,55,1939,71,960,4989,5681182275,1520864146,0.00,0.00,0,0.0
10116,17-cleanup-trim,39850,39,56468,56,56,55,1941,71,1344,4989,5681182275,1520864922,0.00,0.40,0,0.4
10117,17-cleanup-trim,39850,39,56625,56,56,55,1943,71,1344,4989,5681182275,1520864922,0.00,0.00,0,0.0
10118,17-cleanup-trim,39850,39,56718,56,56,55,1948,71,1344,4989,5681182275,1520864922,0.00,0.00,0,0.0
10119,17-cleanup-trim,39850,39,56468,56,56,55,1948,71,960,4989,5681182275,1520864922,0.00,0.00,0,0.0
10120,17-cleanup-trim,39850,39,56718,56,56,55,1945,71,1267,4989,5681182275,1520864922,0.00,0.00,0,0.0
10121,17-cleanup-trim,39850,39,56531,56,56,55,1937,71,729,4989,5681182275,1520865026,0.00,0.05,0,0.0
10122,17-cleanup-trim,39850,39,56437,56,56,55,1931,71,1497,4989,5681182275,1520865026,0.00,0.00,0,0.0
10123,17-cleanup-trim,39850,39,56437,56,56,55,1935,71,1267,4989,5681182275,1520865026,0.00,0.00,0,0.0
10124,17-cleanup-trim,39850,39,56562,56,56,55,1936,71,1267,4989,5681182275,1520865026,0.00,0.00,0,0.0
10126,17-cleanup-trim,39850,39,56375,56,56,55,1931,71,729,4989,5681182275,1520865026,0.00,0.00,0,0.0
10127,17-cleanup-trim,39850,39,56531,56,56,55,1932,71,729,4989,5681182275,1520865130,0.00,0.05,0,0.0
10128,17-cleanup-trim,39850,39,56468,56,56,55,1932,71,1497,4989,5681182275,1520865130,0.00,0.00,0,0.0
10129,17-cleanup-trim,39850,39,56687,56,56,55,1933,71,1267,4989,5681182275,1520865130,0.00,0.00,0,0.0
10130,17-cleanup-trim,39850,39,56375,56,56,55,1939,71,1344,4989,5681182275,1520865138,0.00,0.00,0,0.0
10131,17-cleanup-trim,39850,39,56281,56,56,55,1939,71,1344,5030,5681182275,1520865138,0.00,0.00,0,0.0
10132,17-cleanup-trim,39850,39,56468,56,56,55,1944,71,1344,4989,5681182275,1520865242,0.00,0.05,0,0.0
10133,17-cleanup-trim,39850,39,56281,56,56,55,1949,71,729,4989,5681182275,1520865250,0.00,0.00,0,0.0
10134,17-cleanup-trim,39850,39,56468,56,56,55,1948,71,729,4989,5681182275,1520865266,0.00,0.01,0,0.0
10135,17-cleanup-trim,39850,39,56375,56,56,55,1940,71,1267,4989,5681182275,1520865266,0.00,0.00,0,0.0
