08-10-2026 23:50:28 RAM 1683/15599MB (lfb 436x4MB) CPU [0%@729,0%@729,0%@729,0%@729,0%@729,0%@729,0%@729,0%@729] GR3D_FREQ 0% cv0@62.937C/62.937C cpu@66.968C/66.968C soc2@60.843C/60.843C soc0@63.875C/63.875C cv1@63.562C/63.562C gpu@65.468C/65.468C tj@66.968C/66.968C soc1@62.5C/62.5C cv2@59.812C/59.812C VDD_IN 6338mW/6338mW/6338mW VDD_CPU_GPU_CV 979mW/979mW/979mW VDD_SOC 2449mW/2449mW/2449mW
08-10-2026 23:50:28 RAM 1710/15599MB (lfb 436x4MB) CPU [5%@1984,5%@1984,0%@1984,0%@1984,0%@1267,0%@1267,0%@1267,0%@1267] GR3D_FREQ 0% cv0@63.093C/63.093C cpu@66.906C/66.968C soc2@60.906C/60.906C soc0@63.812C/63.875C cv1@63.5C/63.562C gpu@65.343C/65.468C tj@66.906C/66.968C soc1@62.562C/62.562C cv2@59.687C/59.812C VDD_IN 6379mW/6359mW/6379mW VDD_CPU_GPU_CV 979mW/979mW/979mW VDD_SOC 2449mW/2449mW/2449mW
08-10-2026 23:50:29 RAM 4847/15599MB (lfb 436x4MB) CPU [2%@1984,98%@1984,0%@1984,0%@1984,5%@1984,88%@1984,0%@1984,0%@1984] GR3D_FREQ 43% cv0@63.937C/63.937C cpu@68.531C/68.531C soc2@61.125C/61.125C soc0@63.937C/63.937C cv1@64.125C/64.125C gpu@66.156C/66.156C tj@68.531C/68.531C soc1@62.531C/62.562C cv2@59.781C/59.812C VDD_IN 10192mW/7636mW/10192mW VDD_CPU_GPU_CV 2808mW/1589mW/2808mW VDD_SOC 3220mW/2706mW/3220mW
08-10-2026 23:50:29 RAM 6403/15599MB (lfb 436x4MB) CPU [0%@1984,100%@1984,0%@1984,0%@1984,0%@1984,100%@1984,0%@1984,0%@1984] GR3D_FREQ 21% cv0@63.968C/63.968C cpu@68.625C/68.625C soc2@61.437C/61.437C soc0@63.843C/63.937C cv1@64.218C/64.218C gpu@66.125C/66.156C tj@68.625C/68.625C soc1@62.562C/62.562C cv2@59.812C/59.812C VDD_IN 12699mW/8902mW/12699mW VDD_CPU_GPU_CV 3895mW/2165mW/3895mW VDD_SOC 3785mW/2976mW/3785mW
08-10-2026 23:50:30 RAM 6544/15599MB (lfb 436x4MB) CPU [1%@1984,90%@1984,1%@1984,0%@1984,0%@1984,91%@1984,0%@1984,0%@1984] GR3D_FREQ 23% cv0@64.375C/64.375C cpu@68.375C/68.625C soc2@61.312C/61.437C soc0@63.875C/63.937C cv1@64.218C/64.218C gpu@65.531C/66.156C tj@68.375C/68.625C soc1@62.531C/62.562C cv2@60C/60C VDD_IN 10436mW/9209mW/12699mW VDD_CPU_GPU_CV 3616mW/2455mW/3895mW VDD_SOC 2935mW/2968mW/3785mW
08-10-2026 23:50:30 RAM 6678/15599MB (lfb 436x4MB) CPU [0%@1984,88%@1984,0%@1984,0%@1984,0%@1984,86%@1984,0%@1984,0%@1984] GR3D_FREQ 32% cv0@64.375C/64.375C cpu@68.25C/68.625C soc2@61.281C/61.437C soc0@63.843C/63.937C cv1@64.156C/64.218C gpu@65.781C/66.156C tj@68.25C/68.625C soc1@62.468C/62.562C cv2@59.937C/60C VDD_IN 9539mW/9264mW/12699mW VDD_CPU_GPU_CV 3419mW/2616mW/3895mW VDD_SOC 2649mW/2915mW/3785mW
08-10-2026 23:50:31 RAM 10723/15599MB (lfb 55x4MB) CPU [0%@1984,96%@1984,2%@1984,0%@1984,0%@1984,98%@1984,1%@1984,0%@1984] GR3D_FREQ 42% cv0@64C/64.375C cpu@68.468C/68.625C soc2@61.25C/61.437C soc0@63.75C/63.937C cv1@64.062C/64.218C gpu@65.968C/66.156C tj@68.468C/68.625C soc1@62.593C/62.593C cv2@59.906C/60C VDD_IN 10885mW/9495mW/12699mW VDD_CPU_GPU_CV 3413mW/2730mW/3895mW VDD_SOC 3174mW/2952mW/3785mW
08-10-2026 23:50:31 RAM 12269/15599MB (lfb 9x4MB) CPU [0%@1984,100%@1984,0%@1984,0%@1984,0%@1984,100%@1984,0%@1984,0%@1984] GR3D_FREQ 42% cv0@64C/64.375C cpu@68.468C/68.625C soc2@61.468C/61.468C soc0@63.937C/63.937C cv1@64.218C/64.218C gpu@66.531C/66.531C tj@68.468C/68.625C soc1@62.5C/62.593C cv2@59.875C/60C VDD_IN 13025mW/9937mW/13025mW VDD_CPU_GPU_CV 4179mW/2911mW/4179mW VDD_SOC 3826mW/3061mW/3826mW
08-10-2026 23:50:32 RAM 12393/15599MB (lfb 2x4MB) CPU [0%@729,43%@729,0%@729,0%@729,1%@806,73%@806,0%@806,0%@806] GR3D_FREQ 99% cv0@63.437C/64.375C cpu@67.875C/68.625C soc2@61.5C/61.5C soc0@63.875C/63.937C cv1@64.062C/64.218C gpu@70.906C/70.906C tj@70.906C/70.906C soc1@62.5C/62.593C cv2@59.906C/60C VDD_IN 21268mW/11196mW/21268mW VDD_CPU_GPU_CV 11253mW/3838mW/11253mW VDD_SOC 4247mW/3193mW/4247mW
08-10-2026 23:50:32 RAM 12424/15599MB (lfb 2x4MB) CPU [0%@1984,76%@1984,0%@1984,0%@1984,0%@729,68%@729,0%@729,0%@729] GR3D_FREQ 99% cv0@64.437C/64.437C cpu@68.625C/68.625C soc2@62.093C/62.093C soc0@64.187C/64.187C cv1@64.218C/64.218C gpu@72.125C/72.125C tj@72.125C/72.125C soc1@62.531C/62.593C cv2@60.156C/60.156C VDD_IN 28183mW/12894mW/28183mW VDD_CPU_GPU_CV 16693mW/5123mW/16693mW VDD_SOC 4750mW/3348mW/4750mW
08-10-2026 23:50:33 RAM 12480/15599MB (lfb 2x4MB) CPU [1%@1984,100%@1984,0%@1984,0%@1984,0%@960,42%@960,0%@960,0%@960] GR3D_FREQ 99% cv0@64.875C/64.875C cpu@68.937C/68.937C soc2@62.468C/62.468C soc0@64.562C/64.562C cv1@64.468C/64.468C gpu@71.375C/72.125C tj@71.375C/72.125C soc1@62.687C/62.687C cv2@60.437C/60.437C VDD_IN 29346mW/14390mW/29346mW VDD_CPU_GPU_CV 17503mW/6249mW/17503mW VDD_SOC 4943mW/3493mW/4943mW
08-10-2026 23:50:33 RAM 12488/15599MB (lfb 2x4MB) CPU [0%@1984,100%@1984,0%@1984,0%@1984,0%@1984,86%@1984,0%@1984,0%@1984] GR3D_FREQ 99% cv0@65.25C/65.25C cpu@69.281C/69.281C soc2@62.656C/62.656C soc0@64.625C/64.625C cv1@64.906C/64.906C gpu@71.5C/72.125C tj@71.5C/72.125C soc1@62.906C/62.906C cv2@60.593C/60.593C VDD_IN 28984mW/15606mW/29346mW VDD_CPU_GPU_CV 16586mW/7110mW/17503mW VDD_SOC 5265mW/3641mW/5265mW
08-10-2026 23:50:34 RAM 12487/15599MB (lfb 2x4MB) CPU [0%@1984,100%@1984,0%@1984,0%@1984,0%@1984,100%@1984,0%@1984,0%@1984] GR3D_FREQ 99% cv0@65.437C/65.437C cpu@69.531C/69.531C soc2@62.875C/62.875C soc0@64.906C/64.906C cv1@65.187C/65.187C gpu@71.625C/72.125C tj@71.625C/72.125C soc1@63.062C/63.062C cv2@60.781C/60.781C VDD_IN 28863mW/16626mW/29346mW VDD_CPU_GPU_CV 16188mW/7809mW/17503mW VDD_SOC 5345mW/3772mW/5345mW
08-10-2026 23:50:34 RAM 12487/15599MB (lfb 2x4MB) CPU [0%@1984,100%@1984,0%@1984,0%@1984,1%@1984,100%@1984,1%@1984,1%@1984] GR3D_FREQ 99% cv0@65.5C/65.5C cpu@69.843C/69.843C soc2@63.125C/63.125C soc0@65.031C/65.031C cv1@65.281C/65.281C gpu@71.906C/72.125C tj@71.906C/72.125C soc1@63.093C/63.093C cv2@60.937C/60.937C VDD_IN 28903mW/17503mW/29346mW VDD_CPU_GPU_CV 16227mW/8410mW/17503mW VDD_SOC 5385mW/3887mW/5385mW
08-10-2026 23:50:35 RAM 12487/15599MB (lfb 2x4MB) CPU [0%@1984,100%@1984,0%@1984,0%@1984,0%@1984,100%@1984,0%@1984,0%@1984] GR3D_FREQ 99% cv0@65.812C/65.812C cpu@69.906C/69.906C soc2@63.281C/63.281C soc0@65.125C/65.125C cv1@65.343C/65.343C gpu@72.156C/72.156C tj@72.156C/72.156C soc1@63.218C/63.218C cv2@61.187C/61.187C VDD_IN 28903mW/18263mW/29346mW VDD_CPU_GPU_CV 16108mW/8923mW/17503mW VDD_SOC 5425mW/3990mW/5425mW
08-10-2026 23:50:35 RAM 12487/15599MB (lfb 2x4MB) CPU [0%@1984,100%@1984,0%@1984,1%@1984,0%@1984,100%@1984,0%@1984,0%@1984] GR3D_FREQ 99% cv0@65.906C/65.906C cpu@69.937C/69.937C soc2@63.312C/63.312C soc0@65.25C/65.25C cv1@65.5C/65.5C gpu@72.062C/72.156C tj@72.062C/72.156C soc1@63.437C/63.437C cv2@61.312C/61.312C VDD_IN 28823mW/18923mW/29346mW VDD_CPU_GPU_CV 16028mW/9367mW/17503mW VDD_SOC 5434mW/4080mW/5434mW
08-10-2026 23:50:36 RAM 12487/15599MB (lfb 2x4MB) CPU [0%@1984,100%@1984,0%@1984,0%@1984,0%@1984,100%@1984,0%@1984,0%@1984] GR3D_FREQ 99% cv0@65.875C/65.906C cpu@70.156C/70.156C soc2@63.406C/63.406C soc0@65.562C/65.562C cv1@65.718C/65.718C gpu@72.468C/72.468C tj@72.468C/72.468C soc1@63.593C/63.593C cv2@61.375C/61.375C VDD_IN 28944mW/19512mW/29346mW VDD_CPU_GPU_CV 16188mW/9768mW/17503mW VDD_SOC 5425mW/4159mW/5434mW
08-10-2026 23:50:36 RAM 12487/15599MB (lfb 2x4MB) CPU [0%@1984,100%@1984,0%@1984,0%@1984,0%@1984,100%@1984,0%@1984,0%@1984] GR3D_FREQ 99% cv0@66.062C/66.062C cpu@70.437C/70.437C soc2@63.656C/63.656C soc0@65.625C/65.625C cv1@65.75C/65.75C gpu@72.375C/72.468C tj@72.375C/72.468C soc1@63.562C/63.593C cv2@61.468C/61.468C VDD_IN 28903mW/20034mW/29346mW VDD_CPU_GPU_CV 16108mW/10121mW/17503mW VDD_SOC 5425mW/4230mW/5434mW
08-10-2026 23:50:37 RAM 12487/15599MB (lfb 2x4MB) CPU [0%@1984,100%@1984,1%@1984,0%@1984,0%@1984,100%@1984,1%@1984,0%@1984] GR3D_FREQ 99% cv0@66.281C/66.281C cpu@70.437C/70.437C soc2@63.781C/63.781C soc0@65.687C/65.687C cv1@65.843C/65.843C gpu@72.625C/72.625C tj@72.625C/72.625C soc1@63.625C/63.625C cv2@61.718C/61.718C VDD_IN 28984mW/20505mW/29346mW VDD_CPU_GPU_CV 16227mW/10442mW/17503mW VDD_SOC 5425mW/4292mW/5434mW
08-10-2026 23:50:37 RAM 12487/15599MB (lfb 2x4MB) CPU [0%@1984,100%@1984,0%@1984,0%@1984,0%@1984,100%@1984,0%@1984,0%@1984] GR3D_FREQ 99% cv0@66.375C/66.375C cpu@70.406C/70.437C soc2@63.843C/63.843C soc0@65.75C/65.75C cv1@65.906C/65.906C gpu@72.687C/72.687C tj@72.687C/72.687C soc1@63.937C/63.937C cv2@61.781C/61.781C VDD_IN 28944mW/20927mW/29346mW VDD_CPU_GPU_CV 16188mW/10729mW/17503mW VDD_SOC 5425mW/4349mW/5434mW
08-10-2026 23:50:38 RAM 12487/15599MB (lfb 2x4MB) CPU [0%@1984,100%@1984,0%@1984,1%@1984,0%@1984,100%@1984,0%@1984,0%@1984] GR3D_FREQ 99% cv0@66.5C/66.5C cpu@70.781C/70.781C soc2@63.875C/63.875C soc0@66C/66C cv1@66.125C/66.125C gpu@72.812C/72.812C tj@72.812C/72.812C soc1@63.843C/63.937C cv2@61.843C/61.843C VDD_IN 28823mW/21303mW/29346mW VDD_CPU_GPU_CV 16068mW/10983mW/17503mW VDD_SOC 5434mW/4401mW/5434mW
08-10-2026 23:50:38 RAM 12487/15599MB (lfb 2x4MB) CPU [0%@1984,100%@1984,0%@1984,0%@1984,0%@1984,100%@1984,0%@1984,0%@1984] GR3D_FREQ 99% cv0@66.5C/66.5C cpu@70.937C/70.937C soc2@64.093C/64.093C soc0@66.031C/66.031C cv1@66.25C/66.25C gpu@72.906C/72.906C tj@72.906C/72.906C soc1@63.968C/63.968C cv2@62C/62C VDD_IN 28984mW/21652mW/29346mW VDD_CPU_GPU_CV 16227mW/11222mW/17503mW VDD_SOC 5425mW/4447mW/5434mW
08-10-2026 23:50:39 RAM 12487/15599MB (lfb 2x4MB) CPU [0%@1984,100%@1984,0%@1984,0%@1984,0%@1984,100%@1984,0%@1984,0%@1984] GR3D_FREQ 99% cv0@66.75C/66.75C cpu@70.781C/70.937C soc2@64.093C/64.093C soc0@66.156C/66.156C cv1@66.312C/66.312C gpu@73.343C/73.343C tj@73.343C/73.343C soc1@64.031C/64.031C cv2@62.125C/62.125C VDD_IN 28984mW/21971mW/29346mW VDD_CPU_GPU_CV 16148mW/11436mW/17503mW VDD_SOC 5425mW/4490mW/5434mW
08-10-2026 23:50:39 RAM 12487/15599MB (lfb 2x4MB) CPU [0%@1984,100%@1984,0%@1984,0%@1984,0%@1984,100%@1984,0%@1984,0%@1984] GR3D_FREQ 99% cv0@66.718C/66.75C cpu@70.843C/70.937C soc2@64.25C/64.25C soc0@66.25C/66.25C cv1@66.406C/66.406C gpu@72.437C/73.343C tj@72.437C/73.343C soc1@64.25C/64.25C cv2@62.25C/62.25C VDD_IN 28863mW/22258mW/29346mW VDD_CPU_GPU_CV 16094mW/11630mW/17503mW VDD_SOC 5425mW/4529mW/5434mW
08-10-2026 23:50:40 RAM 12487/15599MB (lfb 2x4MB) CPU [3%@1984,100%@1984,0%@1984,0%@1984,0%@1984,100%@1984,0%@1984,0%@1984] GR3D_FREQ 99% cv0@66.875C/66.875C cpu@71.156C/71.156C soc2@64.343C/64.343C soc0@66.437C/66.437C cv1@66.562C/66.562C gpu@73.031C/73.343C tj@73.031C/73.343C soc1@64.25C/64.25C cv2@62.25C/62.25C VDD_IN 29024mW/22529mW/29346mW VDD_CPU_GPU_CV 16188mW/11812mW/17503mW VDD_SOC 5425mW/4565mW/5434mW
08-10-2026 23:50:40 RAM 11519/15599MB (lfb 121x4MB) CPU [0%@1984,100%@1984,54%@1984,1%@1984,0%@1984,100%@1984,28%@1984,0%@1984] GR3D_FREQ 99% cv0@66.968C/66.968C cpu@71.437C/71.437C soc2@64.562C/64.562C soc0@66.531C/66.531C cv1@66.687C/66.687C gpu@75.062C/75.062C tj@75.062C/75.062C soc1@64.375C/64.375C cv2@62.406C/62.406C VDD_IN 31631mW/22879mW/31631mW VDD_CPU_GPU_CV 18639mW/12075mW/18639mW VDD_SOC 5457mW/4599mW/5457mW
08-10-2026 23:50:41 RAM 9998/15599MB (lfb 120x4MB) CPU [0%@1984,100%@1984,29%@1984,0%@1984,0%@1984,100%@1984,100%@1984,0%@1984] GR3D_FREQ 99% cv0@67.343C/67.343C cpu@71.781C/71.781C soc2@64.812C/64.812C soc0@66.718C/66.718C cv1@66.781C/66.781C gpu@75.843C/75.843C tj@75.843C/75.843C soc1@64.468C/64.468C cv2@62.687C/62.687C VDD_IN 33948mW/23289mW/33948mW VDD_CPU_GPU_CV 21070mW/12408mW/21070mW VDD_SOC 5368mW/4627mW/5457mW
08-10-2026 23:50:42 RAM 8677/15599MB (lfb 131x4MB) CPU [0%@1984,100%@1984,1%@1984,0%@1984,60%@1984,38%@1984,100%@1984,0%@1984] GR3D_FREQ 99% cv0@67.75C/67.75C cpu@72.093C/72.093C soc2@65.031C/65.031C soc0@66.906C/66.906C cv1@66.875C/66.875C gpu@75.687C/75.843C tj@75.687C/75.843C soc1@64.656C/64.656C cv2@62.812C/62.812C VDD_IN 33988mW/23671mW/33988mW VDD_CPU_GPU_CV 21268mW/12725mW/21268mW VDD_SOC 5288mW/4651mW/5457mW
08-10-2026 23:50:42 RAM 9153/15599MB (lfb 131x4MB) CPU [0%@1984,100%@1984,0%@1984,0%@1984,100%@1984,0%@1984,100%@1984,0%@1984] GR3D_FREQ 99% cv0@67.781C/67.781C cpu@72.593C/72.593C soc2@65.218C/65.218C soc0@67.062C/67.062C cv1@67.125C/67.125C gpu@76.031C/76.031C tj@76.031C/76.031C soc1@64.906C/64.906C cv2@63.031C/63.031C VDD_IN 34349mW/24039mW/34349mW VDD_CPU_GPU_CV 21036mW/13011mW/21268mW VDD_SOC 5608mW/4684mW/5608mW
08-10-2026 23:50:43 RAM 9478/15599MB (lfb 131x4MB) CPU [0%@1984,100%@1984,0%@1984,0%@1984,78%@1984,0%@1984,100%@1984,0%@1984] GR3D_FREQ 99% cv0@68.156C/68.156C cpu@72.406C/72.593C soc2@65.406C/65.406C soc0@67.312C/67.312C cv1@67.218C/67.218C gpu@75.875C/76.031C tj@75.875C/76.031C soc1@65C/65C cv2@63.156C/63.156C VDD_IN 33185mW/24344mW/34349mW VDD_CPU_GPU_CV 20593mW/13264mW/21268mW VDD_SOC 5328mW/4705mW/5608mW
08-10-2026 23:50:43 RAM 9518/15599MB (lfb 131x4MB) CPU [0%@1984,100%@1984,0%@1984,0%@1984,68%@1984,0%@1984,100%@1984,0%@1984] GR3D_FREQ 99% cv0@68.156C/68.156C cpu@72.531C/72.593C soc2@65.531C/65.531C soc0@67.343C/67.343C cv1@67.343C/67.343C gpu@75.875C/76.031C tj@75.875C/76.031C soc1@65C/65C cv2@63.312C/63.312C VDD_IN 32756mW/24615mW/34349mW VDD_CPU_GPU_CV 20706mW/13504mW/21268mW VDD_SOC 5056mW/4717mW/5608mW
08-10-2026 23:50:44 RAM 9565/15599MB (lfb 131x4MB) CPU [0%@1984,100%@1984,0%@1984,0%@1984,68%@1984,0%@1984,100%@1984,0%@1984] GR3D_FREQ 99% cv0@68.406C/68.406C cpu@72.562C/72.593C soc2@65.656C/65.656C soc0@67.531C/67.531C cv1@67.437C/67.437C gpu@76.156C/76.156C tj@76.156C/76.156C soc1@65.093C/65.093C cv2@63.406C/63.406C VDD_IN 32142mW/24851mW/34349mW VDD_CPU_GPU_CV 21024mW/13739mW/21268mW VDD_SOC 5016mW/4726mW/5608mW
08-10-2026 23:50:44 RAM 11481/15599MB (lfb 130x4MB) CPU [1%@1984,100%@1984,0%@1984,0%@1984,86%@1984,0%@1984,100%@1984,0%@1984] GR3D_FREQ 99% cv0@68.281C/68.406C cpu@72.843C/72.843C soc2@65.781C/65.781C soc0@67.656C/67.656C cv1@67.531C/67.531C gpu@76.625C/76.625C tj@76.625C/76.625C soc1@65.406C/65.406C cv2@63.593C/63.593C VDD_IN 33266mW/25106mW/34349mW VDD_CPU_GPU_CV 20871mW/13955mW/21268mW VDD_SOC 5216mW/4741mW/5608mW
08-10-2026 23:50:45 RAM 11900/15599MB (lfb 105x4MB) CPU [1%@1984,100%@1984,0%@1984,0%@1984,100%@1984,0%@1984,100%@1984,0%@1984] GR3D_FREQ 99% cv0@68.375C/68.406C cpu@73.062C/73.062C soc2@65.812C/65.812C soc0@67.75C/67.75C cv1@67.718C/67.718C gpu@76.843C/76.843C tj@76.843C/76.843C soc1@65.406C/65.406C cv2@63.718C/63.718C VDD_IN 34068mW/25369mW/34349mW VDD_CPU_GPU_CV 20911mW/14160mW/21268mW VDD_SOC 5568mW/4765mW/5608mW
08-10-2026 23:50:45 RAM 12374/15599MB (lfb 3x4MB) CPU [0%@1984,100%@1984,0%@1984,0%@1984,80%@1984,0%@1984,100%@1984,0%@1984] GR3D_FREQ 99% cv0@68.625C/68.625C cpu@73.031C/73.062C soc2@66C/66C soc0@67.968C/67.968C cv1@67.812C/67.812C gpu@76.375C/76.843C tj@76.375C/76.843C soc1@65.531C/65.531C cv2@63.781C/63.781C VDD_IN 33198mW/25593mW/34349mW VDD_CPU_GPU_CV 20395mW/14338mW/21268mW VDD_SOC 5337mW/4782mW/5608mW
08-10-2026 23:50:46 RAM 12437/15599MB (lfb 1x1MB) CPU [0%@1984,100%@1984,0%@1984,0%@1984,52%@1984,0%@1984,100%@1984,0%@1984] GR3D_FREQ 99% cv0@68.843C/68.843C cpu@72.968C/73.062C soc2@66.125C/66.125C soc0@68.031C/68.031C cv1@67.875C/67.875C gpu@76.343C/76.843C tj@76.343C/76.843C soc1@65.625C/65.625C cv2@64.062C/64.062C VDD_IN 32153mW/25775mW/34349mW VDD_CPU_GPU_CV 20030mW/14496mW/21268mW VDD_SOC 5096mW/4790mW/5608mW
08-10-2026 23:50:46 RAM 12489/15599MB (lfb 1x1MB) CPU [0%@1984,100%@1984,3%@1984,0%@1984,26%@1984,0%@1984,100%@1984,0%@1984] GR3D_FREQ 99% cv0@68.562C/68.843C cpu@72.656C/73.062C soc2@66.187C/66.187C soc0@68.156C/68.156C cv1@67.906C/67.906C gpu@75.562C/76.843C tj@75.625C/76.843C soc1@65.843C/65.843C cv2@64.156C/64.156C VDD_IN 31430mW/25928mW/34349mW VDD_CPU_GPU_CV 19275mW/14625mW/21268mW VDD_SOC 5056mW/4798mW/5608mW
08-10-2026 23:50:47 RAM 12492/15599MB (lfb 3x512kB) CPU [36%@1984,100%@1984,0%@1984,0%@1984,48%@1984,0%@1984,100%@1984,41%@1984] GR3D_FREQ 99% cv0@68.75C/68.843C cpu@72.906C/73.062C soc2@66.437C/66.437C soc0@68.125C/68.156C cv1@68C/68C gpu@75.437C/76.843C tj@75.437C/76.843C soc1@65.937C/65.937C cv2@64.281C/64.281C VDD_IN 30554mW/26050mW/34349mW VDD_CPU_GPU_CV 17913mW/14712mW/21268mW VDD_SOC 5305mW/4811mW/5608mW
08-10-2026 23:50:47 RAM 12488/15599MB (lfb 1x1MB) CPU [100%@1984,100%@1984,0%@1984,0%@1984,0%@1984,0%@1984,100%@1984,100%@1984] GR3D_FREQ 99% cv0@68.937C/68.937C cpu@73.406C/73.406C soc2@66.687C/66.687C soc0@68.343C/68.343C cv1@68.281C/68.281C gpu@75.062C/76.843C tj@75.062C/76.843C soc1@66.031C/66.031C cv2@64.343C/64.343C VDD_IN 30594mW/26166mW/34349mW VDD_CPU_GPU_CV 17754mW/14790mW/21268mW VDD_SOC 5425mW/4827mW/5608mW
08-10-2026 23:50:48 RAM 12488/15599MB (lfb 1x1MB) CPU [100%@1984,100%@1984,0%@1984,0%@1984,1%@1984,0%@1984,100%@1984,100%@1984] GR3D_FREQ 99% cv0@69.218C/69.218C cpu@73.281C/73.406C soc2@66.781C/66.781C soc0@68.468C/68.468C cv1@68.25C/68.281C gpu@75.656C/76.843C tj@75.656C/76.843C soc1@66.093C/66.093C cv2@64.531C/64.531C VDD_IN 30675mW/26279mW/34349mW VDD_CPU_GPU_CV 17833mW/14866mW/21268mW VDD_SOC 5425mW/4842mW/5608mW
08-10-2026 23:50:48 RAM 12484/15599MB (lfb 1x1MB) CPU [100%@1984,100%@1984,1%@1984,0%@1984,0%@1984,0%@1984,100%@1984,100%@1984] GR3D_FREQ 99% cv0@69.218C/69.218C cpu@73.437C/73.437C soc2@66.812C/66.812C soc0@68.625C/68.625C cv1@68.343C/68.343C gpu@75.562C/76.843C tj@75.562C/76.843C soc1@66.218C/66.218C cv2@64.562C/64.562C VDD_IN 30514mW/26382mW/34349mW VDD_CPU_GPU_CV 17634mW/14933mW/21268mW VDD_SOC 5425mW/4856mW/5608mW
08-10-2026 23:50:49 RAM 12484/15599MB (lfb 1x1MB) CPU [100%@1984,100%@1984,0%@1984,0%@1984,0%@1984,0%@1984,100%@1984,100%@1984] GR3D_FREQ 99% cv0@69.25C/69.25C cpu@73.406C/73.437C soc2@66.875C/66.875C soc0@68.625C/68.625C cv1@68.406C/68.406C gpu@75.625C/76.843C tj@75.625C/76.843C soc1@66.343C/66.343C cv2@64.656C/64.656C VDD_IN 30594mW/26482mW/34349mW VDD_CPU_GPU_CV 17794mW/15001mW/21268mW VDD_SOC 5425mW/4869mW/5608mW
08-10-2026 23:50:49 RAM 12481/15599MB (lfb 1x1MB) CPU [100%@1984,100%@1984,0%@1984,0%@1984,0%@1984,0%@1984,100%@1984,100%@1984] GR3D_FREQ 99% cv0@69.343C/69.343C cpu@73.812C/73.812C soc2@67.062C/67.062C soc0@68.812C/68.812C cv1@68.625C/68.625C gpu@75.781C/76.843C tj@75.781C/76.843C soc1@66.375C/66.375C cv2@64.781C/64.781C VDD_IN 30675mW/26580mW/34349mW VDD_CPU_GPU_CV 17794mW/15066mW/21268mW VDD_SOC 5425mW/4882mW/5608mW
08-10-2026 23:50:50 RAM 12481/15599MB (lfb 1x1MB) CPU [100%@1984,100%@1984,0%@1984,0%@1984,0%@1984,0%@1984,100%@1984,100%@1984] GR3D_FREQ 99% cv0@69.625C/69.625C cpu@73.75C/73.812C soc2@67.25C/67.25C soc0@68.937C/68.937C cv1@68.75C/68.75C gpu@75.781C/76.843C tj@75.781C/76.843C soc1@66.5C/66.5C cv2@64.937C/64.937C VDD_IN 30634mW/26672mW/34349mW VDD_CPU_GPU_CV 17714mW/15126mW/21268mW VDD_SOC 5466mW/4896mW/5608mW
08-10-2026 23:50:50 RAM 12478/15599MB (lfb 2x1MB) CPU [100%@1984,100%@1984,0%@1984,0%@1984,0%@1984,0%@1984,100%@1984,100%@1984] GR3D_FREQ 99% cv0@69.593C/69.625C cpu@73.75C/73.812C soc2@67.25C/67.25C soc0@68.906C/68.937C cv1@68.781C/68.781C gpu@75.843C/76.843C tj@75.843C/76.843C soc1@66.5C/66.5C cv2@65.062C/65.062C VDD_IN 30795mW/26764mW/34349mW VDD_CPU_GPU_CV 17873mW/15187mW/21268mW VDD_SOC 5466mW/4908mW/5608mW
08-10-2026 23:50:51 RAM 11525/15599MB (lfb 87x4MB) CPU [100%@1984,100%@1984,44%@1984,0%@1984,0%@1984,0%@1984,100%@1984,100%@1984] GR3D_FREQ 97% cv0@69.437C/69.625C cpu@73.937C/73.937C soc2@67.25C/67.25C soc0@69.062C/69.062C cv1@68.906C/68.906C gpu@74.843C/76.843C tj@74.843C/76.843C soc1@66.843C/66.843C cv2@65.156C/65.156C VDD_IN 29829mW/26830mW/34349mW VDD_CPU_GPU_CV 16387mW/15214mW/21268mW VDD_SOC 5747mW/4926mW/5747mW
08-10-2026 23:50:51 RAM 9879/15599MB (lfb 87x4MB) CPU [100%@1984,100%@1984,58%@1984,0%@1984,0%@1984,0%@1984,100%@1984,100%@1984] GR3D_FREQ 97% cv0@69.468C/69.625C cpu@74C/74C soc2@67.25C/67.25C soc0@69.218C/69.218C cv1@69.093C/69.093C gpu@74.937C/76.843C tj@74.937C/76.843C soc1@66.937C/66.937C cv2@65.218C/65.218C VDD_IN 28863mW/26874mW/34349mW VDD_CPU_GPU_CV 14936mW/15208mW/21268mW VDD_SOC 6028mW/4950mW/6028mW
08-10-2026 23:50:52 RAM 8710/15599MB (lfb 101x4MB) CPU [100%@1984,100%@1984,0%@1984,1%@1984,0%@1984,0%@1984,100%@1984,100%@1984] GR3D_FREQ 99% cv0@69.687C/69.687C cpu@74.187C/74.187C soc2@67.406C/67.406C soc0@69.156C/69.218C cv1@69.093C/69.093C gpu@74.593C/76.843C tj@74.593C/76.843C soc1@66.968C/66.968C cv2@65.187C/65.218C VDD_IN 28304mW/26903mW/34349mW VDD_CPU_GPU_CV 14337mW/15190mW/21268mW VDD_SOC 5998mW/4972mW/6028mW
08-10-2026 23:50:52 RAM 7771/15599MB (lfb 104x4MB) CPU [100%@1984,100%@1984,54%@1984,0%@1984,0%@1984,0%@1984,100%@1984,100%@1984] GR3D_FREQ 0% cv0@69.687C/69.687C cpu@74.281C/74.281C soc2@67.25C/67.406C soc0@69.187C/69.218C cv1@69.093C/69.093C gpu@73C/76.843C tj@74.281C/76.843C soc1@66.968C/66.968C cv2@65.312C/65.312C VDD_IN 21761mW/26798mW/34349mW VDD_CPU_GPU_CV 10248mW/15089mW/21268mW VDD_SOC 4975mW/4972mW/6028mW
08-10-2026 23:50:53 RAM 7122/15599MB (lfb 246x4MB) CPU [100%@1984,98%@1984,88%@1984,0%@1984,25%@1984,0%@1984,100%@1984,100%@1984] GR3D_FREQ 1% cv0@70.125C/70.125C cpu@74.562C/74.562C soc2@67C/67.406C soc0@69.031C/69.218C cv1@69.093C/69.093C gpu@71.562C/76.843C tj@74.562C/76.843C soc1@66.937C/66.968C cv2@65.312C/65.312C VDD_IN 15483mW/26572mW/34349mW VDD_CPU_GPU_CV 6997mW/14927mW/21268mW VDD_SOC 3616mW/4945mW/6028mW
08-10-2026 23:50:53 RAM 5728/15599MB (lfb 252x4MB) CPU [40%@1984,100%@1984,100%@1984,20%@1984,4%@1984,38%@1984,100%@1984,100%@1984] GR3D_FREQ 1% cv0@69.718C/70.125C cpu@73.968C/74.562C soc2@66.593C/67.406C soc0@68.875C/69.218C cv1@69.093C/69.093C gpu@71.375C/76.843C tj@74.031C/76.843C soc1@67.062C/67.062C cv2@65.093C/65.312C VDD_IN 13025mW/26307mW/34349mW VDD_CPU_GPU_CV 6005mW/14752mW/21268mW VDD_SOC 2971mW/4906mW/6028mW
08-10-2026 23:50:54 RAM 8536/15599MB (lfb 252x4MB) CPU [0%@1984,100%@1984,100%@1984,0%@1984,0%@1984,100%@1984,100%@1984,100%@1984] GR3D_FREQ 99% cv0@69.375C/70.125C cpu@73.937C/74.562C soc2@66.375C/67.406C soc0@68.812C/69.218C cv1@69.093C/69.093C gpu@71.343C/76.843C tj@73.937C/76.843C soc1@66.968C/67.062C cv2@64.968C/65.312C VDD_IN 14002mW/26070mW/34349mW VDD_CPU_GPU_CV 5955mW/14583mW/21268mW VDD_SOC 3413mW/4877mW/6028mW
08-10-2026 23:50:54 RAM 9380/15599MB (lfb 252x4MB) CPU [0%@1984,100%@1984,100%@1984,0%@1984,0%@1984,98%@1984,100%@1984,100%@1984] GR3D_FREQ 99% cv0@69.218C/70.125C cpu@73.968C/74.562C soc2@66.468C/67.406C soc0@68.75C/69.218C cv1@69.093C/69.093C gpu@71.218C/76.843C tj@73.968C/76.843C soc1@66.906C/67.062C cv2@64.843C/65.312C VDD_IN 14508mW/25852mW/34349mW VDD_CPU_GPU_CV 6319mW/14427mW/21268mW VDD_SOC 3495mW/4851mW/6028mW
08-10-2026 23:50:55 RAM 9499/15599MB (lfb 245x4MB) CPU [15%@1984,50%@1984,100%@1984,0%@1984,0%@1984,66%@1984,100%@1984,100%@1984] GR3D_FREQ 99% cv0@68.656C/70.125C cpu@73.218C/74.562C soc2@66.687C/67.406C soc0@68.687C/69.218C cv1@68.718C/69.093C gpu@75.468C/76.843C tj@75.468C/76.843C soc1@66.843C/67.062C cv2@64.937C/65.312C VDD_IN 23419mW/25807mW/34349mW VDD_CPU_GPU_CV 13202mW/14404mW/21268mW VDD_SOC 4119mW/4838mW/6028mW
08-10-2026 23:50:55 RAM 10407/15599MB (lfb 94x4MB) CPU [12%@1984,66%@1984,100%@1984,69%@1984,1%@1984,0%@1984,100%@1984,100%@1984] GR3D_FREQ 99% cv0@69.125C/70.125C cpu@73.718C/74.562C soc2@66.812C/67.406C soc0@68.875C/69.218C cv1@68.875C/69.093C gpu@76.406C/76.843C tj@76.406C/76.843C soc1@66.75C/67.062C cv2@65.093C/65.312C VDD_IN 29749mW/25878mW/34349mW VDD_CPU_GPU_CV 18311mW/14475mW/21268mW VDD_SOC 4702mW/4835mW/6028mW
08-10-2026 23:50:56 RAM 11565/15599MB (lfb 26x4MB) CPU [1%@1984,100%@1984,100%@1984,100%@1984,0%@1984,0%@1984,100%@1984,100%@1984] GR3D_FREQ 99% cv0@69.375C/70.125C cpu@74.062C/74.562C soc2@67.25C/67.406C soc0@69.187C/69.218C cv1@69C/69.093C gpu@76.156C/76.843C tj@76.156C/76.843C soc1@67.187C/67.187C cv2@65.343C/65.343C VDD_IN 31520mW/25979mW/34349mW VDD_CPU_GPU_CV 19196mW/14559mW/21268mW VDD_SOC 5136mW/4841mW/6028mW
08-10-2026 23:50:56 RAM 12358/15599MB (lfb 7x4MB) CPU [2%@1984,100%@1984,100%@1984,100%@1984,0%@1984,1%@1984,100%@1984,100%@1984] GR3D_FREQ 99% cv0@69.625C/70.125C cpu@74.312C/74.562C soc2@67.406C/67.406C soc0@69.406C/69.406C cv1@69.343C/69.343C gpu@76.906C/76.906C tj@76.906C/76.906C soc1@67.187C/67.187C cv2@65.406C/65.406C VDD_IN 31832mW/26082mW/34349mW VDD_CPU_GPU_CV 19554mW/14647mW/21268mW VDD_SOC 5176mW/4846mW/6028mW
08-10-2026 23:50:57 RAM 12397/15599MB (lfb 4x4MB) CPU [0%@1984,50%@1984,100%@1984,100%@1984,0%@1984,0%@1984,100%@1984,100%@1984] GR3D_FREQ 99% cv0@69.687C/70.125C cpu@74.281C/74.562C soc2@67.531C/67.531C soc0@69.5C/69.5C cv1@69.406C/69.406C gpu@77.625C/77.625C tj@77.625C/77.625C soc1@67.218C/67.218C cv2@65.562C/65.562C VDD_IN 31751mW/26180mW/34349mW VDD_CPU_GPU_CV 20157mW/14742mW/21268mW VDD_SOC 4983mW/4849mW/6028mW
08-10-2026 23:50:57 RAM 12316/15599MB (lfb 2x4MB) CPU [34%@1984,30%@1984,100%@1984,100%@1984,0%@1984,0%@1984,100%@1984,100%@1984] GR3D_FREQ 99% cv0@69.812C/70.125C cpu@74.531C/74.562C soc2@67.718C/67.718C soc0@69.656C/69.656C cv1@69.531C/69.531C gpu@77.343C/77.625C tj@77.343C/77.625C soc1@67.343C/67.343C cv2@65.875C/65.875C VDD_IN 32073mW/26279mW/34349mW VDD_CPU_GPU_CV 20276mW/14836mW/21268mW VDD_SOC 4895mW/4850mW/6028mW
08-10-2026 23:50:58 RAM 12336/15599MB (lfb 2x4MB) CPU [1%@1984,41%@1984,100%@1984,100%@1984,0%@1984,0%@1984,100%@1984,100%@1984] GR3D_FREQ 99% cv0@70.343C/70.343C cpu@74.687C/74.687C soc2@67.843C/67.843C soc0@69.812C/69.812C cv1@69.593C/69.593C gpu@76.718C/77.625C tj@76.718C/77.625C soc1@67.437C/67.437C cv2@65.875C/65.875C VDD_IN 31269mW/26363mW/34349mW VDD_CPU_GPU_CV 19236mW/14909mW/21268mW VDD_SOC 5144mW/4854mW/6028mW
08-10-2026 23:50:58 RAM 12336/15599MB (lfb 2x4MB) CPU [0%@1984,100%@1984,100%@1984,100%@1984,0%@1984,0%@1984,100%@1984,100%@1984] GR3D_FREQ 99% cv0@70.468C/70.468C cpu@75.062C/75.062C soc2@68.031C/68.031C soc0@69.937C/69.937C cv1@69.781C/69.781C gpu@76.625C/77.625C tj@76.625C/77.625C soc1@67.656C/67.656C cv2@66C/66C VDD_IN 30997mW/26439mW/34349mW VDD_CPU_GPU_CV 18510mW/14968mW/21268mW VDD_SOC 5305mW/4862mW/6028mW
08-10-2026 23:50:59 RAM 12336/15599MB (lfb 2x4MB) CPU [8%@1984,100%@1984,100%@1984,100%@1984,60%@1984,0%@1984,100%@1984,100%@1984] GR3D_FREQ 99% cv0@71.093C/71.093C cpu@75.5C/75.5C soc2@68.156C/68.156C soc0@70C/70C cv1@70.156C/70.156C gpu@76.468C/77.625C tj@76.468C/77.625C soc1@67.687C/67.687C cv2@66.218C/66.218C VDD_IN 30594mW/26506mW/34349mW VDD_CPU_GPU_CV 18232mW/15021mW/21268mW VDD_SOC 5265mW/4868mW/6028mW
08-10-2026 23:50:59 RAM 12336/15599MB (lfb 2x4MB) CPU [0%@1984,100%@1984,100%@1984,100%@1984,100%@1984,0%@1984,100%@1984,100%@1984] GR3D_FREQ 99% cv0@71.187C/71.187C cpu@75.75C/75.75C soc2@68.25C/68.25C soc0@70.062C/70.062C cv1@70.281C/70.281C gpu@76.375C/77.625C tj@76.375C/77.625C soc1@67.718C/67.718C cv2@66.281C/66.281C VDD_IN 30554mW/26570mW/34349mW VDD_CPU_GPU_CV 18112mW/15070mW/21268mW VDD_SOC 5265mW/4875mW/6028mW
08-10-2026 23:51:00 RAM 12336/15599MB (lfb 2x4MB) CPU [0%@1984,100%@1984,100%@1984,100%@1984,100%@1984,0%@1984,100%@1984,100%@1984] GR3D_FREQ 99% cv0@71.25C/71.25C cpu@75.718C/75.75C soc2@68.312C/68.312C soc0@70.156C/70.156C cv1@70.281C/70.281C gpu@76.343C/77.625C tj@76.343C/77.625C soc1@67.906C/67.906C cv2@66.5C/66.5C VDD_IN 30312mW/26628mW/34349mW VDD_CPU_GPU_CV 17993mW/15116mW/21268mW VDD_SOC 5224mW/4880mW/6028mW
08-10-2026 23:51:00 RAM 12336/15599MB (lfb 2x4MB) CPU [0%@1984,100%@1984,100%@1984,100%@1984,100%@1984,0%@1984,100%@1984,100%@1984] GR3D_FREQ 99% cv0@71.375C/71.375C cpu@75.812C/75.812C soc2@68.406C/68.406C soc0@70.25C/70.25C cv1@70.406C/70.406C gpu@76.656C/77.625C tj@76.656C/77.625C soc1@68.031C/68.031C cv2@66.562C/66.562C VDD_IN 30433mW/26687mW/34349mW VDD_CPU_GPU_CV 18033mW/15161mW/21268mW VDD_SOC 5224mW/4885mW/6028mW
08-10-2026 23:51:01 RAM 12335/15599MB (lfb 2x4MB) CPU [0%@1984,100%@1984,100%@1984,100%@1984,100%@1984,0%@1984,100%@1984,100%@1984] GR3D_FREQ 99% cv0@71.437C/71.437C cpu@75.968C/75.968C soc2@68.468C/68.468C soc0@70.437C/70.437C cv1@70.562C/70.562C gpu@76.562C/77.625C tj@76.562C/77.625C soc1@68.062C/68.062C cv2@66.593C/66.593C VDD_IN 30272mW/26741mW/34349mW VDD_CPU_GPU_CV 17953mW/15203mW/21268mW VDD_SOC 5224mW/4891mW/6028mW
08-10-2026 23:51:01 RAM 12335/15599MB (lfb 2x4MB) CPU [0%@1984,100%@1984,100%@1984,100%@1984,100%@1984,0%@1984,100%@1984,100%@1984] GR3D_FREQ 99% cv0@71.531C/71.531C cpu@76.156C/76.156C soc2@68.687C/68.687C soc0@70.468C/70.468C cv1@70.593C/70.593C gpu@76.812C/77.625C tj@76.812C/77.625C soc1@68.156C/68.156C cv2@66.718C/66.718C VDD_IN 30514mW/26797mW/34349mW VDD_CPU_GPU_CV 18152mW/15247mW/21268mW VDD_SOC 5265mW/4896mW/6028mW
08-10-2026 23:51:02 RAM 12334/15599MB (lfb 2x4MB) CPU [0%@1984,100%@1984,100%@1984,100%@1984,100%@1984,0%@1984,100%@1984,100%@1984] GR3D_FREQ 99% cv0@71.656C/71.656C cpu@76.156C/76.156C soc2@68.718C/68.718C soc0@70.593C/70.593C cv1@70.718C/70.718C gpu@76.75C/77.625C tj@76.75C/77.625C soc1@68.25C/68.25C cv2@66.937C/66.937C VDD_IN 30312mW/26849mW/34349mW VDD_CPU_GPU_CV 17993mW/15287mW/21268mW VDD_SOC 5224mW/4901mW/6028mW
08-10-2026 23:51:02 RAM 12334/15599MB (lfb 2x4MB) CPU [3%@1984,100%@1984,100%@1984,100%@1984,100%@1984,0%@1984,100%@1984,100%@1984] GR3D_FREQ 99% cv0@71.781C/71.781C cpu@76.156C/76.156C soc2@68.75C/68.75C soc0@70.562C/70.593C cv1@70.843C/70.843C gpu@76.843C/77.625C tj@76.843C/77.625C soc1@68.437C/68.437C cv2@66.875C/66.937C VDD_IN 30473mW/26902mW/34349mW VDD_CPU_GPU_CV 18112mW/15328mW/21268mW VDD_SOC 5265mW/4906mW/6028mW
08-10-2026 23:51:03 RAM 12333/15599MB (lfb 2x4MB) CPU [0%@1984,100%@1984,100%@1984,100%@1984,100%@1984,0%@1984,100%@1984,100%@1984] GR3D_FREQ 99% cv0@71.843C/71.843C cpu@76.25C/76.25C soc2@68.812C/68.812C soc0@70.812C/70.812C cv1@70.843C/70.843C gpu@77.062C/77.625C tj@77.062C/77.625C soc1@68.437C/68.437C cv2@66.968C/66.968C VDD_IN 30353mW/26951mW/34349mW VDD_CPU_GPU_CV 18033mW/15367mW/21268mW VDD_SOC 5224mW/4911mW/6028mW
08-10-2026 23:51:03 RAM 12333/15599MB (lfb 2x4MB) CPU [1%@1984,100%@1984,100%@1984,100%@1984,100%@1984,0%@1984,100%@1984,100%@1984] GR3D_FREQ 99% cv0@71.937C/71.937C cpu@76.531C/76.531C soc2@69.031C/69.031C soc0@70.781C/70.812C cv1@71.031C/71.031C gpu@77.218C/77.625C tj@77.218C/77.625C soc1@68.5C/68.5C cv2@67.125C/67.125C VDD_IN 30353mW/26999mW/34349mW VDD_CPU_GPU_CV 17993mW/15404mW/21268mW VDD_SOC 5265mW/4916mW/6028mW
08-10-2026 23:51:04 RAM 12333/15599MB (lfb 2x4MB) CPU [0%@1984,100%@1984,100%@1984,100%@1984,100%@1984,0%@1984,100%@1984,100%@1984] GR3D_FREQ 99% cv0@72.093C/72.093C cpu@76.531C/76.531C soc2@69C/69.031C soc0@70.843C/70.843C cv1@71.031C/71.031C gpu@77.343C/77.625C tj@77.343C/77.625C soc1@68.593C/68.593C cv2@67.218C/67.218C VDD_IN 30312mW/27045mW/34349mW VDD_CPU_GPU_CV 17953mW/15439mW/21268mW VDD_SOC 5224mW/4920mW/6028mW
08-10-2026 23:51:04 RAM 12333/15599MB (lfb 2x4MB) CPU [1%@1984,100%@1984,100%@1984,100%@1984,100%@1984,0%@1984,100%@1984,100%@1984] GR3D_FREQ 99% cv0@72.156C/72.156C cpu@76.593C/76.593C soc2@69.093C/69.093C soc0@71.031C/71.031C cv1@71.093C/71.093C gpu@77.156C/77.625C tj@77.156C/77.625C soc1@68.781C/68.781C cv2@67.281C/67.281C VDD_IN 30393mW/27091mW/34349mW VDD_CPU_GPU_CV 18033mW/15475mW/21268mW VDD_SOC 5224mW/4924mW/6028mW
08-10-2026 23:51:05 RAM 12332/15599MB (lfb 2x4MB) CPU [78%@1984,100%@1984,100%@1984,100%@1984,100%@1984,0%@1984,100%@1984,100%@1984] GR3D_FREQ 99% cv0@72.468C/72.468C cpu@76.937C/76.937C soc2@69.5C/69.5C soc0@71C/71.031C cv1@71.406C/71.406C gpu@77.343C/77.625C tj@77.343C/77.625C soc1@68.906C/68.906C cv2@67.343C/67.343C VDD_IN 30634mW/27139mW/34349mW VDD_CPU_GPU_CV 18271mW/15513mW/21268mW VDD_SOC 5224mW/4928mW/6028mW
08-10-2026 23:51:05 RAM 11589/15599MB (lfb 163x4MB) CPU [100%@1984,100%@1984,100%@1984,100%@1984,100%@1984,38%@1984,100%@1984,100%@1984] GR3D_FREQ 99% cv0@72.312C/72.468C cpu@77.093C/77.093C soc2@69.625C/69.625C soc0@71.218C/71.218C cv1@71.468C/71.468C gpu@77.968C/77.968C tj@77.968C/77.968C soc1@68.937C/68.937C cv2@67.562C/67.562C VDD_IN 31158mW/27192mW/34349mW VDD_CPU_GPU_CV 18988mW/15559mW/21268mW VDD_SOC 5104mW/4931mW/6028mW
08-10-2026 23:51:06 RAM 10880/15599MB (lfb 163x4MB) CPU [100%@1984,100%@1984,100%@1984,100%@1984,100%@1984,58%@1984,100%@1984,100%@1984] GR3D_FREQ 99% cv0@72.312C/72.468C cpu@76.906C/77.093C soc2@69.687C/69.687C soc0@71.312C/71.312C cv1@71.437C/71.468C gpu@78.187C/78.187C tj@78.187C/78.187C soc1@69.031C/69.031C cv2@67.718C/67.718C VDD_IN 31560mW/27250mW/34349mW VDD_CPU_GPU_CV 19673mW/15613mW/21268mW VDD_SOC 4855mW/4930mW/6028mW
08-10-2026 23:51:06 RAM 8373/15599MB (lfb 175x4MB) CPU [100%@1984,100%@1984,100%@1984,100%@1984,100%@1984,0%@1984,100%@1984,100%@1984] GR3D_FREQ 99% cv0@72.437C/72.468C cpu@76.875C/77.093C soc2@69.75C/69.75C soc0@71.375C/71.375C cv1@71.468C/71.468C gpu@78.843C/78.843C tj@78.843C/78.843C soc1@69C/69.031C cv2@67.781C/67.781C VDD_IN 31520mW/27305mW/34349mW VDD_CPU_GPU_CV 19832mW/15668mW/21268mW VDD_SOC 4775mW/4928mW/6028mW
08-10-2026 23:51:07 RAM 8442/15599MB (lfb 175x4MB) CPU [100%@1984,0%@1984,100%@1984,100%@1984,100%@1984,96%@1984,100%@1984,100%@1984] GR3D_FREQ 99% cv0@72.437C/72.468C cpu@77.281C/77.281C soc2@69.781C/69.781C soc0@71.406C/71.406C cv1@71.75C/71.75C gpu@78.437C/78.843C tj@78.437C/78.843C soc1@69.187C/69.187C cv2@67.875C/67.875C VDD_IN 31761mW/27362mW/34349mW VDD_CPU_GPU_CV 19673mW/15719mW/21268mW VDD_SOC 4935mW/4928mW/6028mW
08-10-2026 23:51:07 RAM 9215/15599MB (lfb 175x4MB) CPU [100%@1984,0%@1984,100%@1984,100%@1984,100%@1984,98%@1984,100%@1984,100%@1984] GR3D_FREQ 99% cv0@72.468C/72.468C cpu@77.406C/77.406C soc2@69.906C/69.906C soc0@71.593C/71.593C cv1@71.75C/71.75C gpu@78.812C/78.843C tj@78.812C/78.843C soc1@69.406C/69.406C cv2@68C/68C VDD_IN 31882mW/27420mW/34349mW VDD_CPU_GPU_CV 19713mW/15770mW/21268mW VDD_SOC 5056mW/4929mW/6028mW
08-10-2026 23:51:08 RAM 9263/15599MB (lfb 175x4MB) CPU [100%@1984,1%@1984,100%@1984,100%@1984,100%@1984,71%@1984,100%@1984,100%@1984] GR3D_FREQ 99% cv0@72.625C/72.625C cpu@77.281C/77.406C soc2@69.968C/69.968C soc0@71.656C/71.656C cv1@71.906C/71.906C gpu@78.593C/78.843C tj@78.593C/78.843C soc1@69.312C/69.406C cv2@68.062C/68.062C VDD_IN 31600mW/27472mW/34349mW VDD_CPU_GPU_CV 19832mW/15820mW/21268mW VDD_SOC 4775mW/4927mW/6028mW
08-10-2026 23:51:08 RAM 9302/15599MB (lfb 175x4MB) CPU [100%@1984,1%@1984,100%@1984,100%@1984,100%@1984,73%@1984,100%@1984,100%@1984] GR3D_FREQ 99% cv0@72.625C/72.625C cpu@77.5C/77.5C soc2@70.187C/70.187C soc0@71.906C/71.906C cv1@72.156C/72.156C gpu@78.906C/78.906C tj@78.906C/78.906C soc1@69.5C/69.5C cv2@68.156C/68.156C VDD_IN 31560mW/27522mW/34349mW VDD_CPU_GPU_CV 19713mW/15869mW/21268mW VDD_SOC 4654mW/4924mW/6028mW
08-10-2026 23:51:09 RAM 9356/15599MB (lfb 175x4MB) CPU [100%@1984,0%@1984,100%@1984,100%@1984,100%@1984,71%@1984,100%@1984,100%@1984] GR3D_FREQ 99% cv0@72.875C/72.875C cpu@77.656C/77.656C soc2@70.187C/70.187C soc0@71.875C/71.906C cv1@72.156C/72.156C gpu@79.093C/79.093C tj@79.093C/79.093C soc1@69.468C/69.5C cv2@68.343C/68.343C VDD_IN 31359mW/27569mW/34349mW VDD_CPU_GPU_CV 19792mW/15916mW/21268mW VDD_SOC 4614mW/4920mW/6028mW
08-10-2026 23:51:09 RAM 11382/15599MB (lfb 172x4MB) CPU [100%@1984,0%@1984,100%@1984,100%@1984,100%@1984,92%@1984,100%@1984,100%@1984] GR3D_FREQ 99% cv0@72.781C/72.875C cpu@77.687C/77.687C soc2@70.187C/70.187C soc0@71.968C/71.968C cv1@72.093C/72.156C gpu@79.281C/79.281C tj@79.281C/79.281C soc1@69.562C/69.562C cv2@68.406C/68.406C VDD_IN 31560mW/27617mW/34349mW VDD_CPU_GPU_CV 19752mW/15963mW/21268mW VDD_SOC 4735mW/4918mW/6028mW
08-10-2026 23:51:10 RAM 11580/15599MB (lfb 172x4MB) CPU [100%@1984,0%@1984,100%@1984,100%@1984,100%@1984,100%@1984,100%@1984,100%@1984] GR3D_FREQ 99% cv0@73C/73C cpu@77.812C/77.812C soc2@70.343C/70.343C soc0@72.062C/72.062C cv1@72.25C/72.25C gpu@78.843C/79.281C tj@78.843C/79.281C soc1@69.75C/69.75C cv2@68.5C/68.5C VDD_IN 32164mW/27671mW/34349mW VDD_CPU_GPU_CV 19752mW/16008mW/21268mW VDD_SOC 5096mW/4920mW/6028mW
08-10-2026 23:51:10 RAM 12169/15599MB (lfb 36x4MB) CPU [100%@1984,3%@1984,100%@1984,100%@1984,100%@1984,82%@1984,100%@1984,100%@1984] GR3D_FREQ 99% cv0@73.062C/73.062C cpu@77.656C/77.812C soc2@70.406C/70.406C soc0@72.187C/72.187C cv1@72.5C/72.5C gpu@79.343C/79.343C tj@79.343C/79.343C soc1@69.875C/69.875C cv2@68.437C/68.5C VDD_IN 31963mW/27722mW/34349mW VDD_CPU_GPU_CV 19713mW/16051mW/21268mW VDD_SOC 4895mW/4920mW/6028mW
08-10-2026 23:51:11 RAM 12219/15599MB (lfb 34x4MB) CPU [100%@1984,92%@1984,100%@1984,100%@1984,100%@1984,50%@1984,100%@1984,100%@1984] GR3D_FREQ 99% cv0@73.687C/73.687C cpu@78.375C/78.375C soc2@70.687C/70.687C soc0@72.343C/72.343C cv1@72.468C/72.5C gpu@79.156C/79.343C tj@79.156C/79.343C soc1@69.843C/69.875C cv2@68.656C/68.656C VDD_IN 31842mW/27770mW/34349mW VDD_CPU_GPU_CV 19911mW/16096mW/21268mW VDD_SOC 4614mW/4916mW/6028mW
08-10-2026 23:51:11 RAM 12302/15599MB (lfb 15x4MB) CPU [100%@1984,100%@1984,100%@1984,100%@1984,100%@1984,42%@1984,100%@1984,100%@1984] GR3D_FREQ 99% cv0@73.625C/73.687C cpu@78.031C/78.375C soc2@70.781C/70.781C soc0@72.437C/72.437C cv1@72.5C/72.5C gpu@79.187C/79.343C tj@79.187C/79.343C soc1@70C/70C cv2@68.781C/68.781C VDD_IN 31520mW/27813mW/34349mW VDD_CPU_GPU_CV 19951mW/16140mW/21268mW VDD_SOC 4534mW/4912mW/6028mW
08-10-2026 23:51:12 RAM 12310/15599MB (lfb 12x4MB) CPU [100%@1984,100%@1984,100%@1984,100%@1984,100%@1984,46%@1984,100%@1984,100%@1984] GR3D_FREQ 99% cv0@74.093C/74.093C cpu@78.625C/78.625C soc2@70.843C/70.843C soc0@72.468C/72.468C cv1@72.781C/72.781C gpu@78.812C/79.343C tj@78.812C/79.343C soc1@70.125C/70.125C cv2@68.875C/68.875C VDD_IN 31399mW/27854mW/34349mW VDD_CPU_GPU_CV 19474mW/16178mW/21268mW VDD_SOC 4895mW/4912mW/6028mW
08-10-2026 23:51:12 RAM 12310/15599MB (lfb 12x4MB) CPU [100%@1984,100%@1984,100%@1984,100%@1984,100%@1984,100%@1984,100%@1984,100%@1984] GR3D_FREQ 99% cv0@74.25C/74.25C cpu@78.875C/78.875C soc2@71.031C/71.031C soc0@72.531C/72.531C cv1@73.125C/73.125C gpu@79.031C/79.343C tj@79.031C/79.343C soc1@70.125C/70.125C cv2@68.906C/68.906C VDD_IN 31761mW/27897mW/34349mW VDD_CPU_GPU_CV 19434mW/16215mW/21268mW VDD_SOC 5136mW/4914mW/6028mW
08-10-2026 23:51:13 RAM 12309/15599MB (lfb 11x4MB) CPU [100%@1984,100%@1984,100%@1984,100%@1984,100%@1984,100%@1984,100%@1984,100%@1984] GR3D_FREQ 99% cv0@74.281C/74.281C cpu@79.031C/79.031C soc2@71.187C/71.187C soc0@72.625C/72.625C cv1@73.125C/73.125C gpu@78.937C/79.343C tj@79.031C/79.343C soc1@70.187C/70.187C cv2@69.125C/69.125C VDD_IN 31590mW/27938mW/34349mW VDD_CPU_GPU_CV 19236mW/16248mW/21268mW VDD_SOC 5216mW/4918mW/6028mW
08-10-2026 23:51:13 RAM 12309/15599MB (lfb 11x4MB) CPU [100%@1984,100%@1984,100%@1984,100%@1984,100%@1984,100%@1984,100%@1984,100%@1984] GR3D_FREQ 99% cv0@74.562C/74.562C cpu@79.031C/79.031C soc2@71.25C/71.25C soc0@72.687C/72.687C cv1@73.218C/73.218C gpu@79C/79.343C tj@79.031C/79.343C soc1@70.25C/70.25C cv2@69.25C/69.25C VDD_IN 31711mW/27980mW/34349mW VDD_CPU_GPU_CV 19395mW/16283mW/21268mW VDD_SOC 5216mW/4921mW/6028mW
08-10-2026 23:51:14 RAM 12309/15599MB (lfb 11x4MB) CPU [100%@1984,100%@1984,100%@1984,100%@1984,100%@1984,100%@1984,100%@1984,100%@1984] GR3D_FREQ 99% cv0@74.406C/74.562C cpu@79.093C/79.093C soc2@71.312C/71.312C soc0@72.718C/72.718C cv1@73.312C/73.312C gpu@79.25C/79.343C tj@79.25C/79.343C soc1@70.375C/70.375C cv2@69.437C/69.437C VDD_IN 31761mW/28021mW/34349mW VDD_CPU_GPU_CV 19315mW/16316mW/21268mW VDD_SOC 5256mW/4924mW/6028mW
08-10-2026 23:51:14 RAM 12309/15599MB (lfb 11x4MB) CPU [100%@1984,100%@1984,100%@1984,100%@1984,100%@1984,100%@1984,100%@1984,100%@1984] GR3D_FREQ 99% cv0@74.562C/74.562C cpu@79.093C/79.093C soc2@71.406C/71.406C soc0@72.656C/72.718C cv1@73.343C/73.343C gpu@79.312C/79.343C tj@79.312C/79.343C soc1@70.406C/70.406C cv2@69.437C/69.437C VDD_IN 31842mW/28062mW/34349mW VDD_CPU_GPU_CV 19355mW/16349mW/21268mW VDD_SOC 5256mW/4928mW/6028mW
08-10-2026 23:51:15 RAM 12308/15599MB (lfb 11x4MB) CPU [100%@1984,100%@1984,100%@1984,100%@1984,100%@1984,100%@1984,100%@1984,100%@1984] GR3D_FREQ 99% cv0@74.718C/74.718C cpu@79.218C/79.218C soc2@71.437C/71.437C soc0@72.875C/72.875C cv1@73.375C/73.375C gpu@79.343C/79.343C tj@79.343C/79.343C soc1@70.531C/70.531C cv2@69.5C/69.5C VDD_IN 31751mW/28101mW/34349mW VDD_CPU_GPU_CV 19355mW/16381mW/21268mW VDD_SOC 5256mW/4932mW/6028mW
08-10-2026 23:51:15 RAM 12308/15599MB (lfb 11x4MB) CPU [100%@1984,100%@1984,100%@1984,100%@1984,100%@1984,100%@1984,100%@1984,100%@1984] GR3D_FREQ 99% cv0@74.781C/74.781C cpu@79.218C/79.218C soc2@71.531C/71.531C soc0@72.843C/72.875C cv1@73.437C/73.437C gpu@79.218C/79.343C tj@79.218C/79.343C soc1@70.687C/70.687C cv2@69.5C/69.5C VDD_IN 31842mW/28141mW/34349mW VDD_CPU_GPU_CV 19355mW/16412mW/21268mW VDD_SOC 5216mW/4935mW/6028mW
08-10-2026 23:51:16 RAM 12308/15599MB (lfb 11x4MB) CPU [100%@1984,100%@1984,100%@1984,100%@1984,100%@1984,100%@1984,100%@1984,100%@1984] GR3D_FREQ 99% cv0@74.843C/74.843C cpu@79.437C/79.437C soc2@71.656C/71.656C soc0@73.187C/73.187C cv1@73.562C/73.562C gpu@79.406C/79.406C tj@79.437C/79.437C soc1@70.781C/70.781C cv2@69.625C/69.625C VDD_IN 31872mW/28180mW/34349mW VDD_CPU_GPU_CV 19474mW/16444mW/21268mW VDD_SOC 5256mW/4938mW/6028mW
08-10-2026 23:51:16 RAM 12308/15599MB (lfb 11x4MB) CPU [100%@1984,100%@1984,100%@1984,100%@1984,100%@1984,100%@1984,100%@1984,100%@1984] GR3D_FREQ 99% cv0@74.843C/74.843C cpu@79.531C/79.531C soc2@71.75C/71.75C soc0@73.093C/73.187C cv1@73.75C/73.75C gpu@79.593C/79.593C tj@79.593C/79.593C soc1@70.75C/70.781C cv2@69.718C/69.718C VDD_IN 31791mW/28217mW/34349mW VDD_CPU_GPU_CV 19474mW/16475mW/21268mW VDD_SOC 5256mW/4941mW/6028mW
08-10-2026 23:51:17 RAM 12306/15599MB (lfb 10x4MB) CPU [100%@1984,100%@1984,100%@1984,100%@1984,100%@1984,100%@1984,100%@1984,100%@1984] GR3D_FREQ 99% cv0@75.062C/75.062C cpu@79.812C/79.812C soc2@71.687C/71.75C soc0@73.125C/73.187C cv1@73.625C/73.75C gpu@79.5C/79.593C tj@79.812C/79.812C soc1@70.875C/70.875C cv2@69.781C/69.781C VDD_IN 31923mW/28255mW/34349mW VDD_CPU_GPU_CV 19474mW/16506mW/21268mW VDD_SOC 5256mW/4944mW/6028mW
08-10-2026 23:51:17 RAM 11133/15599MB (lfb 32x4MB) CPU [100%@1984,100%@1984,100%@1984,100%@1984,100%@1984,100%@1984,100%@1984,100%@1984] GR3D_FREQ 99% cv0@75.312C/75.312C cpu@79.875C/79.875C soc2@71.906C/71.906C soc0@73.281C/73.281C cv1@73.906C/73.906C gpu@79.218C/79.593C tj@79.875C/79.875C soc1@70.906C/70.906C cv2@69.812C/69.812C VDD_IN 32354mW/28296mW/34349mW VDD_CPU_GPU_CV 18679mW/16528mW/21268mW VDD_SOC 5898mW/4954mW/6028mW
08-10-2026 23:51:18 RAM 8253/15599MB (lfb 224x4MB) CPU [100%@1984,100%@1984,100%@1984,100%@1984,100%@1984,100%@1984,100%@1984,100%@1984] GR3D_FREQ 0% cv0@75.375C/75.375C cpu@80.062C/80.062C soc2@72C/72C soc0@73.312C/73.312C cv1@73.906C/73.906C gpu@78.281C/79.593C tj@80.062C/80.062C soc1@71.031C/71.031C cv2@69.906C/69.906C VDD_IN 31148mW/28325mW/34349mW VDD_CPU_GPU_CV 17555mW/16538mW/21268mW VDD_SOC 5827mW/4963mW/6028mW
08-10-2026 23:51:18 RAM 7635/15599MB (lfb 319x4MB) CPU [100%@1984,100%@1984,100%@1984,100%@1984,100%@1984,100%@1984,100%@1984,100%@1984] GR3D_FREQ 0% cv0@75.125C/75.375C cpu@80.312C/80.312C soc2@71.562C/72C soc0@73.156C/73.312C cv1@73.906C/73.906C gpu@76.25C/79.593C tj@80.312C/80.312C soc1@71C/71.031C cv2@69.781C/69.906C VDD_IN 20012mW/28242mW/34349mW VDD_CPU_GPU_CV 10949mW/16483mW/21268mW VDD_SOC 3848mW/4952mW/6028mW
08-10-2026 23:51:19 RAM 5915/15599MB (lfb 386x4MB) CPU [100%@1984,100%@1984,100%@1984,100%@1984,100%@1984,100%@1984,100%@1984,100%@1984] GR3D_FREQ 0% cv0@74.968C/75.375C cpu@79.593C/80.312C soc2@71.437C/72C soc0@72.937C/73.312C cv1@73.875C/73.906C gpu@75.75C/79.593C tj@79.593C/80.312C soc1@70.968C/71.031C cv2@69.656C/69.906C VDD_IN 17488mW/28137mW/34349mW VDD_CPU_GPU_CV 9005mW/16409mW/21268mW VDD_SOC 3651mW/4939mW/6028mW
08-10-2026 23:51:19 RAM 5677/15599MB (lfb 416x4MB) CPU [100%@1984,100%@1984,100%@1984,100%@1984,100%@1984,100%@1984,100%@1984,100%@1984] GR3D_FREQ 0% cv0@74.812C/75.375C cpu@79.343C/80.312C soc2@71.187C/72C soc0@72.812C/73.312C cv1@73.625C/73.906C gpu@75.5C/79.593C tj@79.343C/80.312C soc1@70.875C/71.031C cv2@69.625C/69.906C VDD_IN 15849mW/28018mW/34349mW VDD_CPU_GPU_CV 8534mW/16333mW/21268mW VDD_SOC 3124mW/4921mW/6028mW
08-10-2026 23:51:20 RAM 6988/15599MB (lfb 416x4MB) CPU [100%@1984,100%@1984,98%@1984,100%@1984,100%@1984,100%@1984,100%@1984,100%@1984] GR3D_FREQ 25% cv0@74.718C/75.375C cpu@79.437C/80.312C soc2@71.031C/72C soc0@72.656C/73.312C cv1@73.593C/73.906C gpu@75.625C/79.593C tj@79.437C/80.312C soc1@70.812C/71.031C cv2@69.593C/69.906C VDD_IN 16337mW/27905mW/34349mW VDD_CPU_GPU_CV 8480mW/16257mW/21268mW VDD_SOC 3367mW/4906mW/6028mW
08-10-2026 23:51:20 RAM 7576/15599MB (lfb 416x4MB) CPU [100%@1984,100%@1984,100%@1984,98%@1984,100%@1984,100%@1984,100%@1984,100%@1984] GR3D_FREQ 25% cv0@74.781C/75.375C cpu@79.062C/80.312C soc2@70.937C/72C soc0@72.656C/73.312C cv1@73.468C/73.906C gpu@75.031C/79.593C tj@79.281C/80.312C soc1@70.781C/71.031C cv2@69.406C/69.906C VDD_IN 15849mW/27790mW/34349mW VDD_CPU_GPU_CV 8453mW/16183mW/21268mW VDD_SOC 3129mW/4889mW/6028mW
08-10-2026 23:51:21 RAM 9087/15599MB (lfb 153x4MB) CPU [100%@1984,100%@1984,100%@1984,100%@1984,100%@1984,100%@1984,100%@1984,100%@1984] GR3D_FREQ 1% cv0@74.625C/75.375C cpu@78.937C/80.312C soc2@70.781C/72C soc0@72.5C/73.312C cv1@73.406C/73.906C gpu@74.718C/79.593C tj@78.937C/80.312C soc1@70.687C/71.031C cv2@69.375C/69.906C VDD_IN 15036mW/27670mW/34349mW VDD_CPU_GPU_CV 8170mW/16107mW/21268mW VDD_SOC 2926mW/4871mW/6028mW
08-10-2026 23:51:21 RAM 9646/15599MB (lfb 76x4MB) CPU [100%@1984,100%@1984,100%@1984,100%@1984,100%@1984,100%@1984,100%@1984,100%@1984] GR3D_FREQ 99% cv0@74.5C/75.375C cpu@78.968C/80.312C soc2@70.75C/72C soc0@72.5C/73.312C cv1@73.375C/73.906C gpu@75.062C/79.593C tj@78.968C/80.312C soc1@70.625C/71.031C cv2@69.312C/69.906C VDD_IN 16215mW/27563mW/34349mW VDD_CPU_GPU_CV 8480mW/16036mW/21268mW VDD_SOC 3286mW/4856mW/6028mW
08-10-2026 23:51:22 RAM 11482/15599MB (lfb 48x4MB) CPU [100%@1984,100%@1984,98%@1984,100%@1984,100%@1984,100%@1984,100%@1984,100%@1984] GR3D_FREQ 99% cv0@74.093C/75.375C cpu@78.5C/80.312C soc2@70.656C/72C soc0@72.312C/73.312C cv1@73.156C/73.906C gpu@78.062C/79.593C tj@78.5C/80.312C soc1@70.656C/71.031C cv2@69.125C/69.906C VDD_IN 24026mW/27530mW/34349mW VDD_CPU_GPU_CV 14423mW/16021mW/21268mW VDD_SOC 4038mW/4849mW/6028mW
08-10-2026 23:51:23 RAM 11675/15599MB (lfb 6x4MB) CPU [100%@1984,100%@1984,100%@1984,100%@1984,100%@1984,100%@1984,100%@1984,100%@1984] GR3D_FREQ 99% cv0@74.25C/75.375C cpu@78.812C/80.312C soc2@71.062C/72C soc0@72.656C/73.312C cv1@73.218C/73.906C gpu@79.125C/79.593C tj@79.125C/80.312C soc1@70.75C/71.031C cv2@69.312C/69.906C VDD_IN 30360mW/27556mW/34349mW VDD_CPU_GPU_CV 18600mW/16045mW/21268mW VDD_SOC 4895mW/4849mW/6028mW
08-10-2026 23:51:23 RAM 12268/15599MB (lfb 7x4MB) CPU [100%@1984,100%@1984,100%@1984,100%@1984,100%@1984,100%@1984,100%@1984,100%@1984] GR3D_FREQ 99% cv0@74.531C/75.375C cpu@78.906C/80.312C soc2@71.25C/72C soc0@72.687C/73.312C cv1@73.25C/73.906C gpu@79.468C/79.593C tj@79.468C/80.312C soc1@70.906C/71.031C cv2@69.531C/69.906C VDD_IN 31530mW/27592mW/34349mW VDD_CPU_GPU_CV 19713mW/16078mW/21268mW VDD_SOC 4815mW/4849mW/6028mW
08-10-2026 23:51:24 RAM 12298/15599MB (lfb 5x4MB) CPU [100%@1984,100%@1984,100%@1984,100%@1984,100%@1984,100%@1984,100%@1984,100%@1984] GR3D_FREQ 99% cv0@74.562C/75.375C cpu@79C/80.312C soc2@71.437C/72C soc0@73.062C/73.312C cv1@73.375C/73.906C gpu@79.625C/79.625C tj@79.625C/80.312C soc1@70.875C/71.031C cv2@69.593C/69.906C VDD_IN 31489mW/27627mW/34349mW VDD_CPU_GPU_CV 20070mW/16114mW/21268mW VDD_SOC 4614mW/4847mW/6028mW
08-10-2026 23:51:24 RAM 12336/15599MB (lfb 2x4MB) CPU [100%@1984,100%@1984,100%@1984,100%@1984,100%@1984,100%@1984,100%@1984,100%@1984] GR3D_FREQ 99% cv0@74.687C/75.375C cpu@79.187C/80.312C soc2@71.593C/72C soc0@73C/73.312C cv1@73.656C/73.906C gpu@79.812C/79.812C tj@79.812C/80.312C soc1@70.937C/71.031C cv2@69.687C/69.906C VDD_IN 31480mW/27662mW/34349mW VDD_CPU_GPU_CV 20388mW/16152mW/21268mW VDD_SOC 4574mW/4844mW/6028mW
08-10-2026 23:51:25 RAM 12404/15599MB (lfb 1x4MB) CPU [100%@1984,100%@1984,100%@1984,100%@1984,100%@1984,100%@1984,100%@1984,100%@1984] GR3D_FREQ 99% cv0@74.812C/75.375C cpu@79.5C/80.312C soc2@71.625C/72C soc0@73.218C/73.312C cv1@73.781C/73.906C gpu@79.625C/79.812C tj@79.625C/80.312C soc1@71C/71.031C cv2@69.843C/69.906C VDD_IN 31812mW/27699mW/34349mW VDD_CPU_GPU_CV 20117mW/16187mW/21268mW VDD_SOC 4534mW/4841mW/6028mW
08-10-2026 23:51:25 RAM 12421/15599MB (lfb 1x4MB) CPU [100%@1984,100%@1984,100%@1984,100%@1984,100%@1984,100%@1984,100%@1984,100%@1984] GR3D_FREQ 99% cv0@75.062C/75.375C cpu@79.562C/80.312C soc2@71.937C/72C soc0@73.281C/73.312C cv1@73.875C/73.906C gpu@79.968C/79.968C tj@79.968C/80.312C soc1@71.031C/71.031C cv2@69.906C/69.906C VDD_IN 31802mW/27735mW/34349mW VDD_CPU_GPU_CV 19792mW/16219mW/21268mW VDD_SOC 4895mW/4842mW/6028mW
08-10-2026 23:51:26 RAM 12421/15599MB (lfb 1x4MB) CPU [100%@1984,100%@1984,100%@1984,100%@1984,100%@1984,100%@1984,100%@1984,100%@1984] GR3D_FREQ 99% cv0@75.218C/75.375C cpu@79.687C/80.312C soc2@72C/72C soc0@73.562C/73.562C cv1@73.968C/73.968C gpu@79.843C/79.968C tj@79.843C/80.312C soc1@71.125C/71.125C cv2@70.062C/70.062C VDD_IN 31882mW/27771mW/34349mW VDD_CPU_GPU_CV 19434mW/16247mW/21268mW VDD_SOC 5136mW/4844mW/6028mW
08-10-2026 23:51:26 RAM 12420/15599MB (lfb 1x4MB) CPU [100%@1984,100%@1984,100%@1984,100%@1984,100%@1984,100%@1984,100%@1984,100%@1984] GR3D_FREQ 99% cv0@75.218C/75.375C cpu@80.062C/80.312C soc2@72.093C/72.093C soc0@73.5C/73.562C cv1@74.093C/74.093C gpu@79.968C/79.968C tj@80.062C/80.312C soc1@71.156C/71.156C cv2@70C/70.062C VDD_IN 31923mW/27806mW/34349mW VDD_CPU_GPU_CV 19434mW/16274mW/21268mW VDD_SOC 5216mW/4848mW/6028mW
08-10-2026 23:51:27 RAM 12420/15599MB (lfb 1x4MB) CPU [100%@1984,100%@1984,100%@1984,100%@1984,100%@1984,100%@1984,100%@1984,100%@1984] GR3D_FREQ 99% cv0@75.343C/75.375C cpu@79.843C/80.312C soc2@72.093C/72.093C soc0@73.531C/73.562C cv1@74.187C/74.187C gpu@79.968C/79.968C tj@79.968C/80.312C soc1@71.25C/71.25C cv2@70.343C/70.343C VDD_IN 31882mW/27841mW/34349mW VDD_CPU_GPU_CV 19395mW/16301mW/21268mW VDD_SOC 5256mW/4851mW/6028mW
08-10-2026 23:51:27 RAM 12419/15599MB (lfb 1x4MB) CPU [100%@1984,100%@1984,100%@1984,100%@1984,100%@1984,100%@1984,100%@1984,100%@1984] GR3D_FREQ 99% cv0@75.406C/75.406C cpu@80.062C/80.312C soc2@72.25C/72.25C soc0@73.625C/73.625C cv1@74.25C/74.25C gpu@80.062C/80.062C tj@80.062C/80.312C soc1@71.343C/71.343C cv2@70.25C/70.343C VDD_IN 31923mW/27876mW/34349mW VDD_CPU_GPU_CV 19434mW/16328mW/21268mW VDD_SOC 5256mW/4855mW/6028mW
08-10-2026 23:51:28 RAM 12419/15599MB (lfb 1x4MB) CPU [100%@1984,100%@1984,100%@1984,100%@1984,100%@1984,100%@1984,100%@1984,100%@1984] GR3D_FREQ 99% cv0@75.687C/75.687C cpu@80.062C/80.312C soc2@72.375C/72.375C soc0@73.656C/73.656C cv1@74.281C/74.281C gpu@80C/80.062C tj@80.062C/80.312C soc1@71.406C/71.406C cv2@70.5C/70.5C VDD_IN 31882mW/27910mW/34349mW VDD_CPU_GPU_CV 19355mW/16353mW/21268mW VDD_SOC 5256mW/4858mW/6028mW
08-10-2026 23:51:28 RAM 12417/15599MB (lfb 1x4MB) CPU [100%@1984,100%@1984,100%@1984,100%@1984,100%@1984,100%@1984,100%@1984,100%@1984] GR3D_FREQ 99% cv0@75.625C/75.687C cpu@80.343C/80.343C soc2@72.343C/72.375C soc0@73.656C/73.656C cv1@74.5C/74.5C gpu@80C/80.062C tj@80.343C/80.343C soc1@71.406C/71.406C cv2@70.406C/70.5C VDD_IN 31923mW/27943mW/34349mW VDD_CPU_GPU_CV 19395mW/16378mW/21268mW VDD_SOC 5256mW/4861mW/6028mW
08-10-2026 23:51:29 RAM 12415/15599MB (lfb 1x4MB) CPU [100%@1984,100%@1984,100%@1984,100%@1984,100%@1984,100%@1984,100%@1984,100%@1984] GR3D_FREQ 99% cv0@75.687C/75.687C cpu@80.218C/80.343C soc2@72.406C/72.406C soc0@73.781C/73.781C cv1@74.468C/74.5C gpu@80.281C/80.281C tj@80.281C/80.343C soc1@71.5C/71.5C cv2@70.593C/70.593C VDD_IN 31842mW/27975mW/34349mW VDD_CPU_GPU_CV 19355mW/16403mW/21268mW VDD_SOC 5256mW/4864mW/6028mW
08-10-2026 23:51:29 RAM 12414/15599MB (lfb 1x4MB) CPU [100%@1984,100%@1984,100%@1984,100%@1984,100%@1984,100%@1984,100%@1984,100%@1984] GR3D_FREQ 99% cv0@75.812C/75.812C cpu@80.5C/80.5C soc2@72.406C/72.406C soc0@73.843C/73.843C cv1@74.5C/74.5C gpu@80.25C/80.281C tj@80.5C/80.5C soc1@71.531C/71.531C cv2@70.593C/70.593C VDD_IN 31923mW/28008mW/34349mW VDD_CPU_GPU_CV 19395mW/16428mW/21268mW VDD_SOC 5256mW/4868mW/6028mW
08-10-2026 23:51:30 RAM 12414/15599MB (lfb 1x4MB) CPU [100%@1984,100%@1984,100%@1984,100%@1984,100%@1984,100%@1984,100%@1984,100%@1984] GR3D_FREQ 99% cv0@75.968C/75.968C cpu@80.343C/80.5C soc2@72.5C/72.5C soc0@73.875C/73.875C cv1@74.5C/74.5C gpu@80.656C/80.656C tj@80.656C/80.656C soc1@71.656C/71.656C cv2@70.562C/70.593C VDD_IN 32043mW/28040mW/34349mW VDD_CPU_GPU_CV 19554mW/16453mW/21268mW VDD_SOC 5256mW/4871mW/6028mW
08-10-2026 23:51:30 RAM 12413/15599MB (lfb 1x4MB) CPU [100%@1984,100%@1984,100%@1984,100%@1984,100%@1984,100%@1984,100%@1984,100%@1984] GR3D_FREQ 99% cv0@75.937C/75.968C cpu@80.593C/80.593C soc2@72.562C/72.562C soc0@73.968C/73.968C cv1@74.437C/74.5C gpu@80.406C/80.656C tj@80.593C/80.656C soc1@71.75C/71.75C cv2@70.625C/70.625C VDD_IN 31842mW/28071mW/34349mW VDD_CPU_GPU_CV 19275mW/16476mW/21268mW VDD_SOC 5256mW/4874mW/6028mW
08-10-2026 23:51:31 RAM 12411/15599MB (lfb 1x4MB) CPU [100%@1984,100%@1984,100%@1984,100%@1984,100%@1984,100%@1984,100%@1984,100%@1984] GR3D_FREQ 99% cv0@76.125C/76.125C cpu@80.5C/80.593C soc2@72.656C/72.656C soc0@74C/74C cv1@74.625C/74.625C gpu@80.593C/80.656C tj@80.593C/80.656C soc1@71.718C/71.75C cv2@70.75C/70.75C VDD_IN 31923mW/28102mW/34349mW VDD_CPU_GPU_CV 19474mW/16500mW/21268mW VDD_SOC 5256mW/4877mW/6028mW
08-10-2026 23:51:31 RAM 12410/15599MB (lfb 1x4MB) CPU [100%@1984,100%@1984,100%@1984,100%@1984,100%@1984,100%@1984,100%@1984,100%@1984] GR3D_FREQ 99% cv0@76.031C/76.125C cpu@80.531C/80.593C soc2@72.656C/72.656C soc0@74.156C/74.156C cv1@74.625C/74.625C gpu@80.562C/80.656C tj@80.562C/80.656C soc1@71.906C/71.906C cv2@70.75C/70.75C VDD_IN 31963mW/28132mW/34349mW VDD_CPU_GPU_CV 19514mW/16524mW/21268mW VDD_SOC 5256mW/4880mW/6028mW
08-10-2026 23:51:32 RAM 12410/15599MB (lfb 1x4MB) CPU [100%@1984,100%@1984,100%@1984,100%@1984,100%@1984,100%@1984,100%@1984,100%@1984] GR3D_FREQ 99% cv0@76.187C/76.187C cpu@80.562C/80.593C soc2@72.687C/72.687C soc0@74.093C/74.156C cv1@74.843C/74.843C gpu@80.906C/80.906C tj@80.906C/80.906C soc1@71.906C/71.906C cv2@70.843C/70.843C VDD_IN 31963mW/28163mW/34349mW VDD_CPU_GPU_CV 19434mW/16547mW/21268mW VDD_SOC 5256mW/4883mW/6028mW
08-10-2026 23:51:32 RAM 12408/15599MB (lfb 1x4MB) CPU [100%@1984,100%@1984,100%@1984,100%@1984,100%@1984,100%@1984,100%@1984,100%@1984] GR3D_FREQ 99% cv0@76.187C/76.187C cpu@80.656C/80.656C soc2@72.843C/72.843C soc0@74.125C/74.156C cv1@74.812C/74.843C gpu@80.812C/80.906C tj@80.812C/80.906C soc1@71.812C/71.906C cv2@70.906C/70.906C VDD_IN 32084mW/28193mW/34349mW VDD_CPU_GPU_CV 19514mW/16570mW/21268mW VDD_SOC 5296mW/4886mW/6028mW
08-10-2026 23:51:33 RAM 11472/15599MB (lfb 9x4MB) CPU [100%@1984,100%@1984,100%@1984,100%@1984,100%@1984,100%@1984,100%@1984,100%@1984] GR3D_FREQ 99% cv0@75.843C/76.187C cpu@80.343C/80.656C soc2@72.781C/72.843C soc0@74.281C/74.281C cv1@74.718C/74.843C gpu@81.375C/81.375C tj@81.375C/81.375C soc1@71.937C/71.937C cv2@70.875C/70.906C VDD_IN 32084mW/28223mW/34349mW VDD_CPU_GPU_CV 20348mW/16599mW/21268mW VDD_SOC 4855mW/4886mW/6028mW
08-10-2026 23:51:33 RAM 10829/15599MB (lfb 9x4MB) CPU [100%@1984,100%@1984,100%@1984,100%@1984,100%@1984,100%@1984,100%@1984,100%@1984] GR3D_FREQ 99% cv0@75.812C/76.187C cpu@80.343C/80.656C soc2@72.812C/72.843C soc0@74.406C/74.406C cv1@74.812C/74.843C gpu@81.375C/81.375C tj@81.375C/81.375C soc1@72.031C/72.031C cv2@70.937C/70.937C VDD_IN 32084mW/28253mW/34349mW VDD_CPU_GPU_CV 20474mW/16629mW/21268mW VDD_SOC 4735mW/4885mW/6028mW
08-10-2026 23:51:34 RAM 8996/15599MB (lfb 9x4MB) CPU [100%@1984,100%@1984,100%@1984,100%@1984,100%@1984,100%@1984,100%@1984,100%@1984] GR3D_FREQ 99% cv0@75.968C/76.187C cpu@80.562C/80.656C soc2@72.968C/72.968C soc0@74.375C/74.406C cv1@74.781C/74.843C gpu@81.656C/81.656C tj@81.656C/81.656C soc1@71.968C/72.031C cv2@71.062C/71.062C VDD_IN 32014mW/28282mW/34349mW VDD_CPU_GPU_CV 20395mW/16658mW/21268mW VDD_SOC 4735mW/4884mW/6028mW
08-10-2026 23:51:34 RAM 8404/15599MB (lfb 30x4MB) CPU [100%@1984,100%@1984,100%@1984,100%@1984,100%@1984,100%@1984,100%@1984,100%@1984] GR3D_FREQ 99% cv0@76.062C/76.187C cpu@80.5C/80.656C soc2@72.906C/72.968C soc0@74.468C/74.468C cv1@74.843C/74.843C gpu@81.343C/81.656C tj@81.343C/81.656C soc1@72.031C/72.031C cv2@71.031C/71.062C VDD_IN 31721mW/28308mW/34349mW VDD_CPU_GPU_CV 20388mW/16686mW/21268mW VDD_SOC 4654mW/4882mW/6028mW
08-10-2026 23:51:35 RAM 9127/15599MB (lfb 29x4MB) CPU [100%@1984,100%@1984,100%@1984,100%@1984,100%@1984,100%@1984,100%@1984,100%@1984] GR3D_FREQ 99% cv0@76.031C/76.187C cpu@80.531C/80.656C soc2@72.937C/72.968C soc0@74.5C/74.5C cv1@74.812C/74.843C gpu@81.687C/81.687C tj@81.687C/81.687C soc1@72.281C/72.281C cv2@71.187C/71.187C VDD_IN 31973mW/28335mW/34349mW VDD_CPU_GPU_CV 20507mW/16715mW/21268mW VDD_SOC 4694mW/4880mW/6028mW
08-10-2026 23:51:35 RAM 9235/15599MB (lfb 29x4MB) CPU [100%@1984,100%@1984,100%@1984,100%@1984,100%@1984,100%@1984,100%@1984,100%@1984] GR3D_FREQ 99% cv0@76.125C/76.187C cpu@80.718C/80.718C soc2@73.031C/73.031C soc0@74.625C/74.625C cv1@74.968C/74.968C gpu@81.968C/81.968C tj@81.968C/81.968C soc1@72.25C/72.281C cv2@71.125C/71.187C VDD_IN 32848mW/28369mW/34349mW VDD_CPU_GPU_CV 20560mW/16743mW/21268mW VDD_SOC 5040mW/4882mW/6028mW
08-10-2026 23:51:36 RAM 9553/15599MB (lfb 29x4MB) CPU [100%@1984,100%@1984,100%@1984,100%@1984,100%@1984,100%@1984,100%@1984,100%@1984] GR3D_FREQ 99% cv0@76.187C/76.187C cpu@80.937C/80.937C soc2@73.062C/73.062C soc0@74.593C/74.625C cv1@75.093C/75.093C gpu@81.843C/81.968C tj@81.843C/81.968C soc1@72.187C/72.281C cv2@71.25C/71.25C VDD_IN 32446mW/28399mW/34349mW VDD_CPU_GPU_CV 20435mW/16771mW/21268mW VDD_SOC 4880mW/4882mW/6028mW
08-10-2026 23:51:36 RAM 9592/15599MB (lfb 29x4MB) CPU [100%@1984,100%@1984,100%@1984,100%@1984,100%@1984,100%@1984,100%@1984,100%@1984] GR3D_FREQ 99% cv0@76.343C/76.343C cpu@80.812C/80.937C soc2@73.125C/73.125C soc0@74.593C/74.625C cv1@75.093C/75.093C gpu@81.687C/81.968C tj@81.687C/81.968C soc1@72.406C/72.406C cv2@71.312C/71.312C VDD_IN 32054mW/28426mW/34349mW VDD_CPU_GPU_CV 20276mW/16796mW/21268mW VDD_SOC 4647mW/4880mW/6028mW
08-10-2026 23:51:37 RAM 9617/15599MB (lfb 29x4MB) CPU [100%@1984,100%@1984,100%@1984,100%@1984,100%@1984,100%@1984,100%@1984,100%@1984] GR3D_FREQ 99% cv0@76.406C/76.406C cpu@80.75C/80.937C soc2@73.218C/73.218C soc0@74.687C/74.687C cv1@75.031C/75.093C gpu@81.875C/81.968C tj@81.875C/81.968C soc1@72.375C/72.406C cv2@71.375C/71.375C VDD_IN 31893mW/28452mW/34349mW VDD_CPU_GPU_CV 20236mW/16822mW/21268mW VDD_SOC 4614mW/4878mW/6028mW
08-10-2026 23:51:37 RAM 9642/15599MB (lfb 29x4MB) CPU [100%@1984,100%@1984,100%@1984,100%@1984,100%@1984,100%@1984,100%@1984,100%@1984] GR3D_FREQ 99% cv0@76.312C/76.406C cpu@80.906C/80.937C soc2@73.281C/73.281C soc0@74.781C/74.781C cv1@75.187C/75.187C gpu@82C/82C tj@82C/82C soc1@72.406C/72.406C cv2@71.406C/71.406C VDD_IN 31852mW/28476mW/34349mW VDD_CPU_GPU_CV 20197mW/16846mW/21268mW VDD_SOC 4574mW/4876mW/6028mW
08-10-2026 23:51:38 RAM 9668/15599MB (lfb 29x4MB) CPU [100%@1984,100%@1984,100%@1984,100%@1984,100%@1984,100%@1984,100%@1984,100%@1984] GR3D_FREQ 99% cv0@76.437C/76.437C cpu@81.031C/81.031C soc2@73.312C/73.312C soc0@74.843C/74.843C cv1@75.312C/75.312C gpu@81.968C/82C tj@81.968C/82C soc1@72.406C/72.406C cv2@71.437C/71.437C VDD_IN 31933mW/28501mW/34349mW VDD_CPU_GPU_CV 20435mW/16872mW/21268mW VDD_SOC 4574mW/4874mW/6028mW
08-10-2026 23:51:38 RAM 9692/15599MB (lfb 27x4MB) CPU [100%@1984,100%@1984,100%@1984,100%@1984,100%@1984,100%@1984,100%@1984,100%@1984] GR3D_FREQ 99% cv0@76.468C/76.468C cpu@80.968C/81.031C soc2@73.343C/73.343C soc0@74.812C/74.843C cv1@75.218C/75.312C gpu@82.25C/82.25C tj@82.25C/82.25C soc1@72.562C/72.562C cv2@71.468C/71.468C VDD_IN 31933mW/28526mW/34349mW VDD_CPU_GPU_CV 20593mW/16898mW/21268mW VDD_SOC 4574mW/4871mW/6028mW
08-10-2026 23:51:39 RAM 11487/15599MB (lfb 9x4MB) CPU [100%@1984,100%@1984,100%@1984,100%@1984,100%@1984,100%@1984,100%@1984,100%@1984] GR3D_FREQ 99% cv0@76.5C/76.5C cpu@81.187C/81.187C soc2@73.343C/73.343C soc0@74.906C/74.906C cv1@75.281C/75.312C gpu@82.375C/82.375C tj@82.375C/82.375C soc1@72.531C/72.562C cv2@71.656C/71.656C VDD_IN 32164mW/28551mW/34349mW VDD_CPU_GPU_CV 20633mW/16925mW/21268mW VDD_SOC 4687mW/4870mW/6028mW
08-10-2026 23:51:39 RAM 11487/15599MB (lfb 9x4MB) CPU [100%@1984,100%@1984,100%@1984,100%@1984,100%@1984,100%@1984,100%@1984,100%@1984] GR3D_FREQ 99% cv0@76.5C/76.5C cpu@81.281C/81.281C soc2@73.468C/73.468C soc0@75.093C/75.093C cv1@75.281C/75.312C gpu@82.5C/82.5C tj@82.5C/82.5C soc1@72.625C/72.625C cv2@71.562C/71.656C VDD_IN 32889mW/28582mW/34349mW VDD_CPU_GPU_CV 20600mW/16951mW/21268mW VDD_SOC 5000mW/4871mW/6028mW
08-10-2026 23:51:40 RAM 12255/15599MB (lfb 7x4MB) CPU [100%@1984,100%@1984,100%@1984,100%@1984,100%@1984,100%@1984,100%@1984,100%@1984] GR3D_FREQ 99% cv0@76.687C/76.687C cpu@81.5C/81.5C soc2@73.5C/73.5C soc0@75.093C/75.093C cv1@75.5C/75.5C gpu@82.343C/82.5C tj@82.343C/82.5C soc1@72.781C/72.781C cv2@71.625C/71.656C VDD_IN 32808mW/28611mW/34349mW VDD_CPU_GPU_CV 20521mW/16976mW/21268mW VDD_SOC 5000mW/4872mW/6028mW
08-10-2026 23:51:40 RAM 12289/15599MB (lfb 5x4MB) CPU [100%@1984,100%@1984,100%@1984,100%@1984,100%@1984,100%@1984,100%@1984,100%@1984] GR3D_FREQ 99% cv0@76.75C/76.75C cpu@81.5C/81.5C soc2@73.718C/73.718C soc0@75.156C/75.156C cv1@75.531C/75.531C gpu@82.5C/82.5C tj@82.5C/82.5C soc1@72.781C/72.781C cv2@71.718C/71.718C VDD_IN 31923mW/28634mW/34349mW VDD_CPU_GPU_CV 20435mW/17000mW/21268mW VDD_SOC 4687mW/4871mW/6028mW
08-10-2026 23:51:41 RAM 12319/15599MB (lfb 2x4MB) CPU [100%@1984,100%@1984,100%@1984,100%@1984,100%@1984,100%@1984,100%@1984,100%@1984] GR3D_FREQ 99% cv0@76.781C/76.781C cpu@81.25C/81.5C soc2@73.75C/73.75C soc0@75.25C/75.25C cv1@75.687C/75.687C gpu@82.406C/82.5C tj@82.406C/82.5C soc1@72.781C/72.781C cv2@71.75C/71.75C VDD_IN 31893mW/28657mW/34349mW VDD_CPU_GPU_CV 20355mW/17023mW/21268mW VDD_SOC 4614mW/4869mW/6028mW
08-10-2026 23:51:41 RAM 12363/15599MB (lfb 1x4MB) CPU [100%@1984,100%@1984,100%@1984,100%@1984,100%@1984,100%@1984,100%@1984,100%@1984] GR3D_FREQ 99% cv0@76.718C/76.781C cpu@81.531C/81.531C soc2@73.781C/73.781C soc0@75.218C/75.25C cv1@75.625C/75.687C gpu@82.687C/82.687C tj@82.406C/82.5C soc1@72.75C/72.781C cv2@71.75C/71.75C VDD_IN 31802mW/28678mW/34349mW VDD_CPU_GPU_CV 20474mW/17047mW/21268mW VDD_SOC 4574mW/4867mW/6028mW
08-10-2026 23:51:42 RAM 12418/15599MB (lfb 1x4MB) CPU [100%@1984,100%@1984,100%@1984,100%@1984,100%@1984,100%@1984,100%@1984,100%@1984] GR3D_FREQ 99% cv0@77.125C/77.125C cpu@81.593C/81.593C soc2@73.781C/73.781C soc0@75.25C/75.25C cv1@75.718C/75.718C gpu@82.093C/82.687C tj@82.093C/82.5C soc1@72.812C/72.812C cv2@72.031C/72.031C VDD_IN 31893mW/28700mW/34349mW VDD_CPU_GPU_CV 19991mW/17067mW/21268mW VDD_SOC 4654mW/4865mW/6028mW
08-10-2026 23:51:42 RAM 12422/15599MB (lfb 1x4MB) CPU [100%@1984,100%@1984,100%@1984,100%@1984,100%@1984,100%@1984,100%@1984,100%@1984] GR3D_FREQ 99% cv0@77.281C/77.281C cpu@81.781C/81.781C soc2@73.843C/73.843C soc0@75.343C/75.343C cv1@75.781C/75.781C gpu@81.906C/82.687C tj@81.906C/82.5C soc1@72.843C/72.843C cv2@72.031C/72.031C VDD_IN 32084mW/28723mW/34349mW VDD_CPU_GPU_CV 19792mW/17085mW/21268mW VDD_SOC 5096mW/4867mW/6028mW
08-10-2026 23:51:43 RAM 12421/15599MB (lfb 1x4MB) CPU [100%@1984,100%@1984,100%@1984,100%@1984,100%@1984,100%@1984,100%@1984,100%@1984] GR3D_FREQ 99% cv0@77.25C/77.281C cpu@81.812C/81.812C soc2@73.875C/73.875C soc0@75.437C/75.437C cv1@76C/76C gpu@81.968C/82.687C tj@81.968C/82.5C soc1@72.906C/72.906C cv2@72.062C/72.062C VDD_IN 32084mW/28746mW/34349mW VDD_CPU_GPU_CV 19593mW/17102mW/21268mW VDD_SOC 5256mW/4870mW/6028mW
08-10-2026 23:51:43 RAM 12421/15599MB (lfb 1x4MB) CPU [100%@1984,100%@1984,100%@1984,100%@1984,100%@1984,100%@1984,100%@1984,100%@1984] GR3D_FREQ 99% cv0@77.312C/77.312C cpu@82C/82C soc2@74.125C/74.125C soc0@75.5C/75.5C cv1@76.062C/76.062C gpu@82C/82.687C tj@82C/82.5C soc1@73.031C/73.031C cv2@72.031C/72.062C VDD_IN 32245mW/28769mW/34349mW VDD_CPU_GPU_CV 19673mW/17119mW/21268mW VDD_SOC 5296mW/4872mW/6028mW
08-10-2026 23:51:44 RAM 12420/15599MB (lfb 1x4MB) CPU [100%@1984,100%@1984,100%@1984,100%@1984,100%@1984,100%@1984,100%@1984,100%@1984] GR3D_FREQ 99% cv0@77.531C/77.531C cpu@82.25C/82.25C soc2@74.031C/74.125C soc0@75.562C/75.562C cv1@75.968C/76.062C gpu@82C/82.687C tj@82.25C/82.5C soc1@73.093C/73.093C cv2@72.343C/72.343C VDD_IN 32204mW/28792mW/34349mW VDD_CPU_GPU_CV 19434mW/17134mW/21268mW VDD_SOC 5377mW/4876mW/6028mW
08-10-2026 23:51:44 RAM 11267/15599MB (lfb 24x4MB) CPU [100%@1984,100%@1984,100%@1984,100%@1984,100%@1984,100%@1984,100%@1984,100%@1984] GR3D_FREQ 97% cv0@77.843C/77.843C cpu@82.468C/82.468C soc2@74.187C/74.187C soc0@75.5C/75.562C cv1@76.156C/76.156C gpu@81.718C/82.687C tj@82.468C/82.5C soc1@73.156C/73.156C cv2@72.406C/72.406C VDD_IN 32434mW/28816mW/34349mW VDD_CPU_GPU_CV 18639mW/17144mW/21268mW VDD_SOC 5898mW/4883mW/6028mW
08-10-2026 23:51:45 RAM 8501/15599MB (lfb 43x4MB) CPU [100%@1984,100%@1984,100%@1984,100%@1984,100%@1984,100%@1984,100%@1984,100%@1984] GR3D_FREQ 99% cv0@77.875C/77.875C cpu@82.531C/82.531C soc2@74.25C/74.25C soc0@75.562C/75.562C cv1@76.187C/76.187C gpu@82.093C/82.687C tj@82.531C/82.531C soc1@73.343C/73.343C cv2@72.375C/72.406C VDD_IN 32756mW/28842mW/34349mW VDD_CPU_GPU_CV 18520mW/17153mW/21268mW VDD_SOC 6139mW/4891mW/6139mW
08-10-2026 23:51:45 RAM 9702/15599MB (lfb 43x4MB) CPU [100%@1984,100%@1984,100%@1984,100%@1984,100%@1984,100%@1984,100%@1984,100%@1984] GR3D_FREQ 99% cv0@78C/78C cpu@82.656C/82.656C soc2@74.312C/74.312C soc0@75.593C/75.593C cv1@76.406C/76.406C gpu@81.937C/82.687C tj@82.687C/82.687C soc1@73.375C/73.375C cv2@72.5C/72.5C VDD_IN 32394mW/28865mW/34349mW VDD_CPU_GPU_CV 18242mW/17160mW/21268mW VDD_SOC 6139mW/4899mW/6139mW
08-10-2026 23:51:46 RAM 9731/15599MB (lfb 43x4MB) CPU [100%@1984,100%@1984,100%@1984,100%@1984,100%@1984,100%@1984,100%@1984,100%@1984] GR3D_FREQ 99% cv0@77.937C/78C cpu@82.75C/82.75C soc2@74.375C/74.375C soc0@75.593C/75.593C cv1@76.437C/76.437C gpu@81.906C/82.687C tj@82.75C/82.75C soc1@73.312C/73.375C cv2@72.437C/72.5C VDD_IN 32434mW/28888mW/34349mW VDD_CPU_GPU_CV 17924mW/17165mW/21268mW VDD_SOC 6300mW/4908mW/6300mW
08-10-2026 23:51:46 RAM 10233/15599MB (lfb 43x4MB) CPU [100%@1984,100%@1984,100%@1984,100%@1984,100%@1984,100%@1984,100%@1984,100%@1984] GR3D_FREQ 99% cv0@78.093C/78.093C cpu@82.687C/82.75C soc2@74.5C/74.5C soc0@75.812C/75.812C cv1@76.375C/76.437C gpu@81.75C/82.687C tj@82.687C/82.75C soc1@73.593C/73.593C cv2@72.531C/72.531C VDD_IN 32073mW/28908mW/34349mW VDD_CPU_GPU_CV 17765mW/17169mW/21268mW VDD_SOC 6219mW/4916mW/6300mW
08-10-2026 23:51:47 RAM 8596/15599MB (lfb 58x4MB) CPU [100%@1984,100%@1984,100%@1984,100%@1984,100%@1984,100%@1984,100%@1984,100%@1984] GR3D_FREQ 0% cv0@77.875C/78.093C cpu@82.437C/82.75C soc2@74.093C/74.5C soc0@75.687C/75.812C cv1@76.5C/76.5C gpu@78.781C/82.687C tj@82.437C/82.75C soc1@73.468C/73.593C cv2@72.531C/72.531C VDD_IN 21390mW/28860mW/34349mW VDD_CPU_GPU_CV 11937mW/17136mW/21268mW VDD_SOC 4044mW/4911mW/6300mW
08-10-2026 23:51:47 RAM 6972/15599MB (lfb 60x4MB) CPU [100%@1984,100%@1984,100%@1984,100%@1984,100%@1984,100%@1984,100%@1984,100%@1984] GR3D_FREQ 0% cv0@77.562C/78.093C cpu@82.343C/82.75C soc2@73.781C/74.5C soc0@75.562C/75.812C cv1@76.281C/76.5C gpu@78.281C/82.687C tj@82.343C/82.75C soc1@73.468C/73.593C cv2@72.343C/72.531C VDD_IN 16784mW/28784mW/34349mW VDD_CPU_GPU_CV 9288mW/17086mW/21268mW VDD_SOC 3205mW/4900mW/6300mW
08-10-2026 23:51:48 RAM 5709/15599MB (lfb 127x4MB) CPU [100%@1984,100%@1984,100%@1984,100%@1984,100%@1984,100%@1984,100%@1984,100%@1984] GR3D_FREQ 0% cv0@77.281C/78.093C cpu@81.843C/82.75C soc2@73.531C/74.5C soc0@75.125C/75.812C cv1@76.031C/76.5C gpu@77.781C/82.687C tj@81.843C/82.75C soc1@73.406C/73.593C cv2@72.125C/72.531C VDD_IN 15280mW/28699mW/34349mW VDD_CPU_GPU_CV 8494mW/17032mW/21268mW VDD_SOC 2885mW/4887mW/6300mW
08-10-2026 23:51:48 RAM 7586/15599MB (lfb 127x4MB) CPU [100%@1984,100%@1984,100%@1984,100%@1984,100%@1984,100%@1984,100%@1984,100%@1984] GR3D_FREQ 26% cv0@77.25C/78.093C cpu@82.031C/82.75C soc2@73.375C/74.5C soc0@75.062C/75.812C cv1@75.843C/76.5C gpu@78C/82.687C tj@82.031C/82.75C soc1@73.312C/73.593C cv2@71.968C/72.531C VDD_IN 16256mW/28621mW/34349mW VDD_CPU_GPU_CV 8399mW/16978mW/21268mW VDD_SOC 3367mW/4878mW/6300mW
08-10-2026 23:51:49 RAM 8729/15599MB (lfb 127x4MB) CPU [100%@1984,100%@1984,100%@1984,100%@1984,100%@1984,100%@1984,100%@1984,100%@1984] GR3D_FREQ 12% cv0@77.156C/78.093C cpu@81.718C/82.75C soc2@73.25C/74.5C soc0@74.875C/75.812C cv1@75.75C/76.5C gpu@77.75C/82.687C tj@81.718C/82.75C soc1@73.25C/73.593C cv2@71.906C/72.531C VDD_IN 17001mW/28549mW/34349mW VDD_CPU_GPU_CV 8803mW/16927mW/21268mW VDD_SOC 3570mW/4870mW/6300mW
08-10-2026 23:51:49 RAM 9530/15599MB (lfb 127x4MB) CPU [100%@1984,100%@1984,100%@1984,100%@1984,100%@1984,100%@1984,100%@1984,100%@1984] GR3D_FREQ 3% cv0@77.187C/78.093C cpu@81.656C/82.75C soc2@73.218C/74.5C soc0@74.906C/75.812C cv1@75.75C/76.5C gpu@77.437C/82.687C tj@81.656C/82.75C soc1@73C/73.593C cv2@71.781C/72.531C VDD_IN 16703mW/28476mW/34349mW VDD_CPU_GPU_CV 8803mW/16877mW/21268mW VDD_SOC 3367mW/4860mW/6300mW
08-10-2026 23:51:50 RAM 9579/15599MB (lfb 127x4MB) CPU [100%@1984,100%@1984,100%@1984,100%@1984,100%@1984,100%@1984,100%@1984,100%@1984] GR3D_FREQ 99% cv0@76.625C/78.093C cpu@81.25C/82.75C soc2@73.218C/74.5C soc0@74.906C/75.812C cv1@75.593C/76.5C gpu@81.062C/82.687C tj@81.187C/82.75C soc1@73.093C/73.593C cv2@71.687C/72.531C VDD_IN 26331mW/28463mW/34349mW VDD_CPU_GPU_CV 16293mW/16874mW/21268mW VDD_SOC 4112mW/4856mW/6300mW
08-10-2026 23:51:50 RAM 9593/15599MB (lfb 127x4MB) CPU [100%@1984,100%@1984,100%@1984,100%@1984,100%@1984,100%@1984,100%@1984,100%@1984] GR3D_FREQ 99% cv0@76.937C/78.093C cpu@81.312C/82.75C soc2@73.5C/74.5C soc0@75.062C/75.812C cv1@75.687C/76.5C gpu@82.062C/82.687C tj@82.062C/82.75C soc1@73.093C/73.593C cv2@71.875C/72.531C VDD_IN 30159mW/28473mW/34349mW VDD_CPU_GPU_CV 19315mW/16888mW/21268mW VDD_SOC 4421mW/4853mW/6300mW
08-10-2026 23:51:51 RAM 9607/15599MB (lfb 125x4MB) CPU [100%@1984,100%@1984,100%@1984,100%@1984,100%@1984,100%@1984,100%@1984,100%@1984] GR3D_FREQ 99% cv0@76.906C/78.093C cpu@81.312C/82.75C soc2@73.718C/74.5C soc0@75.156C/75.812C cv1@75.75C/76.5C gpu@82.312C/82.687C tj@82.312C/82.75C soc1@73.187C/73.593C cv2@72.031C/72.531C VDD_IN 31328mW/28490mW/34349mW VDD_CPU_GPU_CV 20150mW/16908mW/21268mW VDD_SOC 4534mW/4851mW/6300mW
08-10-2026 23:51:51 RAM 10464/15599MB (lfb 90x4MB) CPU [100%@1984,100%@1984,100%@1984,100%@1984,100%@1984,100%@1984,100%@1984,100%@1984] GR3D_FREQ 99% cv0@76.875C/78.093C cpu@81.468C/82.75C soc2@73.75C/74.5C soc0@75.406C/75.812C cv1@75.875C/76.5C gpu@82.812C/82.812C tj@82.812C/82.812C soc1@73.187C/73.593C cv2@71.968C/72.531C VDD_IN 31772mW/28510mW/34349mW VDD_CPU_GPU_CV 20236mW/16928mW/21268mW VDD_SOC 4614mW/4850mW/6300mW
08-10-2026 23:51:52 RAM 11652/15599MB (lfb 27x4MB) CPU [100%@1984,100%@1984,100%@1984,100%@1984,100%@1984,100%@1984,100%@1984,100%@1984] GR3D_FREQ 99% cv0@77.062C/78.093C cpu@82.031C/82.75C soc2@73.968C/74.5C soc0@75.375C/75.812C cv1@75.906C/76.5C gpu@82.562C/82.812C tj@82.562C/82.812C soc1@73.281C/73.593C cv2@72.125C/72.531C VDD_IN 32567mW/28534mW/34349mW VDD_CPU_GPU_CV 20441mW/16949mW/21268mW VDD_SOC 4960mW/4850mW/6300mW
08-10-2026 23:51:52 RAM 12423/15599MB (lfb 13x4MB) CPU [100%@1984,100%@1984,100%@1984,100%@1984,100%@1984,100%@1984,100%@1984,100%@1984] GR3D_FREQ 99% cv0@77.093C/78.093C cpu@81.937C/82.75C soc2@74.093C/74.5C soc0@75.593C/75.812C cv1@76C/76.5C gpu@82.5C/82.812C tj@82.5C/82.812C soc1@73.281C/73.593C cv2@72.25C/72.531C VDD_IN 32728mW/28559mW/34349mW VDD_CPU_GPU_CV 20283mW/16969mW/21268mW VDD_SOC 5080mW/4852mW/6300mW
08-10-2026 23:51:53 RAM 12440/15599MB (lfb 13x4MB) CPU [100%@1984,100%@1984,100%@1984,100%@1984,100%@1984,100%@1984,100%@1984,100%@1984] GR3D_FREQ 99% cv0@77.343C/78.093C cpu@81.781C/82.75C soc2@74.156C/74.5C soc0@75.593C/75.812C cv1@76.156C/76.5C gpu@82.625C/82.812C tj@82.625C/82.812C soc1@73.343C/73.593C cv2@72.343C/72.531C VDD_IN 32003mW/28580mW/34349mW VDD_CPU_GPU_CV 20276mW/16989mW/21268mW VDD_SOC 4727mW/4851mW/6300mW
08-10-2026 23:51:53 RAM 12475/15599MB (lfb 11x4MB) CPU [100%@1984,100%@1984,100%@1984,100%@1984,100%@1984,100%@1984,100%@1984,100%@1984] GR3D_FREQ 98% cv0@77.406C/78.093C cpu@82.093C/82.75C soc2@74.062C/74.5C soc0@75.75C/75.812C cv1@76.25C/76.5C gpu@82.687C/82.812C tj@82.687C/82.812C soc1@73.375C/73.593C cv2@72.437C/72.531C VDD_IN 31882mW/28599mW/34349mW VDD_CPU_GPU_CV 20395mW/17009mW/21268mW VDD_SOC 4614mW/4850mW/6300mW
08-10-2026 23:51:54 RAM 12496/15599MB (lfb 3x4MB) CPU [100%@1984,100%@1984,100%@1984,100%@1984,100%@1984,100%@1984,100%@1984,100%@1984] GR3D_FREQ 99% cv0@77.406C/78.093C cpu@82.125C/82.75C soc2@74.156C/74.5C soc0@75.843C/75.843C cv1@76.281C/76.5C gpu@83.281C/83.281C tj@83.281C/83.281C soc1@73.437C/73.593C cv2@72.468C/72.531C VDD_IN 32084mW/28619mW/34349mW VDD_CPU_GPU_CV 20673mW/17030mW/21268mW VDD_SOC 4574mW/4848mW/6300mW
08-10-2026 23:51:55 RAM 12420/15599MB (lfb 5x4MB) CPU [100%@1984,100%@1984,100%@1984,100%@1984,100%@1984,100%@1984,100%@1984,100%@1984] GR3D_FREQ 99% cv0@77.656C/78.093C cpu@82C/82.75C soc2@74.25C/74.5C soc0@75.812C/75.843C cv1@76.281C/76.5C gpu@82.562C/83.281C tj@82.562C/83.281C soc1@73.562C/73.593C cv2@72.531C/72.531C VDD_IN 31933mW/28639mW/34349mW VDD_CPU_GPU_CV 20150mW/17048mW/21268mW VDD_SOC 4694mW/4847mW/6300mW
08-10-2026 23:51:55 RAM 12429/15599MB (lfb 3x4MB) CPU [100%@1984,100%@1984,100%@1984,100%@1984,100%@1984,100%@1984,100%@1984,100%@1984] GR3D_FREQ 99% cv0@77.843C/78.093C cpu@82.375C/82.75C soc2@74.406C/74.5C soc0@75.906C/75.906C cv1@76.5C/76.5C gpu@82.656C/83.281C tj@82.656C/83.281C soc1@73.562C/73.593C cv2@72.562C/72.562C VDD_IN 31963mW/28658mW/34349mW VDD_CPU_GPU_CV 19673mW/17063mW/21268mW VDD_SOC 5096mW/4849mW/6300mW
08-10-2026 23:51:56 RAM 12429/15599MB (lfb 3x4MB) CPU [100%@1984,100%@1984,100%@1984,100%@1984,100%@1984,100%@1984,100%@1984,100%@1984] GR3D_FREQ 99% cv0@77.937C/78.093C cpu@82.75C/82.75C soc2@74.437C/74.5C soc0@75.937C/75.937C cv1@76.656C/76.656C gpu@82.718C/83.281C tj@82.875C/83.281C soc1@73.625C/73.625C cv2@72.562C/72.562C VDD_IN 32124mW/28678mW/34349mW VDD_CPU_GPU_CV 19593mW/17078mW/21268mW VDD_SOC 5216mW/4851mW/6300mW
08-10-2026 23:51:56 RAM 12425/15599MB (lfb 2x4MB) CPU [100%@1984,100%@1984,100%@1984,98%@1984,100%@1984,100%@1984,100%@1984,100%@1984] GR3D_FREQ 99% cv0@77.937C/78.093C cpu@82.781C/82.781C soc2@74.562C/74.562C soc0@75.937C/75.937C cv1@76.531C/76.656C gpu@82.843C/83.281C tj@82.843C/83.281C soc1@73.687C/73.687C cv2@72.593C/72.593C VDD_IN 32164mW/28698mW/34349mW VDD_CPU_GPU_CV 19593mW/17092mW/21268mW VDD_SOC 5296mW/4853mW/6300mW
08-10-2026 23:51:57 RAM 12425/15599MB (lfb 2x4MB) CPU [100%@1984,100%@1984,100%@1984,100%@1984,100%@1984,100%@1984,100%@1984,100%@1984] GR3D_FREQ 99% cv0@78.031C/78.093C cpu@82.656C/82.781C soc2@74.625C/74.625C soc0@76C/76C cv1@76.656C/76.656C gpu@83C/83.281C tj@83C/83.281C soc1@73.75C/73.75C cv2@72.656C/72.656C VDD_IN 32124mW/28717mW/34349mW VDD_CPU_GPU_CV 19554mW/17106mW/21268mW VDD_SOC 5296mW/4856mW/6300mW
08-10-2026 23:51:57 RAM 12420/15599MB (lfb 2x4MB) CPU [100%@1984,100%@1984,100%@1984,100%@1984,100%@1984,100%@1984,100%@1984,100%@1984] GR3D_FREQ 99% cv0@78.125C/78.125C cpu@82.562C/82.781C soc2@74.656C/74.656C soc0@76.031C/76.031C cv1@76.531C/76.656C gpu@82.875C/83.281C tj@82.875C/83.281C soc1@73.687C/73.75C cv2@72.968C/72.968C VDD_IN 32003mW/28736mW/34349mW VDD_CPU_GPU_CV 19395mW/17119mW/21268mW VDD_SOC 5296mW/4858mW/6300mW
08-10-2026 23:51:58 RAM 12420/15599MB (lfb 2x4MB) CPU [100%@1984,100%@1984,100%@1984,100%@1984,100%@1984,100%@1984,100%@1984,100%@1984] GR3D_FREQ 99% cv0@78.156C/78.156C cpu@82.718C/82.781C soc2@74.718C/74.718C soc0@76.125C/76.125C cv1@76.75C/76.75C gpu@82.875C/83.281C tj@82.875C/83.281C soc1@73.687C/73.75C cv2@72.875C/72.968C VDD_IN 32245mW/28755mW/34349mW VDD_CPU_GPU_CV 19593mW/17133mW/21268mW VDD_SOC 5296mW/4861mW/6300mW
08-10-2026 23:51:58 RAM 12415/15599MB (lfb 2x4MB) CPU [100%@1984,100%@1984,100%@1984,100%@1984,100%@1984,100%@1984,100%@1984,100%@1984] GR3D_FREQ 99% cv0@78.343C/78.343C cpu@82.812C/82.812C soc2@74.812C/74.812C soc0@76.156C/76.156C cv1@76.75C/76.75C gpu@82.812C/83.281C tj@82.812C/83.281C soc1@73.875C/73.875C cv2@73.062C/73.062C VDD_IN 32043mW/28774mW/34349mW VDD_CPU_GPU_CV 19474mW/17146mW/21268mW VDD_SOC 5296mW/4863mW/6300mW
08-10-2026 23:51:59 RAM 12419/15599MB (lfb 2x4MB) CPU [100%@1984,100%@1984,100%@1984,100%@1984,100%@1984,100%@1984,100%@1984,100%@1984] GR3D_FREQ 99% cv0@78.343C/78.343C cpu@82.812C/82.812C soc2@74.812C/74.812C soc0@76.218C/76.218C cv1@76.843C/76.843C gpu@83.125C/83.281C tj@82.906C/83.281C soc1@73.812C/73.875C cv2@73C/73.062C VDD_IN 32204mW/28793mW/34349mW VDD_CPU_GPU_CV 19514mW/17159mW/21268mW VDD_SOC 5296mW/4866mW/6300mW
08-10-2026 23:51:59 RAM 12416/15599MB (lfb 2x4MB) CPU [100%@1984,100%@1984,100%@1984,100%@1984,100%@1984,100%@1984,100%@1984,100%@1984] GR3D_FREQ 99% cv0@78.343C/78.343C cpu@82.843C/82.843C soc2@74.812C/74.812C soc0@76.187C/76.218C cv1@76.843C/76.843C gpu@82.937C/83.281C tj@82.937C/83.281C soc1@73.968C/73.968C cv2@73.031C/73.062C VDD_IN 32204mW/28812mW/34349mW VDD_CPU_GPU_CV 19554mW/17173mW/21268mW VDD_SOC 5296mW/4868mW/6300mW
08-10-2026 23:52:00 RAM 12416/15599MB (lfb 2x4MB) CPU [100%@1984,100%@1984,100%@1984,100%@1984,100%@1984,100%@1984,100%@1984,100%@1984] GR3D_FREQ 99% cv0@78.343C/78.343C cpu@83.125C/83.125C soc2@74.906C/74.906C soc0@76.281C/76.281C cv1@76.843C/76.843C gpu@82.968C/83.281C tj@83.125C/83.281C soc1@74.031C/74.031C cv2@73.093C/73.093C VDD_IN 32204mW/28830mW/34349mW VDD_CPU_GPU_CV 19514mW/17185mW/21268mW VDD_SOC 5296mW/4870mW/6300mW
08-10-2026 23:52:00 RAM 12412/15599MB (lfb 2x4MB) CPU [100%@1984,100%@1984,100%@1984,100%@1984,100%@1984,100%@1984,100%@1984,100%@1984] GR3D_FREQ 99% cv0@78.406C/78.406C cpu@82.906C/83.125C soc2@75C/75C soc0@76.437C/76.437C cv1@77.031C/77.031C gpu@82.968C/83.281C tj@82.968C/83.281C soc1@74.093C/74.093C cv2@73.093C/73.093C VDD_IN 32204mW/28849mW/34349mW VDD_CPU_GPU_CV 19554mW/17198mW/21268mW VDD_SOC 5296mW/4873mW/6300mW
08-10-2026 23:52:01 RAM 12412/15599MB (lfb 2x4MB) CPU [100%@1984,100%@1984,100%@1984,100%@1984,100%@1984,100%@1984,100%@1984,100%@1984] GR3D_FREQ 99% cv0@78.468C/78.468C cpu@83.187C/83.187C soc2@75.093C/75.093C soc0@76.5C/76.5C cv1@77.125C/77.125C gpu@83.062C/83.281C tj@83.187C/83.281C soc1@74.156C/74.156C cv2@73.125C/73.125C VDD_IN 32204mW/28867mW/34349mW VDD_CPU_GPU_CV 19593mW/17211mW/21268mW VDD_SOC 5337mW/4875mW/6300mW
08-10-2026 23:52:01 RAM 12409/15599MB (lfb 2x4MB) CPU [100%@1984,100%@1984,100%@1984,100%@1984,100%@1984,100%@1984,100%@1984,100%@1984] GR3D_FREQ 99% cv0@78.437C/78.468C cpu@83.25C/83.25C soc2@75.031C/75.093C soc0@76.5C/76.5C cv1@77.156C/77.156C gpu@83.156C/83.281C tj@83.25C/83.281C soc1@74.125C/74.156C cv2@73.156C/73.156C VDD_IN 32164mW/28885mW/34349mW VDD_CPU_GPU_CV 19514mW/17224mW/21268mW VDD_SOC 5296mW/4877mW/6300mW
08-10-2026 23:52:02 RAM 12409/15599MB (lfb 2x4MB) CPU [100%@1984,100%@1984,100%@1984,100%@1984,100%@1984,100%@1984,100%@1984,100%@1984] GR3D_FREQ 99% cv0@78.468C/78.468C cpu@83.156C/83.25C soc2@75.187C/75.187C soc0@76.468C/76.5C cv1@77.093C/77.156C gpu@83.125C/83.281C tj@83.156C/83.281C soc1@74.156C/74.156C cv2@73.406C/73.406C VDD_IN 32164mW/28903mW/34349mW VDD_CPU_GPU_CV 19514mW/17236mW/21268mW VDD_SOC 5337mW/4880mW/6300mW
08-10-2026 23:52:02 RAM 11903/15599MB (lfb 47x4MB) CPU [100%@1984,100%@1984,100%@1984,100%@1984,100%@1984,100%@1984,100%@1984,100%@1984] GR3D_FREQ 99% cv0@78.437C/78.468C cpu@82.906C/83.25C soc2@75.062C/75.187C soc0@76.562C/76.562C cv1@77.125C/77.156C gpu@84.093C/84.093C tj@84.093C/84.093C soc1@74.218C/74.218C cv2@73.437C/73.437C VDD_IN 32245mW/28920mW/34349mW VDD_CPU_GPU_CV 19998mW/17251mW/21268mW VDD_SOC 5088mW/4881mW/6300mW
08-10-2026 23:52:03 RAM 11538/15599MB (lfb 51x4MB) CPU [100%@1984,100%@1984,100%@1984,100%@1984,100%@1984,100%@1984,100%@1984,100%@1984] GR3D_FREQ 99% cv0@78.343C/78.468C cpu@82.906C/83.25C soc2@75C/75.187C soc0@76.593C/76.593C cv1@77.093C/77.156C gpu@84.281C/84.281C tj@84.281C/84.281C soc1@74.25C/74.25C cv2@73.5C/73.5C VDD_IN 32164mW/28938mW/34349mW VDD_CPU_GPU_CV 20474mW/17268mW/21268mW VDD_SOC 4807mW/4881mW/6300mW
08-10-2026 23:52:03 RAM 10711/15599MB (lfb 52x4MB) CPU [100%@1984,100%@1984,100%@1984,100%@1984,100%@1984,100%@1984,100%@1984,100%@1984] GR3D_FREQ 99% cv0@78.343C/78.468C cpu@82.781C/83.25C soc2@75.093C/75.187C soc0@76.593C/76.593C cv1@77.031C/77.156C gpu@84.187C/84.281C tj@84.187C/84.281C soc1@74.281C/74.281C cv2@73.5C/73.5C VDD_IN 32204mW/28955mW/34349mW VDD_CPU_GPU_CV 20554mW/17286mW/21268mW VDD_SOC 4767mW/4880mW/6300mW
08-10-2026 23:52:04 RAM 8549/15599MB (lfb 216x4MB) CPU [100%@1984,100%@1984,100%@1984,100%@1984,100%@1984,100%@1984,100%@1984,100%@1984] GR3D_FREQ 99% cv0@78.375C/78.468C cpu@82.781C/83.25C soc2@75.125C/75.187C soc0@76.687C/76.687C cv1@77.125C/77.156C gpu@84.437C/84.437C tj@84.437C/84.437C soc1@74.468C/74.468C cv2@73.437C/73.5C VDD_IN 32204mW/28972mW/34349mW VDD_CPU_GPU_CV 20514mW/17303mW/21268mW VDD_SOC 4767mW/4879mW/6300mW
08-10-2026 23:52:04 RAM 8528/15599MB (lfb 226x4MB) CPU [100%@1984,100%@1984,100%@1984,100%@1984,100%@1984,100%@1984,100%@1984,100%@1984] GR3D_FREQ 99% cv0@78.406C/78.468C cpu@82.906C/83.25C soc2@75.187C/75.187C soc0@76.718C/76.718C cv1@77.156C/77.156C gpu@84.406C/84.437C tj@84.406C/84.437C soc1@74.437C/74.468C cv2@73.5C/73.5C VDD_IN 31923mW/28987mW/34349mW VDD_CPU_GPU_CV 20435mW/17319mW/21268mW VDD_SOC 4694mW/4878mW/6300mW
08-10-2026 23:52:05 RAM 9121/15599MB (lfb 226x4MB) CPU [100%@1984,100%@1984,100%@1984,100%@1984,100%@1984,100%@1984,100%@1984,100%@1984] GR3D_FREQ 99% cv0@78.531C/78.531C cpu@83.093C/83.25C soc2@75.281C/75.281C soc0@76.781C/76.781C cv1@77.187C/77.187C gpu@84.468C/84.468C tj@84.468C/84.468C soc1@74.5C/74.5C cv2@73.5C/73.5C VDD_IN 32406mW/29005mW/34349mW VDD_CPU_GPU_CV 20593mW/17336mW/21268mW VDD_SOC 4847mW/4878mW/6300mW
08-10-2026 23:52:05 RAM 9484/15599MB (lfb 227x4MB) CPU [100%@1984,100%@1984,100%@1984,100%@1984,100%@1984,100%@1984,100%@1984,100%@1984] GR3D_FREQ 99% cv0@78.593C/78.593C cpu@83.281C/83.281C soc2@75.375C/75.375C soc0@76.812C/76.812C cv1@77.25C/77.25C gpu@84.062C/84.468C tj@84.062C/84.468C soc1@74.593C/74.593C cv2@73.593C/73.593C VDD_IN 32687mW/29024mW/34349mW VDD_CPU_GPU_CV 20402mW/17352mW/21268mW VDD_SOC 5040mW/4879mW/6300mW
08-10-2026 23:52:06 RAM 9503/15599MB (lfb 227x4MB) CPU [100%@1984,100%@1984,100%@1984,100%@1984,100%@1984,100%@1984,100%@1984,100%@1984] GR3D_FREQ 99% cv0@78.718C/78.718C cpu@83.187C/83.281C soc2@75.468C/75.468C soc0@77.031C/77.031C cv1@77.531C/77.531C gpu@84.25C/84.468C tj@84.25C/84.468C soc1@74.531C/74.593C cv2@73.531C/73.593C VDD_IN 32446mW/29042mW/34349mW VDD_CPU_GPU_CV 20441mW/17368mW/21268mW VDD_SOC 4847mW/4879mW/6300mW
08-10-2026 23:52:06 RAM 9552/15599MB (lfb 224x4MB) CPU [100%@1984,100%@1984,100%@1984,100%@1984,100%@1984,100%@1984,100%@1984,100%@1984] GR3D_FREQ 99% cv0@78.75C/78.75C cpu@83.281C/83.281C soc2@75.531C/75.531C soc0@77C/77.031C cv1@77.468C/77.531C gpu@84.687C/84.687C tj@84.687C/84.687C soc1@74.687C/74.687C cv2@73.687C/73.687C VDD_IN 32164mW/29058mW/34349mW VDD_CPU_GPU_CV 20514mW/17384mW/21268mW VDD_SOC 4687mW/4878mW/6300mW
08-10-2026 23:52:07 RAM 9567/15599MB (lfb 224x4MB) CPU [100%@1984,100%@1984,100%@1984,100%@1984,100%@1984,100%@1984,100%@1984,100%@1984] GR3D_FREQ 99% cv0@78.781C/78.781C cpu@83.468C/83.468C soc2@75.625C/75.625C soc0@77.156C/77.156C cv1@77.593C/77.593C gpu@84.093C/84.687C tj@84.093C/84.687C soc1@74.593C/74.687C cv2@73.718C/73.718C VDD_IN 32094mW/29073mW/34349mW VDD_CPU_GPU_CV 20355mW/17399mW/21268mW VDD_SOC 4647mW/4877mW/6300mW
08-10-2026 23:52:07 RAM 9584/15599MB (lfb 224x4MB) CPU [100%@1984,100%@1984,100%@1984,100%@1984,100%@1984,100%@1984,100%@1984,100%@1984] GR3D_FREQ 99% cv0@78.812C/78.812C cpu@83.531C/83.531C soc2@75.687C/75.687C soc0@77.125C/77.156C cv1@77.531C/77.593C gpu@84.625C/84.687C tj@84.625C/84.687C soc1@74.75C/74.75C cv2@73.843C/73.843C VDD_IN 32094mW/29089mW/34349mW VDD_CPU_GPU_CV 20593mW/17415mW/21268mW VDD_SOC 4607mW/4875mW/6300mW
08-10-2026 23:52:08 RAM 9593/15599MB (lfb 220x4MB) CPU [100%@1984,100%@1984,100%@1984,100%@1984,100%@1984,100%@1984,100%@1984,100%@1984] GR3D_FREQ 99% cv0@78.843C/78.843C cpu@83.406C/83.531C soc2@75.625C/75.687C soc0@77.187C/77.187C cv1@77.593C/77.593C gpu@84.406C/84.687C tj@84.406C/84.687C soc1@74.687C/74.75C cv2@73.781C/73.843C VDD_IN 32054mW/29104mW/34349mW VDD_CPU_GPU_CV 20554mW/17431mW/21268mW VDD_SOC 4567mW/4874mW/6300mW
08-10-2026 23:52:08 RAM 10035/15599MB (lfb 213x4MB) CPU [100%@1984,100%@1984,100%@1984,100%@1984,100%@1984,100%@1984,100%@1984,100%@1984] GR3D_FREQ 99% cv0@78.843C/78.843C cpu@83.406C/83.531C soc2@75.718C/75.718C soc0@77.218C/77.218C cv1@77.593C/77.593C gpu@84.687C/84.687C tj@84.687C/84.687C soc1@74.75C/74.75C cv2@73.812C/73.843C VDD_IN 32135mW/29119mW/34349mW VDD_CPU_GPU_CV 20435mW/17446mW/21268mW VDD_SOC 4647mW/4873mW/6300mW
08-10-2026 23:52:09 RAM 11448/15599MB (lfb 173x4MB) CPU [100%@1984,100%@1984,100%@1984,100%@1984,100%@1984,100%@1984,100%@1984,100%@1984] GR3D_FREQ 99% cv0@78.875C/78.875C cpu@83.656C/83.656C soc2@75.812C/75.812C soc0@77.187C/77.218C cv1@77.593C/77.593C gpu@84.812C/84.812C tj@84.812C/84.812C soc1@74.812C/74.812C cv2@74C/74C VDD_IN 32877mW/29138mW/34349mW VDD_CPU_GPU_CV 20719mW/17463mW/21268mW VDD_SOC 4952mW/4873mW/6300mW
08-10-2026 23:52:09 RAM 12216/15599MB (lfb 9x4MB) CPU [100%@1984,100%@1984,100%@1984,100%@1984,100%@1984,100%@1984,100%@1984,100%@1984] GR3D_FREQ 99% cv0@79.031C/79.031C cpu@83.562C/83.656C soc2@75.906C/75.906C soc0@77.281C/77.281C cv1@77.593C/77.593C gpu@84.875C/84.875C tj@84.875C/84.875C soc1@74.875C/74.875C cv2@74.093C/74.093C VDD_IN 32877mW/29156mW/34349mW VDD_CPU_GPU_CV 20639mW/17478mW/21268mW VDD_SOC 4992mW/4874mW/6300mW
08-10-2026 23:52:10 RAM 12238/15599MB (lfb 9x4MB) CPU [100%@1984,100%@1984,100%@1984,100%@1984,100%@1984,100%@1984,100%@1984,100%@1984] GR3D_FREQ 99% cv0@79.218C/79.218C cpu@83.718C/83.718C soc2@75.906C/75.906C soc0@77.375C/77.375C cv1@77.718C/77.718C gpu@84.562C/84.875C tj@84.812C/84.875C soc1@74.875C/74.875C cv2@74.125C/74.125C VDD_IN 32607mW/29174mW/34349mW VDD_CPU_GPU_CV 20639mW/17494mW/21268mW VDD_SOC 4880mW/4874mW/6300mW
08-10-2026 23:52:10 RAM 12269/15599MB (lfb 9x4MB) CPU [100%@1984,100%@1984,100%@1984,100%@1984,100%@1984,100%@1984,100%@1984,100%@1984] GR3D_FREQ 99% cv0@79.25C/79.25C cpu@83.812C/83.812C soc2@75.937C/75.937C soc0@77.437C/77.437C cv1@77.75C/77.75C gpu@84.593C/84.875C tj@84.593C/84.875C soc1@75C/75C cv2@74.125C/74.125C VDD_IN 32124mW/29188mW/34349mW VDD_CPU_GPU_CV 20673mW/17510mW/21268mW VDD_SOC 4687mW/4873mW/6300mW
08-10-2026 23:52:11 RAM 11942/15599MB (lfb 2x4MB) CPU [100%@1984,100%@1984,100%@1984,100%@1984,100%@1984,100%@1984,100%@1984,100%@1984] GR3D_FREQ 0% cv0@79.468C/79.468C cpu@84.312C/84.312C soc2@75.968C/75.968C soc0@77.406C/77.437C cv1@77.906C/77.906C gpu@82.093C/84.875C tj@84.312C/84.875C soc1@75.093C/75.093C cv2@74.093C/74.125C VDD_IN 28465mW/29185mW/34349mW VDD_CPU_GPU_CV 18181mW/17513mW/21268mW VDD_SOC 4260mW/4870mW/6300mW
08-10-2026 23:52:11 RAM 11314/15599MB (lfb 3x4MB) CPU [100%@1984,100%@1984,98%@1984,100%@1984,100%@1984,100%@1984,100%@1984,100%@1984] GR3D_FREQ 88% cv0@79.656C/79.656C cpu@84.343C/84.343C soc2@75.937C/75.968C soc0@77.312C/77.437C cv1@77.937C/77.937C gpu@83.562C/84.875C tj@84.343C/84.875C soc1@75.125C/75.125C cv2@74.156C/74.156C VDD_IN 28909mW/29183mW/34349mW VDD_CPU_GPU_CV 16985mW/17510mW/21268mW VDD_SOC 5104mW/4871mW/6300mW
08-10-2026 23:52:12 RAM 9193/15599MB (lfb 100x4MB) CPU [100%@1984,100%@1984,100%@1984,100%@1984,100%@1984,100%@1984,100%@1984,100%@1984] GR3D_FREQ 97% cv0@79.687C/79.687C cpu@84.531C/84.531C soc2@75.968C/75.968C soc0@77.281C/77.437C cv1@78.125C/78.125C gpu@84.156C/84.875C tj@84.531C/84.875C soc1@75.125C/75.125C cv2@74.156C/74.156C VDD_IN 31550mW/29195mW/34349mW VDD_CPU_GPU_CV 17993mW/17513mW/21268mW VDD_SOC 5858mW/4876mW/6300mW
08-10-2026 23:52:12 RAM 8705/15599MB (lfb 143x4MB) CPU [100%@1984,100%@1984,100%@1984,100%@1984,100%@1984,100%@1984,100%@1984,100%@1984] GR3D_FREQ 98% cv0@79.781C/79.781C cpu@84.718C/84.718C soc2@76.093C/76.093C soc0@77.5C/77.5C cv1@78.218C/78.218C gpu@84C/84.875C tj@84.593C/84.875C soc1@75.156C/75.156C cv2@74.218C/74.218C VDD_IN 32314mW/29210mW/34349mW VDD_CPU_GPU_CV 18282mW/17516mW/21268mW VDD_SOC 6059mW/4881mW/6300mW
08-10-2026 23:52:13 RAM 9286/15599MB (lfb 143x4MB) CPU [100%@1984,100%@1984,100%@1984,100%@1984,100%@1984,100%@1984,100%@1984,100%@1984] GR3D_FREQ 98% cv0@79.906C/79.906C cpu@85.093C/85.093C soc2@76.125C/76.125C soc0@77.562C/77.562C cv1@78.375C/78.375C gpu@84.093C/84.875C tj@85.093C/85.093C soc1@75.218C/75.218C cv2@74.281C/74.281C VDD_IN 32394mW/29225mW/34349mW VDD_CPU_GPU_CV 18004mW/17519mW/21268mW VDD_SOC 6300mW/4888mW/6300mW
08-10-2026 23:52:13 RAM 9700/15599MB (lfb 143x4MB) CPU [100%@1984,100%@1984,100%@1984,100%@1984,100%@1984,100%@1984,100%@1984,100%@1984] GR3D_FREQ 99% cv0@79.875C/79.906C cpu@85.25C/85.25C soc2@76.375C/76.375C soc0@77.562C/77.562C cv1@78.343C/78.375C gpu@83.812C/84.875C tj@85.25C/85.25C soc1@75.281C/75.281C cv2@74.343C/74.343C VDD_IN 32595mW/29241mW/34349mW VDD_CPU_GPU_CV 18163mW/17522mW/21268mW VDD_SOC 6300mW/4895mW/6300mW
08-10-2026 23:52:14 RAM 9725/15599MB (lfb 143x4MB) CPU [100%@1984,100%@1984,100%@1984,100%@1984,100%@1984,100%@1984,100%@1984,100%@1984] GR3D_FREQ 98% cv0@79.906C/79.906C cpu@84.812C/85.25C soc2@76.281C/76.375C soc0@77.656C/77.656C cv1@78.375C/78.375C gpu@84.25C/84.875C tj@84.812C/85.25C soc1@75.218C/75.281C cv2@74.562C/74.562C VDD_IN 32434mW/29256mW/34349mW VDD_CPU_GPU_CV 18282mW/17526mW/21268mW VDD_SOC 6179mW/4901mW/6300mW
08-10-2026 23:52:14 RAM 9770/15599MB (lfb 143x4MB) CPU [100%@1984,100%@1984,100%@1984,100%@1984,100%@1984,100%@1984,100%@1984,100%@1984] GR3D_FREQ 98% cv0@80.156C/80.156C cpu@84.875C/85.25C soc2@76.437C/76.437C soc0@77.5C/77.656C cv1@78.437C/78.437C gpu@84.187C/84.875C tj@84.875C/85.25C soc1@75.281C/75.281C cv2@74.593C/74.593C VDD_IN 32475mW/29272mW/34349mW VDD_CPU_GPU_CV 18480mW/17530mW/21268mW VDD_SOC 6099mW/4907mW/6300mW
08-10-2026 23:52:15 RAM 9326/15599MB (lfb 144x4MB) CPU [100%@1984,100%@1984,100%@1984,100%@1984,100%@1984,100%@1984,100%@1984,100%@1984] GR3D_FREQ 2% cv0@80.062C/80.156C cpu@84.781C/85.25C soc2@76.187C/76.437C soc0@77.593C/77.656C cv1@78.406C/78.437C gpu@81.406C/84.875C tj@84.781C/85.25C soc1@75.531C/75.531C cv2@74.468C/74.593C VDD_IN 24553mW/29249mW/34349mW VDD_CPU_GPU_CV 14062mW/17514mW/21268mW VDD_SOC 4523mW/4905mW/6300mW
08-10-2026 23:52:15 RAM 8227/15599MB (lfb 161x4MB) CPU [100%@1984,100%@1984,100%@1984,100%@1984,100%@1984,100%@1984,100%@1984,100%@1984] GR3D_FREQ 0% cv0@79.843C/80.156C cpu@84.312C/85.25C soc2@75.781C/76.437C soc0@77.187C/77.656C cv1@78.218C/78.437C gpu@80.156C/84.875C tj@84.375C/85.25C soc1@75.5C/75.531C cv2@74.312C/74.593C VDD_IN 17812mW/29196mW/34349mW VDD_CPU_GPU_CV 9999mW/17478mW/21268mW VDD_SOC 3367mW/4898mW/6300mW
08-10-2026 23:52:16 RAM 7521/15599MB (lfb 196x4MB) CPU [100%@1984,100%@1984,100%@1984,100%@1984,100%@1984,100%@1984,100%@1984,100%@1984] GR3D_FREQ 31% cv0@79.343C/80.156C cpu@84.125C/85.25C soc2@75.5C/76.437C soc0@77.156C/77.656C cv1@77.968C/78.437C gpu@79.906C/84.875C tj@84.281C/85.25C soc1@75.218C/75.531C cv2@74.187C/74.593C VDD_IN 16296mW/29135mW/34349mW VDD_CPU_GPU_CV 8722mW/17437mW/21268mW VDD_SOC 3246mW/4890mW/6300mW
08-10-2026 23:52:16 RAM 9835/15599MB (lfb 196x4MB) CPU [100%@1984,100%@1984,100%@1984,100%@1984,98%@1984,100%@1984,100%@1984,100%@1984] GR3D_FREQ 60% cv0@79.187C/80.156C cpu@83.875C/85.25C soc2@75.375C/76.437C soc0@76.968C/77.656C cv1@77.812C/78.437C gpu@79.968C/84.875C tj@83.875C/85.25C soc1@75.218C/75.531C cv2@73.968C/74.593C VDD_IN 16540mW/29077mW/34349mW VDD_CPU_GPU_CV 8480mW/17396mW/21268mW VDD_SOC 3448mW/4883mW/6300mW
08-10-2026 23:52:17 RAM 10140/15599MB (lfb 191x4MB) CPU [100%@1984,100%@1984,100%@1984,100%@1984,100%@1984,100%@1984,100%@1984,100%@1984] GR3D_FREQ 99% cv0@78.625C/80.156C cpu@83.5C/85.25C soc2@75.25C/76.437C soc0@76.875C/77.656C cv1@77.625C/78.437C gpu@83.156C/84.875C tj@83.5C/85.25C soc1@75.125C/75.531C cv2@73.906C/74.593C VDD_IN 24957mW/29058mW/34349mW VDD_CPU_GPU_CV 14560mW/17383mW/21268mW VDD_SOC 4428mW/4881mW/6300mW
08-10-2026 23:52:17 RAM 10401/15599MB (lfb 135x4MB) CPU [100%@1984,100%@1984,100%@1984,100%@1984,100%@1984,100%@1984,100%@1984,100%@1984] GR3D_FREQ 99% cv0@79.125C/80.156C cpu@83.437C/85.25C soc2@75.593C/76.437C soc0@77.031C/77.656C cv1@77.656C/78.437C gpu@84.031C/84.875C tj@84.031C/85.25C soc1@75.062C/75.531C cv2@74C/74.593C VDD_IN 30038mW/29062mW/34349mW VDD_CPU_GPU_CV 18759mW/17389mW/21268mW VDD_SOC 4735mW/4881mW/6300mW
08-10-2026 23:52:18 RAM 10427/15599MB (lfb 136x4MB) CPU [100%@1984,98%@1984,100%@1984,100%@1984,100%@1984,100%@1984,100%@1984,100%@1984] GR3D_FREQ 99% cv0@79.093C/80.156C cpu@83.593C/85.25C soc2@75.843C/76.437C soc0@77.187C/77.656C cv1@77.656C/78.437C gpu@84.25C/84.875C tj@84.25C/85.25C soc1@74.968C/75.531C cv2@74.125C/74.593C VDD_IN 31439mW/29073mW/34349mW VDD_CPU_GPU_CV 20078mW/17401mW/21268mW VDD_SOC 4694mW/4880mW/6300mW
08-10-2026 23:52:18 RAM 10457/15599MB (lfb 136x4MB) CPU [100%@1984,100%@1984,100%@1984,100%@1984,100%@1984,100%@1984,100%@1984,100%@1984] GR3D_FREQ 99% cv0@79.218C/80.156C cpu@83.718C/85.25C soc2@75.843C/76.437C soc0@77.25C/77.656C cv1@77.843C/78.437C gpu@84.5C/84.875C tj@84.5C/85.25C soc1@75.218C/75.531C cv2@74.125C/74.593C VDD_IN 31923mW/29086mW/34349mW VDD_CPU_GPU_CV 20435mW/17415mW/21268mW VDD_SOC 4647mW/4879mW/6300mW
08-10-2026 23:52:19 RAM 10467/15599MB (lfb 135x4MB) CPU [100%@1984,100%@1984,100%@1984,100%@1984,100%@1984,100%@1984,100%@1984,100%@1984] GR3D_FREQ 99% cv0@79.218C/80.156C cpu@83.968C/85.25C soc2@75.968C/76.437C soc0@77.281C/77.656C cv1@77.843C/78.437C gpu@84.5C/84.875C tj@84.5C/85.25C soc1@75.156C/75.531C cv2@74.156C/74.593C VDD_IN 31963mW/29099mW/34349mW VDD_CPU_GPU_CV 20474mW/17429mW/21268mW VDD_SOC 4647mW/4878mW/6300mW
08-10-2026 23:52:19 RAM 10501/15599MB (lfb 132x4MB) CPU [100%@1984,100%@1984,100%@1984,100%@1984,100%@1984,100%@1984,100%@1984,100%@1984] GR3D_FREQ 99% cv0@79.25C/80.156C cpu@83.875C/85.25C soc2@76.031C/76.437C soc0@77.5C/77.656C cv1@77.968C/78.437C gpu@84.593C/84.875C tj@84.593C/85.25C soc1@75.187C/75.531C cv2@74.312C/74.593C VDD_IN 32124mW/29113mW/34349mW VDD_CPU_GPU_CV 20673mW/17444mW/21268mW VDD_SOC 4607mW/4876mW/6300mW
08-10-2026 23:52:20 RAM 11356/15599MB (lfb 29x4MB) CPU [100%@1984,100%@1984,100%@1984,100%@1984,100%@1984,100%@1984,100%@1984,100%@1984] GR3D_FREQ 99% cv0@79.218C/80.156C cpu@83.781C/85.25C soc2@75.968C/76.437C soc0@77.468C/77.656C cv1@77.875C/78.437C gpu@84.968C/84.968C tj@84.968C/85.25C soc1@75.218C/75.531C cv2@74.343C/74.593C VDD_IN 32245mW/29127mW/34349mW VDD_CPU_GPU_CV 20593mW/17458mW/21268mW VDD_SOC 4687mW/4876mW/6300mW
08-10-2026 23:52:20 RAM 11484/15599MB (lfb 29x4MB) CPU [100%@1984,100%@1984,100%@1984,100%@1984,100%@1984,100%@1984,100%@1984,100%@1984] GR3D_FREQ 99% cv0@79.437C/80.156C cpu@84.187C/85.25C soc2@76.062C/76.437C soc0@77.562C/77.656C cv1@78.125C/78.437C gpu@85.125C/85.125C tj@85.125C/85.25C soc1@75.218C/75.531C cv2@74.406C/74.593C VDD_IN 33198mW/29145mW/34349mW VDD_CPU_GPU_CV 20758mW/17473mW/21268mW VDD_SOC 5111mW/4877mW/6300mW
08-10-2026 23:52:21 RAM 12268/15599MB (lfb 28x4MB) CPU [100%@1984,100%@1984,100%@1984,100%@1984,100%@1984,100%@1984,100%@1984,100%@1984] GR3D_FREQ 99% cv0@79.531C/80.156C cpu@83.937C/85.25C soc2@76.187C/76.437C soc0@77.562C/77.656C cv1@78.125C/78.437C gpu@85.156C/85.156C tj@85.156C/85.25C soc1@75.25C/75.531C cv2@74.468C/74.593C VDD_IN 32929mW/29162mW/34349mW VDD_CPU_GPU_CV 20679mW/17487mW/21268mW VDD_SOC 4992mW/4877mW/6300mW
08-10-2026 23:52:21 RAM 12284/15599MB (lfb 28x4MB) CPU [100%@1984,100%@1984,100%@1984,100%@1984,100%@1984,100%@1984,100%@1984,100%@1984] GR3D_FREQ 99% cv0@79.656C/80.156C cpu@84.187C/85.25C soc2@76.281C/76.437C soc0@77.75C/77.75C cv1@78.218C/78.437C gpu@84.906C/85.156C tj@84.906C/85.25C soc1@75.343C/75.531C cv2@74.468C/74.593C VDD_IN 32204mW/29176mW/34349mW VDD_CPU_GPU_CV 20712mW/17501mW/21268mW VDD_SOC 4727mW/4876mW/6300mW
08-10-2026 23:52:22 RAM 12313/15599MB (lfb 26x4MB) CPU [100%@1984,100%@1984,100%@1984,100%@1984,100%@1984,100%@1984,100%@1984,100%@1984] GR3D_FREQ 99% cv0@79.625C/80.156C cpu@84.031C/85.25C soc2@76.312C/76.437C soc0@77.718C/77.75C cv1@78.187C/78.437C gpu@85.156C/85.156C tj@85.156C/85.25C soc1@75.468C/75.531C cv2@74.468C/74.593C VDD_IN 32043mW/29188mW/34349mW VDD_CPU_GPU_CV 20514mW/17515mW/21268mW VDD_SOC 4607mW/4875mW/6300mW
08-10-2026 23:52:22 RAM 12385/15599MB (lfb 18x4MB) CPU [100%@1984,100%@1984,100%@1984,100%@1984,100%@1984,100%@1984,100%@1984,100%@1984] GR3D_FREQ 99% cv0@79.718C/80.156C cpu@84.125C/85.25C soc2@76.406C/76.437C soc0@77.75C/77.75C cv1@78.187C/78.437C gpu@85C/85.156C tj@85C/85.25C soc1@75.562C/75.562C cv2@74.625C/74.625C VDD_IN 31963mW/29201mW/34349mW VDD_CPU_GPU_CV 20554mW/17528mW/21268mW VDD_SOC 4607mW/4874mW/6300mW
08-10-2026 23:52:23 RAM 12403/15599MB (lfb 14x4MB) CPU [100%@1984,100%@1984,100%@1984,100%@1984,100%@1984,100%@1984,100%@1984,100%@1984] GR3D_FREQ 99% cv0@79.781C/80.156C cpu@84.625C/85.25C soc2@76.468C/76.468C soc0@77.937C/77.937C cv1@78.5C/78.5C gpu@84.937C/85.156C tj@84.937C/85.25C soc1@75.625C/75.625C cv2@74.593C/74.625C VDD_IN 32084mW/29213mW/34349mW VDD_CPU_GPU_CV 20157mW/17540mW/21268mW VDD_SOC 4807mW/4874mW/6300mW
08-10-2026 23:52:23 RAM 12403/15599MB (lfb 14x4MB) CPU [100%@1984,100%@1984,100%@1984,100%@1984,100%@1984,100%@1984,100%@1984,100%@1984] GR3D_FREQ 99% cv0@80.093C/80.156C cpu@84.593C/85.25C soc2@76.5C/76.5C soc0@77.937C/77.937C cv1@78.468C/78.5C gpu@84.781C/85.156C tj@84.781C/85.25C soc1@75.593C/75.625C cv2@74.687C/74.687C VDD_IN 32245mW/29226mW/34349mW VDD_CPU_GPU_CV 19840mW/17550mW/21268mW VDD_SOC 5176mW/4875mW/6300mW
08-10-2026 23:52:24 RAM 12402/15599MB (lfb 14x4MB) CPU [100%@1984,100%@1984,100%@1984,100%@1984,100%@1984,100%@1984,100%@1984,100%@1984] GR3D_FREQ 99% cv0@80.093C/80.156C cpu@84.843C/85.25C soc2@76.562C/76.562C soc0@78.031C/78.031C cv1@78.593C/78.593C gpu@84.656C/85.156C tj@84.843C/85.25C soc1@75.718C/75.718C cv2@74.781C/74.781C VDD_IN 32325mW/29240mW/34349mW VDD_CPU_GPU_CV 19720mW/17559mW/21268mW VDD_SOC 5296mW/4877mW/6300mW
08-10-2026 23:52:24 RAM 12402/15599MB (lfb 14x4MB) CPU [100%@1984,100%@1984,100%@1984,100%@1984,100%@1984,100%@1984,100%@1984,100%@1984] GR3D_FREQ 99% cv0@80.312C/80.312C cpu@84.843C/85.25C soc2@76.687C/76.687C soc0@78C/78.031C cv1@78.656C/78.656C gpu@84.812C/85.156C tj@84.843C/85.25C soc1@75.531C/75.718C cv2@74.875C/74.875C VDD_IN 32245mW/29253mW/34349mW VDD_CPU_GPU_CV 19601mW/17568mW/21268mW VDD_SOC 5296mW/4879mW/6300mW
08-10-2026 23:52:25 RAM 12401/15599MB (lfb 14x4MB) CPU [100%@1984,100%@1984,100%@1984,100%@1984,100%@1984,100%@1984,100%@1984,100%@1984] GR3D_FREQ 99% cv0@80.281C/80.312C cpu@84.75C/85.25C soc2@76.656C/76.687C soc0@78C/78.031C cv1@78.625C/78.656C gpu@85C/85.156C tj@85C/85.25C soc1@75.718C/75.718C cv2@74.906C/74.906C VDD_IN 32274mW/29266mW/34349mW VDD_CPU_GPU_CV 19641mW/17577mW/21268mW VDD_SOC 5337mW/4881mW/6300mW
08-10-2026 23:52:25 RAM 12401/15599MB (lfb 14x4MB) CPU [100%@1984,100%@1984,100%@1984,100%@1984,100%@1984,100%@1984,100%@1984,100%@1984] GR3D_FREQ 99% cv0@80.343C/80.343C cpu@84.937C/85.25C soc2@76.781C/76.781C soc0@78C/78.031C cv1@78.718C/78.718C gpu@85C/85.156C tj@85.125C/85.25C soc1@75.718C/75.718C cv2@74.937C/74.937C VDD_IN 32325mW/29279mW/34349mW VDD_CPU_GPU_CV 19601mW/17586mW/21268mW VDD_SOC 5337mW/4883mW/6300mW
08-10-2026 23:52:26 RAM 12400/15599MB (lfb 14x4MB) CPU [100%@1984,100%@1984,100%@1984,100%@1984,100%@1984,100%@1984,100%@1984,100%@1984] GR3D_FREQ 99% cv0@80.218C/80.343C cpu@84.906C/85.25C soc2@76.812C/76.812C soc0@78.062C/78.062C cv1@78.687C/78.718C gpu@85.062C/85.156C tj@85.062C/85.25C soc1@75.906C/75.906C cv2@74.906C/74.937C VDD_IN 32245mW/29292mW/34349mW VDD_CPU_GPU_CV 19522mW/17594mW/21268mW VDD_SOC 5337mW/4885mW/6300mW
08-10-2026 23:52:26 RAM 12399/15599MB (lfb 11x4MB) CPU [100%@1984,100%@1984,100%@1984,100%@1984,100%@1984,100%@1984,100%@1984,100%@1984] GR3D_FREQ 99% cv0@80.312C/80.343C cpu@84.937C/85.25C soc2@76.937C/76.937C soc0@78.187C/78.187C cv1@78.781C/78.781C gpu@85.156C/85.156C tj@85.156C/85.25C soc1@75.937C/75.937C cv2@74.937C/74.937C VDD_IN 32193mW/29304mW/34349mW VDD_CPU_GPU_CV 19633mW/17603mW/21268mW VDD_SOC 5337mW/4887mW/6300mW
08-10-2026 23:52:27 RAM 12399/15599MB (lfb 11x4MB) CPU [100%@1984,100%@1984,100%@1984,100%@1984,100%@1984,100%@1984,100%@1984,100%@1984] GR3D_FREQ 99% cv0@80.312C/80.343C cpu@84.875C/85.25C soc2@76.906C/76.937C soc0@78.312C/78.312C cv1@78.968C/78.968C gpu@85.031C/85.156C tj@85.031C/85.25C soc1@75.937C/75.937C cv2@75C/75C VDD_IN 32245mW/29317mW/34349mW VDD_CPU_GPU_CV 19601mW/17611mW/21268mW VDD_SOC 5337mW/4888mW/6300mW
08-10-2026 23:52:28 RAM 12399/15599MB (lfb 11x4MB) CPU [100%@1984,100%@1984,100%@1984,100%@1984,100%@1984,100%@1984,100%@1984,100%@1984] GR3D_FREQ 99% cv0@80.343C/80.343C cpu@85.093C/85.25C soc2@76.968C/76.968C soc0@78.281C/78.312C cv1@78.906C/78.968C gpu@85.187C/85.187C tj@85.187C/85.25C soc1@75.906C/75.937C cv2@75.031C/75.031C VDD_IN 32193mW/29329mW/34349mW VDD_CPU_GPU_CV 19593mW/17619mW/21268mW VDD_SOC 5337mW/4890mW/6300mW
08-10-2026 23:52:28 RAM 12398/15599MB (lfb 11x4MB) CPU [100%@1984,100%@1984,100%@1984,100%@1984,100%@1984,100%@1984,100%@1984,100%@1984] GR3D_FREQ 99% cv0@80.406C/80.406C cpu@85.187C/85.25C soc2@77C/77C soc0@78.437C/78.437C cv1@79.125C/79.125C gpu@85.031C/85.187C tj@85.031C/85.25C soc1@76.062C/76.062C cv2@75.062C/75.062C VDD_IN 32285mW/29341mW/34349mW VDD_CPU_GPU_CV 19633mW/17628mW/21268mW VDD_SOC 5337mW/4892mW/6300mW
08-10-2026 23:52:29 RAM 12408/15599MB (lfb 11x4MB) CPU [100%@1984,100%@1984,100%@1984,100%@1984,100%@1984,100%@1984,100%@1984,100%@1984] GR3D_FREQ 99% cv0@80.468C/80.468C cpu@85.343C/85.343C soc2@77.093C/77.093C soc0@78.437C/78.437C cv1@79.062C/79.125C gpu@85.343C/85.343C tj@85.343C/85.343C soc1@76C/76.062C cv2@75.031C/75.062C VDD_IN 32245mW/29353mW/34349mW VDD_CPU_GPU_CV 19434mW/17635mW/21268mW VDD_SOC 5337mW/4894mW/6300mW
08-10-2026 23:52:29 RAM 12403/15599MB (lfb 11x4MB) CPU [100%@1984,100%@1984,100%@1984,100%@1984,100%@1984,100%@1984,100%@1984,100%@1984] GR3D_FREQ 99% cv0@80.687C/80.687C cpu@85.343C/85.343C soc2@77C/77.093C soc0@78.343C/78.437C cv1@79C/79.125C gpu@85.406C/85.406C tj@85.406C/85.406C soc1@76.062C/76.062C cv2@75.156C/75.156C VDD_IN 32285mW/29366mW/34349mW VDD_CPU_GPU_CV 19633mW/17644mW/21268mW VDD_SOC 5296mW/4896mW/6300mW
08-10-2026 23:52:30 RAM 12403/15599MB (lfb 11x4MB) CPU [100%@1984,100%@1984,100%@1984,100%@1984,100%@1984,100%@1984,100%@1984,100%@1984] GR3D_FREQ 99% cv0@80.718C/80.718C cpu@85.312C/85.343C soc2@77.062C/77.093C soc0@78.375C/78.437C cv1@79.062C/79.125C gpu@85.468C/85.468C tj@85.468C/85.468C soc1@76.062C/76.062C cv2@75.281C/75.281C VDD_IN 32193mW/29377mW/34349mW VDD_CPU_GPU_CV 19522mW/17652mW/21268mW VDD_SOC 5337mW/4898mW/6300mW
08-10-2026 23:52:30 RAM 12401/15599MB (lfb 11x4MB) CPU [100%@1984,100%@1984,100%@1984,100%@1984,100%@1984,100%@1984,100%@1984,100%@1984] GR3D_FREQ 99% cv0@80.5C/80.718C cpu@85.25C/85.343C soc2@77.156C/77.156C soc0@78.437C/78.437C cv1@79.125C/79.125C gpu@85.5C/85.5C tj@85.5C/85.5C soc1@76.125C/76.125C cv2@75.281C/75.281C VDD_IN 32285mW/29389mW/34349mW VDD_CPU_GPU_CV 19562mW/17659mW/21268mW VDD_SOC 5337mW/4899mW/6300mW
08-10-2026 23:52:31 RAM 12043/15599MB (lfb 12x4MB) CPU [100%@1984,100%@1984,100%@1984,100%@1984,100%@1984,100%@1984,100%@1984,100%@1984] GR3D_FREQ 99% cv0@80.406C/80.718C cpu@85.062C/85.343C soc2@76.968C/77.156C soc0@78.437C/78.437C cv1@78.968C/79.125C gpu@85.906C/85.906C tj@85.906C/85.906C soc1@76.25C/76.25C cv2@75.281C/75.281C VDD_IN 32365mW/29402mW/34349mW VDD_CPU_GPU_CV 20078mW/17669mW/21268mW VDD_SOC 5088mW/4900mW/6300mW
08-10-2026 23:52:31 RAM 11499/15599MB (lfb 12x4MB) CPU [100%@1984,100%@1984,100%@1984,100%@1984,100%@1984,100%@1984,100%@1984,100%@1984] GR3D_FREQ 99% cv0@80.312C/80.718C cpu@85C/85.343C soc2@77.093C/77.156C soc0@78.5C/78.5C cv1@79C/79.125C gpu@85.843C/85.906C tj@85.843C/85.906C soc1@76.25C/76.25C cv2@75.281C/75.281C VDD_IN 32365mW/29414mW/34349mW VDD_CPU_GPU_CV 20435mW/17681mW/21268mW VDD_SOC 4847mW/4900mW/6300mW
08-10-2026 23:52:32 RAM 10417/15599MB (lfb 74x4MB) CPU [100%@1984,100%@1984,100%@1984,100%@1984,100%@1984,100%@1984,100%@1984,100%@1984] GR3D_FREQ 99% cv0@80.281C/80.718C cpu@84.937C/85.343C soc2@77.093C/77.156C soc0@78.656C/78.656C cv1@78.968C/79.125C gpu@86.093C/86.093C tj@86.093C/86.093C soc1@76.25C/76.25C cv2@75.375C/75.375C VDD_IN 32406mW/29426mW/34349mW VDD_CPU_GPU_CV 20712mW/17693mW/21268mW VDD_SOC 4767mW/4899mW/6300mW
08-10-2026 23:52:32 RAM 8477/15599MB (lfb 123x4MB) CPU [100%@1984,100%@1984,100%@1984,100%@1984,100%@1984,100%@1984,100%@1984,100%@1984] GR3D_FREQ 99% cv0@80.25C/80.718C cpu@85.218C/85.343C soc2@77.25C/77.25C soc0@78.625C/78.656C cv1@79.125C/79.125C gpu@86.062C/86.093C tj@86.062C/86.093C soc1@76.218C/76.25C cv2@75.343C/75.375C VDD_IN 32406mW/29438mW/34349mW VDD_CPU_GPU_CV 20633mW/17705mW/21268mW VDD_SOC 4767mW/4899mW/6300mW
08-10-2026 23:52:33 RAM 9009/15599MB (lfb 133x4MB) CPU [100%@1984,100%@1984,100%@1984,100%@1984,100%@1984,100%@1984,100%@1984,100%@1984] GR3D_FREQ 99% cv0@80.375C/80.718C cpu@85.218C/85.343C soc2@77.218C/77.25C soc0@78.718C/78.718C cv1@79.187C/79.187C gpu@86.218C/86.218C tj@86.218C/86.218C soc1@76.218C/76.25C cv2@75.437C/75.437C VDD_IN 32285mW/29450mW/34349mW VDD_CPU_GPU_CV 20521mW/17716mW/21268mW VDD_SOC 4727mW/4898mW/6300mW
08-10-2026 23:52:33 RAM 9230/15599MB (lfb 133x4MB) CPU [100%@1984,100%@1984,100%@1984,100%@1984,100%@1984,100%@1984,100%@1984,100%@1984] GR3D_FREQ 99% cv0@80.406C/80.718C cpu@85.531C/85.531C soc2@77.281C/77.281C soc0@78.718C/78.718C cv1@79.187C/79.187C gpu@86.218C/86.218C tj@86.218C/86.218C soc1@76.312C/76.312C cv2@75.437C/75.437C VDD_IN 32997mW/29464mW/34349mW VDD_CPU_GPU_CV 20758mW/17729mW/21268mW VDD_SOC 5071mW/4899mW/6300mW
08-10-2026 23:52:34 RAM 9661/15599MB (lfb 133x4MB) CPU [100%@1984,100%@1984,100%@1984,100%@1984,100%@1984,100%@1984,100%@1984,100%@1984] GR3D_FREQ 99% cv0@80.75C/80.75C cpu@85.406C/85.531C soc2@77.281C/77.281C soc0@78.718C/78.718C cv1@79.187C/79.187C gpu@86.187C/86.218C tj@86.187C/86.218C soc1@76.312C/76.312C cv2@75.437C/75.437C VDD_IN 33037mW/29478mW/34349mW VDD_CPU_GPU_CV 20560mW/17740mW/21268mW VDD_SOC 5071mW/4900mW/6300mW
08-10-2026 23:52:34 RAM 9704/15599MB (lfb 133x4MB) CPU [100%@1984,100%@1984,100%@1984,100%@1984,100%@1984,100%@1984,100%@1984,100%@1984] GR3D_FREQ 99% cv0@80.468C/80.75C cpu@85.406C/85.531C soc2@77.375C/77.375C soc0@78.843C/78.843C cv1@79.312C/79.312C gpu@86.156C/86.218C tj@86.156C/86.218C soc1@76.406C/76.406C cv2@75.656C/75.656C VDD_IN 32365mW/29490mW/34349mW VDD_CPU_GPU_CV 20481mW/17751mW/21268mW VDD_SOC 4760mW/4899mW/6300mW
08-10-2026 23:52:35 RAM 9723/15599MB (lfb 133x4MB) CPU [100%@1984,100%@1984,100%@1984,100%@1984,100%@1984,100%@1984,100%@1984,100%@1984] GR3D_FREQ 99% cv0@80.75C/80.75C cpu@85.312C/85.531C soc2@77.406C/77.406C soc0@78.812C/78.843C cv1@79.281C/79.312C gpu@86.25C/86.25C tj@86.25C/86.25C soc1@76.312C/76.406C cv2@75.593C/75.656C VDD_IN 32204mW/29501mW/34349mW VDD_CPU_GPU_CV 20521mW/17762mW/21268mW VDD_SOC 4647mW/4898mW/6300mW
08-10-2026 23:52:35 RAM 9748/15599MB (lfb 133x4MB) CPU [100%@1984,100%@1984,100%@1984,100%@1984,100%@1984,100%@1984,100%@1984,100%@1984] GR3D_FREQ 99% cv0@80.843C/80.843C cpu@85.343C/85.531C soc2@77.375C/77.406C soc0@78.937C/78.937C cv1@79.375C/79.375C gpu@86.343C/86.343C tj@86.343C/86.343C soc1@76.468C/76.468C cv2@75.687C/75.687C VDD_IN 32124mW/29511mW/34349mW VDD_CPU_GPU_CV 20474mW/17773mW/21268mW VDD_SOC 4607mW/4897mW/6300mW
08-10-2026 23:52:36 RAM 9779/15599MB (lfb 133x4MB) CPU [100%@1984,100%@1984,100%@1984,100%@1984,100%@1984,100%@1984,100%@1984,100%@1984] GR3D_FREQ 99% cv0@80.812C/80.843C cpu@85.531C/85.531C soc2@77.468C/77.468C soc0@79.031C/79.031C cv1@79.5C/79.5C gpu@86.562C/86.562C tj@86.562C/86.562C soc1@76.437C/76.468C cv2@75.625C/75.687C VDD_IN 32245mW/29522mW/34349mW VDD_CPU_GPU_CV 20560mW/17784mW/21268mW VDD_SOC 4647mW/4896mW/6300mW
08-10-2026 23:52:36 RAM 9801/15599MB (lfb 133x4MB) CPU [100%@1984,100%@1984,100%@1984,100%@1984,100%@1984,100%@1984,100%@1984,100%@1984] GR3D_FREQ 99% cv0@81C/81C cpu@85.687C/85.687C soc2@77.5C/77.5C soc0@78.968C/79.031C cv1@79.375C/79.5C gpu@86.5C/86.562C tj@86.5C/86.562C soc1@76.531C/76.531C cv2@75.625C/75.687C VDD_IN 32164mW/29532mW/34349mW VDD_CPU_GPU_CV 20521mW/17795mW/21268mW VDD_SOC 4647mW/4895mW/6300mW
08-10-2026 23:52:37 RAM 11346/15599MB (lfb 38x4MB) CPU [100%@1984,100%@1984,100%@1984,100%@1984,100%@1984,100%@1984,100%@1984,100%@1984] GR3D_FREQ 99% cv0@80.656C/81C cpu@85.406C/85.687C soc2@77.5C/77.5C soc0@79.031C/79.031C cv1@79.312C/79.5C gpu@86.625C/86.625C tj@86.625C/86.625C soc1@76.562C/76.562C cv2@75.718C/75.718C VDD_IN 32486mW/29544mW/34349mW VDD_CPU_GPU_CV 20639mW/17806mW/21268mW VDD_SOC 4720mW/4894mW/6300mW
08-10-2026 23:52:37 RAM 11499/15599MB (lfb 20x4MB) CPU [100%@1984,100%@1984,100%@1984,100%@1984,100%@1984,100%@1984,100%@1984,100%@1984] GR3D_FREQ 99% cv0@80.875C/81C cpu@85.562C/85.687C soc2@77.531C/77.531C soc0@78.968C/79.031C cv1@79.437C/79.5C gpu@86.656C/86.656C tj@86.718C/86.718C soc1@76.562C/76.562C cv2@75.812C/75.812C VDD_IN 33118mW/29558mW/34349mW VDD_CPU_GPU_CV 20843mW/17818mW/21268mW VDD_SOC 4944mW/4894mW/6300mW
08-10-2026 23:52:38 RAM 12264/15599MB (lfb 21x4MB) CPU [100%@1984,100%@1984,100%@1984,100%@1984,100%@1984,100%@1984,100%@1984,100%@1984] GR3D_FREQ 99% cv0@80.875C/81C cpu@85.75C/85.75C soc2@77.562C/77.562C soc0@79.062C/79.062C cv1@79.437C/79.5C gpu@86.562C/86.656C tj@86.562C/86.718C soc1@76.687C/76.687C cv2@75.718C/75.812C VDD_IN 32836mW/29570mW/34349mW VDD_CPU_GPU_CV 20679mW/17829mW/21268mW VDD_SOC 4992mW/4895mW/6300mW
08-10-2026 23:52:38 RAM 11404/15599MB (lfb 138x4MB) CPU [100%@1984,100%@1984,100%@1984,100%@1984,100%@1984,100%@1984,100%@1984,100%@1984] GR3D_FREQ 1% cv0@81.218C/81.218C cpu@86.343C/86.343C soc2@77.5C/77.562C soc0@78.875C/79.062C cv1@79.781C/79.781C gpu@82.437C/86.656C tj@86.343C/86.718C soc1@76.75C/76.75C cv2@75.843C/75.843C VDD_IN 22812mW/29544mW/34349mW VDD_CPU_GPU_CV 13741mW/17813mW/21268mW VDD_SOC 3790mW/4890mW/6300mW
08-10-2026 23:52:39 RAM 9022/15599MB (lfb 113x4MB) CPU [100%@1984,100%@1984,100%@1984,100%@1984,100%@1984,100%@1984,100%@1984,100%@1984] GR3D_FREQ 0% cv0@80.875C/81.218C cpu@85.781C/86.343C soc2@77.218C/77.562C soc0@78.718C/79.062C cv1@79.5C/79.781C gpu@83.375C/86.656C tj@85.781C/86.718C soc1@76.812C/76.812C cv2@75.687C/75.843C VDD_IN 20377mW/29509mW/34349mW VDD_CPU_GPU_CV 11615mW/17789mW/21268mW VDD_SOC 3761mW/4886mW/6300mW
08-10-2026 23:52:39 RAM 8571/15599MB (lfb 121x4MB) CPU [100%@1984,100%@1984,100%@1984,100%@1984,100%@1984,100%@1984,100%@1984,100%@1984] GR3D_FREQ 97% cv0@81.218C/81.218C cpu@85.937C/86.343C soc2@77.437C/77.562C soc0@78.687C/79.062C cv1@79.5C/79.781C gpu@84.906C/86.656C tj@85.937C/86.718C soc1@76.75C/76.812C cv2@75.656C/75.843C VDD_IN 28944mW/29507mW/34349mW VDD_CPU_GPU_CV 16427mW/17784mW/21268mW VDD_SOC 5425mW/4888mW/6300mW
08-10-2026 23:52:40 RAM 9562/15599MB (lfb 121x4MB) CPU [100%@1984,100%@1984,100%@1984,100%@1984,100%@1984,100%@1984,100%@1984,100%@1984] GR3D_FREQ 99% cv0@81.343C/81.343C cpu@86.625C/86.625C soc2@77.562C/77.562C soc0@78.937C/79.062C cv1@79.812C/79.812C gpu@85.125C/86.656C tj@86.5C/86.718C soc1@76.687C/76.812C cv2@75.75C/75.843C VDD_IN 31550mW/29515mW/34349mW VDD_CPU_GPU_CV 17555mW/17783mW/21268mW VDD_SOC 6099mW/4893mW/6300mW
08-10-2026 23:52:40 RAM 10024/15599MB (lfb 121x4MB) CPU [100%@1984,100%@1984,100%@1984,100%@1984,100%@1984,100%@1984,100%@1984,100%@1984] GR3D_FREQ 99% cv0@81.437C/81.437C cpu@86.75C/86.75C soc2@77.718C/77.718C soc0@78.968C/79.062C cv1@79.843C/79.843C gpu@85.156C/86.656C tj@86.75C/86.75C soc1@76.687C/76.812C cv2@75.781C/75.843C VDD_IN 32033mW/29524mW/34349mW VDD_CPU_GPU_CV 17646mW/17782mW/21268mW VDD_SOC 6259mW/4898mW/6300mW
08-10-2026 23:52:41 RAM 10062/15599MB (lfb 121x4MB) CPU [100%@1984,100%@1984,100%@1984,100%@1984,100%@1984,100%@1984,100%@1984,100%@1984] GR3D_FREQ 99% cv0@81.468C/81.468C cpu@86.312C/86.75C soc2@77.875C/77.875C soc0@79.031C/79.062C cv1@79.906C/79.906C gpu@85.468C/86.656C tj@86.312C/86.75C soc1@76.781C/76.812C cv2@75.875C/75.875C VDD_IN 32354mW/29535mW/34349mW VDD_CPU_GPU_CV 18123mW/17784mW/21268mW VDD_SOC 6139mW/4903mW/6300mW
08-10-2026 23:52:41 RAM 10096/15599MB (lfb 121x4MB) CPU [100%@1984,100%@1984,100%@1984,100%@1984,100%@1984,98%@1984,100%@1984,100%@1984] GR3D_FREQ 99% cv0@81.656C/81.656C cpu@86.625C/86.75C soc2@77.906C/77.906C soc0@78.968C/79.062C cv1@80.062C/80.062C gpu@85.531C/86.656C tj@86.625C/86.75C soc1@76.75C/76.812C cv2@75.906C/75.906C VDD_IN 32314mW/29545mW/34349mW VDD_CPU_GPU_CV 18242mW/17785mW/21268mW VDD_SOC 6019mW/4907mW/6300mW
08-10-2026 23:52:42 RAM 10120/15599MB (lfb 121x4MB) CPU [100%@1984,100%@1984,100%@1984,100%@1984,100%@1984,100%@1984,100%@1984,100%@1984] GR3D_FREQ 99% cv0@81.656C/81.656C cpu@86.531C/86.75C soc2@77.906C/77.906C soc0@79.031C/79.062C cv1@79.968C/80.062C gpu@85.718C/86.656C tj@86.531C/86.75C soc1@76.843C/76.843C cv2@76.093C/76.093C VDD_IN 32555mW/29557mW/34349mW VDD_CPU_GPU_CV 18520mW/17788mW/21268mW VDD_SOC 5979mW/4911mW/6300mW
08-10-2026 23:52:42 RAM 10148/15599MB (lfb 121x4MB) CPU [100%@1984,100%@1984,100%@1984,100%@1984,100%@1984,100%@1984,98%@1984,100%@1984] GR3D_FREQ 99% cv0@81.843C/81.843C cpu@86.593C/86.75C soc2@78.093C/78.093C soc0@79.093C/79.093C cv1@80.062C/80.062C gpu@85.968C/86.656C tj@86.593C/86.75C soc1@76.875C/76.875C cv2@76.093C/76.093C VDD_IN 32756mW/29569mW/34349mW VDD_CPU_GPU_CV 18679mW/17792mW/21268mW VDD_SOC 5938mW/4915mW/6300mW
08-10-2026 23:52:43 RAM 9873/15599MB (lfb 159x4MB) CPU [100%@1984,100%@1984,100%@1984,100%@1984,100%@1984,100%@1984,100%@1984,100%@1984] GR3D_FREQ 0% cv0@81.437C/81.843C cpu@86.25C/86.75C soc2@77.531C/78.093C soc0@79.031C/79.093C cv1@79.906C/80.062C gpu@82.375C/86.656C tj@86.25C/86.75C soc1@77.093C/77.093C cv2@76.031C/76.093C VDD_IN 21430mW/29538mW/34349mW VDD_CPU_GPU_CV 11896mW/17769mW/21268mW VDD_SOC 3963mW/4911mW/6300mW
08-10-2026 23:52:43 RAM 9822/15599MB (lfb 160x4MB) CPU [100%@1984,100%@1984,100%@1984,100%@1984,100%@1984,100%@1984,100%@1984,100%@1984] GR3D_FREQ 0% cv0@81.281C/81.843C cpu@86.156C/86.75C soc2@77.406C/78.093C soc0@78.781C/79.093C cv1@79.625C/80.062C gpu@81.906C/86.656C tj@86.156C/86.75C soc1@76.781C/77.093C cv2@75.906C/76.093C VDD_IN 18015mW/29495mW/34349mW VDD_CPU_GPU_CV 9434mW/17738mW/21268mW VDD_SOC 3692mW/4907mW/6300mW
08-10-2026 23:52:44 RAM 8542/15599MB (lfb 192x4MB) CPU [100%@1984,100%@1984,100%@1984,100%@1984,100%@1984,100%@1984,100%@1984,100%@1984] GR3D_FREQ 99% cv0@80.5C/81.843C cpu@85.125C/86.75C soc2@77.093C/78.093C soc0@78.718C/79.093C cv1@79.312C/80.062C gpu@84.937C/86.656C tj@85.125C/86.75C soc1@76.812C/77.093C cv2@75.593C/76.093C VDD_IN 22322mW/29469mW/34349mW VDD_CPU_GPU_CV 12961mW/17721mW/21268mW VDD_SOC 3917mW/4903mW/6300mW
08-10-2026 23:52:44 RAM 10004/15599MB (lfb 192x4MB) CPU [100%@1984,100%@1984,100%@1984,100%@1984,100%@1984,100%@1984,100%@1984,100%@1984] GR3D_FREQ 99% cv0@80.468C/81.843C cpu@85.406C/86.75C soc2@77.218C/78.093C soc0@78.718C/79.093C cv1@79.312C/80.062C gpu@85.75C/86.656C tj@85.75C/86.75C soc1@76.843C/77.093C cv2@75.593C/76.093C VDD_IN 29393mW/29468mW/34349mW VDD_CPU_GPU_CV 18311mW/17723mW/21268mW VDD_SOC 4614mW/4902mW/6300mW
08-10-2026 23:52:45 RAM 10286/15599MB (lfb 182x4MB) CPU [100%@1984,100%@1984,100%@1984,100%@1984,100%@1984,100%@1984,100%@1984,100%@1984] GR3D_FREQ 99% cv0@80.781C/81.843C cpu@85.406C/86.75C soc2@77.468C/78.093C soc0@78.843C/79.093C cv1@79.625C/80.062C gpu@85.968C/86.656C tj@85.968C/86.75C soc1@76.781C/77.093C cv2@75.718C/76.093C VDD_IN 32084mW/29478mW/34349mW VDD_CPU_GPU_CV 19847mW/17731mW/21268mW VDD_SOC 5080mW/4903mW/6300mW
08-10-2026 23:52:45 RAM 10495/15599MB (lfb 136x4MB) CPU [100%@1984,100%@1984,100%@1984,100%@1984,100%@1984,100%@1984,100%@1984,100%@1984] GR3D_FREQ 99% cv0@81C/81.843C cpu@85.593C/86.75C soc2@77.625C/78.093C soc0@78.968C/79.093C cv1@79.625C/80.062C gpu@86.031C/86.656C tj@86.031C/86.75C soc1@76.75C/77.093C cv2@75.75C/76.093C VDD_IN 32406mW/29489mW/34349mW VDD_CPU_GPU_CV 20204mW/17740mW/21268mW VDD_SOC 4960mW/4903mW/6300mW
08-10-2026 23:52:46 RAM 10505/15599MB (lfb 136x4MB) CPU [100%@1984,100%@1984,100%@1984,100%@1984,100%@1984,100%@1984,100%@1984,100%@1984] GR3D_FREQ 99% cv0@81.062C/81.843C cpu@85.562C/86.75C soc2@77.625C/78.093C soc0@79C/79.093C cv1@79.562C/80.062C gpu@86.812C/86.812C tj@86.812C/86.812C soc1@76.843C/77.093C cv2@75.812C/76.093C VDD_IN 32204mW/29499mW/34349mW VDD_CPU_GPU_CV 20402mW/17749mW/21268mW VDD_SOC 4727mW/4902mW/6300mW
08-10-2026 23:52:46 RAM 10538/15599MB (lfb 136x4MB) CPU [100%@1984,100%@1984,100%@1984,100%@1984,100%@1984,100%@1984,100%@1984,100%@1984] GR3D_FREQ 99% cv0@80.937C/81.843C cpu@85.656C/86.75C soc2@77.75C/78.093C soc0@79.187C/79.187C cv1@79.625C/80.062C gpu@86.687C/86.812C tj@86.687C/86.812C soc1@76.906C/77.093C cv2@75.906C/76.093C VDD_IN 32245mW/29509mW/34349mW VDD_CPU_GPU_CV 20712mW/17760mW/21268mW VDD_SOC 4687mW/4901mW/6300mW
08-10-2026 23:52:47 RAM 10544/15599MB (lfb 139x4MB) CPU [100%@1984,100%@1984,100%@1984,100%@1984,100%@1984,100%@1984,100%@1984,100%@1984] GR3D_FREQ 99% cv0@81.093C/81.843C cpu@85.625C/86.75C soc2@77.75C/78.093C soc0@79.281C/79.281C cv1@79.75C/80.062C gpu@86.812C/86.812C tj@86.812C/86.812C soc1@76.843C/77.093C cv2@75.906C/76.093C VDD_IN 32256mW/29519mW/34349mW VDD_CPU_GPU_CV 20474mW/17770mW/21268mW VDD_SOC 4647mW/4901mW/6300mW
08-10-2026 23:52:47 RAM 10570/15599MB (lfb 139x4MB) CPU [100%@1984,100%@1984,100%@1984,100%@1984,100%@1984,100%@1984,100%@1984,100%@1984] GR3D_FREQ 99% cv0@81.062C/81.843C cpu@85.843C/86.75C soc2@77.906C/78.093C soc0@79.281C/79.281C cv1@79.812C/80.062C gpu@86.593C/86.812C tj@86.593C/86.812C soc1@76.906C/77.093C cv2@76C/76.093C VDD_IN 32084mW/29528mW/34349mW VDD_CPU_GPU_CV 20673mW/17781mW/21268mW VDD_SOC 4647mW/4900mW/6300mW
08-10-2026 23:52:48 RAM 10588/15599MB (lfb 140x4MB) CPU [100%@1984,100%@1984,100%@1984,100%@1984,100%@1984,100%@1984,100%@1984,100%@1984] GR3D_FREQ 99% cv0@81.062C/81.843C cpu@85.718C/86.75C soc2@77.875C/78.093C soc0@79.218C/79.281C cv1@79.718C/80.062C gpu@86.718C/86.812C tj@86.718C/86.812C soc1@77.031C/77.093C cv2@76.062C/76.093C VDD_IN 32003mW/29537mW/34349mW VDD_CPU_GPU_CV 20395mW/17790mW/21268mW VDD_SOC 4607mW/4899mW/6300mW
08-10-2026 23:52:48 RAM 11639/15599MB (lfb 24x4MB) CPU [100%@1984,100%@1984,100%@1984,100%@1984,100%@1984,100%@1984,100%@1984,100%@1984] GR3D_FREQ 99% cv0@81.125C/81.843C cpu@85.812C/86.75C soc2@77.906C/78.093C soc0@79.468C/79.468C cv1@79.906C/80.062C gpu@86.906C/86.906C tj@86.906C/86.906C soc1@77.093C/77.093C cv2@76.031C/76.093C VDD_IN 32687mW/29548mW/34349mW VDD_CPU_GPU_CV 20639mW/17800mW/21268mW VDD_SOC 4800mW/4898mW/6300mW
08-10-2026 23:52:49 RAM 11630/15599MB (lfb 25x4MB) CPU [100%@1984,100%@1984,100%@1984,100%@1984,100%@1984,100%@1984,100%@1984,100%@1984] GR3D_FREQ 99% cv0@81.156C/81.843C cpu@85.937C/86.75C soc2@78.031C/78.093C soc0@79.468C/79.468C cv1@79.968C/80.062C gpu@86.937C/86.937C tj@86.937C/86.937C soc1@77.125C/77.125C cv2@76.062C/76.093C VDD_IN 33090mW/29561mW/34349mW VDD_CPU_GPU_CV 20725mW/17811mW/21268mW VDD_SOC 4992mW/4899mW/6300mW
08-10-2026 23:52:49 RAM 12413/15599MB (lfb 12x4MB) CPU [100%@1984,100%@1984,100%@1984,100%@1984,100%@1984,100%@1984,100%@1984,100%@1984] GR3D_FREQ 99% cv0@81.25C/81.843C cpu@86.093C/86.75C soc2@78C/78.093C soc0@79.437C/79.468C cv1@80C/80.062C gpu@86.937C/86.937C tj@86.937C/86.937C soc1@77.062C/77.125C cv2@76.187C/76.187C VDD_IN 32728mW/29572mW/34349mW VDD_CPU_GPU_CV 20481mW/17820mW/21268mW VDD_SOC 4920mW/4899mW/6300mW
08-10-2026 23:52:50 RAM 12422/15599MB (lfb 12x4MB) CPU [100%@1984,100%@1984,100%@1984,100%@1984,100%@1984,100%@1984,100%@1984,100%@1984] GR3D_FREQ 99% cv0@81.343C/81.843C cpu@86.312C/86.75C soc2@78.062C/78.093C soc0@79.468C/79.468C cv1@80.031C/80.062C gpu@86.812C/86.937C tj@86.812C/86.937C soc1@77.125C/77.125C cv2@76.125C/76.187C VDD_IN 32204mW/29582mW/34349mW VDD_CPU_GPU_CV 20593mW/17830mW/21268mW VDD_SOC 4647mW/4898mW/6300mW
08-10-2026 23:52:50 RAM 12445/15599MB (lfb 8x4MB) CPU [100%@1984,100%@1984,100%@1984,100%@1984,100%@1984,100%@1984,100%@1984,100%@1984] GR3D_FREQ 99% cv0@81.312C/81.843C cpu@85.875C/86.75C soc2@78.187C/78.187C soc0@79.5C/79.5C cv1@80.125C/80.125C gpu@86.906C/86.937C tj@86.906C/86.937C soc1@77.187C/77.187C cv2@76.218C/76.218C VDD_IN 32084mW/29591mW/34349mW VDD_CPU_GPU_CV 20593mW/17840mW/21268mW VDD_SOC 4527mW/4896mW/6300mW
08-10-2026 23:52:51 RAM 12503/15599MB (lfb 1x4MB) CPU [100%@1984,100%@1984,100%@1984,100%@1984,100%@1984,100%@1984,100%@1984,100%@1984] GR3D_FREQ 99% cv0@81.343C/81.843C cpu@86.125C/86.75C soc2@78.125C/78.187C soc0@79.562C/79.562C cv1@80.031C/80.125C gpu@87.25C/87.25C tj@87.25C/87.25C soc1@77.187C/77.187C cv2@76.406C/76.406C VDD_IN 32124mW/29600mW/34349mW VDD_CPU_GPU_CV 20633mW/17850mW/21268mW VDD_SOC 4527mW/4895mW/6300mW
08-10-2026 23:52:51 RAM 12473/15599MB (lfb 2x4MB) CPU [100%@1984,100%@1984,100%@1984,100%@1984,100%@1984,100%@1984,100%@1984,100%@1984] GR3D_FREQ 99% cv0@81.562C/81.843C cpu@86.437C/86.75C soc2@78.281C/78.281C soc0@79.531C/79.562C cv1@80.125C/80.125C gpu@86.968C/87.25C tj@86.968C/87.25C soc1@77.218C/77.218C cv2@76.25C/76.406C VDD_IN 32003mW/29608mW/34349mW VDD_CPU_GPU_CV 20236mW/17858mW/21268mW VDD_SOC 4687mW/4894mW/6300mW
08-10-2026 23:52:52 RAM 12465/15599MB (lfb 2x4MB) CPU [100%@1984,100%@1984,100%@1984,100%@1984,100%@1984,100%@1984,100%@1984,100%@1984] GR3D_FREQ 99% cv0@81.812C/81.843C cpu@86.687C/86.75C soc2@78.343C/78.343C soc0@79.562C/79.562C cv1@80.218C/80.218C gpu@86.468C/87.25C tj@86.687C/87.25C soc1@77.218C/77.218C cv2@76.531C/76.531C VDD_IN 32164mW/29617mW/34349mW VDD_CPU_GPU_CV 19720mW/17865mW/21268mW VDD_SOC 5096mW/4895mW/6300mW
08-10-2026 23:52:52 RAM 12465/15599MB (lfb 2x4MB) CPU [100%@1984,100%@1984,100%@1984,100%@1984,100%@1984,100%@1984,100%@1984,100%@1984] GR3D_FREQ 99% cv0@81.937C/81.937C cpu@86.687C/86.75C soc2@78.343C/78.343C soc0@79.656C/79.656C cv1@80.281C/80.281C gpu@86.468C/87.25C tj@86.531C/87.25C soc1@77.218C/77.218C cv2@76.312C/76.531C VDD_IN 32365mW/29627mW/34349mW VDD_CPU_GPU_CV 19840mW/17872mW/21268mW VDD_SOC 5208mW/4896mW/6300mW
08-10-2026 23:52:53 RAM 12457/15599MB (lfb 3x4MB) CPU [100%@1984,100%@1984,100%@1984,100%@1984,100%@1984,100%@1984,100%@1984,100%@1984] GR3D_FREQ 99% cv0@82.062C/82.062C cpu@86.75C/86.75C soc2@78.343C/78.343C soc0@79.656C/79.656C cv1@80.281C/80.281C gpu@86.562C/87.25C tj@86.75C/87.25C soc1@77.312C/77.312C cv2@76.593C/76.593C VDD_IN 32354mW/29636mW/34349mW VDD_CPU_GPU_CV 19800mW/17878mW/21268mW VDD_SOC 5208mW/4897mW/6300mW
08-10-2026 23:52:53 RAM 12457/15599MB (lfb 3x4MB) CPU [100%@1984,100%@1984,100%@1984,100%@1984,100%@1984,100%@1984,100%@1984,100%@1984] GR3D_FREQ 99% cv0@82.062C/82.062C cpu@86.718C/86.75C soc2@78.437C/78.437C soc0@79.687C/79.687C cv1@80.406C/80.406C gpu@86.718C/87.25C tj@86.718C/87.25C soc1@77.5C/77.5C cv2@76.531C/76.593C VDD_IN 32354mW/29645mW/34349mW VDD_CPU_GPU_CV 19720mW/17885mW/21268mW VDD_SOC 5256mW/4899mW/6300mW
08-10-2026 23:52:54 RAM 12450/15599MB (lfb 4x4MB) CPU [100%@1984,100%@1984,100%@1984,100%@1984,100%@1984,100%@1984,100%@1984,100%@1984] GR3D_FREQ 99% cv0@81.937C/82.062C cpu@86.687C/86.75C soc2@78.468C/78.468C soc0@79.718C/79.718C cv1@80.312C/80.406C gpu@87C/87.25C tj@87C/87.25C soc1@77.468C/77.5C cv2@76.531C/76.593C VDD_IN 32233mW/29654mW/34349mW VDD_CPU_GPU_CV 19641mW/17891mW/21268mW VDD_SOC 5216mW/4900mW/6300mW
08-10-2026 23:52:54 RAM 12450/15599MB (lfb 4x4MB) CPU [100%@1984,100%@1984,100%@1984,100%@1984,100%@1984,100%@1984,100%@1984,100%@1984] GR3D_FREQ 99% cv0@81.937C/82.062C cpu@86.687C/86.75C soc2@78.5C/78.5C soc0@79.687C/79.718C cv1@80.406C/80.406C gpu@86.843C/87.25C tj@86.843C/87.25C soc1@77.5C/77.5C cv2@76.562C/76.593C VDD_IN 32394mW/29664mW/34349mW VDD_CPU_GPU_CV 19720mW/17897mW/21268mW VDD_SOC 5248mW/4901mW/6300mW
08-10-2026 23:52:55 RAM 12445/15599MB (lfb 5x4MB) CPU [100%@1984,100%@1984,100%@1984,100%@1984,100%@1984,100%@1984,100%@1984,100%@1984] GR3D_FREQ 99% cv0@82C/82.062C cpu@86.75C/86.75C soc2@78.5C/78.5C soc0@79.781C/79.781C cv1@80.468C/80.468C gpu@86.781C/87.25C tj@86.781C/87.25C soc1@77.593C/77.593C cv2@76.625C/76.625C VDD_IN 32394mW/29673mW/34349mW VDD_CPU_GPU_CV 19720mW/17903mW/21268mW VDD_SOC 5248mW/4902mW/6300mW
08-10-2026 23:52:55 RAM 12445/15599MB (lfb 5x4MB) CPU [100%@1984,100%@1984,100%@1984,100%@1984,100%@1984,100%@1984,100%@1984,100%@1984] GR3D_FREQ 99% cv0@82.093C/82.093C cpu@87.062C/87.062C soc2@78.5C/78.5C soc0@79.875C/79.875C cv1@80.625C/80.625C gpu@86.906C/87.25C tj@87.062C/87.25C soc1@77.593C/77.593C cv2@76.625C/76.625C VDD_IN 32233mW/29682mW/34349mW VDD_CPU_GPU_CV 19601mW/17909mW/21268mW VDD_SOC 5256mW/4903mW/6300mW
08-10-2026 23:52:56 RAM 12440/15599MB (lfb 4x4MB) CPU [100%@1984,100%@1984,100%@1984,100%@1984,100%@1984,100%@1984,100%@1984,100%@1984] GR3D_FREQ 99% cv0@82.093C/82.093C cpu@86.875C/87.062C soc2@78.687C/78.687C soc0@79.937C/79.937C cv1@80.593C/80.625C gpu@87.093C/87.25C tj@87.093C/87.25C soc1@77.5C/77.593C cv2@76.656C/76.656C VDD_IN 32274mW/29691mW/34349mW VDD_CPU_GPU_CV 19601mW/17915mW/21268mW VDD_SOC 5248mW/4904mW/6300mW
08-10-2026 23:52:56 RAM 12440/15599MB (lfb 4x4MB) CPU [100%@1984,100%@1984,100%@1984,100%@1984,100%@1984,100%@1984,100%@1984,100%@1984] GR3D_FREQ 99% cv0@82.156C/82.156C cpu@86.906C/87.062C soc2@78.718C/78.718C soc0@79.968C/79.968C cv1@80.593C/80.625C gpu@86.937C/87.25C tj@86.937C/87.25C soc1@77.593C/77.593C cv2@76.687C/76.687C VDD_IN 32314mW/29700mW/34349mW VDD_CPU_GPU_CV 19522mW/17921mW/21268mW VDD_SOC 5256mW/4906mW/6300mW
08-10-2026 23:52:57 RAM 12433/15599MB (lfb 4x4MB) CPU [100%@1984,100%@1984,100%@1984,100%@1984,100%@1984,100%@1984,100%@1984,100%@1984] GR3D_FREQ 99% cv0@82C/82.156C cpu@87.093C/87.093C soc2@78.687C/78.718C soc0@79.937C/79.968C cv1@80.625C/80.625C gpu@86.843C/87.25C tj@87.093C/87.25C soc1@77.656C/77.656C cv2@76.843C/76.843C VDD_IN 32233mW/29708mW/34349mW VDD_CPU_GPU_CV 19522mW/17926mW/21268mW VDD_SOC 5216mW/4907mW/6300mW
08-10-2026 23:52:57 RAM 12445/15599MB (lfb 3x4MB) CPU [100%@1984,100%@1984,100%@1984,100%@1984,100%@1984,100%@1984,100%@1984,100%@1984] GR3D_FREQ 99% cv0@82.406C/82.406C cpu@87C/87.093C soc2@78.75C/78.75C soc0@79.937C/79.968C cv1@80.687C/80.687C gpu@86.812C/87.25C tj@87C/87.25C soc1@77.656C/77.656C cv2@76.812C/76.843C VDD_IN 32233mW/29717mW/34349mW VDD_CPU_GPU_CV 19562mW/17931mW/21268mW VDD_SOC 5256mW/4908mW/6300mW
08-10-2026 23:52:58 RAM 12438/15599MB (lfb 4x4MB) CPU [100%@1984,100%@1984,100%@1984,100%@1984,100%@1984,100%@1984,100%@1984,100%@1984] GR3D_FREQ 99% cv0@82.312C/82.406C cpu@87.062C/87.093C soc2@78.75C/78.75C soc0@79.937C/79.968C cv1@80.625C/80.687C gpu@87.156C/87.25C tj@87.156C/87.25C soc1@77.625C/77.656C cv2@76.781C/76.843C VDD_IN 32314mW/29726mW/34349mW VDD_CPU_GPU_CV 19641mW/17937mW/21268mW VDD_SOC 5256mW/4909mW/6300mW
08-10-2026 23:52:58 RAM 12438/15599MB (lfb 4x4MB) CPU [100%@1984,100%@1984,100%@1984,100%@1984,100%@1984,100%@1984,100%@1984,100%@1984] GR3D_FREQ 99% cv0@82.468C/82.468C cpu@87.187C/87.187C soc2@78.812C/78.812C soc0@80.031C/80.031C cv1@80.75C/80.75C gpu@87.156C/87.25C tj@87.187C/87.25C soc1@77.656C/77.656C cv2@76.875C/76.875C VDD_IN 32394mW/29735mW/34349mW VDD_CPU_GPU_CV 19800mW/17944mW/21268mW VDD_SOC 5248mW/4910mW/6300mW
08-10-2026 23:52:59 RAM 10727/15599MB (lfb 62x4MB) CPU [24%@729,31%@729,30%@729,26%@729,25%@1984,24%@1984,100%@1984,27%@1984] GR3D_FREQ 0% cv0@79.906C/82.468C cpu@84.5C/87.187C soc2@77.718C/78.812C soc0@79.875C/80.031C cv1@79.718C/80.75C gpu@83.406C/87.25C tj@84.5C/87.25C soc1@77.75C/77.75C cv2@76.625C/76.875C VDD_IN 19931mW/29702mW/34349mW VDD_CPU_GPU_CV 10587mW/17919mW/21268mW VDD_SOC 3963mW/4907mW/6300mW
08-10-2026 23:52:59 RAM 6994/15599MB (lfb 285x4MB) CPU [1%@729,1%@729,0%@729,0%@729,0%@1984,0%@1984,100%@1984,0%@1984] GR3D_FREQ 0% cv0@79.187C/82.468C cpu@83.875C/87.187C soc2@77C/78.812C soc0@79.625C/80.031C cv1@79.25C/80.75C gpu@82.062C/87.25C tj@83.875C/87.25C soc1@77.531C/77.75C cv2@76.281C/76.875C VDD_IN 12577mW/29645mW/34349mW VDD_CPU_GPU_CV 5153mW/17876mW/21268mW VDD_SOC 3215mW/4901mW/6300mW
08-10-2026 23:53:00 RAM 6576/15599MB (lfb 303x4MB) CPU [0%@729,0%@729,2%@729,0%@729,0%@729,0%@729,13%@729,0%@729] GR3D_FREQ 0% cv0@78.437C/82.468C cpu@82.375C/87.187C soc2@76.375C/78.812C soc0@79.375C/80.031C cv1@78.812C/80.75C gpu@81.593C/87.25C tj@82.375C/87.25C soc1@77.218C/77.75C cv2@75.718C/76.875C VDD_IN 8819mW/29576mW/34349mW VDD_CPU_GPU_CV 2527mW/17825mW/21268mW VDD_SOC 2817mW/4894mW/6300mW
08-10-2026 23:53:00 RAM 6576/15599MB (lfb 303x4MB) CPU [0%@729,0%@729,0%@729,0%@729,0%@729,0%@729,0%@729,0%@729] GR3D_FREQ 0% cv0@78.093C/82.468C cpu@82.062C/87.187C soc2@76.031C/78.812C soc0@79.031C/80.031C cv1@78.218C/80.75C gpu@80.843C/87.25C tj@82.062C/87.25C soc1@77C/77.75C cv2@75.437C/76.875C VDD_IN 7524mW/29503mW/34349mW VDD_CPU_GPU_CV 1630mW/17772mW/21268mW VDD_SOC 2654mW/4887mW/6300mW
08-10-2026 23:53:01 RAM 6575/15599MB (lfb 303x4MB) CPU [0%@729,0%@729,2%@729,1%@729,0%@729,0%@729,0%@729,0%@729] GR3D_FREQ 0% cv0@77.875C/82.468C cpu@81.593C/87.187C soc2@75.625C/78.812C soc0@78.781C/80.031C cv1@78.062C/80.75C gpu@80.625C/87.25C tj@81.843C/87.25C soc1@76.687C/77.75C cv2@75.218C/76.875C VDD_IN 7115mW/29429mW/34349mW VDD_CPU_GPU_CV 1347mW/17718mW/21268mW VDD_SOC 2613mW/4879mW/6300mW
08-10-2026 23:53:02 RAM 6575/15599MB (lfb 303x4MB) CPU [0%@729,0%@729,0%@729,0%@729,0%@729,0%@729,0%@729,0%@729] GR3D_FREQ 0% cv0@77.656C/82.468C cpu@81.406C/87.187C soc2@75.375C/78.812C soc0@78.437C/80.031C cv1@77.656C/80.75C gpu@80.218C/87.25C tj@81.406C/87.25C soc1@76.562C/77.75C cv2@74.937C/76.875C VDD_IN 6952mW/29355mW/34349mW VDD_CPU_GPU_CV 1265mW/17663mW/21268mW VDD_SOC 2613mW/4872mW/6300mW
08-10-2026 23:53:02 RAM 4834/15599MB (lfb 324x4MB) CPU [3%@729,0%@729,25%@729,0%@729,50%@1984,0%@1984,0%@1984,0%@1984] GR3D_FREQ 0% cv0@78.031C/82.468C cpu@82.125C/87.187C soc2@75.375C/78.812C soc0@78.312C/80.031C cv1@77.75C/80.75C gpu@80.156C/87.25C tj@82.125C/87.25C soc1@76.5C/77.75C cv2@74.718C/76.875C VDD_IN 8043mW/29285mW/34349mW VDD_CPU_GPU_CV 1956mW/17612mW/21268mW VDD_SOC 2735mW/4865mW/6300mW
08-10-2026 23:53:03 RAM 1167/15599MB (lfb 524x4MB) CPU [0%@729,1%@729,0%@729,0%@729,100%@1984,0%@1984,0%@1984,0%@1984] GR3D_FREQ 0% cv0@77.875C/82.468C cpu@82.156C/87.187C soc2@75.156C/78.812C soc0@78.25C/80.031C cv1@77.906C/80.75C gpu@79.906C/87.25C tj@82.156C/87.25C soc1@76.218C/77.75C cv2@74.625C/76.875C VDD_IN 8942mW/29218mW/34349mW VDD_CPU_GPU_CV 2446mW/17562mW/21268mW VDD_SOC 2858mW/4858mW/6300mW
08-10-2026 23:53:03 RAM 827/15599MB (lfb 544x4MB) CPU [1%@729,0%@729,0%@729,0%@729,9%@729,0%@729,0%@729,0%@729] GR3D_FREQ 0% cv0@77C/82.468C cpu@81.031C/87.187C soc2@74.937C/78.812C soc0@77.906C/80.031C cv1@77.281C/80.75C gpu@79.5C/87.25C tj@81.031C/87.25C soc1@76.031C/77.75C cv2@74.375C/76.875C VDD_IN 7594mW/29148mW/34349mW VDD_CPU_GPU_CV 1630mW/17510mW/21268mW VDD_SOC 2654mW/4851mW/6300mW
08-10-2026 23:53:04 RAM 827/15599MB (lfb 544x4MB) CPU [0%@729,1%@729,0%@729,0%@729,0%@729,0%@729,0%@729,0%@729] GR3D_FREQ 0% cv0@76.906C/82.468C cpu@80.625C/87.187C soc2@74.625C/78.812C soc0@77.687C/80.031C cv1@77C/80.75C gpu@79.343C/87.25C tj@80.625C/87.25C soc1@75.843C/77.75C cv2@74.25C/76.875C VDD_IN 7075mW/29076mW/34349mW VDD_CPU_GPU_CV 1347mW/17458mW/21268mW VDD_SOC 2613mW/4844mW/6300mW
08-10-2026 23:53:04 RAM 827/15599MB (lfb 544x4MB) CPU [0%@729,0%@729,0%@729,0%@729,0%@729,0%@729,0%@729,0%@729] GR3D_FREQ 0% cv0@76.562C/82.468C cpu@80.468C/87.187C soc2@74.5C/78.812C soc0@77.468C/80.031C cv1@76.781C/80.75C gpu@79.031C/87.25C tj@80.468C/87.25C soc1@75.718C/77.75C cv2@73.968C/76.875C VDD_IN 6911mW/29005mW/34349mW VDD_CPU_GPU_CV 1265mW/17406mW/21268mW VDD_SOC 2572mW/4837mW/6300mW
08-10-2026 23:53:05 RAM 827/15599MB (lfb 544x4MB) CPU [0%@729,0%@729,0%@729,0%@729,0%@729,0%@729,0%@729,0%@729] GR3D_FREQ 0% cv0@76.343C/82.468C cpu@80.125C/87.187C soc2@74.25C/78.812C soc0@77.25C/80.031C cv1@76.562C/80.75C gpu@78.937C/87.25C tj@80.125C/87.25C soc1@75.656C/77.75C cv2@73.781C/76.875C VDD_IN 6870mW/28933mW/34349mW VDD_CPU_GPU_CV 1224mW/17353mW/21268mW VDD_SOC 2572mW/4829mW/6300mW
08-10-2026 23:53:05 RAM 827/15599MB (lfb 544x4MB) CPU [0%@729,0%@729,0%@729,0%@729,0%@729,0%@729,0%@729,0%@729] GR3D_FREQ 0% cv0@76.187C/82.468C cpu@80.187C/87.187C soc2@74.031C/78.812C soc0@77.187C/80.031C cv1@76.531C/80.75C gpu@78.625C/87.25C tj@80.187C/87.25C soc1@75.406C/77.75C cv2@73.531C/76.875C VDD_IN 6829mW/28862mW/34349mW VDD_CPU_GPU_CV 1184mW/17301mW/21268mW VDD_SOC 2576mW/4822mW/6300mW
08-10-2026 23:53:06 RAM 826/15599MB (lfb 545x4MB) CPU [0%@729,0%@729,0%@729,3%@729,0%@729,0%@729,0%@729,3%@729] GR3D_FREQ 0% cv0@76.031C/82.468C cpu@79.781C/87.187C soc2@73.968C/78.812C soc0@77.031C/80.031C cv1@76.375C/80.75C gpu@78.625C/87.25C tj@79.781C/87.25C soc1@75.156C/77.75C cv2@73.468C/76.875C VDD_IN 6870mW/28792mW/34349mW VDD_CPU_GPU_CV 1224mW/17250mW/21268mW VDD_SOC 2572mW/4815mW/6300mW
08-10-2026 23:53:06 RAM 826/15599MB (lfb 545x4MB) CPU [6%@729,4%@729,4%@729,8%@729,6%@729,3%@729,1%@729,0%@729] GR3D_FREQ 0% cv0@76C/82.468C cpu@79.75C/87.187C soc2@73.812C/78.812C soc0@76.906C/80.031C cv1@76.281C/80.75C gpu@78.375C/87.25C tj@79.75C/87.25C soc1@75.031C/77.75C cv2@73.375C/76.875C VDD_IN 6993mW/28722mW/34349mW VDD_CPU_GPU_CV 1306mW/17199mW/21268mW VDD_SOC 2572mW/4808mW/6300mW
08-10-2026 23:53:07 RAM 826/15599MB (lfb 545x4MB) CPU [1%@729,0%@729,0%@729,0%@729,0%@729,0%@729,0%@729,0%@729] GR3D_FREQ 0% cv0@75.781C/82.468C cpu@79.5C/87.187C soc2@73.593C/78.812C soc0@76.656C/80.031C cv1@75.968C/80.75C gpu@78.375C/87.25C tj@79.5C/87.25C soc1@74.781C/77.75C cv2@73.218C/76.875C VDD_IN 6870mW/28652mW/34349mW VDD_CPU_GPU_CV 1224mW/17148mW/21268mW VDD_SOC 2576mW/4801mW/6300mW
08-10-2026 23:53:07 RAM 826/15599MB (lfb 545x4MB) CPU [0%@729,1%@729,0%@729,0%@729,0%@729,0%@729,0%@729,0%@729] GR3D_FREQ 0% cv0@75.5C/82.468C cpu@79.312C/87.187C soc2@73.375C/78.812C soc0@76.437C/80.031C cv1@75.75C/80.75C gpu@78.125C/87.25C tj@79.312C/87.25C soc1@74.843C/77.75C cv2@72.937C/76.875C VDD_IN 6829mW/28583mW/34349mW VDD_CPU_GPU_CV 1184mW/17097mW/21268mW VDD_SOC 2535mW/4793mW/6300mW
08-10-2026 23:53:08 RAM 826/15599MB (lfb 545x4MB) CPU [0%@729,0%@729,0%@729,0%@729,0%@729,0%@729,0%@729,0%@729] GR3D_FREQ 0% cv0@75.343C/82.468C cpu@79.125C/87.187C soc2@73.25C/78.812C soc0@76.281C/80.031C cv1@75.656C/80.75C gpu@78.062C/87.25C tj@79.125C/87.25C soc1@74.718C/77.75C cv2@72.75C/76.875C VDD_IN 6788mW/28514mW/34349mW VDD_CPU_GPU_CV 1184mW/17047mW/21268mW VDD_SOC 2531mW/4786mW/6300mW
08-10-2026 23:53:08 RAM 826/15599MB (lfb 545x4MB) CPU [0%@729,0%@729,0%@729,0%@729,0%@729,0%@729,0%@729,0%@729] GR3D_FREQ 0% cv0@75.218C/82.468C cpu@79.031C/87.187C soc2@73.062C/78.812C soc0@76.25C/80.031C cv1@75.531C/80.75C gpu@77.75C/87.25C tj@79.031C/87.25C soc1@74.437C/77.75C cv2@72.562C/76.875C VDD_IN 6788mW/28446mW/34349mW VDD_CPU_GPU_CV 1184mW/16997mW/21268mW VDD_SOC 2531mW/4779mW/6300mW
08-10-2026 23:53:09 RAM 826/15599MB (lfb 545x4MB) CPU [0%@729,1%@729,0%@729,1%@729,0%@729,0%@729,0%@729,0%@729] GR3D_FREQ 0% cv0@75.062C/82.468C cpu@78.937C/87.187C soc2@73.062C/78.812C soc0@76.062C/80.031C cv1@75.312C/80.75C gpu@77.718C/87.25C tj@78.937C/87.25C soc1@74.25C/77.75C cv2@72.406C/76.875C VDD_IN 6747mW/28377mW/34349mW VDD_CPU_GPU_CV 1184mW/16947mW/21268mW VDD_SOC 2535mW/4772mW/6300mW
08-10-2026 23:53:09 RAM 824/15599MB (lfb 545x4MB) CPU [0%@729,0%@729,0%@729,0%@729,0%@729,0%@729,0%@729,0%@729] GR3D_FREQ 0% cv0@74.937C/82.468C cpu@78.75C/87.187C soc2@72.781C/78.812C soc0@75.843C/80.031C cv1@75.187C/80.75C gpu@77.406C/87.25C tj@78.75C/87.25C soc1@74.125C/77.75C cv2@72.437C/76.875C VDD_IN 6747mW/28310mW/34349mW VDD_CPU_GPU_CV 1143mW/16898mW/21268mW VDD_SOC 2531mW/4765mW/6300mW
08-10-2026 23:53:10 RAM 824/15599MB (lfb 545x4MB) CPU [0%@729,0%@729,0%@729,0%@729,0%@729,0%@729,0%@729,0%@729] GR3D_FREQ 0% cv0@74.718C/82.468C cpu@78.562C/87.187C soc2@72.625C/78.812C soc0@75.656C/80.031C cv1@75.031C/80.75C gpu@77.156C/87.25C tj@78.562C/87.25C soc1@73.906C/77.75C cv2@72.156C/76.875C VDD_IN 6747mW/28242mW/34349mW VDD_CPU_GPU_CV 1143mW/16848mW/21268mW VDD_SOC 2535mW/4758mW/6300mW
08-10-2026 23:53:10 RAM 824/15599MB (lfb 545x4MB) CPU [0%@729,0%@729,0%@729,0%@729,0%@729,0%@729,0%@729,0%@729] GR3D_FREQ 0% cv0@74.562C/82.468C cpu@78.343C/87.187C soc2@72.531C/78.812C soc0@75.531C/80.031C cv1@74.875C/80.75C gpu@77.062C/87.25C tj@78.343C/87.25C soc1@73.812C/77.75C cv2@71.968C/76.875C VDD_IN 6747mW/28175mW/34349mW VDD_CPU_GPU_CV 1143mW/16800mW/21268mW VDD_SOC 2531mW/4751mW/6300mW
08-10-2026 23:53:11 RAM 825/15599MB (lfb 545x4MB) CPU [3%@729,2%@729,5%@729,4%@729,0%@729,1%@729,3%@729,0%@729] GR3D_FREQ 0% cv0@74.375C/82.468C cpu@78.468C/87.187C soc2@72.343C/78.812C soc0@75.468C/80.031C cv1@74.843C/80.75C gpu@76.843C/87.25C tj@78.468C/87.25C soc1@73.687C/77.75C cv2@71.781C/76.875C VDD_IN 6829mW/28109mW/34349mW VDD_CPU_GPU_CV 1184mW/16751mW/21268mW VDD_SOC 2531mW/4744mW/6300mW
