08-10-2026 23:58:39 RAM 2491/15599MB (lfb 588x4MB) CPU [0%@729,0%@729,0%@729,0%@729,0%@729,0%@729,0%@729,0%@729] GR3D_FREQ 0% cv0@60.843C/60.843C cpu@64.843C/64.843C soc2@58.75C/58.75C soc0@61.718C/61.718C cv1@61.375C/61.375C gpu@63.437C/63.437C tj@64.843C/64.843C soc1@60.562C/60.562C cv2@57.625C/57.625C VDD_IN 6297mW/6297mW/6297mW VDD_CPU_GPU_CV 939mW/939mW/939mW VDD_SOC 2409mW/2409mW/2409mW
08-10-2026 23:58:39 RAM 2491/15599MB (lfb 588x4MB) CPU [0%@729,0%@729,0%@729,0%@729,0%@729,0%@729,0%@729,0%@729] GR3D_FREQ 0% cv0@60.812C/60.843C cpu@64.843C/64.843C soc2@58.75C/58.75C soc0@61.656C/61.718C cv1@61.312C/61.375C gpu@63.125C/63.437C tj@64.843C/64.843C soc1@60.468C/60.562C cv2@57.656C/57.656C VDD_IN 6257mW/6277mW/6297mW VDD_CPU_GPU_CV 898mW/919mW/939mW VDD_SOC 2409mW/2409mW/2409mW
08-10-2026 23:58:39 RAM 2491/15599MB (lfb 588x4MB) CPU [0%@729,8%@729,0%@729,0%@729,0%@729,0%@729,0%@729,0%@729] GR3D_FREQ 0% cv0@60.718C/60.843C cpu@64.968C/64.968C soc2@58.656C/58.75C soc0@61.687C/61.718C cv1@61.468C/61.468C gpu@63.281C/63.437C tj@64.968C/64.968C soc1@60.437C/60.562C cv2@57.5C/57.656C VDD_IN 6257mW/6270mW/6297mW VDD_CPU_GPU_CV 898mW/912mW/939mW VDD_SOC 2409mW/2409mW/2409mW
08-10-2026 23:58:39 RAM 2491/15599MB (lfb 588x4MB) CPU [0%@729,0%@729,0%@729,0%@729,0%@729,0%@729,0%@729,0%@729] GR3D_FREQ 0% cv0@60.687C/60.843C cpu@64.875C/64.968C soc2@58.718C/58.75C soc0@61.75C/61.75C cv1@61.406C/61.468C gpu@63.218C/63.437C tj@64.875C/64.968C soc1@60.562C/60.562C cv2@57.5C/57.656C VDD_IN 6216mW/6257mW/6297mW VDD_CPU_GPU_CV 898mW/908mW/939mW VDD_SOC 2409mW/2409mW/2409mW
08-10-2026 23:58:40 RAM 2492/15599MB (lfb 588x4MB) CPU [20%@1728,14%@1728,5%@1728,18%@1728,13%@1651,14%@1651,19%@1651,15%@1651] GR3D_FREQ 0% cv0@61.406C/61.406C cpu@65.562C/65.562C soc2@58.812C/58.812C soc0@61.562C/61.75C cv1@61.312C/61.468C gpu@63.218C/63.437C tj@65.562C/65.562C soc1@60.531C/60.562C cv2@57.562C/57.656C VDD_IN 6502mW/6306mW/6502mW VDD_CPU_GPU_CV 1184mW/963mW/1184mW VDD_SOC 2409mW/2409mW/2409mW
08-10-2026 23:58:40 RAM 2491/15599MB (lfb 588x4MB) CPU [100%@1984,100%@1984,100%@1984,100%@1984,100%@1984,100%@1984,100%@1984,100%@1984] GR3D_FREQ 0% cv0@62.906C/62.906C cpu@67.25C/67.25C soc2@59.406C/59.406C soc0@61.687C/61.75C cv1@62.187C/62.187C gpu@63.375C/63.437C tj@67.25C/67.25C soc1@60.406C/60.562C cv2@57.75C/57.75C VDD_IN 8860mW/6732mW/8860mW VDD_CPU_GPU_CV 3500mW/1386mW/3500mW VDD_SOC 2405mW/2408mW/2409mW
08-10-2026 23:58:40 RAM 2491/15599MB (lfb 588x4MB) CPU [100%@1984,100%@1984,100%@1984,100%@1984,100%@1984,100%@1984,100%@1984,100%@1984] GR3D_FREQ 0% cv0@63.218C/63.218C cpu@67.687C/67.687C soc2@59.593C/59.593C soc0@61.656C/61.75C cv1@62.468C/62.468C gpu@63.75C/63.75C tj@67.687C/67.687C soc1@60.531C/60.562C cv2@57.937C/57.937C VDD_IN 10314mW/7243mW/10314mW VDD_CPU_GPU_CV 4917mW/1891mW/4917mW VDD_SOC 2405mW/2408mW/2409mW
08-10-2026 23:58:40 RAM 2491/15599MB (lfb 588x4MB) CPU [100%@1984,100%@1984,100%@1984,100%@1984,100%@1984,100%@1984,100%@1984,100%@1984] GR3D_FREQ 0% cv0@63.218C/63.218C cpu@67.812C/67.812C soc2@59.75C/59.75C soc0@61.75C/61.75C cv1@62.593C/62.593C gpu@63.531C/63.75C tj@67.812C/67.812C soc1@60.593C/60.593C cv2@57.968C/57.968C VDD_IN 11251mW/7744mW/11251mW VDD_CPU_GPU_CV 5802mW/2380mW/5802mW VDD_SOC 2401mW/2407mW/2409mW
08-10-2026 23:58:40 RAM 2491/15599MB (lfb 588x4MB) CPU [100%@1984,100%@1984,100%@1984,100%@1984,100%@1984,100%@1984,100%@1984,100%@1984] GR3D_FREQ 0% cv0@63.468C/63.468C cpu@68.187C/68.187C soc2@59.937C/59.937C soc0@61.75C/61.75C cv1@62.687C/62.687C gpu@63.812C/63.812C tj@68.187C/68.187C soc1@60.656C/60.656C cv2@58C/58C VDD_IN 11781mW/8193mW/11781mW VDD_CPU_GPU_CV 6370mW/2823mW/6370mW VDD_SOC 2401mW/2406mW/2409mW
08-10-2026 23:58:41 RAM 2491/15599MB (lfb 588x4MB) CPU [100%@1984,100%@1984,100%@1984,100%@1984,100%@1984,100%@1984,100%@1984,100%@1984] GR3D_FREQ 0% cv0@63.531C/63.531C cpu@68C/68.187C soc2@59.906C/59.937C soc0@61.718C/61.75C cv1@62.718C/62.718C gpu@63.968C/63.968C tj@68C/68.187C soc1@60.843C/60.843C cv2@58.031C/58.031C VDD_IN 12129mW/8586mW/12129mW VDD_CPU_GPU_CV 6695mW/3210mW/6695mW VDD_SOC 2401mW/2406mW/2409mW
08-10-2026 23:58:41 RAM 2492/15599MB (lfb 588x4MB) CPU [100%@1984,100%@1984,100%@1984,100%@1984,100%@1984,100%@1984,100%@1984,100%@1984] GR3D_FREQ 0% cv0@63.656C/63.656C cpu@68.093C/68.187C soc2@59.968C/59.968C soc0@61.812C/61.812C cv1@62.875C/62.875C gpu@63.843C/63.968C tj@68.093C/68.187C soc1@60.75C/60.843C cv2@58.125C/58.125C VDD_IN 12333mW/8927mW/12333mW VDD_CPU_GPU_CV 6897mW/3545mW/6897mW VDD_SOC 2401mW/2405mW/2409mW
08-10-2026 23:58:41 RAM 2492/15599MB (lfb 588x4MB) CPU [100%@1984,100%@1984,100%@1984,100%@1984,100%@1984,100%@1984,100%@1984,100%@1984] GR3D_FREQ 0% cv0@63.656C/63.656C cpu@68.187C/68.187C soc2@60.031C/60.031C soc0@61.75C/61.812C cv1@62.875C/62.875C gpu@63.812C/63.968C tj@68.187C/68.187C soc1@60.687C/60.843C cv2@58.187C/58.187C VDD_IN 12455mW/9221mW/12455mW VDD_CPU_GPU_CV 7008mW/3834mW/7008mW VDD_SOC 2401mW/2405mW/2409mW
08-10-2026 23:58:41 RAM 2492/15599MB (lfb 588x4MB) CPU [100%@1984,100%@1984,100%@1984,100%@1984,100%@1984,100%@1984,100%@1984,100%@1984] GR3D_FREQ 0% cv0@63.812C/63.812C cpu@68.406C/68.406C soc2@60.093C/60.093C soc0@61.781C/61.812C cv1@62.906C/62.906C gpu@64.156C/64.156C tj@68.406C/68.406C soc1@60.781C/60.843C cv2@58.281C/58.281C VDD_IN 12536mW/9476mW/12536mW VDD_CPU_GPU_CV 7089mW/4084mW/7089mW VDD_SOC 2401mW/2405mW/2409mW
08-10-2026 23:58:41 RAM 2492/15599MB (lfb 588x4MB) CPU [100%@1984,100%@1984,100%@1984,100%@1984,100%@1984,100%@1984,100%@1984,100%@1984] GR3D_FREQ 0% cv0@63.687C/63.812C cpu@68.343C/68.406C soc2@60C/60.093C soc0@61.843C/61.843C cv1@62.968C/62.968C gpu@64C/64.156C tj@68.343C/68.406C soc1@60.843C/60.843C cv2@58.187C/58.281C VDD_IN 12618mW/9700mW/12618mW VDD_CPU_GPU_CV 7170mW/4305mW/7170mW VDD_SOC 2401mW/2404mW/2409mW
08-10-2026 23:58:42 RAM 2492/15599MB (lfb 588x4MB) CPU [100%@1984,100%@1984,100%@1984,100%@1984,100%@1984,100%@1984,100%@1984,100%@1984] GR3D_FREQ 0% cv0@63.781C/63.812C cpu@68.5C/68.5C soc2@60.062C/60.093C soc0@62C/62C cv1@63.062C/63.062C gpu@64.125C/64.156C tj@68.5C/68.5C soc1@60.843C/60.843C cv2@58.218C/58.281C VDD_IN 12618mW/9895mW/12618mW VDD_CPU_GPU_CV 7170mW/4496mW/7170mW VDD_SOC 2401mW/2404mW/2409mW
08-10-2026 23:58:42 RAM 2492/15599MB (lfb 588x4MB) CPU [100%@1984,100%@1984,100%@1984,100%@1984,100%@1984,100%@1984,100%@1984,100%@1984] GR3D_FREQ 0% cv0@63.812C/63.812C cpu@68.218C/68.5C soc2@60.062C/60.093C soc0@61.875C/62C cv1@62.937C/63.062C gpu@63.968C/64.156C tj@68.218C/68.5C soc1@60.875C/60.875C cv2@58.281C/58.281C VDD_IN 12658mW/10068mW/12658mW VDD_CPU_GPU_CV 7211mW/4665mW/7211mW VDD_SOC 2401mW/2404mW/2409mW
08-10-2026 23:58:42 RAM 2492/15599MB (lfb 588x4MB) CPU [100%@1984,100%@1984,100%@1984,100%@1984,100%@1984,100%@1984,100%@1984,100%@1984] GR3D_FREQ 0% cv0@63.937C/63.937C cpu@68.375C/68.5C soc2@60.156C/60.156C soc0@61.843C/62C cv1@63.031C/63.062C gpu@64.125C/64.156C tj@68.375C/68.5C soc1@60.875C/60.875C cv2@58.406C/58.406C VDD_IN 12658mW/10220mW/12658mW VDD_CPU_GPU_CV 7211mW/4815mW/7211mW VDD_SOC 2401mW/2404mW/2409mW
08-10-2026 23:58:42 RAM 2492/15599MB (lfb 588x4MB) CPU [100%@1984,100%@1984,100%@1984,100%@1984,100%@1984,100%@1984,100%@1984,100%@1984] GR3D_FREQ 0% cv0@63.781C/63.937C cpu@68.437C/68.5C soc2@60.156C/60.156C soc0@61.968C/62C cv1@63.125C/63.125C gpu@64.031C/64.156C tj@68.437C/68.5C soc1@60.906C/60.906C cv2@58.406C/58.406C VDD_IN 12658mW/10355mW/12658mW VDD_CPU_GPU_CV 7211mW/4948mW/7211mW VDD_SOC 2401mW/2404mW/2409mW
08-10-2026 23:58:42 RAM 2492/15599MB (lfb 588x4MB) CPU [100%@1984,100%@1984,100%@1984,100%@1984,100%@1984,100%@1984,100%@1984,100%@1984] GR3D_FREQ 0% cv0@63.843C/63.937C cpu@68.437C/68.5C soc2@60.156C/60.156C soc0@61.968C/62C cv1@63.125C/63.125C gpu@63.906C/64.156C tj@68.437C/68.5C soc1@60.875C/60.906C cv2@58.468C/58.468C VDD_IN 12699mW/10479mW/12699mW VDD_CPU_GPU_CV 7211mW/5067mW/7211mW VDD_SOC 2401mW/2404mW/2409mW
08-10-2026 23:58:43 RAM 2492/15599MB (lfb 588x4MB) CPU [100%@1984,100%@1984,100%@1984,100%@1984,100%@1984,100%@1984,100%@1984,100%@1984] GR3D_FREQ 0% cv0@63.906C/63.937C cpu@68.312C/68.5C soc2@60.25C/60.25C soc0@62C/62C cv1@63.156C/63.156C gpu@64.25C/64.25C tj@68.312C/68.5C soc1@60.937C/60.937C cv2@58.375C/58.468C VDD_IN 12699mW/10590mW/12699mW VDD_CPU_GPU_CV 7251mW/5176mW/7251mW VDD_SOC 2401mW/2403mW/2409mW
08-10-2026 23:58:43 RAM 2491/15599MB (lfb 588x4MB) CPU [100%@1984,100%@1984,100%@1984,100%@1984,100%@1984,100%@1984,100%@1984,100%@1984] GR3D_FREQ 0% cv0@63.937C/63.937C cpu@68.406C/68.5C soc2@60.187C/60.25C soc0@61.906C/62C cv1@63.125C/63.156C gpu@64.281C/64.281C tj@68.406C/68.5C soc1@60.968C/60.968C cv2@58.437C/58.468C VDD_IN 12699mW/10690mW/12699mW VDD_CPU_GPU_CV 7251mW/5275mW/7251mW VDD_SOC 2401mW/2403mW/2409mW
08-10-2026 23:58:43 RAM 2491/15599MB (lfb 588x4MB) CPU [100%@1984,100%@1984,100%@1984,100%@1984,100%@1984,100%@1984,100%@1984,100%@1984] GR3D_FREQ 0% cv0@64C/64C cpu@68.437C/68.5C soc2@60.25C/60.25C soc0@61.968C/62C cv1@63.156C/63.156C gpu@64.125C/64.281C tj@68.437C/68.5C soc1@60.937C/60.968C cv2@58.468C/58.468C VDD_IN 12699mW/10782mW/12699mW VDD_CPU_GPU_CV 7251mW/5365mW/7251mW VDD_SOC 2401mW/2403mW/2409mW
08-10-2026 23:58:43 RAM 2491/15599MB (lfb 588x4MB) CPU [100%@1984,100%@1984,100%@1984,100%@1984,100%@1984,100%@1984,100%@1984,100%@1984] GR3D_FREQ 0% cv0@63.968C/64C cpu@68.437C/68.5C soc2@60.25C/60.25C soc0@62C/62C cv1@63.156C/63.156C gpu@64.125C/64.281C tj@68.437C/68.5C soc1@61C/61C cv2@58.593C/58.593C VDD_IN 12699mW/10865mW/12699mW VDD_CPU_GPU_CV 7251mW/5447mW/7251mW VDD_SOC 2401mW/2403mW/2409mW
08-10-2026 23:58:43 RAM 2491/15599MB (lfb 588x4MB) CPU [100%@1984,100%@1984,100%@1984,100%@1984,100%@1984,100%@1984,100%@1984,100%@1984] GR3D_FREQ 0% cv0@63.906C/64C cpu@68.531C/68.531C soc2@60.406C/60.406C soc0@62C/62C cv1@63.187C/63.187C gpu@64.156C/64.281C tj@68.406C/68.5C soc1@61C/61C cv2@58.468C/58.593C VDD_IN 12699mW/10941mW/12699mW VDD_CPU_GPU_CV 7251mW/5522mW/7251mW VDD_SOC 2401mW/2403mW/2409mW
08-10-2026 23:58:44 RAM 2491/15599MB (lfb 588x4MB) CPU [100%@1984,100%@1984,100%@1984,100%@1984,100%@1984,100%@1984,100%@1984,100%@1984] GR3D_FREQ 0% cv0@63.968C/64C cpu@68.656C/68.656C soc2@60.343C/60.406C soc0@62.093C/62.093C cv1@63.25C/63.25C gpu@64.156C/64.281C tj@68.656C/68.656C soc1@61C/61C cv2@58.437C/58.593C VDD_IN 12699mW/11012mW/12699mW VDD_CPU_GPU_CV 7251mW/5591mW/7251mW VDD_SOC 2401mW/2403mW/2409mW
08-10-2026 23:58:44 RAM 2491/15599MB (lfb 588x4MB) CPU [100%@1984,100%@1984,100%@1984,100%@1984,100%@1984,100%@1984,100%@1984,100%@1984] GR3D_FREQ 0% cv0@63.906C/64C cpu@68.437C/68.656C soc2@60.343C/60.406C soc0@62C/62.093C cv1@63.187C/63.25C gpu@64.156C/64.281C tj@68.437C/68.656C soc1@61.062C/61.062C cv2@58.468C/58.593C VDD_IN 12699mW/11077mW/12699mW VDD_CPU_GPU_CV 7251mW/5655mW/7251mW VDD_SOC 2401mW/2403mW/2409mW
08-10-2026 23:58:44 RAM 2491/15599MB (lfb 588x4MB) CPU [100%@1984,100%@1984,100%@1984,100%@1984,100%@1984,100%@1984,100%@1984,100%@1984] GR3D_FREQ 0% cv0@63.906C/64C cpu@68.531C/68.656C soc2@60.375C/60.406C soc0@62.093C/62.093C cv1@63.187C/63.25C gpu@64.218C/64.281C tj@68.531C/68.656C soc1@61.031C/61.062C cv2@58.593C/58.593C VDD_IN 12699mW/11137mW/12699mW VDD_CPU_GPU_CV 7251mW/5714mW/7251mW VDD_SOC 2401mW/2403mW/2409mW
08-10-2026 23:58:44 RAM 2491/15599MB (lfb 588x4MB) CPU [100%@1984,100%@1984,100%@1984,100%@1984,100%@1984,100%@1984,100%@1984,100%@1984] GR3D_FREQ 0% cv0@64.031C/64.031C cpu@68.593C/68.656C soc2@60.468C/60.468C soc0@62.062C/62.093C cv1@63.25C/63.25C gpu@64.156C/64.281C tj@68.437C/68.656C soc1@61C/61.062C cv2@58.593C/58.593C VDD_IN 12699mW/11192mW/12699mW VDD_CPU_GPU_CV 7251mW/5769mW/7251mW VDD_SOC 2401mW/2403mW/2409mW
08-10-2026 23:58:45 RAM 2491/15599MB (lfb 588x4MB) CPU [100%@1984,100%@1984,100%@1984,100%@1984,100%@1984,100%@1984,100%@1984,100%@1984] GR3D_FREQ 0% cv0@64C/64.031C cpu@68.718C/68.718C soc2@60.406C/60.468C soc0@62.093C/62.093C cv1@63.343C/63.343C gpu@64.312C/64.312C tj@68.718C/68.718C soc1@61.062C/61.062C cv2@58.593C/58.593C VDD_IN 12699mW/11244mW/12699mW VDD_CPU_GPU_CV 7251mW/5820mW/7251mW VDD_SOC 2401mW/2403mW/2409mW
08-10-2026 23:58:45 RAM 2491/15599MB (lfb 588x4MB) CPU [100%@1984,100%@1984,100%@1984,100%@1984,100%@1984,100%@1984,100%@1984,100%@1984] GR3D_FREQ 0% cv0@64.031C/64.031C cpu@68.437C/68.718C soc2@60.375C/60.468C soc0@62.218C/62.218C cv1@63.312C/63.343C gpu@64.25C/64.312C tj@68.437C/68.718C soc1@61.187C/61.187C cv2@58.531C/58.593C VDD_IN 12699mW/11293mW/12699mW VDD_CPU_GPU_CV 7251mW/5868mW/7251mW VDD_SOC 2401mW/2403mW/2409mW
08-10-2026 23:58:45 RAM 2491/15599MB (lfb 588x4MB) CPU [100%@1984,100%@1984,100%@1984,100%@1984,100%@1984,100%@1984,100%@1984,100%@1984] GR3D_FREQ 0% cv0@64.156C/64.156C cpu@68.593C/68.718C soc2@60.437C/60.468C soc0@62.062C/62.218C cv1@63.218C/63.343C gpu@64.25C/64.312C tj@68.593C/68.718C soc1@61.156C/61.187C cv2@58.593C/58.593C VDD_IN 12699mW/11338mW/12699mW VDD_CPU_GPU_CV 7251mW/5913mW/7251mW VDD_SOC 2401mW/2403mW/2409mW
08-10-2026 23:58:45 RAM 2491/15599MB (lfb 588x4MB) CPU [100%@1984,100%@1984,100%@1984,100%@1984,100%@1984,100%@1984,100%@1984,100%@1984] GR3D_FREQ 0% cv0@64.093C/64.156C cpu@68.625C/68.718C soc2@60.468C/60.468C soc0@62.062C/62.218C cv1@63.312C/63.343C gpu@64.218C/64.312C tj@68.625C/68.718C soc1@61.031C/61.187C cv2@58.687C/58.687C VDD_IN 12699mW/11381mW/12699mW VDD_CPU_GPU_CV 7251mW/5954mW/7251mW VDD_SOC 2401mW/2403mW/2409mW
08-10-2026 23:58:45 RAM 2491/15599MB (lfb 588x4MB) CPU [100%@1984,100%@1984,100%@1984,100%@1984,100%@1984,100%@1984,100%@1984,100%@1984] GR3D_FREQ 0% cv0@64.25C/64.25C cpu@68.781C/68.781C soc2@60.437C/60.468C soc0@62.125C/62.218C cv1@63.312C/63.343C gpu@64.5C/64.5C tj@68.781C/68.781C soc1@61.187C/61.187C cv2@58.687C/58.687C VDD_IN 12699mW/11421mW/12699mW VDD_CPU_GPU_CV 7251mW/5994mW/7251mW VDD_SOC 2401mW/2402mW/2409mW
08-10-2026 23:58:46 RAM 2491/15599MB (lfb 588x4MB) CPU [100%@1984,100%@1984,100%@1984,100%@1984,100%@1984,100%@1984,100%@1984,100%@1984] GR3D_FREQ 0% cv0@64.031C/64.25C cpu@68.531C/68.781C soc2@60.468C/60.468C soc0@62.093C/62.218C cv1@63.281C/63.343C gpu@64.375C/64.5C tj@68.812C/68.812C soc1@61.156C/61.187C cv2@58.75C/58.75C VDD_IN 12699mW/11458mW/12699mW VDD_CPU_GPU_CV 7251mW/6031mW/7251mW VDD_SOC 2401mW/2402mW/2409mW
08-10-2026 23:58:46 RAM 2491/15599MB (lfb 588x4MB) CPU [100%@1984,100%@1984,100%@1984,100%@1984,100%@1984,100%@1984,100%@1984,100%@1984] GR3D_FREQ 0% cv0@64.062C/64.25C cpu@68.593C/68.781C soc2@60.406C/60.468C soc0@62.25C/62.25C cv1@63.312C/63.343C gpu@64.468C/64.5C tj@68.593C/68.812C soc1@61.187C/61.187C cv2@58.593C/58.75C VDD_IN 12699mW/11494mW/12699mW VDD_CPU_GPU_CV 7251mW/6066mW/7251mW VDD_SOC 2401mW/2402mW/2409mW
08-10-2026 23:58:46 RAM 2491/15599MB (lfb 588x4MB) CPU [100%@1984,100%@1984,100%@1984,100%@1984,100%@1984,100%@1984,100%@1984,100%@1984] GR3D_FREQ 0% cv0@64.187C/64.25C cpu@68.843C/68.843C soc2@60.468C/60.468C soc0@62.125C/62.25C cv1@63.343C/63.343C gpu@64.406C/64.5C tj@68.593C/68.812C soc1@61.25C/61.25C cv2@58.625C/58.75C VDD_IN 12699mW/11527mW/12699mW VDD_CPU_GPU_CV 7251mW/6099mW/7251mW VDD_SOC 2401mW/2402mW/2409mW
08-10-2026 23:58:46 RAM 2491/15599MB (lfb 588x4MB) CPU [100%@1984,100%@1984,100%@1984,100%@1984,100%@1984,100%@1984,100%@1984,100%@1984] GR3D_FREQ 0% cv0@64.25C/64.25C cpu@68.656C/68.843C soc2@60.468C/60.468C soc0@62.156C/62.25C cv1@63.375C/63.375C gpu@64.281C/64.5C tj@68.656C/68.812C soc1@61.218C/61.25C cv2@58.656C/58.75C VDD_IN 12699mW/11559mW/12699mW VDD_CPU_GPU_CV 7251mW/6130mW/7251mW VDD_SOC 2442mW/2403mW/2442mW
08-10-2026 23:58:46 RAM 2491/15599MB (lfb 588x4MB) CPU [100%@1984,100%@1984,100%@1984,100%@1984,100%@1984,100%@1984,100%@1984,100%@1984] GR3D_FREQ 0% cv0@64.218C/64.25C cpu@68.656C/68.843C soc2@60.5C/60.5C soc0@62.218C/62.25C cv1@63.343C/63.375C gpu@64.281C/64.5C tj@68.656C/68.812C soc1@61.156C/61.25C cv2@58.718C/58.75C VDD_IN 12699mW/11589mW/12699mW VDD_CPU_GPU_CV 7251mW/6159mW/7251mW VDD_SOC 2442mW/2404mW/2442mW
08-10-2026 23:58:47 RAM 2491/15599MB (lfb 588x4MB) CPU [100%@1984,100%@1984,100%@1984,100%@1984,100%@1984,100%@1984,100%@1984,100%@1984] GR3D_FREQ 0% cv0@64.187C/64.25C cpu@68.718C/68.843C soc2@60.531C/60.531C soc0@62.25C/62.25C cv1@63.468C/63.468C gpu@64.375C/64.5C tj@68.718C/68.812C soc1@61.187C/61.25C cv2@58.593C/58.75C VDD_IN 12699mW/11617mW/12699mW VDD_CPU_GPU_CV 7251mW/6187mW/7251mW VDD_SOC 2442mW/2405mW/2442mW
08-10-2026 23:58:47 RAM 2491/15599MB (lfb 588x4MB) CPU [100%@1984,100%@1984,100%@1984,100%@1984,100%@1984,100%@1984,100%@1984,100%@1984] GR3D_FREQ 0% cv0@64.125C/64.25C cpu@68.875C/68.875C soc2@60.468C/60.531C soc0@62.218C/62.25C cv1@63.406C/63.468C gpu@64.312C/64.5C tj@68.875C/68.875C soc1@61.281C/61.281C cv2@58.625C/58.75C VDD_IN 12699mW/11644mW/12699mW VDD_CPU_GPU_CV 7251mW/6214mW/7251mW VDD_SOC 2442mW/2406mW/2442mW
08-10-2026 23:58:47 RAM 2491/15599MB (lfb 588x4MB) CPU [100%@1984,100%@1984,100%@1984,100%@1984,100%@1984,100%@1984,100%@1984,100%@1984] GR3D_FREQ 0% cv0@64.187C/64.25C cpu@68.656C/68.875C soc2@60.468C/60.531C soc0@62.281C/62.281C cv1@63.625C/63.625C gpu@64.531C/64.531C tj@68.656C/68.875C soc1@61.281C/61.281C cv2@58.75C/58.75C VDD_IN 12699mW/11670mW/12699mW VDD_CPU_GPU_CV 7251mW/6239mW/7251mW VDD_SOC 2401mW/2406mW/2442mW
08-10-2026 23:58:47 RAM 2491/15599MB (lfb 588x4MB) CPU [100%@1984,100%@1984,100%@1984,100%@1984,100%@1984,100%@1984,100%@1984,100%@1984] GR3D_FREQ 0% cv0@64.25C/64.25C cpu@68.75C/68.875C soc2@60.5C/60.531C soc0@62.25C/62.281C cv1@63.437C/63.625C gpu@64.5C/64.531C tj@68.75C/68.875C soc1@61.281C/61.281C cv2@58.687C/58.75C VDD_IN 12699mW/11695mW/12699mW VDD_CPU_GPU_CV 7251mW/6263mW/7251mW VDD_SOC 2401mW/2406mW/2442mW
08-10-2026 23:58:47 RAM 2491/15599MB (lfb 588x4MB) CPU [100%@1984,100%@1984,100%@1984,100%@1984,100%@1984,100%@1984,100%@1984,100%@1984] GR3D_FREQ 0% cv0@64.25C/64.25C cpu@68.656C/68.875C soc2@60.562C/60.562C soc0@62.187C/62.281C cv1@63.468C/63.625C gpu@64.437C/64.531C tj@68.843C/68.875C soc1@61.218C/61.281C cv2@58.812C/58.812C VDD_IN 12699mW/11718mW/12699mW VDD_CPU_GPU_CV 7251mW/6286mW/7251mW VDD_SOC 2401mW/2406mW/2442mW
08-10-2026 23:58:48 RAM 2491/15599MB (lfb 588x4MB) CPU [100%@1984,100%@1984,100%@1984,100%@1984,100%@1984,100%@1984,100%@1984,100%@1984] GR3D_FREQ 0% cv0@64.375C/64.375C cpu@68.843C/68.875C soc2@60.718C/60.718C soc0@62.281C/62.281C cv1@63.5C/63.625C gpu@64.406C/64.531C tj@68.843C/68.875C soc1@61.218C/61.281C cv2@58.812C/58.812C VDD_IN 12699mW/11740mW/12699mW VDD_CPU_GPU_CV 7251mW/6308mW/7251mW VDD_SOC 2401mW/2406mW/2442mW
08-10-2026 23:58:48 RAM 2491/15599MB (lfb 588x4MB) CPU [100%@1984,100%@1984,100%@1984,100%@1984,100%@1984,100%@1984,100%@1984,100%@1984] GR3D_FREQ 0% cv0@64.187C/64.375C cpu@68.718C/68.875C soc2@60.5C/60.718C soc0@62.468C/62.468C cv1@63.656C/63.656C gpu@64.406C/64.531C tj@68.718C/68.875C soc1@61.343C/61.343C cv2@58.75C/58.812C VDD_IN 12699mW/11762mW/12699mW VDD_CPU_GPU_CV 7251mW/6329mW/7251mW VDD_SOC 2401mW/2406mW/2442mW
08-10-2026 23:58:48 RAM 2491/15599MB (lfb 588x4MB) CPU [100%@1984,100%@1984,100%@1984,100%@1984,100%@1984,100%@1984,100%@1984,100%@1984] GR3D_FREQ 0% cv0@64.25C/64.375C cpu@68.75C/68.875C soc2@60.562C/60.718C soc0@62.375C/62.468C cv1@63.531C/63.656C gpu@64.437C/64.531C tj@68.75C/68.875C soc1@61.343C/61.343C cv2@58.75C/58.812C VDD_IN 12699mW/11782mW/12699mW VDD_CPU_GPU_CV 7251mW/6349mW/7251mW VDD_SOC 2442mW/2407mW/2442mW
08-10-2026 23:58:48 RAM 2491/15599MB (lfb 588x4MB) CPU [100%@1984,100%@1984,100%@1984,100%@1984,100%@1984,100%@1984,100%@1984,100%@1984] GR3D_FREQ 0% cv0@64.281C/64.375C cpu@68.687C/68.875C soc2@60.531C/60.718C soc0@62.25C/62.468C cv1@63.468C/63.656C gpu@64.562C/64.562C tj@68.687C/68.875C soc1@61.312C/61.343C cv2@58.687C/58.812C VDD_IN 12699mW/11801mW/12699mW VDD_CPU_GPU_CV 7251mW/6368mW/7251mW VDD_SOC 2442mW/2407mW/2442mW
08-10-2026 23:58:48 RAM 2491/15599MB (lfb 588x4MB) CPU [100%@1984,100%@1984,100%@1984,100%@1984,100%@1984,100%@1984,100%@1984,100%@1984] GR3D_FREQ 0% cv0@64.312C/64.375C cpu@68.781C/68.875C soc2@60.625C/60.718C soc0@62.25C/62.468C cv1@63.531C/63.656C gpu@64.437C/64.562C tj@68.781C/68.875C soc1@61.406C/61.406C cv2@58.812C/58.812C VDD_IN 12699mW/11820mW/12699mW VDD_CPU_GPU_CV 7251mW/6387mW/7251mW VDD_SOC 2442mW/2408mW/2442mW
08-10-2026 23:58:49 RAM 2491/15599MB (lfb 588x4MB) CPU [100%@1984,100%@1984,100%@1984,100%@1984,100%@1984,100%@1984,100%@1984,100%@1984] GR3D_FREQ 0% cv0@64.375C/64.375C cpu@68.843C/68.875C soc2@60.656C/60.718C soc0@62.281C/62.468C cv1@63.5C/63.656C gpu@64.562C/64.562C tj@68.843C/68.875C soc1@61.312C/61.406C cv2@58.875C/58.875C VDD_IN 12699mW/11838mW/12699mW VDD_CPU_GPU_CV 7251mW/6404mW/7251mW VDD_SOC 2442mW/2409mW/2442mW
08-10-2026 23:58:49 RAM 2491/15599MB (lfb 588x4MB) CPU [100%@1984,100%@1984,100%@1984,100%@1984,100%@1984,100%@1984,100%@1984,100%@1984] GR3D_FREQ 0% cv0@64.281C/64.375C cpu@68.875C/68.875C soc2@60.687C/60.718C soc0@62.437C/62.468C cv1@63.656C/63.656C gpu@64.406C/64.562C tj@68.875C/68.875C soc1@61.343C/61.406C cv2@58.781C/58.875C VDD_IN 12699mW/11855mW/12699mW VDD_CPU_GPU_CV 7251mW/6421mW/7251mW VDD_SOC 2442mW/2409mW/2442mW
08-10-2026 23:58:49 RAM 2491/15599MB (lfb 588x4MB) CPU [100%@1984,100%@1984,100%@1984,100%@1984,100%@1984,100%@1984,100%@1984,100%@1984] GR3D_FREQ 0% cv0@64.343C/64.375C cpu@68.781C/68.875C soc2@60.656C/60.718C soc0@62.375C/62.468C cv1@63.5C/63.656C gpu@64.843C/64.843C tj@68.781C/68.875C soc1@61.375C/61.406C cv2@58.812C/58.875C VDD_IN 12699mW/11872mW/12699mW VDD_CPU_GPU_CV 7251mW/6437mW/7251mW VDD_SOC 2442mW/2410mW/2442mW
08-10-2026 23:58:49 RAM 2491/15599MB (lfb 588x4MB) CPU [100%@1984,100%@1984,100%@1984,100%@1984,100%@1984,100%@1984,100%@1984,100%@1984] GR3D_FREQ 0% cv0@64.375C/64.375C cpu@68.812C/68.875C soc2@60.593C/60.718C soc0@62.406C/62.468C cv1@63.468C/63.656C gpu@64.468C/64.843C tj@68.812C/68.875C soc1@61.25C/61.406C cv2@58.843C/58.875C VDD_IN 12699mW/11888mW/12699mW VDD_CPU_GPU_CV 7251mW/6453mW/7251mW VDD_SOC 2401mW/2410mW/2442mW
08-10-2026 23:58:49 RAM 2491/15599MB (lfb 588x4MB) CPU [100%@1984,100%@1984,100%@1984,100%@1984,100%@1984,100%@1984,100%@1984,100%@1984] GR3D_FREQ 0% cv0@64.406C/64.406C cpu@68.843C/68.875C soc2@60.718C/60.718C soc0@62.406C/62.468C cv1@63.656C/63.656C gpu@64.656C/64.843C tj@68.843C/68.875C soc1@61.281C/61.406C cv2@59.093C/59.093C VDD_IN 12699mW/11903mW/12699mW VDD_CPU_GPU_CV 7251mW/6468mW/7251mW VDD_SOC 2442mW/2410mW/2442mW
08-10-2026 23:58:50 RAM 2524/15599MB (lfb 588x4MB) CPU [100%@1984,100%@1984,100%@1984,100%@1984,100%@1984,100%@1984,100%@1984,100%@1984] GR3D_FREQ 0% cv0@64.375C/64.406C cpu@68.937C/68.937C soc2@60.718C/60.718C soc0@62.343C/62.468C cv1@63.593C/63.656C gpu@64.531C/64.843C tj@68.937C/68.937C soc1@61.406C/61.406C cv2@58.781C/59.093C VDD_IN 12821mW/11920mW/12821mW VDD_CPU_GPU_CV 7251mW/6483mW/7251mW VDD_SOC 2442mW/2411mW/2442mW
08-10-2026 23:58:50 RAM 2537/15599MB (lfb 588x4MB) CPU [100%@1984,100%@1984,100%@1984,100%@1984,100%@1984,100%@1984,100%@1984,100%@1984] GR3D_FREQ 0% cv0@64.437C/64.437C cpu@68.781C/68.937C soc2@60.687C/60.718C soc0@62.375C/62.468C cv1@63.593C/63.656C gpu@64.468C/64.843C tj@68.843C/68.937C soc1@61.375C/61.406C cv2@58.875C/59.093C VDD_IN 12862mW/11937mW/12862mW VDD_CPU_GPU_CV 7251mW/6497mW/7251mW VDD_SOC 2482mW/2412mW/2482mW
08-10-2026 23:58:50 RAM 2542/15599MB (lfb 588x4MB) CPU [100%@1984,100%@1984,100%@1984,100%@1984,100%@1984,100%@1984,100%@1984,100%@1984] GR3D_FREQ 0% cv0@64.468C/64.468C cpu@68.906C/68.937C soc2@60.687C/60.718C soc0@62.406C/62.468C cv1@63.593C/63.656C gpu@64.656C/64.843C tj@68.906C/68.937C soc1@61.343C/61.406C cv2@58.937C/59.093C VDD_IN 12862mW/11954mW/12862mW VDD_CPU_GPU_CV 7211mW/6509mW/7251mW VDD_SOC 2482mW/2414mW/2482mW
08-10-2026 23:58:50 RAM 2542/15599MB (lfb 588x4MB) CPU [100%@1984,100%@1984,100%@1984,100%@1984,100%@1984,100%@1984,100%@1984,100%@1984] GR3D_FREQ 0% cv0@64.468C/64.468C cpu@68.843C/68.937C soc2@60.687C/60.718C soc0@62.437C/62.468C cv1@63.625C/63.656C gpu@64.625C/64.843C tj@68.843C/68.937C soc1@61.312C/61.406C cv2@58.937C/59.093C VDD_IN 12862mW/11970mW/12862mW VDD_CPU_GPU_CV 7211mW/6522mW/7251mW VDD_SOC 2482mW/2415mW/2482mW
08-10-2026 23:58:51 RAM 2559/15599MB (lfb 588x4MB) CPU [100%@1984,100%@1984,100%@1984,100%@1984,100%@1984,100%@1984,100%@1984,100%@1984] GR3D_FREQ 0% cv0@64.375C/64.468C cpu@68.906C/68.937C soc2@60.75C/60.75C soc0@62.437C/62.468C cv1@63.5C/63.656C gpu@64.656C/64.843C tj@68.906C/68.937C soc1@61.531C/61.531C cv2@58.937C/59.093C VDD_IN 12903mW/11986mW/12903mW VDD_CPU_GPU_CV 7211mW/6534mW/7251mW VDD_SOC 2482mW/2416mW/2482mW
08-10-2026 23:58:51 RAM 2567/15599MB (lfb 588x4MB) CPU [100%@1984,100%@1984,100%@1984,100%@1984,100%@1984,100%@1984,100%@1984,100%@1984] GR3D_FREQ 0% cv0@64.312C/64.468C cpu@69.156C/69.156C soc2@60.812C/60.812C soc0@62.437C/62.468C cv1@63.656C/63.656C gpu@64.687C/64.843C tj@69.156C/69.156C soc1@61.437C/61.531C cv2@58.906C/59.093C VDD_IN 12943mW/12002mW/12943mW VDD_CPU_GPU_CV 7251mW/6546mW/7251mW VDD_SOC 2482mW/2417mW/2482mW
08-10-2026 23:58:51 RAM 2597/15599MB (lfb 588x4MB) CPU [100%@1984,100%@1984,100%@1984,100%@1984,100%@1984,100%@1984,100%@1984,100%@1984] GR3D_FREQ 28% cv0@64.437C/64.468C cpu@68.843C/69.156C soc2@60.781C/60.812C soc0@62.406C/62.468C cv1@63.625C/63.656C gpu@64.656C/64.843C tj@68.843C/69.156C soc1@61.5C/61.531C cv2@59C/59.093C VDD_IN 12984mW/12018mW/12984mW VDD_CPU_GPU_CV 7251mW/6558mW/7251mW VDD_SOC 2482mW/2418mW/2482mW
08-10-2026 23:58:51 RAM 3944/15599MB (lfb 588x4MB) CPU [100%@1984,100%@1984,100%@1984,100%@1984,100%@1984,100%@1984,100%@1984,100%@1984] GR3D_FREQ 0% cv0@64.437C/64.468C cpu@69.187C/69.187C soc2@60.75C/60.812C soc0@62.5C/62.5C cv1@63.656C/63.656C gpu@64.5C/64.843C tj@69.187C/69.187C soc1@61.468C/61.531C cv2@58.906C/59.093C VDD_IN 13350mW/12040mW/13350mW VDD_CPU_GPU_CV 7251mW/6569mW/7251mW VDD_SOC 2600mW/2421mW/2600mW
08-10-2026 23:58:51 RAM 5279/15599MB (lfb 588x4MB) CPU [100%@1984,100%@1984,100%@1984,100%@1984,100%@1984,100%@1984,100%@1984,100%@1984] GR3D_FREQ 11% cv0@64.468C/64.468C cpu@69.062C/69.187C soc2@60.687C/60.812C soc0@62.406C/62.5C cv1@63.75C/63.75C gpu@64.812C/64.843C tj@69.062C/69.187C soc1@61.5C/61.531C cv2@58.937C/59.093C VDD_IN 13757mW/12068mW/13757mW VDD_CPU_GPU_CV 7292mW/6581mW/7292mW VDD_SOC 2763mW/2427mW/2763mW
08-10-2026 23:58:52 RAM 5283/15599MB (lfb 559x4MB) CPU [100%@1984,100%@1984,100%@1984,100%@1984,100%@1984,100%@1984,100%@1984,100%@1984] GR3D_FREQ 17% cv0@64.375C/64.468C cpu@69.093C/69.187C soc2@60.687C/60.812C soc0@62.437C/62.5C cv1@63.625C/63.75C gpu@65C/65C tj@69.093C/69.187C soc1@61.437C/61.531C cv2@58.937C/59.093C VDD_IN 14002mW/12099mW/14002mW VDD_CPU_GPU_CV 7332mW/6592mW/7332mW VDD_SOC 2844mW/2433mW/2844mW
08-10-2026 23:58:52 RAM 5290/15599MB (lfb 559x4MB) CPU [100%@1984,100%@1984,100%@1984,100%@1984,100%@1984,100%@1984,100%@1984,100%@1984] GR3D_FREQ 20% cv0@64.468C/64.468C cpu@69.093C/69.187C soc2@60.875C/60.875C soc0@62.468C/62.5C cv1@63.656C/63.75C gpu@64.75C/65C tj@69.093C/69.187C soc1@61.375C/61.531C cv2@59C/59.093C VDD_IN 14083mW/12130mW/14083mW VDD_CPU_GPU_CV 7373mW/6605mW/7373mW VDD_SOC 2885mW/2440mW/2885mW
08-10-2026 23:58:52 RAM 5282/15599MB (lfb 560x4MB) CPU [100%@1984,100%@1984,100%@1984,100%@1984,100%@1984,100%@1984,100%@1984,100%@1984] GR3D_FREQ 18% cv0@64.437C/64.468C cpu@69.281C/69.281C soc2@60.875C/60.875C soc0@62.5C/62.5C cv1@63.781C/63.781C gpu@64.937C/65C tj@69.281C/69.281C soc1@61.531C/61.531C cv2@58.968C/59.093C VDD_IN 14083mW/12160mW/14083mW VDD_CPU_GPU_CV 7373mW/6616mW/7373mW VDD_SOC 2885mW/2447mW/2885mW
08-10-2026 23:58:52 RAM 5280/15599MB (lfb 560x4MB) CPU [100%@1984,100%@1984,100%@1984,100%@1984,100%@1984,100%@1984,100%@1984,100%@1984] GR3D_FREQ 22% cv0@64.531C/64.531C cpu@69.156C/69.281C soc2@60.843C/60.875C soc0@62.437C/62.5C cv1@63.656C/63.781C gpu@64.968C/65C tj@69.156C/69.281C soc1@61.625C/61.625C cv2@58.937C/59.093C VDD_IN 14042mW/12188mW/14083mW VDD_CPU_GPU_CV 7373mW/6628mW/7373mW VDD_SOC 2885mW/2454mW/2885mW
08-10-2026 23:58:52 RAM 5282/15599MB (lfb 560x4MB) CPU [100%@1984,100%@1984,100%@1984,100%@1984,100%@1984,100%@1984,100%@1984,100%@1984] GR3D_FREQ 26% cv0@64.531C/64.531C cpu@69.218C/69.281C soc2@60.937C/60.937C soc0@62.468C/62.5C cv1@63.781C/63.781C gpu@64.906C/65C tj@69.218C/69.281C soc1@61.531C/61.625C cv2@59.062C/59.093C VDD_IN 14102mW/12217mW/14102mW VDD_CPU_GPU_CV 7413mW/6640mW/7413mW VDD_SOC 2885mW/2460mW/2885mW
08-10-2026 23:58:53 RAM 5285/15599MB (lfb 560x4MB) CPU [100%@1984,100%@1984,100%@1984,100%@1984,100%@1984,100%@1984,100%@1984,100%@1984] GR3D_FREQ 23% cv0@64.593C/64.593C cpu@69.156C/69.281C soc2@60.781C/60.937C soc0@62.5C/62.5C cv1@63.781C/63.781C gpu@64.875C/65C tj@69.156C/69.281C soc1@61.593C/61.625C cv2@59.125C/59.125C VDD_IN 14102mW/12244mW/14102mW VDD_CPU_GPU_CV 7413mW/6651mW/7413mW VDD_SOC 2885mW/2466mW/2885mW
08-10-2026 23:58:53 RAM 5283/15599MB (lfb 559x4MB) CPU [100%@1984,100%@1984,100%@1984,100%@1984,100%@1984,100%@1984,100%@1984,100%@1984] GR3D_FREQ 17% cv0@64.562C/64.593C cpu@69.343C/69.343C soc2@60.906C/60.937C soc0@62.593C/62.593C cv1@63.875C/63.875C gpu@64.906C/65C tj@69.343C/69.343C soc1@61.625C/61.625C cv2@58.937C/59.125C VDD_IN 14042mW/12270mW/14102mW VDD_CPU_GPU_CV 7373mW/6661mW/7413mW VDD_SOC 2885mW/2473mW/2885mW
08-10-2026 23:58:53 RAM 5291/15599MB (lfb 559x4MB) CPU [100%@1984,100%@1984,100%@1984,100%@1984,100%@1984,100%@1984,100%@1984,100%@1984] GR3D_FREQ 17% cv0@64.562C/64.593C cpu@69.187C/69.343C soc2@60.906C/60.937C soc0@62.687C/62.687C cv1@63.781C/63.875C gpu@64.906C/65C tj@69.187C/69.343C soc1@61.656C/61.656C cv2@59.062C/59.125C VDD_IN 14164mW/12298mW/14164mW VDD_CPU_GPU_CV 7413mW/6672mW/7413mW VDD_SOC 2885mW/2478mW/2885mW
08-10-2026 23:58:53 RAM 5282/15599MB (lfb 559x4MB) CPU [100%@1984,100%@1984,100%@1984,100%@1984,100%@1984,100%@1984,100%@1984,100%@1984] GR3D_FREQ 20% cv0@64.656C/64.656C cpu@69.25C/69.343C soc2@60.906C/60.937C soc0@62.593C/62.687C cv1@63.875C/63.875C gpu@65.062C/65.062C tj@69.25C/69.343C soc1@61.531C/61.656C cv2@59.062C/59.125C VDD_IN 14205mW/12324mW/14205mW VDD_CPU_GPU_CV 7413mW/6683mW/7413mW VDD_SOC 2885mW/2484mW/2885mW
08-10-2026 23:58:53 RAM 6823/15599MB (lfb 559x4MB) CPU [100%@1984,100%@1984,100%@1984,100%@1984,100%@1984,100%@1984,100%@1984,100%@1984] GR3D_FREQ 32% cv0@64.625C/64.656C cpu@69.187C/69.343C soc2@60.937C/60.937C soc0@62.625C/62.687C cv1@63.875C/63.875C gpu@65.125C/65.125C tj@69.187C/69.343C soc1@61.593C/61.656C cv2@59.218C/59.218C VDD_IN 14427mW/12354mW/14427mW VDD_CPU_GPU_CV 7442mW/6693mW/7442mW VDD_SOC 2966mW/2491mW/2966mW
08-10-2026 23:58:54 RAM 6828/15599MB (lfb 559x4MB) CPU [100%@1984,100%@1984,100%@1984,100%@1984,100%@1984,100%@1984,100%@1984,100%@1984] GR3D_FREQ 17% cv0@64.562C/64.656C cpu@69.343C/69.343C soc2@61.031C/61.031C soc0@62.718C/62.718C cv1@63.968C/63.968C gpu@64.937C/65.125C tj@69.343C/69.343C soc1@61.625C/61.656C cv2@59.031C/59.218C VDD_IN 14549mW/12384mW/14549mW VDD_CPU_GPU_CV 7563mW/6705mW/7563mW VDD_SOC 2966mW/2497mW/2966mW
08-10-2026 23:58:54 RAM 6829/15599MB (lfb 549x4MB) CPU [100%@1984,100%@1984,100%@1984,100%@1984,100%@1984,100%@1984,100%@1984,100%@1984] GR3D_FREQ 19% cv0@64.687C/64.687C cpu@69.312C/69.343C soc2@60.968C/61.031C soc0@62.781C/62.781C cv1@64C/64C gpu@64.937C/65.125C tj@69.312C/69.343C soc1@61.718C/61.718C cv2@59.093C/59.218C VDD_IN 14345mW/12410mW/14549mW VDD_CPU_GPU_CV 7494mW/6716mW/7563mW VDD_SOC 2926mW/2503mW/2966mW
08-10-2026 23:58:54 RAM 6830/15599MB (lfb 509x4MB) CPU [100%@1984,100%@1984,100%@1984,100%@1984,100%@1984,100%@1984,100%@1984,100%@1984] GR3D_FREQ 20% cv0@64.875C/64.875C cpu@69.343C/69.343C soc2@61.031C/61.031C soc0@62.656C/62.781C cv1@63.906C/64C gpu@64.968C/65.125C tj@69.343C/69.343C soc1@61.562C/61.718C cv2@59.218C/59.218C VDD_IN 14183mW/12434mW/14549mW VDD_CPU_GPU_CV 7454mW/6726mW/7563mW VDD_SOC 2885mW/2508mW/2966mW
08-10-2026 23:58:54 RAM 6831/15599MB (lfb 460x4MB) CPU [100%@1984,100%@1984,100%@1984,100%@1984,100%@1984,100%@1984,100%@1984,100%@1984] GR3D_FREQ 23% cv0@64.625C/64.875C cpu@69.5C/69.5C soc2@61.093C/61.093C soc0@62.718C/62.781C cv1@63.937C/64C gpu@65C/65.125C tj@69.5C/69.5C soc1@61.625C/61.718C cv2@59.093C/59.218C VDD_IN 14205mW/12457mW/14549mW VDD_CPU_GPU_CV 7413mW/6735mW/7563mW VDD_SOC 2885mW/2513mW/2966mW
08-10-2026 23:58:54 RAM 6891/15599MB (lfb 445x4MB) CPU [100%@1984,100%@1984,100%@1984,100%@1984,100%@1984,100%@1984,100%@1984,100%@1984] GR3D_FREQ 25% cv0@64.781C/64.875C cpu@69.281C/69.5C soc2@61C/61.093C soc0@62.687C/62.781C cv1@64C/64C gpu@64.875C/65.125C tj@69.281C/69.5C soc1@61.656C/61.718C cv2@59.125C/59.218C VDD_IN 13880mW/12476mW/14549mW VDD_CPU_GPU_CV 7454mW/6744mW/7563mW VDD_SOC 2722mW/2516mW/2966mW
08-10-2026 23:58:55 RAM 6915/15599MB (lfb 440x4MB) CPU [100%@1984,100%@1984,100%@1984,100%@1984,100%@1984,100%@1984,100%@1984,100%@1984] GR3D_FREQ 22% cv0@64.75C/64.875C cpu@69.343C/69.5C soc2@61.062C/61.093C soc0@62.656C/62.781C cv1@64.062C/64.062C gpu@64.906C/65.125C tj@69.343C/69.5C soc1@61.625C/61.718C cv2@59.218C/59.218C VDD_IN 13635mW/12490mW/14549mW VDD_CPU_GPU_CV 7494mW/6754mW/7563mW VDD_SOC 2641mW/2517mW/2966mW
08-10-2026 23:58:55 RAM 6954/15599MB (lfb 430x4MB) CPU [100%@1984,100%@1984,100%@1984,100%@1984,100%@1984,100%@1984,100%@1984,100%@1984] GR3D_FREQ 23% cv0@64.656C/64.875C cpu@69.343C/69.5C soc2@61.125C/61.125C soc0@62.718C/62.781C cv1@64C/64.062C gpu@64.937C/65.125C tj@69.343C/69.5C soc1@61.656C/61.718C cv2@59.312C/59.312C VDD_IN 13513mW/12503mW/14549mW VDD_CPU_GPU_CV 7494mW/6763mW/7563mW VDD_SOC 2560mW/2518mW/2966mW
08-10-2026 23:58:55 RAM 6986/15599MB (lfb 422x4MB) CPU [100%@1984,100%@1984,100%@1984,100%@1984,100%@1984,100%@1984,100%@1984,100%@1984] GR3D_FREQ 16% cv0@64.843C/64.875C cpu@69.562C/69.562C soc2@61.062C/61.125C soc0@62.781C/62.781C cv1@64C/64.062C gpu@64.937C/65.125C tj@69.562C/69.562C soc1@61.687C/61.718C cv2@59.156C/59.312C VDD_IN 13432mW/12515mW/14549mW VDD_CPU_GPU_CV 7494mW/6772mW/7563mW VDD_SOC 2519mW/2518mW/2966mW
08-10-2026 23:58:55 RAM 7001/15599MB (lfb 418x4MB) CPU [100%@1984,100%@1984,100%@1984,100%@1984,100%@1984,100%@1984,100%@1984,100%@1984] GR3D_FREQ 23% cv0@64.75C/64.875C cpu@69.218C/69.562C soc2@61.125C/61.125C soc0@62.812C/62.812C cv1@64.062C/64.062C gpu@65.187C/65.187C tj@69.218C/69.562C soc1@61.656C/61.718C cv2@59.218C/59.312C VDD_IN 13350mW/12525mW/14549mW VDD_CPU_GPU_CV 7535mW/6782mW/7563mW VDD_SOC 2519mW/2518mW/2966mW
08-10-2026 23:58:55 RAM 7033/15599MB (lfb 410x4MB) CPU [100%@1984,100%@1984,100%@1984,100%@1984,100%@1984,100%@1984,100%@1984,100%@1984] GR3D_FREQ 8% cv0@64.875C/64.875C cpu@69.343C/69.562C soc2@61.093C/61.125C soc0@62.687C/62.812C cv1@64C/64.062C gpu@64.937C/65.187C tj@69.343C/69.562C soc1@61.687C/61.718C cv2@59.312C/59.312C VDD_IN 13310mW/12535mW/14549mW VDD_CPU_GPU_CV 7535mW/6791mW/7563mW VDD_SOC 2479mW/2518mW/2966mW
08-10-2026 23:58:56 RAM 7062/15599MB (lfb 403x4MB) CPU [100%@1984,100%@1984,100%@1984,100%@1984,100%@1984,100%@1984,100%@1984,100%@1984] GR3D_FREQ 11% cv0@64.718C/64.875C cpu@69.375C/69.562C soc2@61.093C/61.125C soc0@62.781C/62.812C cv1@63.937C/64.062C gpu@64.875C/65.187C tj@69.375C/69.562C soc1@61.687C/61.718C cv2@59.343C/59.343C VDD_IN 13310mW/12544mW/14549mW VDD_CPU_GPU_CV 7535mW/6800mW/7563mW VDD_SOC 2479mW/2517mW/2966mW
08-10-2026 23:58:56 RAM 7090/15599MB (lfb 396x4MB) CPU [100%@1984,100%@1984,100%@1984,100%@1984,100%@1984,100%@1984,100%@1984,100%@1984] GR3D_FREQ 17% cv0@64.875C/64.875C cpu@69.656C/69.656C soc2@61.187C/61.187C soc0@62.625C/62.812C cv1@64C/64.062C gpu@65.187C/65.187C tj@69.656C/69.656C soc1@61.781C/61.781C cv2@59.218C/59.343C VDD_IN 13310mW/12553mW/14549mW VDD_CPU_GPU_CV 7575mW/6809mW/7575mW VDD_SOC 2479mW/2517mW/2966mW
08-10-2026 23:58:56 RAM 7109/15599MB (lfb 391x4MB) CPU [100%@1984,100%@1984,100%@1984,100%@1984,100%@1984,100%@1984,100%@1984,100%@1984] GR3D_FREQ 15% cv0@64.875C/64.875C cpu@69.437C/69.656C soc2@61.125C/61.187C soc0@62.781C/62.812C cv1@64.031C/64.062C gpu@64.968C/65.187C tj@69.437C/69.656C soc1@61.718C/61.781C cv2@59.25C/59.343C VDD_IN 13310mW/12562mW/14549mW VDD_CPU_GPU_CV 7575mW/6818mW/7575mW VDD_SOC 2479mW/2516mW/2966mW
08-10-2026 23:58:56 RAM 7411/15599MB (lfb 385x4MB) CPU [100%@1984,100%@1984,100%@1984,100%@1984,100%@1984,100%@1984,100%@1984,100%@1984] GR3D_FREQ 0% cv0@64.718C/64.875C cpu@69.406C/69.656C soc2@61.218C/61.218C soc0@62.75C/62.812C cv1@63.937C/64.062C gpu@64.937C/65.187C tj@69.406C/69.656C soc1@61.75C/61.781C cv2@59.343C/59.343C VDD_IN 13350mW/12571mW/14549mW VDD_CPU_GPU_CV 7494mW/6826mW/7575mW VDD_SOC 2519mW/2516mW/2966mW
08-10-2026 23:58:57 RAM 9923/15599MB (lfb 272x4MB) CPU [100%@1984,100%@1984,100%@1984,100%@1984,100%@1984,100%@1984,100%@1984,100%@1984] GR3D_FREQ 0% cv0@64.718C/64.875C cpu@69.375C/69.656C soc2@61.125C/61.218C soc0@62.781C/62.812C cv1@64.031C/64.062C gpu@65.25C/65.25C tj@69.531C/69.656C soc1@61.75C/61.781C cv2@59.25C/59.343C VDD_IN 13839mW/12586mW/14549mW VDD_CPU_GPU_CV 7413mW/6833mW/7575mW VDD_SOC 2722mW/2519mW/2966mW
08-10-2026 23:58:57 RAM 11209/15599MB (lfb 42x4MB) CPU [100%@1984,100%@1984,100%@1984,100%@1984,100%@1984,100%@1984,100%@1984,100%@1984] GR3D_FREQ 85% cv0@64.843C/64.875C cpu@69.5C/69.656C soc2@61.156C/61.218C soc0@62.812C/62.812C cv1@64C/64.062C gpu@65.125C/65.25C tj@69.5C/69.656C soc1@61.687C/61.781C cv2@59.281C/59.343C VDD_IN 14102mW/12603mW/14549mW VDD_CPU_GPU_CV 7413mW/6839mW/7575mW VDD_SOC 2844mW/2522mW/2966mW
08-10-2026 23:58:57 RAM 11210/15599MB (lfb 42x4MB) CPU [100%@1984,100%@1984,100%@1984,100%@1984,100%@1984,100%@1984,100%@1984,100%@1984] GR3D_FREQ 33% cv0@64.968C/64.968C cpu@69.843C/69.843C soc2@61.156C/61.218C soc0@62.75C/62.812C cv1@64C/64.062C gpu@65.593C/65.593C tj@69.843C/69.843C soc1@61.781C/61.781C cv2@59.406C/59.406C VDD_IN 15524mW/12636mW/15524mW VDD_CPU_GPU_CV 7846mW/6850mW/7846mW VDD_SOC 3286mW/2531mW/3286mW
08-10-2026 23:58:57 RAM 11632/15599MB (lfb 42x4MB) CPU [100%@1984,100%@1984,100%@1984,100%@1984,100%@1984,100%@1984,100%@1984,100%@1984] GR3D_FREQ 8% cv0@64.812C/64.968C cpu@69.687C/69.843C soc2@61.25C/61.25C soc0@62.843C/62.843C cv1@64.031C/64.062C gpu@65.75C/65.75C tj@69.687C/69.843C soc1@61.843C/61.843C cv2@59.343C/59.406C VDD_IN 16296mW/12677mW/16296mW VDD_CPU_GPU_CV 8130mW/6865mW/8130mW VDD_SOC 3489mW/2542mW/3489mW
08-10-2026 23:58:57 RAM 12220/15599MB (lfb 11x2MB) CPU [100%@1984,100%@1984,100%@1984,100%@1984,100%@1984,100%@1984,100%@1984,100%@1984] GR3D_FREQ 33% cv0@64.875C/64.968C cpu@69.843C/69.843C soc2@61.312C/61.312C soc0@62.812C/62.843C cv1@64.062C/64.062C gpu@65.5C/65.75C tj@69.843C/69.843C soc1@62.031C/62.031C cv2@59.375C/59.406C VDD_IN 16595mW/12720mW/16595mW VDD_CPU_GPU_CV 8197mW/6879mW/8197mW VDD_SOC 3570mW/2553mW/3570mW
08-10-2026 23:58:58 RAM 12137/15599MB (lfb 11x2MB) CPU [100%@1984,100%@1984,100%@1984,100%@1984,100%@1984,100%@1984,95%@1984,100%@1984] GR3D_FREQ 22% cv0@64.937C/64.968C cpu@69.656C/69.843C soc2@61.343C/61.343C soc0@62.906C/62.906C cv1@64.218C/64.218C gpu@65.718C/65.75C tj@69.656C/69.843C soc1@61.781C/62.031C cv2@59.437C/59.437C VDD_IN 16215mW/12758mW/16595mW VDD_CPU_GPU_CV 8197mW/6894mW/8197mW VDD_SOC 3408mW/2562mW/3570mW
08-10-2026 23:58:58 RAM 12176/15599MB (lfb 11x2MB) CPU [100%@1984,100%@1984,100%@1984,100%@1984,100%@1984,100%@1984,100%@1984,100%@1984] GR3D_FREQ 99% cv0@64.75C/64.968C cpu@69.531C/69.843C soc2@61.468C/61.468C soc0@63C/63C cv1@64.156C/64.218C gpu@68.625C/68.625C tj@69.531C/69.843C soc1@61.937C/62.031C cv2@59.375C/59.437C VDD_IN 22205mW/12859mW/22205mW VDD_CPU_GPU_CV 12881mW/6958mW/12881mW VDD_SOC 3917mW/2577mW/3917mW
08-10-2026 23:58:58 RAM 12176/15599MB (lfb 11x2MB) CPU [100%@1984,100%@1984,100%@1984,100%@1984,100%@1984,100%@1984,100%@1984,100%@1984] GR3D_FREQ 99% cv0@64.906C/64.968C cpu@69.375C/69.843C soc2@61.531C/61.531C soc0@63.25C/63.25C cv1@64.156C/64.218C gpu@68.937C/68.937C tj@69.375C/69.843C soc1@61.875C/62.031C cv2@59.437C/59.437C VDD_IN 25805mW/12997mW/25805mW VDD_CPU_GPU_CV 15680mW/7051mW/15680mW VDD_SOC 4112mW/2593mW/4112mW
08-10-2026 23:58:58 RAM 12191/15599MB (lfb 11x2MB) CPU [100%@1984,100%@1984,100%@1984,95%@1984,100%@1984,100%@1984,100%@1984,100%@1984] GR3D_FREQ 99% cv0@64.937C/64.968C cpu@69.562C/69.843C soc2@61.781C/61.781C soc0@63.218C/63.25C cv1@64.187C/64.218C gpu@69.25C/69.25C tj@69.562C/69.843C soc1@62.031C/62.031C cv2@59.625C/59.625C VDD_IN 28022mW/13155mW/28022mW VDD_CPU_GPU_CV 17332mW/7159mW/17332mW VDD_SOC 4267mW/2611mW/4267mW
08-10-2026 23:58:58 RAM 12207/15599MB (lfb 11x2MB) CPU [100%@1984,100%@1984,100%@1984,100%@1984,100%@1984,100%@1984,100%@1984,100%@1984] GR3D_FREQ 99% cv0@65.218C/65.218C cpu@69.718C/69.843C soc2@61.968C/61.968C soc0@63.312C/63.312C cv1@64.25C/64.25C gpu@69.812C/69.812C tj@69.812C/69.843C soc1@61.906C/62.031C cv2@59.781C/59.781C VDD_IN 29554mW/13326mW/29554mW VDD_CPU_GPU_CV 18470mW/7277mW/18470mW VDD_SOC 4340mW/2629mW/4340mW
08-10-2026 23:58:59 RAM 12223/15599MB (lfb 11x2MB) CPU [100%@1984,100%@1984,100%@1984,100%@1984,100%@1984,100%@1984,100%@1984,100%@1984] GR3D_FREQ 99% cv0@65.062C/65.218C cpu@69.906C/69.906C soc2@62.031C/62.031C soc0@63.406C/63.406C cv1@64.406C/64.406C gpu@69.937C/69.937C tj@69.937C/69.937C soc1@62.031C/62.031C cv2@59.718C/59.781C VDD_IN 30240mW/13500mW/30240mW VDD_CPU_GPU_CV 18868mW/7396mW/18868mW VDD_SOC 4380mW/2647mW/4380mW
08-10-2026 23:58:59 RAM 12173/15599MB (lfb 22x2MB) CPU [100%@1984,100%@1984,100%@1984,100%@1984,100%@1984,100%@1984,100%@1984,100%@1984] GR3D_FREQ 99% cv0@65.343C/65.343C cpu@69.875C/69.906C soc2@62.125C/62.125C soc0@63.718C/63.718C cv1@64.593C/64.593C gpu@70C/70C tj@70C/70C soc1@62.062C/62.062C cv2@59.843C/59.843C VDD_IN 30433mW/13673mW/30433mW VDD_CPU_GPU_CV 19187mW/7517mW/19187mW VDD_SOC 4421mW/2665mW/4421mW
08-10-2026 23:58:59 RAM 12181/15599MB (lfb 22x2MB) CPU [100%@1984,100%@1984,100%@1984,100%@1984,100%@1984,100%@1984,100%@1984,100%@1984] GR3D_FREQ 99% cv0@65.437C/65.437C cpu@69.906C/69.906C soc2@62.312C/62.312C soc0@63.625C/63.718C cv1@64.531C/64.593C gpu@70.406C/70.406C tj@70.406C/70.406C soc1@62.125C/62.125C cv2@60C/60C VDD_IN 30836mW/13847mW/30836mW VDD_CPU_GPU_CV 19514mW/7638mW/19514mW VDD_SOC 4461mW/2683mW/4461mW
08-10-2026 23:58:59 RAM 12229/15599MB (lfb 11x2MB) CPU [100%@1984,100%@1984,100%@1984,100%@1984,100%@1984,100%@1984,100%@1984,100%@1984] GR3D_FREQ 99% cv0@65.468C/65.468C cpu@70.062C/70.062C soc2@62.406C/62.406C soc0@63.812C/63.812C cv1@64.687C/64.687C gpu@70.156C/70.406C tj@70.156C/70.406C soc1@62.218C/62.218C cv2@60.093C/60.093C VDD_IN 30836mW/14016mW/30836mW VDD_CPU_GPU_CV 19474mW/7756mW/19514mW VDD_SOC 4461mW/2701mW/4461mW
08-10-2026 23:58:59 RAM 12229/15599MB (lfb 11x2MB) CPU [100%@1984,100%@1984,100%@1984,100%@1984,100%@1984,100%@1984,100%@1984,100%@1984] GR3D_FREQ 99% cv0@65.531C/65.531C cpu@70.312C/70.312C soc2@62.437C/62.437C soc0@63.937C/63.937C cv1@64.656C/64.687C gpu@70.781C/70.781C tj@70.781C/70.781C soc1@62.25C/62.25C cv2@60.062C/60.093C VDD_IN 31238mW/14187mW/31238mW VDD_CPU_GPU_CV 19514mW/7873mW/19514mW VDD_SOC 4454mW/2718mW/4461mW
08-10-2026 23:59:00 RAM 12237/15599MB (lfb 11x2MB) CPU [100%@1984,100%@1984,100%@1984,100%@1984,100%@1984,100%@1984,100%@1984,100%@1984] GR3D_FREQ 99% cv0@65.812C/65.812C cpu@70.312C/70.312C soc2@62.468C/62.468C soc0@63.906C/63.937C cv1@64.687C/64.687C gpu@70.093C/70.781C tj@70.312C/70.781C soc1@62.468C/62.468C cv2@60.125C/60.125C VDD_IN 30956mW/14351mW/31238mW VDD_CPU_GPU_CV 19275mW/7984mW/19514mW VDD_SOC 4581mW/2736mW/4581mW
08-10-2026 23:59:00 RAM 12243/15599MB (lfb 11x2MB) CPU [100%@1984,100%@1984,100%@1984,100%@1984,100%@1984,100%@1984,100%@1984,100%@1984] GR3D_FREQ 99% cv0@65.843C/65.843C cpu@70.375C/70.375C soc2@62.718C/62.718C soc0@64C/64C cv1@64.968C/64.968C gpu@70.406C/70.781C tj@70.406C/70.781C soc1@62.312C/62.468C cv2@60.343C/60.343C VDD_IN 30916mW/14512mW/31238mW VDD_CPU_GPU_CV 19077mW/8092mW/19514mW VDD_SOC 4782mW/2756mW/4782mW
08-10-2026 23:59:00 RAM 12243/15599MB (lfb 11x2MB) CPU [100%@1984,100%@1984,100%@1984,100%@1984,100%@1984,100%@1984,100%@1984,100%@1984] GR3D_FREQ 99% cv0@65.937C/65.937C cpu@70.562C/70.562C soc2@62.812C/62.812C soc0@64.187C/64.187C cv1@65.062C/65.062C gpu@70.062C/70.781C tj@70.562C/70.781C soc1@62.468C/62.468C cv2@60.312C/60.343C VDD_IN 30836mW/14669mW/31238mW VDD_CPU_GPU_CV 18868mW/8196mW/19514mW VDD_SOC 4943mW/2777mW/4943mW
08-10-2026 23:59:00 RAM 12243/15599MB (lfb 11x2MB) CPU [100%@1984,100%@1984,100%@1984,100%@1984,100%@1984,100%@1984,100%@1984,100%@1984] GR3D_FREQ 99% cv0@65.875C/65.937C cpu@70.75C/70.75C soc2@62.875C/62.875C soc0@64.25C/64.25C cv1@65.125C/65.125C gpu@70.468C/70.781C tj@70.75C/70.781C soc1@62.5C/62.5C cv2@60.468C/60.468C VDD_IN 30836mW/14823mW/31238mW VDD_CPU_GPU_CV 18868mW/8297mW/19514mW VDD_SOC 5024mW/2799mW/5024mW
08-10-2026 23:59:00 RAM 12243/15599MB (lfb 11x2MB) CPU [100%@1984,100%@1984,100%@1984,100%@1984,100%@1984,100%@1984,100%@1984,100%@1984] GR3D_FREQ 99% cv0@66.093C/66.093C cpu@70.687C/70.75C soc2@62.843C/62.875C soc0@64.406C/64.406C cv1@65.156C/65.156C gpu@70.687C/70.781C tj@70.687C/70.781C soc1@62.625C/62.625C cv2@60.562C/60.562C VDD_IN 30876mW/14975mW/31238mW VDD_CPU_GPU_CV 18829mW/8397mW/19514mW VDD_SOC 5064mW/2820mW/5064mW
08-10-2026 23:59:01 RAM 12243/15599MB (lfb 11x2MB) CPU [100%@1984,100%@1984,100%@1984,100%@1984,100%@1984,100%@1984,100%@1984,100%@1984] GR3D_FREQ 99% cv0@66.187C/66.187C cpu@70.781C/70.781C soc2@63.093C/63.093C soc0@64.343C/64.406C cv1@65.187C/65.187C gpu@70.5C/70.781C tj@70.781C/70.781C soc1@62.625C/62.625C cv2@60.625C/60.625C VDD_IN 30916mW/15124mW/31238mW VDD_CPU_GPU_CV 18829mW/8494mW/19514mW VDD_SOC 5104mW/2841mW/5104mW
08-10-2026 23:59:01 RAM 12258/15599MB (lfb 11x2MB) CPU [100%@1984,100%@1984,100%@1984,100%@1984,100%@1984,100%@1984,100%@1984,100%@1984] GR3D_FREQ 99% cv0@66.375C/66.375C cpu@70.875C/70.875C soc2@63.062C/63.093C soc0@64.375C/64.406C cv1@65.281C/65.281C gpu@70.718C/70.781C tj@70.875C/70.875C soc1@62.625C/62.625C cv2@60.718C/60.718C VDD_IN 30956mW/15270mW/31238mW VDD_CPU_GPU_CV 18789mW/8590mW/19514mW VDD_SOC 5104mW/2862mW/5104mW
08-10-2026 23:59:01 RAM 12258/15599MB (lfb 11x2MB) CPU [100%@1984,100%@1984,100%@1984,100%@1984,100%@1984,100%@1984,100%@1984,100%@1984] GR3D_FREQ 99% cv0@66.312C/66.375C cpu@70.906C/70.906C soc2@63.156C/63.156C soc0@64.5C/64.5C cv1@65.406C/65.406C gpu@70.75C/70.781C tj@70.906C/70.906C soc1@62.843C/62.843C cv2@60.781C/60.781C VDD_IN 30876mW/15413mW/31238mW VDD_CPU_GPU_CV 18630mW/8682mW/19514mW VDD_SOC 5144mW/2883mW/5144mW
08-10-2026 23:59:01 RAM 12258/15599MB (lfb 11x2MB) CPU [100%@1984,100%@1984,100%@1984,100%@1984,100%@1984,100%@1984,100%@1984,100%@1984] GR3D_FREQ 99% cv0@66.437C/66.437C cpu@70.937C/70.937C soc2@63.187C/63.187C soc0@64.5C/64.5C cv1@65.406C/65.406C gpu@70.781C/70.781C tj@70.937C/70.937C soc1@62.843C/62.843C cv2@60.75C/60.781C VDD_IN 30876mW/15554mW/31238mW VDD_CPU_GPU_CV 18709mW/8773mW/19514mW VDD_SOC 5144mW/2904mW/5144mW
08-10-2026 23:59:02 RAM 12258/15599MB (lfb 11x2MB) CPU [100%@1984,100%@1984,100%@1984,100%@1984,100%@1984,100%@1984,100%@1984,100%@1984] GR3D_FREQ 99% cv0@66.406C/66.437C cpu@70.968C/70.968C soc2@63.281C/63.281C soc0@64.531C/64.531C cv1@65.406C/65.406C gpu@70.875C/70.875C tj@70.968C/70.968C soc1@62.875C/62.875C cv2@60.875C/60.875C VDD_IN 30876mW/15692mW/31238mW VDD_CPU_GPU_CV 18749mW/8863mW/19514mW VDD_SOC 5144mW/2924mW/5144mW
08-10-2026 23:59:02 RAM 12258/15599MB (lfb 11x2MB) CPU [100%@1984,100%@1984,100%@1984,100%@1984,100%@1984,100%@1984,100%@1984,100%@1984] GR3D_FREQ 99% cv0@66.5C/66.5C cpu@71.312C/71.312C soc2@63.406C/63.406C soc0@64.75C/64.75C cv1@65.593C/65.593C gpu@71C/71C tj@71.312C/71.312C soc1@62.906C/62.906C cv2@60.843C/60.875C VDD_IN 30836mW/15827mW/31238mW VDD_CPU_GPU_CV 18749mW/8951mW/19514mW VDD_SOC 5144mW/2944mW/5144mW
08-10-2026 23:59:02 RAM 12258/15599MB (lfb 11x2MB) CPU [100%@1984,100%@1984,100%@1984,100%@1984,100%@1984,100%@1984,100%@1984,100%@1984] GR3D_FREQ 99% cv0@66.5C/66.5C cpu@71.218C/71.312C soc2@63.343C/63.406C soc0@64.812C/64.812C cv1@65.687C/65.687C gpu@70.843C/71C tj@71.218C/71.312C soc1@63C/63C cv2@60.937C/60.937C VDD_IN 30836mW/15960mW/31238mW VDD_CPU_GPU_CV 18709mW/9037mW/19514mW VDD_SOC 5144mW/2963mW/5144mW
08-10-2026 23:59:02 RAM 12258/15599MB (lfb 11x2MB) CPU [100%@1984,100%@1984,100%@1984,100%@1984,100%@1984,100%@1984,100%@1984,100%@1984] GR3D_FREQ 99% cv0@66.562C/66.562C cpu@71.437C/71.437C soc2@63.437C/63.437C soc0@64.781C/64.812C cv1@65.625C/65.687C gpu@70.875C/71C tj@71.437C/71.437C soc1@63.156C/63.156C cv2@61.062C/61.062C VDD_IN 30795mW/16090mW/31238mW VDD_CPU_GPU_CV 18630mW/9121mW/19514mW VDD_SOC 5144mW/2982mW/5144mW
08-10-2026 23:59:02 RAM 12258/15599MB (lfb 11x2MB) CPU [100%@1984,100%@1984,100%@1984,100%@1984,100%@1984,100%@1984,100%@1984,100%@1984] GR3D_FREQ 99% cv0@66.687C/66.687C cpu@71.187C/71.437C soc2@63.5C/63.5C soc0@64.906C/64.906C cv1@65.656C/65.687C gpu@71.187C/71.187C tj@71.468C/71.468C soc1@63.093C/63.156C cv2@61.25C/61.25C VDD_IN 30836mW/16218mW/31238mW VDD_CPU_GPU_CV 18709mW/9205mW/19514mW VDD_SOC 5144mW/3001mW/5144mW
08-10-2026 23:59:03 RAM 12258/15599MB (lfb 11x2MB) CPU [100%@1984,100%@1984,100%@1984,100%@1984,100%@1984,100%@1984,100%@1984,100%@1984] GR3D_FREQ 99% cv0@66.687C/66.687C cpu@71.5C/71.5C soc2@63.593C/63.593C soc0@64.875C/64.906C cv1@65.781C/65.781C gpu@71.093C/71.187C tj@71.5C/71.5C soc1@63.093C/63.156C cv2@61.062C/61.25C VDD_IN 30795mW/16344mW/31238mW VDD_CPU_GPU_CV 18669mW/9286mW/19514mW VDD_SOC 5144mW/3020mW/5144mW
08-10-2026 23:59:03 RAM 12259/15599MB (lfb 11x2MB) CPU [100%@1984,100%@1984,100%@1984,100%@1984,100%@1984,100%@1984,100%@1984,100%@1984] GR3D_FREQ 99% cv0@66.843C/66.843C cpu@71.312C/71.5C soc2@63.781C/63.781C soc0@65C/65C cv1@65.843C/65.843C gpu@71C/71.187C tj@71.375C/71.5C soc1@63.093C/63.156C cv2@61.125C/61.25C VDD_IN 30876mW/16468mW/31238mW VDD_CPU_GPU_CV 18669mW/9367mW/19514mW VDD_SOC 5144mW/3038mW/5144mW
08-10-2026 23:59:03 RAM 12259/15599MB (lfb 11x2MB) CPU [100%@1984,100%@1984,100%@1984,100%@1984,100%@1984,100%@1984,100%@1984,100%@1984] GR3D_FREQ 99% cv0@66.843C/66.843C cpu@71.593C/71.593C soc2@63.656C/63.781C soc0@65.062C/65.062C cv1@66C/66C gpu@71.375C/71.375C tj@71.593C/71.593C soc1@63.25C/63.25C cv2@61.156C/61.25C VDD_IN 30876mW/16590mW/31238mW VDD_CPU_GPU_CV 18709mW/9446mW/19514mW VDD_SOC 5144mW/3056mW/5144mW
08-10-2026 23:59:03 RAM 12259/15599MB (lfb 11x2MB) CPU [100%@1984,100%@1984,100%@1984,100%@1984,100%@1984,100%@1984,100%@1984,100%@1984] GR3D_FREQ 99% cv0@66.812C/66.843C cpu@71.406C/71.593C soc2@63.718C/63.781C soc0@65.031C/65.062C cv1@65.937C/66C gpu@71.218C/71.375C tj@71.406C/71.593C soc1@63.25C/63.25C cv2@61.343C/61.343C VDD_IN 30836mW/16710mW/31238mW VDD_CPU_GPU_CV 18630mW/9523mW/19514mW VDD_SOC 5144mW/3073mW/5144mW
08-10-2026 23:59:03 RAM 12259/15599MB (lfb 11x2MB) CPU [100%@1984,100%@1984,100%@1984,100%@1984,100%@1984,100%@1984,100%@1984,100%@1984] GR3D_FREQ 99% cv0@66.968C/66.968C cpu@71.531C/71.593C soc2@63.781C/63.781C soc0@65.031C/65.062C cv1@65.968C/66C gpu@71.406C/71.406C tj@71.531C/71.593C soc1@63.312C/63.312C cv2@61.406C/61.406C VDD_IN 30836mW/16828mW/31238mW VDD_CPU_GPU_CV 18669mW/9599mW/19514mW VDD_SOC 5144mW/3090mW/5144mW
08-10-2026 23:59:04 RAM 12259/15599MB (lfb 11x2MB) CPU [100%@1984,100%@1984,100%@1984,100%@1984,100%@1984,100%@1984,100%@1984,100%@1984] GR3D_FREQ 99% cv0@66.968C/66.968C cpu@71.562C/71.593C soc2@63.843C/63.843C soc0@65.281C/65.281C cv1@65.937C/66C gpu@71.312C/71.406C tj@71.562C/71.593C soc1@63.375C/63.375C cv2@61.5C/61.5C VDD_IN 30916mW/16944mW/31238mW VDD_CPU_GPU_CV 18749mW/9675mW/19514mW VDD_SOC 5144mW/3107mW/5144mW
08-10-2026 23:59:04 RAM 12255/15599MB (lfb 11x2MB) CPU [100%@1984,100%@1984,100%@1984,100%@1984,100%@1984,100%@1984,100%@1984,100%@1984] GR3D_FREQ 99% cv0@67.031C/67.031C cpu@71.75C/71.75C soc2@63.968C/63.968C soc0@65.25C/65.281C cv1@66.093C/66.093C gpu@71.25C/71.406C tj@71.75C/71.75C soc1@63.437C/63.437C cv2@61.375C/61.5C VDD_IN 30876mW/17058mW/31238mW VDD_CPU_GPU_CV 18709mW/9749mW/19514mW VDD_SOC 5144mW/3124mW/5144mW
08-10-2026 23:59:04 RAM 12255/15599MB (lfb 11x2MB) CPU [100%@1984,100%@1984,100%@1984,100%@1984,100%@1984,100%@1984,100%@1984,100%@1984] GR3D_FREQ 99% cv0@67.125C/67.125C cpu@71.75C/71.75C soc2@63.937C/63.968C soc0@65.281C/65.281C cv1@66.093C/66.093C gpu@71.312C/71.406C tj@71.75C/71.75C soc1@63.5C/63.5C cv2@61.531C/61.531C VDD_IN 30956mW/17171mW/31238mW VDD_CPU_GPU_CV 18749mW/9822mW/19514mW VDD_SOC 5144mW/3141mW/5144mW
08-10-2026 23:59:04 RAM 12255/15599MB (lfb 11x2MB) CPU [100%@1984,100%@1984,100%@1984,100%@1984,100%@1984,100%@1984,100%@1984,100%@1984] GR3D_FREQ 99% cv0@67.281C/67.281C cpu@71.687C/71.75C soc2@64.031C/64.031C soc0@65.343C/65.343C cv1@66.093C/66.093C gpu@71.375C/71.406C tj@71.687C/71.75C soc1@63.625C/63.625C cv2@61.562C/61.562C VDD_IN 30997mW/17283mW/31238mW VDD_CPU_GPU_CV 18789mW/9894mW/19514mW VDD_SOC 5144mW/3157mW/5144mW
08-10-2026 23:59:04 RAM 12256/15599MB (lfb 11x2MB) CPU [100%@1984,100%@1984,100%@1984,100%@1984,100%@1984,100%@1984,100%@1984,100%@1984] GR3D_FREQ 99% cv0@67.312C/67.312C cpu@71.906C/71.906C soc2@64.093C/64.093C soc0@65.343C/65.343C cv1@66.187C/66.187C gpu@71.656C/71.656C tj@71.906C/71.906C soc1@63.531C/63.625C cv2@61.687C/61.687C VDD_IN 31037mW/17393mW/31238mW VDD_CPU_GPU_CV 18868mW/9966mW/19514mW VDD_SOC 5144mW/3173mW/5144mW
08-10-2026 23:59:05 RAM 12256/15599MB (lfb 11x2MB) CPU [100%@1984,100%@1984,100%@1984,100%@1984,100%@1984,100%@1984,100%@1984,100%@1984] GR3D_FREQ 99% cv0@67.406C/67.406C cpu@71.781C/71.906C soc2@64.093C/64.093C soc0@65.437C/65.437C cv1@66.281C/66.281C gpu@71.812C/71.812C tj@71.812C/71.906C soc1@63.562C/63.625C cv2@61.781C/61.781C VDD_IN 31117mW/17502mW/31238mW VDD_CPU_GPU_CV 18908mW/10037mW/19514mW VDD_SOC 5144mW/3188mW/5144mW
08-10-2026 23:59:05 RAM 12256/15599MB (lfb 11x2MB) CPU [100%@1984,100%@1984,100%@1984,100%@1984,100%@1984,100%@1984,100%@1984,100%@1984] GR3D_FREQ 99% cv0@67.312C/67.406C cpu@71.906C/71.906C soc2@64.218C/64.218C soc0@65.531C/65.531C cv1@66.375C/66.375C gpu@71.687C/71.812C tj@71.906C/71.906C soc1@63.593C/63.625C cv2@61.687C/61.781C VDD_IN 31077mW/17609mW/31238mW VDD_CPU_GPU_CV 18829mW/10106mW/19514mW VDD_SOC 5144mW/3204mW/5144mW
08-10-2026 23:59:05 RAM 12256/15599MB (lfb 11x2MB) CPU [100%@1984,100%@1984,100%@1984,100%@1984,100%@1984,100%@1984,100%@1984,100%@1984] GR3D_FREQ 99% cv0@67.406C/67.406C cpu@71.937C/71.937C soc2@64.218C/64.218C soc0@65.656C/65.656C cv1@66.406C/66.406C gpu@71.625C/71.812C tj@71.937C/71.937C soc1@63.687C/63.687C cv2@61.812C/61.812C VDD_IN 31077mW/17714mW/31238mW VDD_CPU_GPU_CV 18789mW/10174mW/19514mW VDD_SOC 5144mW/3219mW/5144mW
08-10-2026 23:59:05 RAM 12256/15599MB (lfb 11x2MB) CPU [100%@1984,100%@1984,100%@1984,100%@1984,100%@1984,100%@1984,100%@1984,100%@1984] GR3D_FREQ 99% cv0@67.562C/67.562C cpu@72.062C/72.062C soc2@64.312C/64.312C soc0@65.687C/65.687C cv1@66.406C/66.406C gpu@71.656C/71.812C tj@72.062C/72.062C soc1@63.843C/63.843C cv2@61.843C/61.843C VDD_IN 31117mW/17818mW/31238mW VDD_CPU_GPU_CV 18789mW/10241mW/19514mW VDD_SOC 5136mW/3234mW/5144mW
08-10-2026 23:59:05 RAM 12256/15599MB (lfb 11x2MB) CPU [100%@1984,100%@1984,100%@1984,100%@1984,100%@1984,100%@1984,100%@1984,100%@1984] GR3D_FREQ 99% cv0@67.531C/67.562C cpu@72.062C/72.062C soc2@64.343C/64.343C soc0@65.593C/65.687C cv1@66.562C/66.562C gpu@71.781C/71.812C tj@72.062C/72.062C soc1@63.781C/63.843C cv2@61.906C/61.906C VDD_IN 31198mW/17921mW/31238mW VDD_CPU_GPU_CV 18918mW/10308mW/19514mW VDD_SOC 5136mW/3248mW/5144mW
08-10-2026 23:59:06 RAM 12256/15599MB (lfb 11x2MB) CPU [100%@1984,100%@1984,100%@1984,100%@1984,100%@1984,100%@1984,100%@1984,100%@1984] GR3D_FREQ 99% cv0@67.593C/67.593C cpu@72.062C/72.062C soc2@64.468C/64.468C soc0@65.875C/65.875C cv1@66.625C/66.625C gpu@71.781C/71.812C tj@72.062C/72.062C soc1@63.843C/63.843C cv2@62.156C/62.156C VDD_IN 31188mW/18022mW/31238mW VDD_CPU_GPU_CV 18948mW/10374mW/19514mW VDD_SOC 5136mW/3263mW/5144mW
08-10-2026 23:59:06 RAM 12256/15599MB (lfb 11x2MB) CPU [100%@1984,100%@1984,100%@1984,100%@1984,100%@1984,100%@1984,100%@1984,100%@1984] GR3D_FREQ 99% cv0@67.562C/67.593C cpu@72.218C/72.218C soc2@64.468C/64.468C soc0@65.718C/65.875C cv1@66.531C/66.625C gpu@71.906C/71.906C tj@72.218C/72.218C soc1@63.906C/63.906C cv2@62C/62.156C VDD_IN 31238mW/18122mW/31238mW VDD_CPU_GPU_CV 18957mW/10439mW/19514mW VDD_SOC 5136mW/3277mW/5144mW
08-10-2026 23:59:06 RAM 12256/15599MB (lfb 11x2MB) CPU [100%@1984,100%@1984,100%@1984,100%@1984,100%@1984,100%@1984,100%@1984,100%@1984] GR3D_FREQ 99% cv0@67.687C/67.687C cpu@72.25C/72.25C soc2@64.5C/64.5C soc0@65.75C/65.875C cv1@66.656C/66.656C gpu@71.875C/71.906C tj@72.25C/72.25C soc1@64C/64C cv2@62.093C/62.156C VDD_IN 31158mW/18220mW/31238mW VDD_CPU_GPU_CV 18948mW/10503mW/19514mW VDD_SOC 5136mW/3291mW/5144mW
08-10-2026 23:59:06 RAM 12256/15599MB (lfb 11x2MB) CPU [100%@1984,100%@1984,100%@1984,100%@1984,100%@1984,100%@1984,100%@1984,100%@1984] GR3D_FREQ 99% cv0@67.781C/67.781C cpu@72.343C/72.343C soc2@64.531C/64.531C soc0@65.937C/65.937C cv1@66.656C/66.656C gpu@72.062C/72.062C tj@72.375C/72.375C soc1@64C/64C cv2@62.125C/62.156C VDD_IN 31158mW/18317mW/31238mW VDD_CPU_GPU_CV 18948mW/10566mW/19514mW VDD_SOC 5136mW/3305mW/5144mW
08-10-2026 23:59:06 RAM 12256/15599MB (lfb 11x2MB) CPU [100%@1984,100%@1984,100%@1984,100%@1984,100%@1984,100%@1984,100%@1984,100%@1984] GR3D_FREQ 99% cv0@67.656C/67.781C cpu@72.312C/72.343C soc2@64.687C/64.687C soc0@66.031C/66.031C cv1@66.75C/66.75C gpu@72.156C/72.156C tj@72.593C/72.593C soc1@64C/64C cv2@62.156C/62.156C VDD_IN 31158mW/18412mW/31238mW VDD_CPU_GPU_CV 18948mW/10628mW/19514mW VDD_SOC 5136mW/3318mW/5144mW
08-10-2026 23:59:07 RAM 12256/15599MB (lfb 11x2MB) CPU [100%@1984,100%@1984,100%@1984,100%@1984,100%@1984,100%@1984,100%@1984,100%@1984] GR3D_FREQ 99% cv0@67.812C/67.812C cpu@72.343C/72.343C soc2@64.593C/64.687C soc0@66.093C/66.093C cv1@66.718C/66.75C gpu@72.093C/72.156C tj@72.343C/72.593C soc1@64.093C/64.093C cv2@62.281C/62.281C VDD_IN 31117mW/18505mW/31238mW VDD_CPU_GPU_CV 18948mW/10689mW/19514mW VDD_SOC 5136mW/3332mW/5144mW
08-10-2026 23:59:07 RAM 12256/15599MB (lfb 11x2MB) CPU [100%@1984,100%@1984,100%@1984,100%@1984,100%@1984,100%@1984,100%@1984,100%@1984] GR3D_FREQ 99% cv0@67.906C/67.906C cpu@72.406C/72.406C soc2@64.656C/64.687C soc0@66.031C/66.093C cv1@66.75C/66.75C gpu@72.281C/72.281C tj@72.406C/72.593C soc1@64.25C/64.25C cv2@62.312C/62.312C VDD_IN 31117mW/18597mW/31238mW VDD_CPU_GPU_CV 18948mW/10749mW/19514mW VDD_SOC 5144mW/3345mW/5144mW
08-10-2026 23:59:07 RAM 12256/15599MB (lfb 11x2MB) CPU [100%@1984,100%@1984,100%@1984,100%@1984,100%@1984,100%@1984,100%@1984,100%@1984] GR3D_FREQ 99% cv0@68.031C/68.031C cpu@72.406C/72.406C soc2@64.812C/64.812C soc0@66.093C/66.093C cv1@66.843C/66.843C gpu@72.312C/72.312C tj@72.656C/72.656C soc1@64.187C/64.25C cv2@62.406C/62.406C VDD_IN 31158mW/18688mW/31238mW VDD_CPU_GPU_CV 18948mW/10809mW/19514mW VDD_SOC 5144mW/3358mW/5144mW
08-10-2026 23:59:07 RAM 12138/15599MB (lfb 30x2MB) CPU [100%@1984,100%@1984,100%@1984,100%@1984,100%@1984,100%@1984,100%@1984,100%@1984] GR3D_FREQ 99% cv0@67.625C/68.031C cpu@72.406C/72.406C soc2@64.843C/64.843C soc0@66.312C/66.312C cv1@66.968C/66.968C gpu@72.812C/72.812C tj@72.812C/72.812C soc1@64.312C/64.312C cv2@62.343C/62.406C VDD_IN 31198mW/18778mW/31238mW VDD_CPU_GPU_CV 19386mW/10870mW/19514mW VDD_SOC 4935mW/3369mW/5144mW
08-10-2026 23:59:08 RAM 11705/15599MB (lfb 115x2MB) CPU [100%@1984,100%@1984,100%@1984,100%@1984,100%@1984,100%@1984,100%@1984,100%@1984] GR3D_FREQ 99% cv0@67.718C/68.031C cpu@72.218C/72.406C soc2@64.687C/64.843C soc0@66.343C/66.343C cv1@66.937C/66.968C gpu@73C/73C tj@73C/73C soc1@64.312C/64.312C cv2@62.406C/62.406C VDD_IN 31158mW/18867mW/31238mW VDD_CPU_GPU_CV 19545mW/10932mW/19545mW VDD_SOC 4782mW/3379mW/5144mW
08-10-2026 23:59:08 RAM 11395/15599MB (lfb 157x2MB) CPU [100%@1984,100%@1984,100%@1984,100%@1984,100%@1984,100%@1984,100%@1984,100%@1984] GR3D_FREQ 99% cv0@67.875C/68.031C cpu@72.25C/72.406C soc2@64.843C/64.843C soc0@66.312C/66.343C cv1@66.875C/66.968C gpu@73C/73C tj@73C/73C soc1@64.218C/64.312C cv2@62.468C/62.468C VDD_IN 31158mW/18954mW/31238mW VDD_CPU_GPU_CV 19713mW/10995mW/19713mW VDD_SOC 4702mW/3389mW/5144mW
08-10-2026 23:59:08 RAM 11394/15599MB (lfb 157x2MB) CPU [100%@1984,100%@1984,100%@1984,100%@1984,100%@1984,100%@1984,100%@1984,100%@1984] GR3D_FREQ 99% cv0@67.781C/68.031C cpu@72.375C/72.406C soc2@64.843C/64.843C soc0@66.375C/66.375C cv1@66.906C/66.968C gpu@73.187C/73.187C tj@73.187C/73.187C soc1@64.343C/64.343C cv2@62.468C/62.468C VDD_IN 31319mW/19041mW/31319mW VDD_CPU_GPU_CV 19872mW/11057mW/19872mW VDD_SOC 4654mW/3398mW/5144mW
08-10-2026 23:59:08 RAM 11227/15599MB (lfb 172x2MB) CPU [100%@1984,100%@1984,100%@1984,100%@1984,100%@1984,100%@1984,100%@1984,100%@1984] GR3D_FREQ 99% cv0@67.781C/68.031C cpu@72.531C/72.531C soc2@64.968C/64.968C soc0@66.406C/66.406C cv1@66.968C/66.968C gpu@73.281C/73.281C tj@73.281C/73.281C soc1@64.406C/64.406C cv2@62.531C/62.531C VDD_IN 31278mW/19127mW/31319mW VDD_CPU_GPU_CV 19911mW/11119mW/19911mW VDD_SOC 4614mW/3406mW/5144mW
08-10-2026 23:59:08 RAM 10154/15599MB (lfb 172x2MB) CPU [100%@1984,100%@1984,100%@1984,100%@1984,100%@1984,100%@1984,100%@1984,100%@1984] GR3D_FREQ 99% cv0@67.968C/68.031C cpu@72.375C/72.531C soc2@64.968C/64.968C soc0@66.343C/66.406C cv1@67.031C/67.031C gpu@73.406C/73.406C tj@73.406C/73.406C soc1@64.468C/64.468C cv2@62.593C/62.593C VDD_IN 31278mW/19211mW/31319mW VDD_CPU_GPU_CV 19832mW/11180mW/19911mW VDD_SOC 4654mW/3415mW/5144mW
08-10-2026 23:59:09 RAM 9087/15599MB (lfb 2x4MB) CPU [100%@1984,100%@1984,100%@1984,100%@1984,100%@1984,100%@1984,100%@1984,100%@1984] GR3D_FREQ 99% cv0@67.937C/68.031C cpu@72.593C/72.593C soc2@65C/65C soc0@66.5C/66.5C cv1@67.062C/67.062C gpu@73.312C/73.406C tj@73.312C/73.406C soc1@64.437C/64.468C cv2@62.781C/62.781C VDD_IN 31600mW/19296mW/31600mW VDD_CPU_GPU_CV 20110mW/11241mW/20110mW VDD_SOC 4694mW/3424mW/5144mW
08-10-2026 23:59:09 RAM 8815/15599MB (lfb 4x4MB) CPU [100%@1984,100%@1984,100%@1984,100%@1984,100%@1984,100%@1984,100%@1984,100%@1984] GR3D_FREQ 99% cv0@67.843C/68.031C cpu@72.437C/72.593C soc2@65.062C/65.062C soc0@66.531C/66.531C cv1@67.156C/67.156C gpu@73.437C/73.437C tj@73.437C/73.437C soc1@64.468C/64.468C cv2@62.75C/62.781C VDD_IN 31278mW/19378mW/31600mW VDD_CPU_GPU_CV 19951mW/11301mW/20110mW VDD_SOC 4622mW/3432mW/5144mW
08-10-2026 23:59:09 RAM 8446/15599MB (lfb 32x4MB) CPU [100%@1984,100%@1984,100%@1984,100%@1984,100%@1984,100%@1984,100%@1984,100%@1984] GR3D_FREQ 99% cv0@68C/68.031C cpu@72.656C/72.656C soc2@65.062C/65.062C soc0@66.718C/66.718C cv1@67.281C/67.281C gpu@73.593C/73.593C tj@73.593C/73.593C soc1@64.562C/64.562C cv2@62.687C/62.781C VDD_IN 31319mW/19460mW/31600mW VDD_CPU_GPU_CV 19951mW/11360mW/20110mW VDD_SOC 4581mW/3440mW/5144mW
08-10-2026 23:59:09 RAM 8336/15599MB (lfb 32x4MB) CPU [100%@1984,100%@1984,100%@1984,100%@1984,100%@1984,100%@1984,100%@1984,100%@1984] GR3D_FREQ 99% cv0@68.062C/68.062C cpu@72.656C/72.656C soc2@65.156C/65.156C soc0@66.687C/66.718C cv1@67.156C/67.281C gpu@73.343C/73.593C tj@73.343C/73.593C soc1@64.562C/64.562C cv2@62.875C/62.875C VDD_IN 31359mW/19540mW/31600mW VDD_CPU_GPU_CV 20070mW/11418mW/20110mW VDD_SOC 4574mW/3447mW/5144mW
08-10-2026 23:59:09 RAM 8372/15599MB (lfb 32x4MB) CPU [100%@1984,100%@1984,100%@1984,100%@1984,100%@1984,100%@1984,100%@1984,100%@1984] GR3D_FREQ 99% cv0@68.218C/68.218C cpu@72.781C/72.781C soc2@65.25C/65.25C soc0@66.718C/66.718C cv1@67.25C/67.281C gpu@72.968C/73.593C tj@72.968C/73.593C soc1@64.593C/64.593C cv2@62.781C/62.875C VDD_IN 31077mW/19617mW/31600mW VDD_CPU_GPU_CV 19864mW/11475mW/20110mW VDD_SOC 4581mW/3455mW/5144mW
08-10-2026 23:59:10 RAM 8496/15599MB (lfb 32x4MB) CPU [100%@1984,100%@1984,100%@1984,100%@1984,100%@1984,100%@1984,100%@1984,100%@1984] GR3D_FREQ 99% cv0@68.156C/68.218C cpu@72.656C/72.781C soc2@65.25C/65.25C soc0@66.843C/66.843C cv1@67.187C/67.281C gpu@73.781C/73.781C tj@73.781C/73.781C soc1@64.718C/64.718C cv2@62.906C/62.906C VDD_IN 31238mW/19695mW/31600mW VDD_CPU_GPU_CV 19792mW/11531mW/20110mW VDD_SOC 4622mW/3463mW/5144mW
08-10-2026 23:59:10 RAM 8969/15599MB (lfb 32x4MB) CPU [100%@1984,100%@1984,100%@1984,100%@1984,100%@1984,100%@1984,100%@1984,100%@1984] GR3D_FREQ 99% cv0@68.218C/68.218C cpu@72.75C/72.781C soc2@65.375C/65.375C soc0@66.812C/66.843C cv1@67.281C/67.281C gpu@73.562C/73.781C tj@73.562C/73.781C soc1@64.656C/64.718C cv2@62.937C/62.937C VDD_IN 31359mW/19772mW/31600mW VDD_CPU_GPU_CV 19911mW/11586mW/20110mW VDD_SOC 4622mW/3470mW/5144mW
08-10-2026 23:59:10 RAM 8969/15599MB (lfb 32x4MB) CPU [100%@1984,100%@1984,100%@1984,100%@1984,100%@1984,100%@1984,100%@1984,100%@1984] GR3D_FREQ 99% cv0@68.281C/68.281C cpu@73.031C/73.031C soc2@65.312C/65.375C soc0@66.937C/66.937C cv1@67.531C/67.531C gpu@73.625C/73.781C tj@73.625C/73.781C soc1@64.75C/64.75C cv2@63C/63C VDD_IN 31560mW/19850mW/31600mW VDD_CPU_GPU_CV 19911mW/11641mW/20110mW VDD_SOC 4775mW/3479mW/5144mW
08-10-2026 23:59:10 RAM 8969/15599MB (lfb 32x4MB) CPU [100%@1984,100%@1984,100%@1984,100%@1984,100%@1984,100%@1984,100%@1984,100%@1984] GR3D_FREQ 99% cv0@68.437C/68.437C cpu@72.937C/73.031C soc2@65.406C/65.406C soc0@66.906C/66.937C cv1@67.312C/67.531C gpu@73.625C/73.781C tj@73.625C/73.781C soc1@64.843C/64.843C cv2@63.093C/63.093C VDD_IN 31842mW/19928mW/31842mW VDD_CPU_GPU_CV 19951mW/11695mW/20110mW VDD_SOC 4855mW/3488mW/5144mW
08-10-2026 23:59:10 RAM 9578/15599MB (lfb 32x4MB) CPU [100%@1984,100%@1984,100%@1984,100%@1984,100%@1984,100%@1984,100%@1984,100%@1984] GR3D_FREQ 99% cv0@68.375C/68.437C cpu@73C/73.031C soc2@65.531C/65.531C soc0@66.968C/66.968C cv1@67.5C/67.531C gpu@73.75C/73.781C tj@73.75C/73.781C soc1@64.875C/64.875C cv2@63.125C/63.125C VDD_IN 32003mW/20007mW/32003mW VDD_CPU_GPU_CV 19991mW/11749mW/20110mW VDD_SOC 4935mW/3497mW/5144mW
08-10-2026 23:59:11 RAM 9740/15599MB (lfb 32x4MB) CPU [100%@1984,100%@1984,100%@1984,100%@1984,100%@1984,100%@1984,100%@1984,100%@1984] GR3D_FREQ 99% cv0@68.531C/68.531C cpu@73C/73.031C soc2@65.5C/65.531C soc0@66.937C/66.968C cv1@67.718C/67.718C gpu@73.687C/73.781C tj@73.687C/73.781C soc1@64.968C/64.968C cv2@63.156C/63.156C VDD_IN 31963mW/20084mW/32003mW VDD_CPU_GPU_CV 19872mW/11801mW/20110mW VDD_SOC 4975mW/3507mW/5144mW
08-10-2026 23:59:11 RAM 9762/15599MB (lfb 32x4MB) CPU [100%@1984,100%@1984,100%@1984,100%@1984,100%@1984,100%@1984,100%@1984,100%@1984] GR3D_FREQ 99% cv0@68.656C/68.656C cpu@73.031C/73.031C soc2@65.5C/65.531C soc0@67C/67C cv1@67.625C/67.718C gpu@73.937C/73.937C tj@73.937C/73.937C soc1@64.968C/64.968C cv2@63.312C/63.312C VDD_IN 31923mW/20160mW/32003mW VDD_CPU_GPU_CV 19951mW/11854mW/20110mW VDD_SOC 4815mW/3515mW/5144mW
08-10-2026 23:59:11 RAM 9772/15599MB (lfb 32x4MB) CPU [100%@1984,100%@1984,100%@1984,100%@1984,100%@1984,100%@1984,100%@1984,100%@1984] GR3D_FREQ 99% cv0@68.562C/68.656C cpu@73.218C/73.218C soc2@65.656C/65.656C soc0@67.187C/67.187C cv1@67.656C/67.718C gpu@73.718C/73.937C tj@73.718C/73.937C soc1@64.968C/64.968C cv2@63.312C/63.312C VDD_IN 31681mW/20233mW/32003mW VDD_CPU_GPU_CV 19991mW/11906mW/20110mW VDD_SOC 4694mW/3523mW/5144mW
08-10-2026 23:59:11 RAM 9780/15599MB (lfb 32x4MB) CPU [100%@1984,100%@1984,100%@1984,100%@1984,100%@1984,100%@1984,100%@1984,100%@1984] GR3D_FREQ 99% cv0@68.625C/68.656C cpu@73.25C/73.25C soc2@65.718C/65.718C soc0@67.281C/67.281C cv1@67.812C/67.812C gpu@73.875C/73.937C tj@73.875C/73.937C soc1@65.093C/65.093C cv2@63.312C/63.312C VDD_IN 31721mW/20306mW/32003mW VDD_CPU_GPU_CV 20150mW/11958mW/20150mW VDD_SOC 4614mW/3530mW/5144mW
08-10-2026 23:59:11 RAM 9796/15599MB (lfb 32x4MB) CPU [100%@1984,100%@1984,100%@1984,100%@1984,100%@1984,100%@1984,100%@1984,100%@1984] GR3D_FREQ 99% cv0@68.718C/68.718C cpu@73.218C/73.25C soc2@65.781C/65.781C soc0@67.218C/67.281C cv1@67.687C/67.812C gpu@73.812C/73.937C tj@73.812C/73.937C soc1@65.218C/65.218C cv2@63.375C/63.375C VDD_IN 31600mW/20377mW/32003mW VDD_CPU_GPU_CV 20309mW/12010mW/20309mW VDD_SOC 4574mW/3536mW/5144mW
08-10-2026 23:59:12 RAM 9799/15599MB (lfb 32x4MB) CPU [100%@1984,100%@1984,100%@1984,100%@1984,100%@1984,100%@1984,100%@1984,100%@1984] GR3D_FREQ 99% cv0@68.875C/68.875C cpu@73.281C/73.281C soc2@65.781C/65.781C soc0@67.281C/67.281C cv1@67.843C/67.843C gpu@73.968C/73.968C tj@73.968C/73.968C soc1@65.187C/65.218C cv2@63.531C/63.531C VDD_IN 31439mW/20446mW/32003mW VDD_CPU_GPU_CV 20229mW/12062mW/20309mW VDD_SOC 4534mW/3542mW/5144mW
08-10-2026 23:59:12 RAM 9798/15599MB (lfb 32x4MB) CPU [100%@1984,100%@1984,100%@1984,100%@1984,100%@1984,100%@1984,100%@1984,100%@1984] GR3D_FREQ 99% cv0@68.75C/68.875C cpu@73.281C/73.281C soc2@65.875C/65.875C soc0@67.343C/67.343C cv1@67.906C/67.906C gpu@74.218C/74.218C tj@74.218C/74.218C soc1@65.25C/65.25C cv2@63.437C/63.531C VDD_IN 31480mW/20514mW/32003mW VDD_CPU_GPU_CV 20269mW/12113mW/20309mW VDD_SOC 4534mW/3549mW/5144mW
08-10-2026 23:59:12 RAM 9798/15599MB (lfb 32x4MB) CPU [100%@1984,100%@1984,100%@1984,100%@1984,100%@1984,100%@1984,100%@1984,100%@1984] GR3D_FREQ 98% cv0@68.906C/68.906C cpu@73.468C/73.468C soc2@65.906C/65.906C soc0@67.437C/67.437C cv1@67.843C/67.906C gpu@73.656C/74.218C tj@73.656C/74.218C soc1@65.281C/65.281C cv2@63.531C/63.531C VDD_IN 31520mW/20582mW/32003mW VDD_CPU_GPU_CV 20269mW/12163mW/20309mW VDD_SOC 4534mW/3555mW/5144mW
08-10-2026 23:59:12 RAM 9810/15599MB (lfb 32x4MB) CPU [100%@1984,100%@1984,100%@1984,100%@1984,100%@1984,100%@1984,100%@1984,100%@1984] GR3D_FREQ 99% cv0@68.906C/68.906C cpu@73.406C/73.468C soc2@65.937C/65.937C soc0@67.468C/67.468C cv1@68C/68C gpu@74.156C/74.218C tj@74.156C/74.218C soc1@65.281C/65.281C cv2@63.687C/63.687C VDD_IN 31520mW/20649mW/32003mW VDD_CPU_GPU_CV 20150mW/12212mW/20309mW VDD_SOC 4494mW/3560mW/5144mW
08-10-2026 23:59:13 RAM 9817/15599MB (lfb 32x4MB) CPU [100%@1984,100%@1984,100%@1984,100%@1984,100%@1984,100%@1984,100%@1984,100%@1984] GR3D_FREQ 99% cv0@68.937C/68.937C cpu@73.562C/73.562C soc2@66.031C/66.031C soc0@67.593C/67.593C cv1@68.031C/68.031C gpu@74.312C/74.312C tj@74.312C/74.312C soc1@65.375C/65.375C cv2@63.656C/63.687C VDD_IN 31399mW/20715mW/32003mW VDD_CPU_GPU_CV 20110mW/12260mW/20309mW VDD_SOC 4454mW/3566mW/5144mW
08-10-2026 23:59:13 RAM 9816/15599MB (lfb 32x4MB) CPU [100%@1984,100%@1984,100%@1984,100%@1984,100%@1984,100%@1984,100%@1984,100%@1984] GR3D_FREQ 99% cv0@69C/69C cpu@73.5C/73.562C soc2@66.031C/66.031C soc0@67.718C/67.718C cv1@67.968C/68.031C gpu@74.281C/74.312C tj@74.281C/74.312C soc1@65.375C/65.375C cv2@63.718C/63.718C VDD_IN 31560mW/20781mW/32003mW VDD_CPU_GPU_CV 20150mW/12308mW/20309mW VDD_SOC 4494mW/3572mW/5144mW
08-10-2026 23:59:13 RAM 9820/15599MB (lfb 32x4MB) CPU [100%@1984,100%@1984,100%@1984,100%@1984,100%@1984,100%@1984,100%@1984,100%@1984] GR3D_FREQ 99% cv0@69.125C/69.125C cpu@73.625C/73.625C soc2@66.156C/66.156C soc0@67.593C/67.718C cv1@68C/68.031C gpu@74.281C/74.312C tj@74.281C/74.312C soc1@65.406C/65.406C cv2@63.781C/63.781C VDD_IN 31681mW/20846mW/32003mW VDD_CPU_GPU_CV 20309mW/12356mW/20309mW VDD_SOC 4494mW/3577mW/5144mW
08-10-2026 23:59:13 RAM 9829/15599MB (lfb 32x4MB) CPU [100%@1984,100%@1984,100%@1984,100%@1984,100%@1984,100%@1984,100%@1984,100%@1984] GR3D_FREQ 99% cv0@69.218C/69.218C cpu@73.625C/73.625C soc2@66.156C/66.156C soc0@67.593C/67.718C cv1@68.031C/68.031C gpu@74.375C/74.375C tj@74.312C/74.312C soc1@65.5C/65.5C cv2@63.875C/63.875C VDD_IN 31721mW/20911mW/32003mW VDD_CPU_GPU_CV 20388mW/12404mW/20388mW VDD_SOC 4494mW/3583mW/5144mW
08-10-2026 23:59:13 RAM 9847/15599MB (lfb 32x4MB) CPU [100%@1984,100%@1984,100%@1984,100%@1984,100%@1984,100%@1984,100%@1984,100%@1984] GR3D_FREQ 99% cv0@69.062C/69.218C cpu@73.75C/73.75C soc2@66.187C/66.187C soc0@67.75C/67.75C cv1@68.218C/68.218C gpu@74.156C/74.375C tj@74.156C/74.312C soc1@65.531C/65.531C cv2@63.812C/63.875C VDD_IN 31600mW/20975mW/32003mW VDD_CPU_GPU_CV 20189mW/12451mW/20388mW VDD_SOC 4494mW/3588mW/5144mW
08-10-2026 23:59:14 RAM 10007/15599MB (lfb 32x4MB) CPU [100%@1984,100%@1984,100%@1984,100%@1984,100%@1984,100%@1984,100%@1984,100%@1984] GR3D_FREQ 99% cv0@69.031C/69.218C cpu@73.75C/73.75C soc2@66.218C/66.218C soc0@67.812C/67.812C cv1@68.218C/68.218C gpu@74.625C/74.625C tj@74.625C/74.625C soc1@65.625C/65.625C cv2@63.906C/63.906C VDD_IN 31480mW/21037mW/32003mW VDD_CPU_GPU_CV 20150mW/12496mW/20388mW VDD_SOC 4494mW/3593mW/5144mW
08-10-2026 23:59:14 RAM 10587/15599MB (lfb 26x4MB) CPU [100%@1984,100%@1984,100%@1984,100%@1984,100%@1984,100%@1984,100%@1984,100%@1984] GR3D_FREQ 99% cv0@69.156C/69.218C cpu@73.531C/73.75C soc2@66.187C/66.218C soc0@67.75C/67.812C cv1@68.125C/68.218C gpu@74.437C/74.625C tj@74.437C/74.625C soc1@65.75C/65.75C cv2@63.906C/63.906C VDD_IN 31480mW/21099mW/32003mW VDD_CPU_GPU_CV 20070mW/12541mW/20388mW VDD_SOC 4574mW/3599mW/5144mW
08-10-2026 23:59:14 RAM 11871/15599MB (lfb 13x2MB) CPU [100%@1984,100%@1984,100%@1984,100%@1984,100%@1984,100%@1984,100%@1984,100%@1984] GR3D_FREQ 99% cv0@69.156C/69.218C cpu@73.718C/73.75C soc2@66.25C/66.25C soc0@67.875C/67.875C cv1@68.281C/68.281C gpu@74.687C/74.687C tj@74.687C/74.687C soc1@65.656C/65.75C cv2@64.125C/64.125C VDD_IN 31681mW/21161mW/32003mW VDD_CPU_GPU_CV 20150mW/12585mW/20388mW VDD_SOC 4654mW/3605mW/5144mW
08-10-2026 23:59:14 RAM 11873/15599MB (lfb 13x2MB) CPU [100%@1984,100%@1984,100%@1984,100%@1984,100%@1984,100%@1984,100%@1984,100%@1984] GR3D_FREQ 99% cv0@69.125C/69.218C cpu@73.718C/73.75C soc2@66.25C/66.25C soc0@67.906C/67.906C cv1@68.406C/68.406C gpu@74.625C/74.687C tj@74.625C/74.687C soc1@65.718C/65.75C cv2@64.031C/64.125C VDD_IN 32124mW/21224mW/32124mW VDD_CPU_GPU_CV 20229mW/12630mW/20388mW VDD_SOC 4815mW/3612mW/5144mW
08-10-2026 23:59:14 RAM 11873/15599MB (lfb 13x2MB) CPU [100%@1984,100%@1984,100%@1984,100%@1984,100%@1984,100%@1984,100%@1984,100%@1984] GR3D_FREQ 99% cv0@69.218C/69.218C cpu@73.906C/73.906C soc2@66.312C/66.312C soc0@67.937C/67.937C cv1@68.343C/68.406C gpu@74.625C/74.687C tj@74.625C/74.687C soc1@65.75C/65.75C cv2@64.156C/64.156C VDD_IN 32204mW/21288mW/32204mW VDD_CPU_GPU_CV 20030mW/12672mW/20388mW VDD_SOC 5016mW/3620mW/5144mW
08-10-2026 23:59:15 RAM 12208/15599MB (lfb 11x2MB) CPU [100%@1984,100%@1984,100%@1984,100%@1984,100%@1984,100%@1984,100%@1984,100%@1984] GR3D_FREQ 99% cv0@69.312C/69.312C cpu@73.875C/73.906C soc2@66.5C/66.5C soc0@68.031C/68.031C cv1@68.468C/68.468C gpu@74.718C/74.718C tj@74.718C/74.718C soc1@65.75C/65.75C cv2@64.281C/64.281C VDD_IN 32003mW/21349mW/32204mW VDD_CPU_GPU_CV 20030mW/12715mW/20388mW VDD_SOC 4895mW/3628mW/5144mW
08-10-2026 23:59:15 RAM 12208/15599MB (lfb 11x2MB) CPU [100%@1984,100%@1984,100%@1984,100%@1984,100%@1984,100%@1984,100%@1984,100%@1984] GR3D_FREQ 99% cv0@69.375C/69.375C cpu@74.187C/74.187C soc2@66.5C/66.5C soc0@68.062C/68.062C cv1@68.531C/68.531C gpu@75C/75C tj@75C/75C soc1@65.781C/65.781C cv2@64.156C/64.281C VDD_IN 31761mW/21409mW/32204mW VDD_CPU_GPU_CV 19991mW/12756mW/20388mW VDD_SOC 4815mW/3635mW/5144mW
08-10-2026 23:59:15 RAM 12157/15599MB (lfb 13x2MB) CPU [100%@1984,100%@1984,100%@1984,100%@1984,100%@1984,100%@1984,100%@1984,100%@1984] GR3D_FREQ 99% cv0@69.375C/69.375C cpu@74.031C/74.187C soc2@66.531C/66.531C soc0@68.125C/68.125C cv1@68.437C/68.531C gpu@74.687C/75C tj@74.687C/75C soc1@65.937C/65.937C cv2@64.281C/64.281C VDD_IN 31963mW/21469mW/32204mW VDD_CPU_GPU_CV 20030mW/12798mW/20388mW VDD_SOC 4855mW/3642mW/5144mW
08-10-2026 23:59:15 RAM 12121/15599MB (lfb 13x2MB) CPU [100%@1984,100%@1984,100%@1984,100%@1984,100%@1984,100%@1984,100%@1984,100%@1984] GR3D_FREQ 99% cv0@69.562C/69.562C cpu@74.093C/74.187C soc2@66.562C/66.562C soc0@68.093C/68.125C cv1@68.562C/68.562C gpu@74.718C/75C tj@74.718C/75C soc1@66.062C/66.062C cv2@64.375C/64.375C VDD_IN 31842mW/21527mW/32204mW VDD_CPU_GPU_CV 19991mW/12838mW/20388mW VDD_SOC 4735mW/3648mW/5144mW
08-10-2026 23:59:15 RAM 12149/15599MB (lfb 13x2MB) CPU [100%@1984,100%@1984,100%@1984,100%@1984,100%@1984,100%@1984,100%@1984,100%@1984] GR3D_FREQ 99% cv0@69.718C/69.718C cpu@74.125C/74.187C soc2@66.656C/66.656C soc0@68.218C/68.218C cv1@68.593C/68.593C gpu@74.781C/75C tj@74.781C/75C soc1@65.937C/66.062C cv2@64.406C/64.406C VDD_IN 31882mW/21586mW/32204mW VDD_CPU_GPU_CV 19991mW/12878mW/20388mW VDD_SOC 4654mW/3653mW/5144mW
08-10-2026 23:59:16 RAM 12088/15599MB (lfb 3x4MB) CPU [100%@1984,100%@1984,100%@1984,100%@1984,100%@1984,100%@1984,100%@1984,100%@1984] GR3D_FREQ 99% cv0@69.625C/69.718C cpu@74.343C/74.343C soc2@66.687C/66.687C soc0@68.281C/68.281C cv1@68.718C/68.718C gpu@74.875C/75C tj@74.875C/75C soc1@66C/66.062C cv2@64.406C/64.406C VDD_IN 31681mW/21642mW/32204mW VDD_CPU_GPU_CV 20309mW/12920mW/20388mW VDD_SOC 4574mW/3658mW/5144mW
08-10-2026 23:59:16 RAM 12104/15599MB (lfb 3x4MB) CPU [100%@1984,100%@1984,100%@1984,100%@1984,100%@1984,100%@1984,100%@1984,100%@1984] GR3D_FREQ 99% cv0@69.75C/69.75C cpu@74.25C/74.343C soc2@66.75C/66.75C soc0@68.25C/68.281C cv1@68.718C/68.718C gpu@75.156C/75.156C tj@75.156C/75.156C soc1@66.062C/66.062C cv2@64.562C/64.562C VDD_IN 31600mW/21697mW/32204mW VDD_CPU_GPU_CV 20309mW/12961mW/20388mW VDD_SOC 4534mW/3663mW/5144mW
08-10-2026 23:59:16 RAM 12120/15599MB (lfb 3x4MB) CPU [100%@1984,100%@1984,100%@1984,100%@1984,100%@1984,100%@1984,100%@1984,100%@1984] GR3D_FREQ 99% cv0@69.718C/69.75C cpu@74.281C/74.343C soc2@66.843C/66.843C soc0@68.281C/68.281C cv1@68.718C/68.718C gpu@74.906C/75.156C tj@74.906C/75.156C soc1@66.187C/66.187C cv2@64.437C/64.562C VDD_IN 31480mW/21751mW/32204mW VDD_CPU_GPU_CV 20189mW/13001mW/20388mW VDD_SOC 4534mW/3668mW/5144mW
08-10-2026 23:59:16 RAM 12143/15599MB (lfb 3x4MB) CPU [100%@1984,100%@1984,100%@1984,100%@1984,100%@1984,100%@1984,100%@1984,100%@1984] GR3D_FREQ 99% cv0@69.812C/69.812C cpu@74.281C/74.343C soc2@66.875C/66.875C soc0@68.343C/68.343C cv1@68.875C/68.875C gpu@74.843C/75.156C tj@75.062C/75.156C soc1@66.187C/66.187C cv2@64.531C/64.562C VDD_IN 31480mW/21805mW/32204mW VDD_CPU_GPU_CV 20229mW/13041mW/20388mW VDD_SOC 4494mW/3673mW/5144mW
08-10-2026 23:59:16 RAM 12198/15599MB (lfb 1x4MB) CPU [100%@1984,100%@1984,100%@1984,100%@1984,100%@1984,100%@1984,100%@1984,100%@1984] GR3D_FREQ 99% cv0@69.812C/69.812C cpu@74.343C/74.343C soc2@66.812C/66.875C soc0@68.437C/68.437C cv1@68.812C/68.875C gpu@74.968C/75.156C tj@74.968C/75.156C soc1@66.375C/66.375C cv2@64.593C/64.593C VDD_IN 31439mW/21857mW/32204mW VDD_CPU_GPU_CV 20229mW/13080mW/20388mW VDD_SOC 4494mW/3677mW/5144mW
08-10-2026 23:59:17 RAM 12203/15599MB (lfb 1x4MB) CPU [100%@1984,100%@1984,100%@1984,100%@1984,100%@1984,100%@1984,100%@1984,100%@1984] GR3D_FREQ 99% cv0@69.906C/69.906C cpu@74.406C/74.406C soc2@66.875C/66.875C soc0@68.5C/68.5C cv1@68.812C/68.875C gpu@74.937C/75.156C tj@74.937C/75.156C soc1@66.218C/66.375C cv2@64.718C/64.718C VDD_IN 31359mW/21909mW/32204mW VDD_CPU_GPU_CV 19991mW/13117mW/20388mW VDD_SOC 4494mW/3682mW/5144mW
08-10-2026 23:59:17 RAM 12213/15599MB (lfb 1x4MB) CPU [100%@1984,100%@1984,100%@1984,100%@1984,100%@1984,100%@1984,100%@1984,100%@1984] GR3D_FREQ 99% cv0@69.968C/69.968C cpu@74.593C/74.593C soc2@66.937C/66.937C soc0@68.5C/68.5C cv1@68.937C/68.937C gpu@74.687C/75.156C tj@74.687C/75.156C soc1@66.25C/66.375C cv2@64.75C/64.75C VDD_IN 31198mW/21959mW/32204mW VDD_CPU_GPU_CV 19951mW/13154mW/20388mW VDD_SOC 4534mW/3686mW/5144mW
08-10-2026 23:59:17 RAM 12217/15599MB (lfb 1x4MB) CPU [100%@1984,100%@1984,100%@1984,100%@1984,100%@1984,100%@1984,100%@1984,100%@1984] GR3D_FREQ 99% cv0@70.062C/70.062C cpu@74.875C/74.875C soc2@67.062C/67.062C soc0@68.531C/68.531C cv1@69.125C/69.125C gpu@74.625C/75.156C tj@74.875C/75.156C soc1@66.375C/66.375C cv2@64.718C/64.75C VDD_IN 31198mW/22009mW/32204mW VDD_CPU_GPU_CV 19593mW/13189mW/20388mW VDD_SOC 4735mW/3692mW/5144mW
08-10-2026 23:59:17 RAM 12217/15599MB (lfb 1x4MB) CPU [100%@1984,100%@1984,100%@1984,100%@1984,100%@1984,100%@1984,100%@1984,100%@1984] GR3D_FREQ 99% cv0@70.281C/70.281C cpu@74.781C/74.875C soc2@67.031C/67.062C soc0@68.656C/68.656C cv1@69.062C/69.125C gpu@74.781C/75.156C tj@74.781C/75.156C soc1@66.406C/66.406C cv2@64.75C/64.75C VDD_IN 31278mW/22059mW/32204mW VDD_CPU_GPU_CV 19315mW/13222mW/20388mW VDD_SOC 4935mW/3699mW/5144mW
08-10-2026 23:59:17 RAM 12219/15599MB (lfb 1x4MB) CPU [100%@1984,100%@1984,100%@1984,100%@1984,100%@1984,100%@1984,100%@1984,100%@1984] GR3D_FREQ 99% cv0@70.312C/70.312C cpu@74.812C/74.875C soc2@67.187C/67.187C soc0@68.562C/68.656C cv1@69.125C/69.125C gpu@74.875C/75.156C tj@74.812C/75.156C soc1@66.5C/66.5C cv2@64.968C/64.968C VDD_IN 31238mW/22107mW/32204mW VDD_CPU_GPU_CV 19156mW/13253mW/20388mW VDD_SOC 5016mW/3706mW/5144mW
08-10-2026 23:59:18 RAM 12220/15599MB (lfb 1x4MB) CPU [100%@1984,100%@1984,100%@1984,100%@1984,100%@1984,100%@1984,100%@1984,100%@1984] GR3D_FREQ 99% cv0@70.343C/70.343C cpu@74.937C/74.937C soc2@67.25C/67.25C soc0@68.75C/68.75C cv1@69.156C/69.156C gpu@74.718C/75.156C tj@74.937C/75.156C soc1@66.437C/66.5C cv2@65.062C/65.062C VDD_IN 31278mW/22156mW/32204mW VDD_CPU_GPU_CV 19077mW/13284mW/20388mW VDD_SOC 5104mW/3713mW/5144mW
08-10-2026 23:59:18 RAM 12220/15599MB (lfb 1x4MB) CPU [100%@1984,100%@1984,100%@1984,100%@1984,100%@1984,100%@1984,100%@1984,100%@1984] GR3D_FREQ 99% cv0@70.312C/70.343C cpu@75.093C/75.093C soc2@67.25C/67.25C soc0@68.75C/68.75C cv1@69.312C/69.312C gpu@74.843C/75.156C tj@75.093C/75.156C soc1@66.406C/66.5C cv2@64.875C/65.062C VDD_IN 31359mW/22204mW/32204mW VDD_CPU_GPU_CV 19077mW/13315mW/20388mW VDD_SOC 5096mW/3720mW/5144mW
08-10-2026 23:59:18 RAM 12220/15599MB (lfb 1x4MB) CPU [100%@1984,100%@1984,100%@1984,100%@1984,100%@1984,100%@1984,100%@1984,100%@1984] GR3D_FREQ 99% cv0@70.406C/70.406C cpu@74.875C/75.093C soc2@67.312C/67.312C soc0@68.75C/68.75C cv1@69.25C/69.312C gpu@75C/75.156C tj@75C/75.156C soc1@66.625C/66.625C cv2@65.031C/65.062C VDD_IN 31278mW/22252mW/32204mW VDD_CPU_GPU_CV 19037mW/13345mW/20388mW VDD_SOC 5136mW/3728mW/5144mW
08-10-2026 23:59:18 RAM 12220/15599MB (lfb 1x4MB) CPU [100%@1984,100%@1984,100%@1984,100%@1984,100%@1984,100%@1984,100%@1984,100%@1984] GR3D_FREQ 99% cv0@70.531C/70.531C cpu@75.093C/75.093C soc2@67.343C/67.343C soc0@68.781C/68.781C cv1@69.312C/69.312C gpu@74.593C/75.156C tj@75.093C/75.156C soc1@66.593C/66.625C cv2@65.093C/65.093C VDD_IN 31238mW/22299mW/32204mW VDD_CPU_GPU_CV 18878mW/13373mW/20388mW VDD_SOC 5184mW/3735mW/5184mW
08-10-2026 23:59:19 RAM 12220/15599MB (lfb 1x4MB) CPU [100%@1984,100%@1984,100%@1984,100%@1984,100%@1984,100%@1984,100%@1984,100%@1984] GR3D_FREQ 99% cv0@70.406C/70.531C cpu@75.062C/75.093C soc2@67.375C/67.375C soc0@68.75C/68.781C cv1@69.437C/69.437C gpu@75.125C/75.156C tj@75.125C/75.156C soc1@66.593C/66.625C cv2@65.218C/65.218C VDD_IN 31359mW/22346mW/32204mW VDD_CPU_GPU_CV 19037mW/13403mW/20388mW VDD_SOC 5176mW/3743mW/5184mW
08-10-2026 23:59:19 RAM 12220/15599MB (lfb 1x4MB) CPU [100%@1984,100%@1984,100%@1984,100%@1984,100%@1984,100%@1984,100%@1984,100%@1984] GR3D_FREQ 99% cv0@70.406C/70.531C cpu@75.187C/75.187C soc2@67.375C/67.375C soc0@68.937C/68.937C cv1@69.437C/69.437C gpu@75.218C/75.218C tj@75.218C/75.218C soc1@66.75C/66.75C cv2@65.156C/65.218C VDD_IN 31319mW/22392mW/32204mW VDD_CPU_GPU_CV 18997mW/13432mW/20388mW VDD_SOC 5184mW/3750mW/5184mW
08-10-2026 23:59:19 RAM 12220/15599MB (lfb 1x4MB) CPU [100%@1984,100%@1984,100%@1984,100%@1984,100%@1984,100%@1984,100%@1984,100%@1984] GR3D_FREQ 99% cv0@70.687C/70.687C cpu@75.031C/75.187C soc2@67.437C/67.437C soc0@68.906C/68.937C cv1@69.468C/69.468C gpu@75.093C/75.218C tj@75.093C/75.218C soc1@66.75C/66.75C cv2@65.187C/65.218C VDD_IN 31309mW/22438mW/32204mW VDD_CPU_GPU_CV 18997mW/13460mW/20388mW VDD_SOC 5176mW/3757mW/5184mW
08-10-2026 23:59:19 RAM 12220/15599MB (lfb 1x4MB) CPU [100%@1984,100%@1984,100%@1984,100%@1984,100%@1984,100%@1984,100%@1984,100%@1984] GR3D_FREQ 99% cv0@70.718C/70.718C cpu@75.156C/75.187C soc2@67.531C/67.531C soc0@68.937C/68.937C cv1@69.468C/69.468C gpu@75.062C/75.218C tj@75.156C/75.218C soc1@66.937C/66.937C cv2@65.25C/65.25C VDD_IN 31309mW/22483mW/32204mW VDD_CPU_GPU_CV 19037mW/13489mW/20388mW VDD_SOC 5176mW/3765mW/5184mW
08-10-2026 23:59:19 RAM 12220/15599MB (lfb 1x4MB) CPU [100%@1984,100%@1984,100%@1984,100%@1984,100%@1984,100%@1984,100%@1984,100%@1984] GR3D_FREQ 99% cv0@70.656C/70.718C cpu@75.25C/75.25C soc2@67.625C/67.625C soc0@68.968C/68.968C cv1@69.562C/69.562C gpu@74.968C/75.218C tj@75.25C/75.25C soc1@66.781C/66.937C cv2@65.281C/65.281C VDD_IN 31229mW/22527mW/32204mW VDD_CPU_GPU_CV 18957mW/13516mW/20388mW VDD_SOC 5184mW/3772mW/5184mW
08-10-2026 23:59:20 RAM 11700/15599MB (lfb 1x4MB) CPU [100%@1984,100%@1984,100%@1984,100%@1984,100%@1984,100%@1984,100%@1984,100%@1984] GR3D_FREQ 98% cv0@70.781C/70.781C cpu@75.625C/75.625C soc2@67.718C/67.718C soc0@69.062C/69.062C cv1@69.656C/69.656C gpu@74.906C/75.218C tj@75.625C/75.625C soc1@66.906C/66.937C cv2@65.406C/65.406C VDD_IN 31349mW/22572mW/32204mW VDD_CPU_GPU_CV 18510mW/13542mW/20388mW VDD_SOC 5497mW/3781mW/5497mW
08-10-2026 23:59:20 RAM 11352/15599MB (lfb 1x4MB) CPU [100%@1984,100%@1984,100%@1984,100%@1984,100%@1984,100%@1984,100%@1984,100%@1984] GR3D_FREQ 98% cv0@70.812C/70.812C cpu@75.531C/75.625C soc2@67.687C/67.718C soc0@69.062C/69.062C cv1@69.656C/69.656C gpu@74.968C/75.218C tj@75.687C/75.687C soc1@67.062C/67.062C cv2@65.375C/65.406C VDD_IN 31711mW/22618mW/32204mW VDD_CPU_GPU_CV 18282mW/13565mW/20388mW VDD_SOC 5738mW/3790mW/5738mW
08-10-2026 23:59:20 RAM 11164/15599MB (lfb 1x4MB) CPU [100%@1984,100%@1984,100%@1984,100%@1984,100%@1984,100%@1984,100%@1984,100%@1984] GR3D_FREQ 99% cv0@71C/71C cpu@75.625C/75.625C soc2@67.718C/67.718C soc0@69.093C/69.093C cv1@69.687C/69.687C gpu@74.843C/75.218C tj@75.625C/75.687C soc1@66.968C/67.062C cv2@65.468C/65.468C VDD_IN 31872mW/22664mW/32204mW VDD_CPU_GPU_CV 18163mW/13588mW/20388mW VDD_SOC 5858mW/3801mW/5858mW
08-10-2026 23:59:20 RAM 9939/15599MB (lfb 1x4MB) CPU [100%@1984,100%@1984,100%@1984,100%@1984,100%@1984,100%@1984,100%@1984,100%@1984] GR3D_FREQ 99% cv0@71.031C/71.031C cpu@75.781C/75.781C soc2@67.718C/67.718C soc0@69.156C/69.156C cv1@69.812C/69.812C gpu@74.781C/75.218C tj@75.781C/75.781C soc1@66.968C/67.062C cv2@65.593C/65.593C VDD_IN 31872mW/22710mW/32204mW VDD_CPU_GPU_CV 17993mW/13610mW/20388mW VDD_SOC 5979mW/3812mW/5979mW
08-10-2026 23:59:20 RAM 9309/15599MB (lfb 1x4MB) CPU [100%@1984,100%@1984,100%@1984,100%@1984,100%@1984,100%@1984,100%@1984,100%@1984] GR3D_FREQ 99% cv0@71.062C/71.062C cpu@75.812C/75.812C soc2@67.718C/67.718C soc0@69.281C/69.281C cv1@70C/70C gpu@74.812C/75.218C tj@75.812C/75.812C soc1@67.062C/67.062C cv2@65.562C/65.593C VDD_IN 31751mW/22755mW/32204mW VDD_CPU_GPU_CV 17833mW/13631mW/20388mW VDD_SOC 5979mW/3822mW/5979mW
08-10-2026 23:59:21 RAM 8796/15599MB (lfb 2x4MB) CPU [100%@1984,100%@1984,100%@1984,100%@1984,100%@1984,100%@1984,100%@1984,100%@1984] GR3D_FREQ 99% cv0@71.093C/71.093C cpu@75.718C/75.812C soc2@67.781C/67.781C soc0@69.343C/69.343C cv1@69.937C/70C gpu@75.187C/75.218C tj@75.718C/75.812C soc1@67.156C/67.156C cv2@65.718C/65.718C VDD_IN 31872mW/22799mW/32204mW VDD_CPU_GPU_CV 17845mW/13652mW/20388mW VDD_SOC 6019mW/3833mW/6019mW
08-10-2026 23:59:21 RAM 8799/15599MB (lfb 1x4MB) CPU [100%@1984,100%@1984,100%@1984,100%@1984,100%@1984,100%@1984,100%@1984,100%@1984] GR3D_FREQ 99% cv0@71.187C/71.187C cpu@75.75C/75.812C soc2@67.875C/67.875C soc0@69.343C/69.343C cv1@69.968C/70C gpu@75.312C/75.312C tj@75.75C/75.812C soc1@67.187C/67.187C cv2@65.656C/65.718C VDD_IN 32073mW/22845mW/32204mW VDD_CPU_GPU_CV 17964mW/13673mW/20388mW VDD_SOC 6059mW/3844mW/6059mW
08-10-2026 23:59:21 RAM 8797/15599MB (lfb 1x4MB) CPU [100%@1984,100%@1984,100%@1984,100%@1984,100%@1984,100%@1984,100%@1984,100%@1984] GR3D_FREQ 99% cv0@71.343C/71.343C cpu@75.875C/75.875C soc2@67.968C/67.968C soc0@69.312C/69.343C cv1@70.031C/70.031C gpu@75.343C/75.343C tj@75.875C/75.875C soc1@67.187C/67.187C cv2@65.843C/65.843C VDD_IN 32274mW/22891mW/32274mW VDD_CPU_GPU_CV 18123mW/13695mW/20388mW VDD_SOC 6059mW/3855mW/6059mW
08-10-2026 23:59:21 RAM 8797/15599MB (lfb 1x4MB) CPU [100%@1984,100%@1984,100%@1984,100%@1984,100%@1984,100%@1984,100%@1984,100%@1984] GR3D_FREQ 99% cv0@71.406C/71.406C cpu@75.968C/75.968C soc2@68.062C/68.062C soc0@69.468C/69.468C cv1@70.156C/70.156C gpu@75.25C/75.343C tj@75.968C/75.968C soc1@67.281C/67.281C cv2@65.718C/65.843C VDD_IN 32354mW/22937mW/32354mW VDD_CPU_GPU_CV 18202mW/13717mW/20388mW VDD_SOC 6059mW/3866mW/6059mW
08-10-2026 23:59:21 RAM 8797/15599MB (lfb 1x4MB) CPU [100%@1984,100%@1984,100%@1984,100%@1984,100%@1984,100%@1984,100%@1984,100%@1984] GR3D_FREQ 99% cv0@71.375C/71.406C cpu@76.125C/76.125C soc2@68.062C/68.062C soc0@69.531C/69.531C cv1@70.25C/70.25C gpu@75.437C/75.437C tj@76.125C/76.125C soc1@67.281C/67.281C cv2@65.75C/65.843C VDD_IN 32354mW/22982mW/32354mW VDD_CPU_GPU_CV 18202mW/13738mW/20388mW VDD_SOC 6059mW/3876mW/6059mW
08-10-2026 23:59:22 RAM 8797/15599MB (lfb 1x4MB) CPU [100%@1984,100%@1984,100%@1984,100%@1984,100%@1984,100%@1984,100%@1984,100%@1984] GR3D_FREQ 99% cv0@71.406C/71.406C cpu@76C/76.125C soc2@68.062C/68.062C soc0@69.531C/69.531C cv1@70.187C/70.25C gpu@75.375C/75.437C tj@76C/76.125C soc1@67.437C/67.437C cv2@65.875C/65.875C VDD_IN 32475mW/23028mW/32475mW VDD_CPU_GPU_CV 18242mW/13760mW/20388mW VDD_SOC 6099mW/3887mW/6099mW
08-10-2026 23:59:22 RAM 7539/15599MB (lfb 27x4MB) CPU [100%@1984,100%@1984,100%@1984,100%@1984,100%@1984,100%@1984,100%@1984,100%@1984] GR3D_FREQ 0% cv0@71.187C/71.406C cpu@76.125C/76.125C soc2@68.062C/68.062C soc0@69.437C/69.531C cv1@70.156C/70.25C gpu@73.312C/75.437C tj@76.125C/76.125C soc1@67.406C/67.437C cv2@65.812C/65.875C VDD_IN 25845mW/23041mW/32475mW VDD_CPU_GPU_CV 14400mW/13763mW/20388mW VDD_SOC 4798mW/3891mW/6099mW
08-10-2026 23:59:22 RAM 6200/15599MB (lfb 36x4MB) CPU [100%@1984,100%@1984,100%@1984,100%@1984,100%@1984,100%@1984,100%@1984,100%@1984] GR3D_FREQ 0% cv0@71.187C/71.406C cpu@75.875C/76.125C soc2@67.843C/68.062C soc0@69.468C/69.531C cv1@70.031C/70.25C gpu@72.375C/75.437C tj@75.875C/76.125C soc1@67.437C/67.437C cv2@65.843C/65.875C VDD_IN 21309mW/23033mW/32475mW VDD_CPU_GPU_CV 11816mW/13754mW/20388mW VDD_SOC 4044mW/3892mW/6099mW
08-10-2026 23:59:22 RAM 6098/15599MB (lfb 36x4MB) CPU [100%@1984,100%@1984,100%@1984,100%@1984,100%@1984,100%@1984,100%@1984,100%@1984] GR3D_FREQ 0% cv0@71.187C/71.406C cpu@75.843C/76.125C soc2@67.75C/68.062C soc0@69.343C/69.531C cv1@69.968C/70.25C gpu@72.187C/75.437C tj@75.843C/76.125C soc1@67.343C/67.437C cv2@65.843C/65.875C VDD_IN 18421mW/23011mW/32475mW VDD_CPU_GPU_CV 10160mW/13737mW/20388mW VDD_SOC 3484mW/3890mW/6099mW
08-10-2026 23:59:22 RAM 5545/15599MB (lfb 59x4MB) CPU [100%@1984,100%@1984,100%@1984,100%@1984,100%@1984,100%@1984,100%@1984,100%@1984] GR3D_FREQ 0% cv0@71.125C/71.406C cpu@75.656C/76.125C soc2@67.687C/68.062C soc0@69.25C/69.531C cv1@70.031C/70.25C gpu@71.968C/75.437C tj@75.656C/76.125C soc1@67.375C/67.437C cv2@65.843C/65.875C VDD_IN 16717mW/22982mW/32475mW VDD_CPU_GPU_CV 9167mW/13715mW/20388mW VDD_SOC 3205mW/3887mW/6099mW
08-10-2026 23:59:23 RAM 4292/15599MB (lfb 166x4MB) CPU [100%@1984,100%@1984,100%@1984,100%@1984,100%@1984,100%@1984,100%@1984,100%@1984] GR3D_FREQ 0% cv0@70.906C/71.406C cpu@75.656C/76.125C soc2@67.625C/68.062C soc0@69.281C/69.531C cv1@70.062C/70.25C gpu@71.656C/75.437C tj@75.656C/76.125C soc1@67.406C/67.437C cv2@65.625C/65.875C VDD_IN 15687mW/22947mW/32475mW VDD_CPU_GPU_CV 8534mW/13691mW/20388mW VDD_SOC 3043mW/3883mW/6099mW
08-10-2026 23:59:23 RAM 3521/15599MB (lfb 259x4MB) CPU [100%@1984,100%@1984,100%@1984,100%@1984,100%@1984,100%@1984,100%@1984,100%@1984] GR3D_FREQ 0% cv0@70.968C/71.406C cpu@75.312C/76.125C soc2@67.375C/68.062C soc0@69.281C/69.531C cv1@70.031C/70.25C gpu@71.656C/75.437C tj@75.312C/76.125C soc1@67.375C/67.437C cv2@65.593C/65.875C VDD_IN 14914mW/22910mW/32475mW VDD_CPU_GPU_CV 8130mW/13665mW/20388mW VDD_SOC 2885mW/3878mW/6099mW
08-10-2026 23:59:23 RAM 3521/15599MB (lfb 259x4MB) CPU [100%@1984,100%@1984,100%@1984,100%@1984,100%@1984,100%@1984,100%@1984,100%@1984] GR3D_FREQ 0% cv0@71.062C/71.406C cpu@75.343C/76.125C soc2@67.312C/68.062C soc0@69.062C/69.531C cv1@69.906C/70.25C gpu@71.562C/75.437C tj@75.343C/76.125C soc1@67.468C/67.468C cv2@65.656C/65.875C VDD_IN 14287mW/22870mW/32475mW VDD_CPU_GPU_CV 7887mW/13638mW/20388mW VDD_SOC 2763mW/3873mW/6099mW
08-10-2026 23:59:23 RAM 3521/15599MB (lfb 259x4MB) CPU [100%@1984,100%@1984,100%@1984,100%@1984,100%@1984,100%@1984,100%@1984,100%@1984] GR3D_FREQ 0% cv0@70.937C/71.406C cpu@75.312C/76.125C soc2@67.25C/68.062C soc0@69.093C/69.531C cv1@69.875C/70.25C gpu@71.531C/75.437C tj@75.312C/76.125C soc1@67.343C/67.468C cv2@65.625C/65.875C VDD_IN 13839mW/22828mW/32475mW VDD_CPU_GPU_CV 7778mW/13611mW/20388mW VDD_SOC 2682mW/3867mW/6099mW
08-10-2026 23:59:23 RAM 3521/15599MB (lfb 259x4MB) CPU [100%@1984,100%@1984,100%@1984,100%@1984,100%@1984,100%@1984,100%@1984,100%@1984] GR3D_FREQ 0% cv0@71C/71.406C cpu@75.343C/76.125C soc2@67.281C/68.062C soc0@69.062C/69.531C cv1@69.906C/70.25C gpu@71.25C/75.437C tj@75.343C/76.125C soc1@67.25C/67.468C cv2@65.625C/65.875C VDD_IN 13595mW/22785mW/32475mW VDD_CPU_GPU_CV 7697mW/13584mW/20388mW VDD_SOC 2600mW/3862mW/6099mW
08-10-2026 23:59:24 RAM 3521/15599MB (lfb 259x4MB) CPU [100%@1984,100%@1984,100%@1984,100%@1984,100%@1984,100%@1984,100%@1984,100%@1984] GR3D_FREQ 0% cv0@70.75C/71.406C cpu@75.218C/76.125C soc2@67.25C/68.062C soc0@69.031C/69.531C cv1@69.812C/70.25C gpu@71.5C/75.437C tj@75.218C/76.125C soc1@67.343C/67.468C cv2@65.406C/65.875C VDD_IN 13432mW/22743mW/32475mW VDD_CPU_GPU_CV 7656mW/13556mW/20388mW VDD_SOC 2564mW/3856mW/6099mW
08-10-2026 23:59:24 RAM 3521/15599MB (lfb 259x4MB) CPU [100%@1984,100%@1984,100%@1984,100%@1984,100%@1984,100%@1984,100%@1984,100%@1984] GR3D_FREQ 0% cv0@70.812C/71.406C cpu@75.187C/76.125C soc2@67.218C/68.062C soc0@69C/69.531C cv1@69.906C/70.25C gpu@71.218C/75.437C tj@75.187C/76.125C soc1@67.312C/67.468C cv2@65.5C/65.875C VDD_IN 13310mW/22699mW/32475mW VDD_CPU_GPU_CV 7616mW/13529mW/20388mW VDD_SOC 2564mW/3850mW/6099mW
08-10-2026 23:59:24 RAM 3521/15599MB (lfb 259x4MB) CPU [100%@1984,100%@1984,100%@1984,100%@1984,100%@1984,100%@1984,100%@1984,100%@1984] GR3D_FREQ 0% cv0@70.843C/71.406C cpu@75.062C/76.125C soc2@67.093C/68.062C soc0@68.906C/69.531C cv1@69.75C/70.25C gpu@71.281C/75.437C tj@75.062C/76.125C soc1@67.375C/67.468C cv2@65.437C/65.875C VDD_IN 13269mW/22657mW/32475mW VDD_CPU_GPU_CV 7575mW/13502mW/20388mW VDD_SOC 2523mW/3844mW/6099mW
08-10-2026 23:59:24 RAM 3521/15599MB (lfb 259x4MB) CPU [100%@1984,100%@1984,100%@1984,100%@1984,100%@1984,100%@1984,100%@1984,100%@1984] GR3D_FREQ 0% cv0@70.718C/71.406C cpu@75C/76.125C soc2@67.093C/68.062C soc0@68.875C/69.531C cv1@69.687C/70.25C gpu@71.125C/75.437C tj@75C/76.125C soc1@67.375C/67.468C cv2@65.437C/65.875C VDD_IN 13188mW/22614mW/32475mW VDD_CPU_GPU_CV 7535mW/13475mW/20388mW VDD_SOC 2523mW/3838mW/6099mW
08-10-2026 23:59:25 RAM 3521/15599MB (lfb 259x4MB) CPU [100%@1984,100%@1984,100%@1984,100%@1984,100%@1984,100%@1984,100%@1984,100%@1984] GR3D_FREQ 0% cv0@70.656C/71.406C cpu@74.968C/76.125C soc2@67.062C/68.062C soc0@68.906C/69.531C cv1@69.718C/70.25C gpu@71.156C/75.437C tj@74.968C/76.125C soc1@67.218C/67.468C cv2@65.5C/65.875C VDD_IN 13106mW/22571mW/32475mW VDD_CPU_GPU_CV 7494mW/13448mW/20388mW VDD_SOC 2523mW/3832mW/6099mW
08-10-2026 23:59:25 RAM 3518/15599MB (lfb 258x4MB) CPU [100%@1984,100%@1984,100%@1984,100%@1984,100%@1984,100%@1984,100%@1984,100%@1984] GR3D_FREQ 0% cv0@70.593C/71.406C cpu@75.031C/76.125C soc2@67.031C/68.062C soc0@68.843C/69.531C cv1@69.687C/70.25C gpu@71C/75.437C tj@75.031C/76.125C soc1@67.218C/67.468C cv2@65.312C/65.875C VDD_IN 13065mW/22528mW/32475mW VDD_CPU_GPU_CV 7454mW/13421mW/20388mW VDD_SOC 2523mW/3826mW/6099mW
08-10-2026 23:59:25 RAM 3518/15599MB (lfb 258x4MB) CPU [100%@1984,100%@1984,100%@1984,100%@1984,100%@1984,100%@1984,100%@1984,100%@1984] GR3D_FREQ 0% cv0@70.593C/71.406C cpu@74.843C/76.125C soc2@67.093C/68.062C soc0@68.843C/69.531C cv1@69.625C/70.25C gpu@71.25C/75.437C tj@74.843C/76.125C soc1@67.218C/67.468C cv2@65.281C/65.875C VDD_IN 13065mW/22486mW/32475mW VDD_CPU_GPU_CV 7454mW/13395mW/20388mW VDD_SOC 2523mW/3820mW/6099mW
08-10-2026 23:59:25 RAM 3518/15599MB (lfb 258x4MB) CPU [100%@1984,100%@1984,100%@1984,100%@1984,100%@1984,100%@1984,100%@1984,100%@1984] GR3D_FREQ 0% cv0@70.625C/71.406C cpu@74.906C/76.125C soc2@66.968C/68.062C soc0@68.781C/69.531C cv1@69.687C/70.25C gpu@71.031C/75.437C tj@74.906C/76.125C soc1@67.218C/67.468C cv2@65.281C/65.875C VDD_IN 13025mW/22444mW/32475mW VDD_CPU_GPU_CV 7454mW/13368mW/20388mW VDD_SOC 2523mW/3814mW/6099mW
08-10-2026 23:59:25 RAM 3518/15599MB (lfb 258x4MB) CPU [100%@1984,100%@1984,100%@1984,100%@1984,100%@1984,100%@1984,100%@1984,100%@1984] GR3D_FREQ 0% cv0@70.656C/71.406C cpu@74.843C/76.125C soc2@66.968C/68.062C soc0@68.718C/69.531C cv1@69.531C/70.25C gpu@71C/75.437C tj@74.812C/76.125C soc1@67.218C/67.468C cv2@65.375C/65.875C VDD_IN 13025mW/22402mW/32475mW VDD_CPU_GPU_CV 7413mW/13342mW/20388mW VDD_SOC 2523mW/3809mW/6099mW
08-10-2026 23:59:26 RAM 3518/15599MB (lfb 258x4MB) CPU [100%@1984,100%@1984,100%@1984,100%@1984,100%@1984,100%@1984,100%@1984,100%@1984] GR3D_FREQ 0% cv0@70.562C/71.406C cpu@74.906C/76.125C soc2@66.968C/68.062C soc0@68.812C/69.531C cv1@69.593C/70.25C gpu@71.125C/75.437C tj@74.906C/76.125C soc1@67.156C/67.468C cv2@65.375C/65.875C VDD_IN 13025mW/22361mW/32475mW VDD_CPU_GPU_CV 7413mW/13316mW/20388mW VDD_SOC 2523mW/3803mW/6099mW
08-10-2026 23:59:26 RAM 3519/15599MB (lfb 259x4MB) CPU [100%@1984,100%@1984,100%@1984,100%@1984,100%@1984,100%@1984,100%@1984,100%@1984] GR3D_FREQ 0% cv0@70.437C/71.406C cpu@75.062C/76.125C soc2@67C/68.062C soc0@68.843C/69.531C cv1@69.625C/70.25C gpu@70.968C/75.437C tj@75.062C/76.125C soc1@67.187C/67.468C cv2@65.25C/65.875C VDD_IN 13025mW/22320mW/32475mW VDD_CPU_GPU_CV 7413mW/13290mW/20388mW VDD_SOC 2523mW/3797mW/6099mW
08-10-2026 23:59:26 RAM 3519/15599MB (lfb 259x4MB) CPU [100%@1984,100%@1984,100%@1984,100%@1984,100%@1984,100%@1984,100%@1984,100%@1984] GR3D_FREQ 0% cv0@70.5C/71.406C cpu@74.906C/76.125C soc2@66.937C/68.062C soc0@68.75C/69.531C cv1@69.625C/70.25C gpu@70.812C/75.437C tj@74.718C/76.125C soc1@67.125C/67.468C cv2@65.25C/65.875C VDD_IN 13025mW/22279mW/32475mW VDD_CPU_GPU_CV 7413mW/13264mW/20388mW VDD_SOC 2523mW/3792mW/6099mW
08-10-2026 23:59:26 RAM 3519/15599MB (lfb 259x4MB) CPU [100%@1984,100%@1984,100%@1984,100%@1984,100%@1984,100%@1984,100%@1984,100%@1984] GR3D_FREQ 0% cv0@70.468C/71.406C cpu@75.031C/76.125C soc2@66.812C/68.062C soc0@68.781C/69.531C cv1@69.593C/70.25C gpu@71.093C/75.437C tj@75.031C/76.125C soc1@67.187C/67.468C cv2@65.187C/65.875C VDD_IN 13025mW/22239mW/32475mW VDD_CPU_GPU_CV 7413mW/13239mW/20388mW VDD_SOC 2523mW/3786mW/6099mW
08-10-2026 23:59:26 RAM 3519/15599MB (lfb 259x4MB) CPU [100%@1984,100%@1984,100%@1984,100%@1984,100%@1984,100%@1984,100%@1984,100%@1984] GR3D_FREQ 0% cv0@70.437C/71.406C cpu@74.75C/76.125C soc2@66.843C/68.062C soc0@68.656C/69.531C cv1@69.468C/70.25C gpu@70.75C/75.437C tj@74.843C/76.125C soc1@67.062C/67.468C cv2@65.25C/65.875C VDD_IN 13025mW/22199mW/32475mW VDD_CPU_GPU_CV 7413mW/13214mW/20388mW VDD_SOC 2523mW/3781mW/6099mW
08-10-2026 23:59:27 RAM 3519/15599MB (lfb 259x4MB) CPU [100%@1984,100%@1984,100%@1984,100%@1984,100%@1984,100%@1984,100%@1984,100%@1984] GR3D_FREQ 0% cv0@70.562C/71.406C cpu@74.843C/76.125C soc2@66.781C/68.062C soc0@68.718C/69.531C cv1@69.468C/70.25C gpu@70.968C/75.437C tj@74.843C/76.125C soc1@67.093C/67.468C cv2@65.25C/65.875C VDD_IN 13025mW/22160mW/32475mW VDD_CPU_GPU_CV 7413mW/13189mW/20388mW VDD_SOC 2523mW/3775mW/6099mW
08-10-2026 23:59:27 RAM 3517/15599MB (lfb 260x4MB) CPU [100%@1984,100%@1984,100%@1984,100%@1984,100%@1984,100%@1984,100%@1984,100%@1984] GR3D_FREQ 0% cv0@70.5C/71.406C cpu@74.75C/76.125C soc2@66.843C/68.062C soc0@68.687C/69.531C cv1@69.468C/70.25C gpu@70.75C/75.437C tj@74.75C/76.125C soc1@67.062C/67.468C cv2@65.25C/65.875C VDD_IN 13025mW/22121mW/32475mW VDD_CPU_GPU_CV 7413mW/13164mW/20388mW VDD_SOC 2523mW/3770mW/6099mW
08-10-2026 23:59:27 RAM 3517/15599MB (lfb 260x4MB) CPU [100%@1984,100%@1984,100%@1984,100%@1984,100%@1984,100%@1984,100%@1984,100%@1984] GR3D_FREQ 0% cv0@70.312C/71.406C cpu@74.875C/76.125C soc2@66.875C/68.062C soc0@68.656C/69.531C cv1@69.531C/70.25C gpu@70.718C/75.437C tj@74.875C/76.125C soc1@67.031C/67.468C cv2@65.093C/65.875C VDD_IN 13025mW/22082mW/32475mW VDD_CPU_GPU_CV 7413mW/13139mW/20388mW VDD_SOC 2523mW/3765mW/6099mW
08-10-2026 23:59:27 RAM 3517/15599MB (lfb 260x4MB) CPU [100%@1984,100%@1984,100%@1984,100%@1984,100%@1984,100%@1984,100%@1984,100%@1984] GR3D_FREQ 0% cv0@70.375C/71.406C cpu@74.687C/76.125C soc2@66.781C/68.062C soc0@68.687C/69.531C cv1@69.468C/70.25C gpu@70.843C/75.437C tj@74.687C/76.125C soc1@67.062C/67.468C cv2@65.062C/65.875C VDD_IN 13025mW/22043mW/32475mW VDD_CPU_GPU_CV 7413mW/13115mW/20388mW VDD_SOC 2523mW/3759mW/6099mW
08-10-2026 23:59:27 RAM 3517/15599MB (lfb 260x4MB) CPU [100%@1984,100%@1984,100%@1984,100%@1984,100%@1984,100%@1984,100%@1984,100%@1984] GR3D_FREQ 0% cv0@70.343C/71.406C cpu@74.875C/76.125C soc2@66.75C/68.062C soc0@68.468C/69.531C cv1@69.468C/70.25C gpu@70.968C/75.437C tj@74.687C/76.125C soc1@67.125C/67.468C cv2@65.125C/65.875C VDD_IN 12984mW/22005mW/32475mW VDD_CPU_GPU_CV 7413mW/13091mW/20388mW VDD_SOC 2523mW/3754mW/6099mW
08-10-2026 23:59:28 RAM 3517/15599MB (lfb 260x4MB) CPU [100%@1984,100%@1984,100%@1984,100%@1984,100%@1984,100%@1984,100%@1984,100%@1984] GR3D_FREQ 0% cv0@70.437C/71.406C cpu@74.75C/76.125C soc2@66.812C/68.062C soc0@68.562C/69.531C cv1@69.406C/70.25C gpu@70.718C/75.437C tj@74.75C/76.125C soc1@67.031C/67.468C cv2@65.156C/65.875C VDD_IN 12984mW/21967mW/32475mW VDD_CPU_GPU_CV 7413mW/13067mW/20388mW VDD_SOC 2523mW/3749mW/6099mW
08-10-2026 23:59:28 RAM 3515/15599MB (lfb 260x4MB) CPU [100%@1984,100%@1984,100%@1984,100%@1984,100%@1984,100%@1984,100%@1984,100%@1984] GR3D_FREQ 0% cv0@70.218C/71.406C cpu@74.812C/76.125C soc2@66.781C/68.062C soc0@68.562C/69.531C cv1@69.468C/70.25C gpu@70.75C/75.437C tj@74.812C/76.125C soc1@67C/67.468C cv2@65.125C/65.875C VDD_IN 13025mW/21929mW/32475mW VDD_CPU_GPU_CV 7413mW/13043mW/20388mW VDD_SOC 2523mW/3744mW/6099mW
08-10-2026 23:59:28 RAM 3515/15599MB (lfb 260x4MB) CPU [100%@1984,100%@1984,100%@1984,100%@1984,100%@1984,100%@1984,100%@1984,100%@1984] GR3D_FREQ 0% cv0@70.25C/71.406C cpu@74.718C/76.125C soc2@66.75C/68.062C soc0@68.593C/69.531C cv1@69.468C/70.25C gpu@70.625C/75.437C tj@74.718C/76.125C soc1@66.968C/67.468C cv2@65.093C/65.875C VDD_IN 13025mW/21892mW/32475mW VDD_CPU_GPU_CV 7413mW/13020mW/20388mW VDD_SOC 2523mW/3739mW/6099mW
08-10-2026 23:59:28 RAM 3515/15599MB (lfb 260x4MB) CPU [100%@1984,100%@1984,100%@1984,100%@1984,100%@1984,100%@1984,100%@1984,100%@1984] GR3D_FREQ 0% cv0@70.281C/71.406C cpu@74.718C/76.125C soc2@66.687C/68.062C soc0@68.5C/69.531C cv1@69.468C/70.25C gpu@70.625C/75.437C tj@74.718C/76.125C soc1@67.062C/67.468C cv2@65.031C/65.875C VDD_IN 13025mW/21855mW/32475mW VDD_CPU_GPU_CV 7413mW/12996mW/20388mW VDD_SOC 2523mW/3734mW/6099mW
08-10-2026 23:59:28 RAM 3515/15599MB (lfb 260x4MB) CPU [100%@1984,100%@1984,100%@1984,100%@1984,100%@1984,100%@1984,100%@1984,100%@1984] GR3D_FREQ 0% cv0@70.25C/71.406C cpu@74.656C/76.125C soc2@66.718C/68.062C soc0@68.468C/69.531C cv1@69.406C/70.25C gpu@70.75C/75.437C tj@74.656C/76.125C soc1@67.093C/67.468C cv2@65C/65.875C VDD_IN 13025mW/21818mW/32475mW VDD_CPU_GPU_CV 7413mW/12973mW/20388mW VDD_SOC 2523mW/3729mW/6099mW
08-10-2026 23:59:29 RAM 3515/15599MB (lfb 260x4MB) CPU [100%@1984,100%@1984,100%@1984,100%@1984,100%@1984,100%@1984,100%@1984,100%@1984] GR3D_FREQ 0% cv0@70.343C/71.406C cpu@74.75C/76.125C soc2@66.718C/68.062C soc0@68.5C/69.531C cv1@69.437C/70.25C gpu@70.625C/75.437C tj@74.75C/76.125C soc1@67.031C/67.468C cv2@65.062C/65.875C VDD_IN 13025mW/21782mW/32475mW VDD_CPU_GPU_CV 7413mW/12950mW/20388mW VDD_SOC 2523mW/3724mW/6099mW
08-10-2026 23:59:29 RAM 3513/15599MB (lfb 261x4MB) CPU [100%@1984,100%@1984,100%@1984,100%@1984,100%@1984,100%@1984,100%@1984,100%@1984] GR3D_FREQ 0% cv0@70.25C/71.406C cpu@74.718C/76.125C soc2@66.718C/68.062C soc0@68.531C/69.531C cv1@69.406C/70.25C gpu@70.562C/75.437C tj@74.562C/76.125C soc1@67C/67.468C cv2@64.968C/65.875C VDD_IN 13025mW/21746mW/32475mW VDD_CPU_GPU_CV 7413mW/12927mW/20388mW VDD_SOC 2523mW/3719mW/6099mW
08-10-2026 23:59:29 RAM 3513/15599MB (lfb 261x4MB) CPU [100%@1984,100%@1984,100%@1984,100%@1984,100%@1984,100%@1984,100%@1984,100%@1984] GR3D_FREQ 0% cv0@70.187C/71.406C cpu@74.718C/76.125C soc2@66.625C/68.062C soc0@68.562C/69.531C cv1@69.437C/70.25C gpu@70.75C/75.437C tj@74.718C/76.125C soc1@66.968C/67.468C cv2@65.031C/65.875C VDD_IN 13025mW/21710mW/32475mW VDD_CPU_GPU_CV 7413mW/12905mW/20388mW VDD_SOC 2523mW/3714mW/6099mW
08-10-2026 23:59:29 RAM 3513/15599MB (lfb 261x4MB) CPU [100%@1984,100%@1984,100%@1984,100%@1984,100%@1984,100%@1984,100%@1984,100%@1984] GR3D_FREQ 0% cv0@70.187C/71.406C cpu@74.5C/76.125C soc2@66.625C/68.062C soc0@68.437C/69.531C cv1@69.531C/70.25C gpu@70.531C/75.437C tj@74.5C/76.125C soc1@67C/67.468C cv2@64.906C/65.875C VDD_IN 12984mW/21675mW/32475mW VDD_CPU_GPU_CV 7413mW/12882mW/20388mW VDD_SOC 2523mW/3709mW/6099mW
08-10-2026 23:59:29 RAM 3513/15599MB (lfb 261x4MB) CPU [100%@1984,100%@1984,100%@1984,100%@1984,100%@1984,100%@1984,100%@1984,100%@1984] GR3D_FREQ 0% cv0@70.187C/71.406C cpu@74.593C/76.125C soc2@66.718C/68.062C soc0@68.406C/69.531C cv1@69.343C/70.25C gpu@70.562C/75.437C tj@74.593C/76.125C soc1@67.031C/67.468C cv2@64.968C/65.875C VDD_IN 12984mW/21639mW/32475mW VDD_CPU_GPU_CV 7413mW/12860mW/20388mW VDD_SOC 2523mW/3704mW/6099mW
08-10-2026 23:59:30 RAM 3512/15599MB (lfb 261x4MB) CPU [100%@1984,100%@1984,100%@1984,100%@1984,100%@1984,100%@1984,100%@1984,100%@1984] GR3D_FREQ 0% cv0@70.375C/71.406C cpu@74.593C/76.125C soc2@66.687C/68.062C soc0@68.468C/69.531C cv1@69.343C/70.25C gpu@70.5C/75.437C tj@74.593C/76.125C soc1@66.906C/67.468C cv2@65C/65.875C VDD_IN 12984mW/21604mW/32475mW VDD_CPU_GPU_CV 7413mW/12838mW/20388mW VDD_SOC 2523mW/3699mW/6099mW
08-10-2026 23:59:30 RAM 3512/15599MB (lfb 261x4MB) CPU [100%@1984,100%@1984,100%@1984,100%@1984,100%@1984,100%@1984,100%@1984,100%@1984] GR3D_FREQ 0% cv0@70.187C/71.406C cpu@74.656C/76.125C soc2@66.656C/68.062C soc0@68.375C/69.531C cv1@69.281C/70.25C gpu@70.562C/75.437C tj@74.656C/76.125C soc1@66.843C/67.468C cv2@65.062C/65.875C VDD_IN 12984mW/21569mW/32475mW VDD_CPU_GPU_CV 7413mW/12816mW/20388mW VDD_SOC 2523mW/3695mW/6099mW
08-10-2026 23:59:30 RAM 3512/15599MB (lfb 261x4MB) CPU [100%@1984,100%@1984,100%@1984,100%@1984,100%@1984,100%@1984,100%@1984,100%@1984] GR3D_FREQ 0% cv0@70.187C/71.406C cpu@74.406C/76.125C soc2@66.562C/68.062C soc0@68.468C/69.531C cv1@69.281C/70.25C gpu@70.437C/75.437C tj@74.406C/76.125C soc1@66.968C/67.468C cv2@64.937C/65.875C VDD_IN 12984mW/21535mW/32475mW VDD_CPU_GPU_CV 7413mW/12794mW/20388mW VDD_SOC 2523mW/3690mW/6099mW
08-10-2026 23:59:30 RAM 3512/15599MB (lfb 261x4MB) CPU [100%@1984,100%@1984,100%@1984,100%@1984,100%@1984,100%@1984,100%@1984,100%@1984] GR3D_FREQ 0% cv0@70.125C/71.406C cpu@74.656C/76.125C soc2@66.5C/68.062C soc0@68.437C/69.531C cv1@69.406C/70.25C gpu@70.656C/75.437C tj@74.656C/76.125C soc1@66.968C/67.468C cv2@64.906C/65.875C VDD_IN 12984mW/21501mW/32475mW VDD_CPU_GPU_CV 7413mW/12773mW/20388mW VDD_SOC 2523mW/3685mW/6099mW
08-10-2026 23:59:31 RAM 3512/15599MB (lfb 261x4MB) CPU [100%@1984,100%@1984,100%@1984,100%@1984,100%@1984,100%@1984,100%@1984,100%@1984] GR3D_FREQ 0% cv0@70.187C/71.406C cpu@74.468C/76.125C soc2@66.531C/68.062C soc0@68.406C/69.531C cv1@69.281C/70.25C gpu@70.531C/75.437C tj@74.468C/76.125C soc1@66.968C/67.468C cv2@64.937C/65.875C VDD_IN 12984mW/21467mW/32475mW VDD_CPU_GPU_CV 7413mW/12751mW/20388mW VDD_SOC 2523mW/3681mW/6099mW
08-10-2026 23:59:31 RAM 3510/15599MB (lfb 261x4MB) CPU [100%@1984,100%@1984,100%@1984,100%@1984,100%@1984,100%@1984,100%@1984,100%@1984] GR3D_FREQ 0% cv0@70.218C/71.406C cpu@74.468C/76.125C soc2@66.468C/68.062C soc0@68.375C/69.531C cv1@69.25C/70.25C gpu@70.562C/75.437C tj@74.468C/76.125C soc1@66.937C/67.468C cv2@64.968C/65.875C VDD_IN 12984mW/21433mW/32475mW VDD_CPU_GPU_CV 7413mW/12730mW/20388mW VDD_SOC 2523mW/3676mW/6099mW
08-10-2026 23:59:31 RAM 3510/15599MB (lfb 261x4MB) CPU [100%@1984,100%@1984,100%@1984,100%@1984,100%@1984,100%@1984,100%@1984,100%@1984] GR3D_FREQ 0% cv0@70.187C/71.406C cpu@74.5C/76.125C soc2@66.562C/68.062C soc0@68.375C/69.531C cv1@69.25C/70.25C gpu@70.375C/75.437C tj@74.5C/76.125C soc1@66.843C/67.468C cv2@64.937C/65.875C VDD_IN 12984mW/21400mW/32475mW VDD_CPU_GPU_CV 7413mW/12709mW/20388mW VDD_SOC 2482mW/3671mW/6099mW
08-10-2026 23:59:31 RAM 3510/15599MB (lfb 261x4MB) CPU [100%@1984,100%@1984,100%@1984,100%@1984,100%@1984,100%@1984,100%@1984,100%@1984] GR3D_FREQ 0% cv0@70.062C/71.406C cpu@74.406C/76.125C soc2@66.562C/68.062C soc0@68.406C/69.531C cv1@69.218C/70.25C gpu@70.437C/75.437C tj@74.406C/76.125C soc1@66.968C/67.468C cv2@64.906C/65.875C VDD_IN 12984mW/21367mW/32475mW VDD_CPU_GPU_CV 7413mW/12688mW/20388mW VDD_SOC 2482mW/3667mW/6099mW
08-10-2026 23:59:31 RAM 3510/15599MB (lfb 261x4MB) CPU [100%@1984,100%@1984,100%@1984,100%@1984,100%@1984,100%@1984,100%@1984,100%@1984] GR3D_FREQ 0% cv0@70.062C/71.406C cpu@74.687C/76.125C soc2@66.437C/68.062C soc0@68.375C/69.531C cv1@69.312C/70.25C gpu@70.281C/75.437C tj@74.687C/76.125C soc1@66.875C/67.468C cv2@64.906C/65.875C VDD_IN 12984mW/21334mW/32475mW VDD_CPU_GPU_CV 7413mW/12668mW/20388mW VDD_SOC 2482mW/3662mW/6099mW
08-10-2026 23:59:32 RAM 3510/15599MB (lfb 261x4MB) CPU [100%@1984,100%@1984,100%@1984,100%@1984,100%@1984,100%@1984,100%@1984,100%@1984] GR3D_FREQ 0% cv0@70.031C/71.406C cpu@74.406C/76.125C soc2@66.468C/68.062C soc0@68.187C/69.531C cv1@69.218C/70.25C gpu@70.5C/75.437C tj@74.406C/76.125C soc1@66.968C/67.468C cv2@64.843C/65.875C VDD_IN 12984mW/21301mW/32475mW VDD_CPU_GPU_CV 7413mW/12647mW/20388mW VDD_SOC 2482mW/3657mW/6099mW
08-10-2026 23:59:32 RAM 3509/15599MB (lfb 262x4MB) CPU [100%@1984,100%@1984,100%@1984,100%@1984,100%@1984,100%@1984,100%@1984,100%@1984] GR3D_FREQ 0% cv0@70.156C/71.406C cpu@74.437C/76.125C soc2@66.437C/68.062C soc0@68.25C/69.531C cv1@69.093C/70.25C gpu@70.5C/75.437C tj@74.437C/76.125C soc1@66.968C/67.468C cv2@64.812C/65.875C VDD_IN 12984mW/21269mW/32475mW VDD_CPU_GPU_CV 7413mW/12627mW/20388mW VDD_SOC 2482mW/3653mW/6099mW
08-10-2026 23:59:32 RAM 3509/15599MB (lfb 262x4MB) CPU [100%@1984,100%@1984,100%@1984,100%@1984,100%@1984,100%@1984,100%@1984,100%@1984] GR3D_FREQ 0% cv0@70C/71.406C cpu@74.468C/76.125C soc2@66.437C/68.062C soc0@68.25C/69.531C cv1@69.156C/70.25C gpu@70.312C/75.437C tj@74.468C/76.125C soc1@66.781C/67.468C cv2@64.812C/65.875C VDD_IN 12984mW/21237mW/32475mW VDD_CPU_GPU_CV 7413mW/12607mW/20388mW VDD_SOC 2482mW/3648mW/6099mW
08-10-2026 23:59:32 RAM 3509/15599MB (lfb 262x4MB) CPU [100%@1984,100%@1984,100%@1984,100%@1984,100%@1984,100%@1984,100%@1984,100%@1984] GR3D_FREQ 0% cv0@70.031C/71.406C cpu@74.593C/76.125C soc2@66.468C/68.062C soc0@68.218C/69.531C cv1@69.156C/70.25C gpu@70.343C/75.437C tj@74.593C/76.125C soc1@66.843C/67.468C cv2@64.75C/65.875C VDD_IN 12984mW/21205mW/32475mW VDD_CPU_GPU_CV 7413mW/12587mW/20388mW VDD_SOC 2482mW/3644mW/6099mW
08-10-2026 23:59:32 RAM 3509/15599MB (lfb 262x4MB) CPU [100%@1984,100%@1984,100%@1984,100%@1984,100%@1984,100%@1984,100%@1984,100%@1984] GR3D_FREQ 0% cv0@70.031C/71.406C cpu@74.437C/76.125C soc2@66.468C/68.062C soc0@68.281C/69.531C cv1@69.187C/70.25C gpu@70.312C/75.437C tj@74.281C/76.125C soc1@66.781C/67.468C cv2@64.75C/65.875C VDD_IN 12984mW/21173mW/32475mW VDD_CPU_GPU_CV 7413mW/12567mW/20388mW VDD_SOC 2523mW/3639mW/6099mW
08-10-2026 23:59:33 RAM 3509/15599MB (lfb 262x4MB) CPU [100%@1984,100%@1984,100%@1984,100%@1984,100%@1984,100%@1984,100%@1984,100%@1984] GR3D_FREQ 0% cv0@70.031C/71.406C cpu@74.593C/76.125C soc2@66.437C/68.062C soc0@68.156C/69.531C cv1@69.062C/70.25C gpu@70.437C/75.437C tj@74.281C/76.125C soc1@66.843C/67.468C cv2@64.75C/65.875C VDD_IN 12984mW/21142mW/32475mW VDD_CPU_GPU_CV 7413mW/12547mW/20388mW VDD_SOC 2523mW/3635mW/6099mW
08-10-2026 23:59:33 RAM 3507/15599MB (lfb 262x4MB) CPU [100%@1984,100%@1984,100%@1984,100%@1984,100%@1984,100%@1984,100%@1984,100%@1984] GR3D_FREQ 0% cv0@70.062C/71.406C cpu@74.343C/76.125C soc2@66.406C/68.062C soc0@68.156C/69.531C cv1@69.062C/70.25C gpu@70.468C/75.437C tj@74.343C/76.125C soc1@66.937C/67.468C cv2@64.75C/65.875C VDD_IN 12984mW/21111mW/32475mW VDD_CPU_GPU_CV 7413mW/12527mW/20388mW VDD_SOC 2523mW/3631mW/6099mW
08-10-2026 23:59:33 RAM 3507/15599MB (lfb 262x4MB) CPU [100%@1984,100%@1984,100%@1984,100%@1984,100%@1984,100%@1984,100%@1984,100%@1984] GR3D_FREQ 0% cv0@70.031C/71.406C cpu@74.375C/76.125C soc2@66.437C/68.062C soc0@68.062C/69.531C cv1@69.093C/70.25C gpu@70.312C/75.437C tj@74.375C/76.125C soc1@66.718C/67.468C cv2@64.781C/65.875C VDD_IN 12984mW/21080mW/32475mW VDD_CPU_GPU_CV 7413mW/12508mW/20388mW VDD_SOC 2482mW/3627mW/6099mW
08-10-2026 23:59:33 RAM 3507/15599MB (lfb 262x4MB) CPU [100%@1984,100%@1984,100%@1984,100%@1984,100%@1984,100%@1984,100%@1984,100%@1984] GR3D_FREQ 0% cv0@69.968C/71.406C cpu@74.343C/76.125C soc2@66.343C/68.062C soc0@68.156C/69.531C cv1@69.062C/70.25C gpu@70.187C/75.437C tj@74.343C/76.125C soc1@66.656C/67.468C cv2@64.812C/65.875C VDD_IN 12984mW/21049mW/32475mW VDD_CPU_GPU_CV 7413mW/12489mW/20388mW VDD_SOC 2482mW/3622mW/6099mW
08-10-2026 23:59:33 RAM 3507/15599MB (lfb 262x4MB) CPU [100%@1984,100%@1984,100%@1984,100%@1984,100%@1984,100%@1984,100%@1984,100%@1984] GR3D_FREQ 0% cv0@70.031C/71.406C cpu@74.531C/76.125C soc2@66.312C/68.062C soc0@68.25C/69.531C cv1@69.125C/70.25C gpu@70.218C/75.437C tj@74.531C/76.125C soc1@66.781C/67.468C cv2@64.656C/65.875C VDD_IN 12984mW/21019mW/32475mW VDD_CPU_GPU_CV 7413mW/12469mW/20388mW VDD_SOC 2482mW/3618mW/6099mW
08-10-2026 23:59:34 RAM 3507/15599MB (lfb 262x4MB) CPU [100%@1984,100%@1984,100%@1984,100%@1984,100%@1984,100%@1984,100%@1984,100%@1984] GR3D_FREQ 0% cv0@69.937C/71.406C cpu@74.312C/76.125C soc2@66.281C/68.062C soc0@68.093C/69.531C cv1@69C/70.25C gpu@70.187C/75.437C tj@74.312C/76.125C soc1@66.75C/67.468C cv2@64.75C/65.875C VDD_IN 12984mW/20988mW/32475mW VDD_CPU_GPU_CV 7413mW/12450mW/20388mW VDD_SOC 2482mW/3614mW/6099mW
08-10-2026 23:59:34 RAM 3506/15599MB (lfb 263x4MB) CPU [100%@1984,100%@1984,100%@1984,100%@1984,100%@1984,100%@1984,100%@1984,100%@1984] GR3D_FREQ 0% cv0@69.937C/71.406C cpu@74.281C/76.125C soc2@66.343C/68.062C soc0@68.062C/69.531C cv1@69.031C/70.25C gpu@70.375C/75.437C tj@74.281C/76.125C soc1@66.843C/67.468C cv2@64.687C/65.875C VDD_IN 12984mW/20959mW/32475mW VDD_CPU_GPU_CV 7413mW/12432mW/20388mW VDD_SOC 2482mW/3609mW/6099mW
08-10-2026 23:59:34 RAM 3506/15599MB (lfb 263x4MB) CPU [100%@1984,100%@1984,100%@1984,100%@1984,100%@1984,100%@1984,100%@1984,100%@1984] GR3D_FREQ 0% cv0@70C/71.406C cpu@74.343C/76.125C soc2@66.312C/68.062C soc0@68.062C/69.531C cv1@69.031C/70.25C gpu@70.218C/75.437C tj@74.343C/76.125C soc1@66.593C/67.468C cv2@64.75C/65.875C VDD_IN 12984mW/20929mW/32475mW VDD_CPU_GPU_CV 7413mW/12413mW/20388mW VDD_SOC 2482mW/3605mW/6099mW
08-10-2026 23:59:34 RAM 3506/15599MB (lfb 263x4MB) CPU [100%@1984,100%@1984,100%@1984,100%@1984,100%@1984,100%@1984,100%@1984,100%@1984] GR3D_FREQ 0% cv0@69.843C/71.406C cpu@74.343C/76.125C soc2@66.343C/68.062C soc0@68.062C/69.531C cv1@69C/70.25C gpu@70.125C/75.437C tj@74.343C/76.125C soc1@66.687C/67.468C cv2@64.656C/65.875C VDD_IN 12984mW/20899mW/32475mW VDD_CPU_GPU_CV 7413mW/12394mW/20388mW VDD_SOC 2482mW/3601mW/6099mW
08-10-2026 23:59:34 RAM 3506/15599MB (lfb 263x4MB) CPU [100%@1984,100%@1984,100%@1984,100%@1984,100%@1984,100%@1984,100%@1984,100%@1984] GR3D_FREQ 0% cv0@69.906C/71.406C cpu@74.187C/76.125C soc2@66.312C/68.062C soc0@68.125C/69.531C cv1@69.125C/70.25C gpu@70.25C/75.437C tj@74.187C/76.125C soc1@66.593C/67.468C cv2@64.593C/65.875C VDD_IN 12984mW/20870mW/32475mW VDD_CPU_GPU_CV 7413mW/12376mW/20388mW VDD_SOC 2482mW/3597mW/6099mW
08-10-2026 23:59:35 RAM 3503/15599MB (lfb 263x4MB) CPU [100%@1984,100%@1984,100%@1984,100%@1984,100%@1984,100%@1984,100%@1984,100%@1984] GR3D_FREQ 0% cv0@69.843C/71.406C cpu@74.343C/76.125C soc2@66.281C/68.062C soc0@68.156C/69.531C cv1@69.125C/70.25C gpu@70.218C/75.437C tj@74.218C/76.125C soc1@66.625C/67.468C cv2@64.593C/65.875C VDD_IN 12984mW/20841mW/32475mW VDD_CPU_GPU_CV 7373mW/12357mW/20388mW VDD_SOC 2523mW/3593mW/6099mW
08-10-2026 23:59:35 RAM 2621/15599MB (lfb 359x4MB) CPU [100%@1984,100%@1984,100%@1984,100%@1984,100%@1984,100%@1984,100%@1984,100%@1984] GR3D_FREQ 0% cv0@69.781C/71.406C cpu@74.156C/76.125C soc2@66.218C/68.062C soc0@68.062C/69.531C cv1@68.906C/70.25C gpu@70.218C/75.437C tj@74.156C/76.125C soc1@66.656C/67.468C cv2@64.625C/65.875C VDD_IN 13106mW/20812mW/32475mW VDD_CPU_GPU_CV 7332mW/12339mW/20388mW VDD_SOC 2523mW/3589mW/6099mW
08-10-2026 23:59:35 RAM 2621/15599MB (lfb 397x4MB) CPU [100%@1984,100%@1984,100%@1984,100%@1984,100%@1984,100%@1984,100%@1984,100%@1984] GR3D_FREQ 3% cv0@69.906C/71.406C cpu@74.187C/76.125C soc2@66.25C/68.062C soc0@68C/69.531C cv1@69C/70.25C gpu@70.187C/75.437C tj@74.281C/76.125C soc1@66.531C/67.468C cv2@64.75C/65.875C VDD_IN 13310mW/20785mW/32475mW VDD_CPU_GPU_CV 7413mW/12321mW/20388mW VDD_SOC 2564mW/3585mW/6099mW
08-10-2026 23:59:35 RAM 2998/15599MB (lfb 397x4MB) CPU [100%@1984,100%@1984,100%@1984,100%@1984,100%@1984,100%@1984,100%@1984,100%@1984] GR3D_FREQ 54% cv0@69.75C/71.406C cpu@74.312C/76.125C soc2@66.375C/68.062C soc0@68.125C/69.531C cv1@69.062C/70.25C gpu@70.25C/75.437C tj@74.312C/76.125C soc1@66.656C/67.468C cv2@64.625C/65.875C VDD_IN 14124mW/20761mW/32475mW VDD_CPU_GPU_CV 7535mW/12303mW/20388mW VDD_SOC 2844mW/3582mW/6099mW
08-10-2026 23:59:35 RAM 3848/15599MB (lfb 397x4MB) CPU [100%@1984,100%@1984,100%@1984,100%@1984,100%@1984,100%@1984,100%@1984,100%@1984] GR3D_FREQ 17% cv0@69.781C/71.406C cpu@74.25C/76.125C soc2@66.281C/68.062C soc0@68.062C/69.531C cv1@69C/70.25C gpu@70.125C/75.437C tj@74.25C/76.125C soc1@66.625C/67.468C cv2@64.562C/65.875C VDD_IN 14386mW/20737mW/32475mW VDD_CPU_GPU_CV 7535mW/12286mW/20388mW VDD_SOC 2966mW/3580mW/6099mW
08-10-2026 23:59:36 RAM 4597/15599MB (lfb 397x4MB) CPU [100%@1984,100%@1984,100%@1984,100%@1984,100%@1984,100%@1984,100%@1984,100%@1984] GR3D_FREQ 23% cv0@69.812C/71.406C cpu@74.312C/76.125C soc2@66.281C/68.062C soc0@68.031C/69.531C cv1@69.062C/70.25C gpu@70.281C/75.437C tj@74.312C/76.125C soc1@66.593C/67.468C cv2@64.718C/65.875C VDD_IN 14467mW/20715mW/32475mW VDD_CPU_GPU_CV 7482mW/12269mW/20388mW VDD_SOC 3007mW/3578mW/6099mW
08-10-2026 23:59:36 RAM 4811/15599MB (lfb 397x4MB) CPU [100%@1984,100%@1984,100%@1984,100%@1984,100%@1984,100%@1984,100%@1984,100%@1984] GR3D_FREQ 18% cv0@69.937C/71.406C cpu@74.5C/76.125C soc2@66.312C/68.062C soc0@67.968C/69.531C cv1@69.031C/70.25C gpu@70.281C/75.437C tj@74.5C/76.125C soc1@66.625C/67.468C cv2@64.593C/65.875C VDD_IN 14874mW/20694mW/32475mW VDD_CPU_GPU_CV 7604mW/12252mW/20388mW VDD_SOC 3129mW/3577mW/6099mW
08-10-2026 23:59:36 RAM 5369/15599MB (lfb 397x4MB) CPU [100%@1984,100%@1984,100%@1984,100%@1984,100%@1984,100%@1984,100%@1984,100%@1984] GR3D_FREQ 29% cv0@70.062C/71.406C cpu@74.343C/76.125C soc2@66.281C/68.062C soc0@67.906C/69.531C cv1@69C/70.25C gpu@70.531C/75.437C tj@74.343C/76.125C soc1@66.562C/67.468C cv2@64.656C/65.875C VDD_IN 15524mW/20675mW/32475mW VDD_CPU_GPU_CV 7887mW/12236mW/20388mW VDD_SOC 3291mW/3576mW/6099mW
08-10-2026 23:59:36 RAM 5391/15599MB (lfb 397x4MB) CPU [100%@1984,100%@1984,100%@1984,100%@1984,100%@1984,100%@1984,100%@1984,100%@1984] GR3D_FREQ 26% cv0@69.937C/71.406C cpu@74.375C/76.125C soc2@66.312C/68.062C soc0@68C/69.531C cv1@69C/70.25C gpu@70.343C/75.437C tj@74.375C/76.125C soc1@66.531C/67.468C cv2@64.687C/65.875C VDD_IN 15687mW/20657mW/32475mW VDD_CPU_GPU_CV 8008mW/12221mW/20388mW VDD_SOC 3327mW/3575mW/6099mW
08-10-2026 23:59:37 RAM 5406/15599MB (lfb 397x4MB) CPU [100%@1984,100%@1984,100%@1984,100%@1984,100%@1984,100%@1984,100%@1984,100%@1984] GR3D_FREQ 41% cv0@69.812C/71.406C cpu@74.468C/76.125C soc2@66.437C/68.062C soc0@68C/69.531C cv1@69.062C/70.25C gpu@70.5C/75.437C tj@74.468C/76.125C soc1@66.531C/67.468C cv2@64.531C/65.875C VDD_IN 15402mW/20638mW/32475mW VDD_CPU_GPU_CV 7927mW/12206mW/20388mW VDD_SOC 3251mW/3573mW/6099mW
08-10-2026 23:59:37 RAM 6184/15599MB (lfb 397x4MB) CPU [100%@1984,100%@1984,100%@1984,100%@1984,100%@1984,100%@1984,100%@1984,100%@1984] GR3D_FREQ 25% cv0@69.937C/71.406C cpu@74.281C/76.125C soc2@66.312C/68.062C soc0@67.906C/69.531C cv1@68.906C/70.25C gpu@70.468C/75.437C tj@74.281C/76.125C soc1@66.687C/67.468C cv2@64.625C/65.875C VDD_IN 15443mW/20620mW/32475mW VDD_CPU_GPU_CV 7968mW/12191mW/20388mW VDD_SOC 3210mW/3572mW/6099mW
08-10-2026 23:59:37 RAM 6207/15599MB (lfb 397x4MB) CPU [100%@1984,100%@1984,100%@1984,100%@1984,100%@1984,100%@1984,100%@1984,100%@1984] GR3D_FREQ 36% cv0@69.812C/71.406C cpu@74.468C/76.125C soc2@66.281C/68.062C soc0@67.937C/69.531C cv1@69.062C/70.25C gpu@70.25C/75.437C tj@74.468C/76.125C soc1@66.625C/67.468C cv2@64.531C/65.875C VDD_IN 15321mW/20601mW/32475mW VDD_CPU_GPU_CV 8008mW/12176mW/20388mW VDD_SOC 3129mW/3571mW/6099mW
08-10-2026 23:59:37 RAM 6254/15599MB (lfb 397x4MB) CPU [100%@1984,100%@1984,95%@1984,100%@1984,100%@1984,100%@1984,100%@1984,100%@1984] GR3D_FREQ 17% cv0@69.781C/71.406C cpu@74.218C/76.125C soc2@66.375C/68.062C soc0@67.968C/69.531C cv1@69C/70.25C gpu@70.375C/75.437C tj@74.218C/76.125C soc1@66.562C/67.468C cv2@64.531C/65.875C VDD_IN 14630mW/20580mW/32475mW VDD_CPU_GPU_CV 7887mW/12161mW/20388mW VDD_SOC 2885mW/3568mW/6099mW
08-10-2026 23:59:37 RAM 6294/15599MB (lfb 397x4MB) CPU [100%@1984,100%@1984,95%@1984,100%@1984,100%@1984,100%@1984,100%@1984,100%@1984] GR3D_FREQ 18% cv0@69.875C/71.406C cpu@74.218C/76.125C soc2@66.281C/68.062C soc0@67.906C/69.531C cv1@68.937C/70.25C gpu@70.125C/75.437C tj@74.218C/76.125C soc1@66.562C/67.468C cv2@64.625C/65.875C VDD_IN 14246mW/20558mW/32475mW VDD_CPU_GPU_CV 7806mW/12145mW/20388mW VDD_SOC 2763mW/3565mW/6099mW
08-10-2026 23:59:38 RAM 6321/15599MB (lfb 397x4MB) CPU [100%@1984,100%@1984,95%@1984,100%@1984,100%@1984,100%@1984,100%@1984,100%@1984] GR3D_FREQ 17% cv0@69.875C/71.406C cpu@74.25C/76.125C soc2@66.218C/68.062C soc0@68C/69.531C cv1@68.875C/70.25C gpu@70.281C/75.437C tj@74.25C/76.125C soc1@66.5C/67.468C cv2@64.593C/65.875C VDD_IN 14002mW/20535mW/32475mW VDD_CPU_GPU_CV 7778mW/12130mW/20388mW VDD_SOC 2682mW/3562mW/6099mW
08-10-2026 23:59:38 RAM 6360/15599MB (lfb 397x4MB) CPU [100%@1984,100%@1984,95%@1984,100%@1984,100%@1984,100%@1984,100%@1984,100%@1984] GR3D_FREQ 17% cv0@69.812C/71.406C cpu@74.312C/76.125C soc2@66.281C/68.062C soc0@67.875C/69.531C cv1@69C/70.25C gpu@70.25C/75.437C tj@74.312C/76.125C soc1@66.562C/67.468C cv2@64.406C/65.875C VDD_IN 13880mW/20511mW/32475mW VDD_CPU_GPU_CV 7778mW/12115mW/20388mW VDD_SOC 2641mW/3559mW/6099mW
08-10-2026 23:59:38 RAM 6387/15599MB (lfb 397x4MB) CPU [95%@1984,100%@1984,100%@1984,100%@1984,100%@1984,100%@1984,100%@1984,100%@1984] GR3D_FREQ 25% cv0@69.812C/71.406C cpu@74.125C/76.125C soc2@66.25C/68.062C soc0@67.843C/69.531C cv1@68.843C/70.25C gpu@69.968C/75.437C tj@74.125C/76.125C soc1@66.5C/67.468C cv2@64.5C/65.875C VDD_IN 13798mW/20488mW/32475mW VDD_CPU_GPU_CV 7737mW/12099mW/20388mW VDD_SOC 2600mW/3556mW/6099mW
08-10-2026 23:59:38 RAM 6584/15599MB (lfb 397x4MB) CPU [100%@1984,100%@1984,100%@1984,100%@1984,100%@1984,100%@1984,100%@1984,100%@1984] GR3D_FREQ 2% cv0@69.937C/71.406C cpu@74.218C/76.125C soc2@66.25C/68.062C soc0@67.875C/69.531C cv1@68.843C/70.25C gpu@70.031C/75.437C tj@74.218C/76.125C soc1@66.5C/67.468C cv2@64.562C/65.875C VDD_IN 13757mW/20465mW/32475mW VDD_CPU_GPU_CV 7737mW/12084mW/20388mW VDD_SOC 2600mW/3552mW/6099mW
08-10-2026 23:59:38 RAM 7856/15599MB (lfb 393x4MB) CPU [100%@1984,100%@1984,100%@1984,100%@1984,100%@1984,100%@1984,100%@1984,100%@1984] GR3D_FREQ 0% cv0@69.781C/71.406C cpu@74.25C/76.125C soc2@66.218C/68.062C soc0@67.968C/69.531C cv1@68.968C/70.25C gpu@70.031C/75.437C tj@74.25C/76.125C soc1@66.531C/67.468C cv2@64.593C/65.875C VDD_IN 14002mW/20442mW/32475mW VDD_CPU_GPU_CV 7656mW/12069mW/20388mW VDD_SOC 2682mW/3549mW/6099mW
08-10-2026 23:59:39 RAM 8634/15599MB (lfb 391x4MB) CPU [100%@1984,100%@1984,100%@1984,100%@1984,100%@1984,100%@1984,100%@1984,100%@1984] GR3D_FREQ 31% cv0@69.656C/71.406C cpu@74.25C/76.125C soc2@66.156C/68.062C soc0@67.906C/69.531C cv1@68.906C/70.25C gpu@70.125C/75.437C tj@74.25C/76.125C soc1@66.593C/67.468C cv2@64.437C/65.875C VDD_IN 14124mW/20420mW/32475mW VDD_CPU_GPU_CV 7656mW/12054mW/20388mW VDD_SOC 2763mW/3547mW/6099mW
08-10-2026 23:59:39 RAM 10134/15599MB (lfb 226x4MB) CPU [100%@1984,100%@1984,100%@1984,100%@1984,100%@1984,100%@1984,100%@1984,100%@1984] GR3D_FREQ 57% cv0@69.687C/71.406C cpu@74.312C/76.125C soc2@66.093C/68.062C soc0@67.781C/69.531C cv1@68.843C/70.25C gpu@70.156C/75.437C tj@74.468C/76.125C soc1@66.562C/67.468C cv2@64.468C/65.875C VDD_IN 14914mW/20402mW/32475mW VDD_CPU_GPU_CV 7644mW/12039mW/20388mW VDD_SOC 3088mW/3545mW/6099mW
08-10-2026 23:59:39 RAM 10515/15599MB (lfb 132x4MB) CPU [100%@1984,100%@1984,100%@1984,100%@1984,100%@1984,100%@1984,100%@1984,100%@1984] GR3D_FREQ 26% cv0@69.812C/71.406C cpu@74.562C/76.125C soc2@66.187C/68.062C soc0@67.812C/69.531C cv1@68.843C/70.25C gpu@70.437C/75.437C tj@74.562C/76.125C soc1@66.437C/67.468C cv2@64.5C/65.875C VDD_IN 15402mW/20384mW/32475mW VDD_CPU_GPU_CV 7887mW/12024mW/20388mW VDD_SOC 3291mW/3544mW/6099mW
08-10-2026 23:59:39 RAM 11284/15599MB (lfb 30x4MB) CPU [100%@1984,100%@1984,100%@1984,100%@1984,100%@1984,100%@1984,100%@1984,100%@1984] GR3D_FREQ 60% cv0@69.812C/71.406C cpu@74.5C/76.125C soc2@66.187C/68.062C soc0@67.812C/69.531C cv1@68.843C/70.25C gpu@70.75C/75.437C tj@74.5C/76.125C soc1@66.531C/67.468C cv2@64.468C/65.875C VDD_IN 16174mW/20370mW/32475mW VDD_CPU_GPU_CV 8008mW/12011mW/20388mW VDD_SOC 3530mW/3544mW/6099mW
08-10-2026 23:59:39 RAM 11301/15599MB (lfb 30x4MB) CPU [100%@1984,100%@1984,100%@1984,100%@1984,100%@1984,100%@1984,100%@1984,100%@1984] GR3D_FREQ 18% cv0@69.968C/71.406C cpu@74.531C/76.125C soc2@66.25C/68.062C soc0@67.812C/69.531C cv1@68.906C/70.25C gpu@70.656C/75.437C tj@74.531C/76.125C soc1@66.468C/67.468C cv2@64.468C/65.875C VDD_IN 16676mW/20357mW/32475mW VDD_CPU_GPU_CV 8319mW/11998mW/20388mW VDD_SOC 3651mW/3545mW/6099mW
08-10-2026 23:59:40 RAM 12082/15599MB (lfb 18x4MB) CPU [100%@1984,100%@1984,100%@1984,100%@1984,100%@1984,100%@1984,100%@1984,100%@1984] GR3D_FREQ 12% cv0@69.781C/71.406C cpu@74.343C/76.125C soc2@66.281C/68.062C soc0@67.812C/69.531C cv1@68.906C/70.25C gpu@70.718C/75.437C tj@74.343C/76.125C soc1@66.406C/67.468C cv2@64.593C/65.875C VDD_IN 16418mW/20344mW/32475mW VDD_CPU_GPU_CV 8399mW/11986mW/20388mW VDD_SOC 3448mW/3544mW/6099mW
08-10-2026 23:59:40 RAM 12165/15599MB (lfb 13x4MB) CPU [100%@1984,100%@1984,100%@1984,100%@1984,100%@1984,100%@1984,100%@1984,100%@1984] GR3D_FREQ 0% cv0@69.781C/71.406C cpu@74.375C/76.125C soc2@66.281C/68.062C soc0@67.812C/69.531C cv1@69C/70.25C gpu@70.25C/75.437C tj@74.25C/76.125C soc1@66.531C/67.468C cv2@64.468C/65.875C VDD_IN 15849mW/20329mW/32475mW VDD_CPU_GPU_CV 8210mW/11973mW/20388mW VDD_SOC 3246mW/3543mW/6099mW
08-10-2026 23:59:40 RAM 12189/15599MB (lfb 15x4MB) CPU [100%@1984,100%@1984,100%@1984,100%@1984,100%@1984,100%@1984,100%@1984,100%@1984] GR3D_FREQ 99% cv0@69.656C/71.406C cpu@74C/76.125C soc2@66.312C/68.062C soc0@67.781C/69.531C cv1@68.781C/70.25C gpu@73.218C/75.437C tj@74C/76.125C soc1@66.437C/67.468C cv2@64.5C/65.875C VDD_IN 21309mW/20332mW/32475mW VDD_CPU_GPU_CV 12499mW/11975mW/20388mW VDD_SOC 3680mW/3544mW/6099mW
08-10-2026 23:59:40 RAM 12197/15599MB (lfb 15x4MB) CPU [100%@1984,100%@1984,100%@1984,100%@1984,100%@1984,100%@1984,100%@1984,100%@1984] GR3D_FREQ 99% cv0@69.656C/71.406C cpu@74.156C/76.125C soc2@66.343C/68.062C soc0@68C/69.531C cv1@68.875C/70.25C gpu@73.593C/75.437C tj@74.156C/76.125C soc1@66.5C/67.468C cv2@64.468C/65.875C VDD_IN 25482mW/20350mW/32475mW VDD_CPU_GPU_CV 15560mW/11987mW/20388mW VDD_SOC 3991mW/3545mW/6099mW
08-10-2026 23:59:40 RAM 12213/15599MB (lfb 15x4MB) CPU [100%@1984,100%@1984,100%@1984,100%@1984,100%@1984,100%@1984,100%@1984,100%@1984] GR3D_FREQ 99% cv0@69.687C/71.406C cpu@74.312C/76.125C soc2@66.5C/68.062C soc0@68.093C/69.531C cv1@68.937C/70.25C gpu@74.093C/75.437C tj@74.312C/76.125C soc1@66.531C/67.468C cv2@64.625C/65.875C VDD_IN 27740mW/20374mW/32475mW VDD_CPU_GPU_CV 17332mW/12005mW/20388mW VDD_SOC 4226mW/3547mW/6099mW
08-10-2026 23:59:41 RAM 12264/15599MB (lfb 13x4MB) CPU [100%@1984,100%@1984,100%@1984,100%@1984,100%@1984,100%@1984,100%@1984,100%@1984] GR3D_FREQ 99% cv0@69.843C/71.406C cpu@74.156C/76.125C soc2@66.593C/68.062C soc0@68.125C/69.531C cv1@68.968C/70.25C gpu@74.156C/75.437C tj@74.156C/76.125C soc1@66.562C/67.468C cv2@64.656C/65.875C VDD_IN 29111mW/20403mW/32475mW VDD_CPU_GPU_CV 18341mW/12026mW/20388mW VDD_SOC 4300mW/3550mW/6099mW
08-10-2026 23:59:41 RAM 12264/15599MB (lfb 13x4MB) CPU [100%@1984,100%@1984,100%@1984,100%@1984,100%@1984,100%@1984,100%@1984,100%@1984] GR3D_FREQ 99% cv0@70C/71.406C cpu@74.281C/76.125C soc2@66.812C/68.062C soc0@68.218C/69.531C cv1@69C/70.25C gpu@74.531C/75.437C tj@74.531C/76.125C soc1@66.562C/67.468C cv2@64.75C/65.875C VDD_IN 30159mW/20436mW/32475mW VDD_CPU_GPU_CV 18868mW/12049mW/20388mW VDD_SOC 4340mW/3553mW/6099mW
08-10-2026 23:59:41 RAM 12265/15599MB (lfb 13x4MB) CPU [100%@1984,100%@1984,100%@1984,100%@1984,100%@1984,100%@1984,100%@1984,100%@1984] GR3D_FREQ 99% cv0@70.187C/71.406C cpu@74.625C/76.125C soc2@66.937C/68.062C soc0@68.406C/69.531C cv1@69.156C/70.25C gpu@74.375C/75.437C tj@74.625C/76.125C soc1@66.562C/67.468C cv2@64.75C/65.875C VDD_IN 30562mW/20469mW/32475mW VDD_CPU_GPU_CV 18829mW/12071mW/20388mW VDD_SOC 4622mW/3556mW/6099mW
08-10-2026 23:59:41 RAM 12279/15599MB (lfb 15x4MB) CPU [100%@1984,100%@1984,100%@1984,100%@1984,100%@1984,100%@1984,100%@1984,100%@1984] GR3D_FREQ 99% cv0@70.25C/71.406C cpu@74.687C/76.125C soc2@67.062C/68.062C soc0@68.375C/69.531C cv1@69.187C/70.25C gpu@74.375C/75.437C tj@74.687C/76.125C soc1@66.593C/67.468C cv2@64.937C/65.875C VDD_IN 30876mW/20504mW/32475mW VDD_CPU_GPU_CV 18957mW/12094mW/20388mW VDD_SOC 4823mW/3560mW/6099mW
08-10-2026 23:59:41 RAM 12276/15599MB (lfb 15x4MB) CPU [100%@1984,100%@1984,95%@1984,100%@1984,100%@1984,100%@1984,100%@1984,100%@1984] GR3D_FREQ 99% cv0@70.343C/71.406C cpu@74.875C/76.125C soc2@67.156C/68.062C soc0@68.531C/69.531C cv1@69.375C/70.25C gpu@74.437C/75.437C tj@74.875C/76.125C soc1@66.75C/67.468C cv2@65C/65.875C VDD_IN 31037mW/20538mW/32475mW VDD_CPU_GPU_CV 18878mW/12116mW/20388mW VDD_SOC 4943mW/3565mW/6099mW
08-10-2026 23:59:42 RAM 12276/15599MB (lfb 14x4MB) CPU [100%@1984,100%@1984,100%@1984,100%@1984,100%@1984,100%@1984,100%@1984,100%@1984] GR3D_FREQ 99% cv0@70.375C/71.406C cpu@75.062C/76.125C soc2@67.25C/68.062C soc0@68.5C/69.531C cv1@69.375C/70.25C gpu@74.5C/75.437C tj@75.062C/76.125C soc1@66.75C/67.468C cv2@65C/65.875C VDD_IN 31037mW/20573mW/32475mW VDD_CPU_GPU_CV 18789mW/12138mW/20388mW VDD_SOC 5064mW/3570mW/6099mW
08-10-2026 23:59:42 RAM 12276/15599MB (lfb 14x4MB) CPU [100%@1984,100%@1984,100%@1984,100%@1984,100%@1984,100%@1984,100%@1984,100%@1984] GR3D_FREQ 99% cv0@70.5C/71.406C cpu@74.843C/76.125C soc2@67.281C/68.062C soc0@68.75C/69.531C cv1@69.437C/70.25C gpu@74.468C/75.437C tj@74.843C/76.125C soc1@66.781C/67.468C cv2@65.125C/65.875C VDD_IN 30997mW/20607mW/32475mW VDD_CPU_GPU_CV 18789mW/12160mW/20388mW VDD_SOC 5104mW/3575mW/6099mW
08-10-2026 23:59:42 RAM 12276/15599MB (lfb 14x4MB) CPU [100%@1984,100%@1984,100%@1984,100%@1984,100%@1984,100%@1984,100%@1984,100%@1984] GR3D_FREQ 99% cv0@70.5C/71.406C cpu@75.031C/76.125C soc2@67.25C/68.062C soc0@68.75C/69.531C cv1@69.468C/70.25C gpu@74.718C/75.437C tj@75.031C/76.125C soc1@66.968C/67.468C cv2@65.125C/65.875C VDD_IN 31077mW/20641mW/32475mW VDD_CPU_GPU_CV 18749mW/12181mW/20388mW VDD_SOC 5144mW/3580mW/6099mW
08-10-2026 23:59:42 RAM 12276/15599MB (lfb 14x4MB) CPU [100%@1984,100%@1984,100%@1984,100%@1984,100%@1984,100%@1984,100%@1984,100%@1984] GR3D_FREQ 99% cv0@70.562C/71.406C cpu@75.062C/76.125C soc2@67.375C/68.062C soc0@68.781C/69.531C cv1@69.593C/70.25C gpu@74.968C/75.437C tj@75.062C/76.125C soc1@66.937C/67.468C cv2@65.312C/65.875C VDD_IN 31158mW/20675mW/32475mW VDD_CPU_GPU_CV 18838mW/12203mW/20388mW VDD_SOC 5184mW/3585mW/6099mW
08-10-2026 23:59:43 RAM 12276/15599MB (lfb 14x4MB) CPU [100%@1984,100%@1984,100%@1984,100%@1984,100%@1984,100%@1984,100%@1984,100%@1984] GR3D_FREQ 99% cv0@70.625C/71.406C cpu@75.25C/76.125C soc2@67.468C/68.062C soc0@68.875C/69.531C cv1@69.625C/70.25C gpu@74.906C/75.437C tj@75.25C/76.125C soc1@66.906C/67.468C cv2@65.25C/65.875C VDD_IN 31238mW/20709mW/32475mW VDD_CPU_GPU_CV 18957mW/12225mW/20388mW VDD_SOC 5176mW/3590mW/6099mW
08-10-2026 23:59:43 RAM 12276/15599MB (lfb 14x4MB) CPU [100%@1984,100%@1984,100%@1984,100%@1984,100%@1984,100%@1984,100%@1984,100%@1984] GR3D_FREQ 99% cv0@70.718C/71.406C cpu@75.375C/76.125C soc2@67.656C/68.062C soc0@68.812C/69.531C cv1@69.687C/70.25C gpu@74.968C/75.437C tj@75.375C/76.125C soc1@66.968C/67.468C cv2@65.312C/65.875C VDD_IN 31269mW/20743mW/32475mW VDD_CPU_GPU_CV 19037mW/12247mW/20388mW VDD_SOC 5176mW/3595mW/6099mW
08-10-2026 23:59:43 RAM 12276/15599MB (lfb 14x4MB) CPU [100%@1984,100%@1984,100%@1984,100%@1984,100%@1984,100%@1984,100%@1984,100%@1984] GR3D_FREQ 99% cv0@70.687C/71.406C cpu@75.25C/76.125C soc2@67.531C/68.062C soc0@69.062C/69.531C cv1@69.75C/70.25C gpu@75.093C/75.437C tj@75.25C/76.125C soc1@67.093C/67.468C cv2@65.437C/65.875C VDD_IN 31359mW/20777mW/32475mW VDD_CPU_GPU_CV 18997mW/12268mW/20388mW VDD_SOC 5176mW/3600mW/6099mW
08-10-2026 23:59:43 RAM 12276/15599MB (lfb 14x4MB) CPU [100%@1984,100%@1984,100%@1984,100%@1984,100%@1984,100%@1984,100%@1984,100%@1984] GR3D_FREQ 99% cv0@70.875C/71.406C cpu@75.437C/76.125C soc2@67.593C/68.062C soc0@68.937C/69.531C cv1@69.75C/70.25C gpu@74.843C/75.437C tj@75.343C/76.125C soc1@67.156C/67.468C cv2@65.437C/65.875C VDD_IN 31238mW/20811mW/32475mW VDD_CPU_GPU_CV 18868mW/12290mW/20388mW VDD_SOC 5176mW/3605mW/6099mW
08-10-2026 23:59:43 RAM 12276/15599MB (lfb 14x4MB) CPU [100%@1984,100%@1984,100%@1984,100%@1984,100%@1984,100%@1984,100%@1984,100%@1984] GR3D_FREQ 99% cv0@70.937C/71.406C cpu@75.312C/76.125C soc2@67.718C/68.062C soc0@68.906C/69.531C cv1@69.75C/70.25C gpu@75.093C/75.437C tj@75.312C/76.125C soc1@67.156C/67.468C cv2@65.437C/65.875C VDD_IN 31238mW/20844mW/32475mW VDD_CPU_GPU_CV 18829mW/12310mW/20388mW VDD_SOC 5176mW/3610mW/6099mW
08-10-2026 23:59:44 RAM 12276/15599MB (lfb 14x4MB) CPU [100%@1984,100%@1984,100%@1984,100%@1984,100%@1984,100%@1984,100%@1984,100%@1984] GR3D_FREQ 99% cv0@70.937C/71.406C cpu@75.406C/76.125C soc2@67.687C/68.062C soc0@69.031C/69.531C cv1@69.812C/70.25C gpu@75.218C/75.437C tj@75.406C/76.125C soc1@67.093C/67.468C cv2@65.593C/65.875C VDD_IN 31309mW/20878mW/32475mW VDD_CPU_GPU_CV 19028mW/12332mW/20388mW VDD_SOC 5176mW/3615mW/6099mW
08-10-2026 23:59:44 RAM 12276/15599MB (lfb 14x4MB) CPU [100%@1984,100%@1984,100%@1984,100%@1984,100%@1984,100%@1984,100%@1984,100%@1984] GR3D_FREQ 99% cv0@71.031C/71.406C cpu@75.531C/76.125C soc2@67.75C/68.062C soc0@69.125C/69.531C cv1@69.843C/70.25C gpu@75.187C/75.437C tj@75.531C/76.125C soc1@67.187C/67.468C cv2@65.625C/65.875C VDD_IN 31389mW/20911mW/32475mW VDD_CPU_GPU_CV 19156mW/12353mW/20388mW VDD_SOC 5176mW/3620mW/6099mW
08-10-2026 23:59:44 RAM 12276/15599MB (lfb 14x4MB) CPU [100%@1984,100%@1984,100%@1984,100%@1984,100%@1984,100%@1984,100%@1984,100%@1984] GR3D_FREQ 99% cv0@70.968C/71.406C cpu@75.656C/76.125C soc2@67.906C/68.062C soc0@69.187C/69.531C cv1@70.031C/70.25C gpu@75.25C/75.437C tj@75.656C/76.125C soc1@67.25C/67.468C cv2@65.625C/65.875C VDD_IN 31470mW/20944mW/32475mW VDD_CPU_GPU_CV 19236mW/12375mW/20388mW VDD_SOC 5176mW/3625mW/6099mW
08-10-2026 23:59:44 RAM 12276/15599MB (lfb 14x4MB) CPU [100%@1984,100%@1984,100%@1984,100%@1984,100%@1984,100%@1984,100%@1984,100%@1984] GR3D_FREQ 99% cv0@70.968C/71.406C cpu@75.406C/76.125C soc2@67.875C/68.062C soc0@69.281C/69.531C cv1@70.125C/70.25C gpu@75.375C/75.437C tj@75.406C/76.125C soc1@67.281C/67.468C cv2@65.687C/65.875C VDD_IN 31319mW/20977mW/32475mW VDD_CPU_GPU_CV 19037mW/12396mW/20388mW VDD_SOC 5176mW/3630mW/6099mW
08-10-2026 23:59:44 RAM 12276/15599MB (lfb 14x4MB) CPU [100%@1984,100%@1984,100%@1984,100%@1984,100%@1984,100%@1984,100%@1984,100%@1984] GR3D_FREQ 99% cv0@71.093C/71.406C cpu@75.468C/76.125C soc2@67.968C/68.062C soc0@69.343C/69.531C cv1@69.968C/70.25C gpu@75.312C/75.437C tj@75.468C/76.125C soc1@67.25C/67.468C cv2@65.781C/65.875C VDD_IN 31269mW/21009mW/32475mW VDD_CPU_GPU_CV 18997mW/12417mW/20388mW VDD_SOC 5176mW/3635mW/6099mW
08-10-2026 23:59:45 RAM 12276/15599MB (lfb 14x4MB) CPU [100%@1984,100%@1984,100%@1984,100%@1984,100%@1984,100%@1984,100%@1984,100%@1984] GR3D_FREQ 99% cv0@71.031C/71.406C cpu@75.656C/76.125C soc2@68C/68.062C soc0@69.25C/69.531C cv1@70.062C/70.25C gpu@75.593C/75.593C tj@75.656C/76.125C soc1@67.343C/67.468C cv2@65.875C/65.875C VDD_IN 31399mW/21042mW/32475mW VDD_CPU_GPU_CV 19037mW/12438mW/20388mW VDD_SOC 5176mW/3640mW/6099mW
08-10-2026 23:59:45 RAM 12276/15599MB (lfb 14x4MB) CPU [100%@1984,100%@1984,100%@1984,100%@1984,100%@1984,100%@1984,100%@1984,100%@1984] GR3D_FREQ 99% cv0@71.156C/71.406C cpu@75.843C/76.125C soc2@68.062C/68.062C soc0@69.406C/69.531C cv1@70.125C/70.25C gpu@75.406C/75.593C tj@75.843C/76.125C soc1@67.343C/67.468C cv2@65.968C/65.968C VDD_IN 31319mW/21074mW/32475mW VDD_CPU_GPU_CV 18957mW/12458mW/20388mW VDD_SOC 5176mW/3645mW/6099mW
08-10-2026 23:59:45 RAM 12276/15599MB (lfb 14x4MB) CPU [100%@1984,100%@1984,100%@1984,100%@1984,100%@1984,100%@1984,100%@1984,100%@1984] GR3D_FREQ 99% cv0@71.156C/71.406C cpu@75.656C/76.125C soc2@68C/68.062C soc0@69.468C/69.531C cv1@70.093C/70.25C gpu@75.375C/75.593C tj@75.656C/76.125C soc1@67.468C/67.468C cv2@65.875C/65.968C VDD_IN 31359mW/21106mW/32475mW VDD_CPU_GPU_CV 18957mW/12478mW/20388mW VDD_SOC 5176mW/3650mW/6099mW
08-10-2026 23:59:45 RAM 12276/15599MB (lfb 14x4MB) CPU [100%@1984,100%@1984,100%@1984,100%@1984,100%@1984,100%@1984,100%@1984,100%@1984] GR3D_FREQ 99% cv0@71.218C/71.406C cpu@75.812C/76.125C soc2@68C/68.062C soc0@69.406C/69.531C cv1@70.156C/70.25C gpu@75.687C/75.687C tj@75.812C/76.125C soc1@67.562C/67.562C cv2@65.937C/65.968C VDD_IN 31349mW/21138mW/32475mW VDD_CPU_GPU_CV 19037mW/12499mW/20388mW VDD_SOC 5176mW/3654mW/6099mW
08-10-2026 23:59:45 RAM 12276/15599MB (lfb 14x4MB) CPU [100%@1984,100%@1984,100%@1984,100%@1984,100%@1984,100%@1984,100%@1984,100%@1984] GR3D_FREQ 99% cv0@71.343C/71.406C cpu@75.875C/76.125C soc2@68.093C/68.093C soc0@69.5C/69.531C cv1@70.25C/70.25C gpu@75.593C/75.687C tj@75.875C/76.125C soc1@67.5C/67.562C cv2@66.031C/66.031C VDD_IN 31439mW/21170mW/32475mW VDD_CPU_GPU_CV 18957mW/12519mW/20388mW VDD_SOC 5216mW/3659mW/6099mW
08-10-2026 23:59:46 RAM 12276/15599MB (lfb 14x4MB) CPU [100%@1984,100%@1984,100%@1984,100%@1984,100%@1984,100%@1984,100%@1984,100%@1984] GR3D_FREQ 99% cv0@71.25C/71.406C cpu@75.968C/76.125C soc2@68.218C/68.218C soc0@69.593C/69.593C cv1@70.343C/70.343C gpu@75.625C/75.687C tj@75.968C/76.125C soc1@67.468C/67.562C cv2@66.093C/66.093C VDD_IN 31399mW/21201mW/32475mW VDD_CPU_GPU_CV 18957mW/12539mW/20388mW VDD_SOC 5216mW/3664mW/6099mW
08-10-2026 23:59:46 RAM 12276/15599MB (lfb 14x4MB) CPU [100%@1984,100%@1984,100%@1984,100%@1984,100%@1984,100%@1984,100%@1984,100%@1984] GR3D_FREQ 99% cv0@71.437C/71.437C cpu@75.937C/76.125C soc2@68.218C/68.218C soc0@69.718C/69.718C cv1@70.25C/70.343C gpu@75.875C/75.875C tj@75.937C/76.125C soc1@67.718C/67.718C cv2@66.062C/66.093C VDD_IN 31309mW/21233mW/32475mW VDD_CPU_GPU_CV 18997mW/12558mW/20388mW VDD_SOC 5176mW/3669mW/6099mW
08-10-2026 23:59:46 RAM 12276/15599MB (lfb 14x4MB) CPU [100%@1984,100%@1984,100%@1984,100%@1984,100%@1984,100%@1984,100%@1984,100%@1984] GR3D_FREQ 99% cv0@71.5C/71.5C cpu@75.875C/76.125C soc2@68.218C/68.218C soc0@69.656C/69.718C cv1@70.343C/70.343C gpu@75.812C/75.875C tj@75.875C/76.125C soc1@67.625C/67.718C cv2@66.125C/66.125C VDD_IN 31399mW/21264mW/32475mW VDD_CPU_GPU_CV 18997mW/12578mW/20388mW VDD_SOC 5176mW/3673mW/6099mW
08-10-2026 23:59:46 RAM 12276/15599MB (lfb 14x4MB) CPU [100%@1984,100%@1984,100%@1984,100%@1984,100%@1984,100%@1984,100%@1984,100%@1984] GR3D_FREQ 99% cv0@71.562C/71.562C cpu@76.062C/76.125C soc2@68.218C/68.218C soc0@69.593C/69.718C cv1@70.343C/70.343C gpu@75.75C/75.875C tj@76.062C/76.125C soc1@67.593C/67.718C cv2@66.156C/66.156C VDD_IN 31470mW/21295mW/32475mW VDD_CPU_GPU_CV 19116mW/12598mW/20388mW VDD_SOC 5176mW/3678mW/6099mW
08-10-2026 23:59:46 RAM 12276/15599MB (lfb 14x4MB) CPU [100%@1984,100%@1984,100%@1984,100%@1984,100%@1984,100%@1984,100%@1984,100%@1984] GR3D_FREQ 99% cv0@71.718C/71.718C cpu@76.093C/76.125C soc2@68.375C/68.375C soc0@69.656C/69.718C cv1@70.468C/70.468C gpu@75.843C/75.875C tj@76.093C/76.125C soc1@67.687C/67.718C cv2@66.343C/66.343C VDD_IN 31389mW/21326mW/32475mW VDD_CPU_GPU_CV 18957mW/12618mW/20388mW VDD_SOC 5216mW/3682mW/6099mW
08-10-2026 23:59:47 RAM 12276/15599MB (lfb 14x4MB) CPU [100%@1984,100%@1984,100%@1984,95%@1984,100%@1984,100%@1984,100%@1984,100%@1984] GR3D_FREQ 99% cv0@71.593C/71.718C cpu@76.312C/76.312C soc2@68.312C/68.375C soc0@69.75C/69.75C cv1@70.5C/70.5C gpu@76.125C/76.125C tj@76.312C/76.312C soc1@67.718C/67.718C cv2@66.187C/66.343C VDD_IN 31439mW/21356mW/32475mW VDD_CPU_GPU_CV 19037mW/12637mW/20388mW VDD_SOC 5176mW/3687mW/6099mW
08-10-2026 23:59:47 RAM 12276/15599MB (lfb 14x4MB) CPU [100%@1984,100%@1984,100%@1984,100%@1984,100%@1984,100%@1984,100%@1984,100%@1984] GR3D_FREQ 99% cv0@71.625C/71.718C cpu@76.125C/76.312C soc2@68.343C/68.375C soc0@69.781C/69.781C cv1@70.5C/70.5C gpu@75.812C/76.125C tj@76.125C/76.312C soc1@67.718C/67.718C cv2@66.281C/66.343C VDD_IN 31399mW/21387mW/32475mW VDD_CPU_GPU_CV 19037mW/12657mW/20388mW VDD_SOC 5176mW/3692mW/6099mW
08-10-2026 23:59:47 RAM 12276/15599MB (lfb 14x4MB) CPU [100%@1984,100%@1984,100%@1984,100%@1984,100%@1984,100%@1984,100%@1984,100%@1984] GR3D_FREQ 99% cv0@71.75C/71.75C cpu@76.156C/76.312C soc2@68.468C/68.468C soc0@69.843C/69.843C cv1@70.5C/70.5C gpu@76.093C/76.125C tj@76.156C/76.312C soc1@67.718C/67.718C cv2@66.406C/66.406C VDD_IN 31439mW/21417mW/32475mW VDD_CPU_GPU_CV 19077mW/12676mW/20388mW VDD_SOC 5176mW/3696mW/6099mW
08-10-2026 23:59:47 RAM 12276/15599MB (lfb 14x4MB) CPU [100%@1984,100%@1984,100%@1984,100%@1984,100%@1984,100%@1984,100%@1984,100%@1984] GR3D_FREQ 99% cv0@71.75C/71.75C cpu@76.312C/76.312C soc2@68.531C/68.531C soc0@69.875C/69.875C cv1@70.593C/70.593C gpu@76.093C/76.125C tj@76.312C/76.312C soc1@67.875C/67.875C cv2@66.562C/66.562C VDD_IN 31359mW/21447mW/32475mW VDD_CPU_GPU_CV 18957mW/12695mW/20388mW VDD_SOC 5176mW/3700mW/6099mW
08-10-2026 23:59:48 RAM 12276/15599MB (lfb 14x4MB) CPU [100%@1984,100%@1984,100%@1984,100%@1984,100%@1984,100%@1984,100%@1984,100%@1984] GR3D_FREQ 99% cv0@71.781C/71.781C cpu@76.187C/76.312C soc2@68.531C/68.531C soc0@69.875C/69.875C cv1@70.625C/70.625C gpu@75.937C/76.125C tj@76.187C/76.312C soc1@67.906C/67.906C cv2@66.406C/66.562C VDD_IN 31359mW/21477mW/32475mW VDD_CPU_GPU_CV 18918mW/12714mW/20388mW VDD_SOC 5216mW/3705mW/6099mW
08-10-2026 23:59:48 RAM 12275/15599MB (lfb 14x4MB) CPU [100%@1984,100%@1984,100%@1984,100%@1984,100%@1984,100%@1984,100%@1984,100%@1984] GR3D_FREQ 99% cv0@71.75C/71.781C cpu@76.281C/76.312C soc2@68.656C/68.656C soc0@69.906C/69.906C cv1@70.625C/70.625C gpu@76.156C/76.156C tj@76.343C/76.343C soc1@67.875C/67.906C cv2@66.5C/66.562C VDD_IN 31399mW/21507mW/32475mW VDD_CPU_GPU_CV 18997mW/12732mW/20388mW VDD_SOC 5216mW/3710mW/6099mW
08-10-2026 23:59:48 RAM 12275/15599MB (lfb 14x4MB) CPU [100%@1984,100%@1984,100%@1984,100%@1984,100%@1984,100%@1984,100%@1984,100%@1984] GR3D_FREQ 99% cv0@71.875C/71.875C cpu@76.281C/76.312C soc2@68.593C/68.656C soc0@69.937C/69.937C cv1@70.687C/70.687C gpu@76.375C/76.375C tj@76.375C/76.375C soc1@67.906C/67.906C cv2@66.562C/66.562C VDD_IN 31359mW/21536mW/32475mW VDD_CPU_GPU_CV 18918mW/12751mW/20388mW VDD_SOC 5184mW/3714mW/6099mW
08-10-2026 23:59:48 RAM 12275/15599MB (lfb 14x4MB) CPU [100%@1984,100%@1984,100%@1984,100%@1984,100%@1984,100%@1984,100%@1984,100%@1984] GR3D_FREQ 99% cv0@71.812C/71.875C cpu@76.375C/76.375C soc2@68.625C/68.656C soc0@70.156C/70.156C cv1@70.812C/70.812C gpu@76.093C/76.375C tj@76.375C/76.375C soc1@68C/68C cv2@66.531C/66.562C VDD_IN 31359mW/21565mW/32475mW VDD_CPU_GPU_CV 18957mW/12769mW/20388mW VDD_SOC 5184mW/3718mW/6099mW
08-10-2026 23:59:48 RAM 12275/15599MB (lfb 14x4MB) CPU [100%@1984,100%@1984,100%@1984,100%@1984,100%@1984,100%@1984,100%@1984,100%@1984] GR3D_FREQ 99% cv0@71.843C/71.875C cpu@76.343C/76.375C soc2@68.718C/68.718C soc0@70.218C/70.218C cv1@70.75C/70.812C gpu@76.25C/76.375C tj@76.343C/76.375C soc1@68.125C/68.125C cv2@66.593C/66.593C VDD_IN 31359mW/21594mW/32475mW VDD_CPU_GPU_CV 18997mW/12788mW/20388mW VDD_SOC 5176mW/3723mW/6099mW
08-10-2026 23:59:49 RAM 12188/15599MB (lfb 14x4MB) CPU [100%@1984,100%@1984,100%@1984,100%@1984,100%@1984,100%@1984,100%@1984,100%@1984] GR3D_FREQ 99% cv0@71.75C/71.875C cpu@76.281C/76.375C soc2@68.75C/68.75C soc0@70.062C/70.218C cv1@70.781C/70.812C gpu@76.593C/76.593C tj@76.593C/76.593C soc1@68.125C/68.125C cv2@66.656C/66.656C VDD_IN 31309mW/21623mW/32475mW VDD_CPU_GPU_CV 19116mW/12806mW/20388mW VDD_SOC 5144mW/3727mW/6099mW
08-10-2026 23:59:49 RAM 11706/15599MB (lfb 14x4MB) CPU [100%@1984,100%@1984,100%@1984,100%@1984,100%@1984,100%@1984,100%@1984,100%@1984] GR3D_FREQ 99% cv0@71.687C/71.875C cpu@76.156C/76.375C soc2@68.687C/68.75C soc0@70.156C/70.218C cv1@70.687C/70.812C gpu@76.968C/76.968C tj@76.968C/76.968C soc1@68.093C/68.125C cv2@66.718C/66.718C VDD_IN 31480mW/21652mW/32475mW VDD_CPU_GPU_CV 19554mW/12826mW/20388mW VDD_SOC 4935mW/3730mW/6099mW
08-10-2026 23:59:49 RAM 11421/15599MB (lfb 16x4MB) CPU [100%@1984,100%@1984,100%@1984,100%@1984,100%@1984,100%@1984,100%@1984,100%@1984] GR3D_FREQ 99% cv0@71.531C/71.875C cpu@76.062C/76.375C soc2@68.718C/68.75C soc0@70.218C/70.218C cv1@70.75C/70.812C gpu@76.937C/76.968C tj@76.937C/76.968C soc1@68.125C/68.125C cv2@66.656C/66.718C VDD_IN 31520mW/21681mW/32475mW VDD_CPU_GPU_CV 19752mW/12847mW/20388mW VDD_SOC 4815mW/3734mW/6099mW
08-10-2026 23:59:49 RAM 11421/15599MB (lfb 16x4MB) CPU [100%@1984,100%@1984,100%@1984,100%@1984,100%@1984,100%@1984,100%@1984,100%@1984] GR3D_FREQ 99% cv0@71.687C/71.875C cpu@76.25C/76.375C soc2@68.718C/68.75C soc0@70.218C/70.218C cv1@70.718C/70.812C gpu@77.281C/77.281C tj@77.281C/77.281C soc1@68.312C/68.312C cv2@66.718C/66.718C VDD_IN 31480mW/21710mW/32475mW VDD_CPU_GPU_CV 19832mW/12867mW/20388mW VDD_SOC 4735mW/3737mW/6099mW
08-10-2026 23:59:49 RAM 11337/15599MB (lfb 16x4MB) CPU [100%@1984,100%@1984,100%@1984,100%@1984,100%@1984,100%@1984,100%@1984,100%@1984] GR3D_FREQ 99% cv0@71.718C/71.875C cpu@76.25C/76.375C soc2@68.75C/68.75C soc0@70.281C/70.281C cv1@70.843C/70.843C gpu@77.218C/77.281C tj@77.218C/77.281C soc1@68.156C/68.312C cv2@66.781C/66.781C VDD_IN 31439mW/21738mW/32475mW VDD_CPU_GPU_CV 19951mW/12888mW/20388mW VDD_SOC 4694mW/3739mW/6099mW
08-10-2026 23:59:50 RAM 10746/15599MB (lfb 16x4MB) CPU [80%@1984,100%@1984,100%@1984,85%@1984,81%@1984,80%@1984,100%@1984,90%@1984] GR3D_FREQ 99% cv0@71.125C/71.875C cpu@75.843C/76.375C soc2@68.781C/68.781C soc0@70.343C/70.343C cv1@70.656C/70.843C gpu@76.687C/77.281C tj@76.687C/77.281C soc1@68.218C/68.312C cv2@66.843C/66.843C VDD_IN 31480mW/21767mW/32475mW VDD_CPU_GPU_CV 19832mW/12908mW/20388mW VDD_SOC 4742mW/3742mW/6099mW
08-10-2026 23:59:50 RAM 8863/15599MB (lfb 71x4MB) CPU [0%@1984,100%@1984,100%@1984,0%@1984,0%@1984,0%@1984,100%@1984,0%@1984] GR3D_FREQ 0% cv0@70.687C/71.875C cpu@75.156C/76.375C soc2@68.468C/68.781C soc0@70.375C/70.375C cv1@70.406C/70.843C gpu@74.25C/77.281C tj@75.125C/77.281C soc1@68.156C/68.312C cv2@66.656C/66.843C VDD_IN 23945mW/21773mW/32475mW VDD_CPU_GPU_CV 13982mW/12911mW/20388mW VDD_SOC 4119mW/3743mW/6099mW
08-10-2026 23:59:50 RAM 6428/15599MB (lfb 260x4MB) CPU [0%@1984,80%@1984,100%@1984,0%@1984,15%@1984,0%@1984,10%@1984,0%@1984] GR3D_FREQ 0% cv0@70.5C/71.875C cpu@75.156C/76.375C soc2@68.156C/68.781C soc0@70.375C/70.375C cv1@70.281C/70.843C gpu@73.25C/77.281C tj@75.156C/77.281C soc1@68.25C/68.312C cv2@66.593C/66.843C VDD_IN 18705mW/21764mW/32475mW VDD_CPU_GPU_CV 9878mW/12903mW/20388mW VDD_SOC 3686mW/3743mW/6099mW
08-10-2026 23:59:50 RAM 4829/15599MB (lfb 363x4MB) CPU [4%@1984,0%@1984,100%@1984,0%@1984,5%@729,0%@729,0%@729,0%@729] GR3D_FREQ 0% cv0@69.843C/71.875C cpu@74.031C/76.375C soc2@67.812C/68.781C soc0@70.375C/70.375C cv1@70C/70.843C gpu@72.875C/77.281C tj@74.031C/77.281C soc1@68.218C/68.312C cv2@66.5C/66.843C VDD_IN 14996mW/21745mW/32475mW VDD_CPU_GPU_CV 7037mW/12886mW/20388mW VDD_SOC 3373mW/3742mW/6099mW
08-10-2026 23:59:50 RAM 3380/15599MB (lfb 448x4MB) CPU [4%@1984,0%@1984,100%@1984,0%@1984,0%@729,0%@729,0%@729,0%@729] GR3D_FREQ 0% cv0@69.625C/71.875C cpu@73.875C/76.375C soc2@67.625C/68.781C soc0@70.125C/70.375C cv1@69.812C/70.843C gpu@72.5C/77.281C tj@73.875C/77.281C soc1@68.187C/68.312C cv2@66.375C/66.843C VDD_IN 12618mW/21718mW/32475mW VDD_CPU_GPU_CV 5274mW/12864mW/20388mW VDD_SOC 3134mW/3740mW/6099mW
08-10-2026 23:59:51 RAM 2530/15599MB (lfb 527x4MB) CPU [0%@729,0%@729,57%@729,0%@729,0%@729,0%@729,0%@729,0%@729] GR3D_FREQ 0% cv0@69.437C/71.875C cpu@73.406C/76.375C soc2@67.406C/68.781C soc0@70C/70.375C cv1@69.562C/70.843C gpu@72.187C/77.281C tj@73.406C/77.281C soc1@68.187C/68.312C cv2@66.218C/66.843C VDD_IN 10762mW/21687mW/32475mW VDD_CPU_GPU_CV 3901mW/12838mW/20388mW VDD_SOC 2976mW/3738mW/6099mW
08-10-2026 23:59:51 RAM 2529/15599MB (lfb 527x4MB) CPU [0%@729,0%@729,0%@729,0%@729,0%@729,0%@729,0%@729,0%@729] GR3D_FREQ 0% cv0@69.218C/71.875C cpu@73.156C/76.375C soc2@67.25C/68.781C soc0@69.906C/70.375C cv1@69.468C/70.843C gpu@72.093C/77.281C tj@73.218C/77.281C soc1@67.968C/68.312C cv2@66.125C/66.843C VDD_IN 9146mW/21651mW/32475mW VDD_CPU_GPU_CV 2808mW/12809mW/20388mW VDD_SOC 2772mW/3735mW/6099mW
08-10-2026 23:59:51 RAM 2529/15599MB (lfb 527x4MB) CPU [0%@729,0%@729,0%@729,0%@729,0%@729,0%@729,0%@729,0%@729] GR3D_FREQ 0% cv0@69.062C/71.875C cpu@73C/76.375C soc2@67.125C/68.781C soc0@69.812C/70.375C cv1@69.468C/70.843C gpu@71.937C/77.281C tj@73C/77.281C soc1@67.968C/68.312C cv2@66.031C/66.843C VDD_IN 8125mW/21612mW/32475mW VDD_CPU_GPU_CV 2119mW/12779mW/20388mW VDD_SOC 2694mW/3732mW/6099mW
08-10-2026 23:59:51 RAM 2529/15599MB (lfb 527x4MB) CPU [0%@729,0%@729,0%@729,0%@729,0%@729,0%@729,0%@729,0%@729] GR3D_FREQ 0% cv0@68.843C/71.875C cpu@72.968C/76.375C soc2@67C/68.781C soc0@69.75C/70.375C cv1@69.25C/70.843C gpu@71.593C/77.281C tj@72.968C/77.281C soc1@67.812C/68.312C cv2@65.812C/66.843C VDD_IN 7513mW/21572mW/32475mW VDD_CPU_GPU_CV 1712mW/12747mW/20388mW VDD_SOC 2613mW/3729mW/6099mW
08-10-2026 23:59:51 RAM 2529/15599MB (lfb 527x4MB) CPU [0%@729,0%@729,0%@729,0%@729,0%@729,0%@729,0%@729,0%@729] GR3D_FREQ 0% cv0@68.75C/71.875C cpu@72.625C/76.375C soc2@66.781C/68.781C soc0@69.75C/70.375C cv1@69.25C/70.843C gpu@71.406C/77.281C tj@72.625C/77.281C soc1@67.875C/68.312C cv2@65.718C/66.843C VDD_IN 7156mW/21531mW/32475mW VDD_CPU_GPU_CV 1426mW/12715mW/20388mW VDD_SOC 2572mW/3726mW/6099mW
08-10-2026 23:59:52 RAM 2529/15599MB (lfb 527x4MB) CPU [4%@729,4%@729,0%@729,0%@729,0%@729,0%@729,0%@729,0%@729] GR3D_FREQ 0% cv0@68.75C/71.875C cpu@72.468C/76.375C soc2@66.718C/68.781C soc0@69.625C/70.375C cv1@69.093C/70.843C gpu@71.5C/77.281C tj@72.468C/77.281C soc1@67.875C/68.312C cv2@65.656C/66.843C VDD_IN 6911mW/21490mW/32475mW VDD_CPU_GPU_CV 1265mW/12682mW/20388mW VDD_SOC 2572mW/3723mW/6099mW
08-10-2026 23:59:52 RAM 2528/15599MB (lfb 527x4MB) CPU [0%@729,0%@729,0%@729,0%@729,0%@729,0%@729,0%@729,0%@729] GR3D_FREQ 0% cv0@68.687C/71.875C cpu@72.531C/76.375C soc2@66.656C/68.781C soc0@69.531C/70.375C cv1@68.937C/70.843C gpu@71.156C/77.281C tj@72.531C/77.281C soc1@67.625C/68.312C cv2@65.625C/66.843C VDD_IN 6747mW/21448mW/32475mW VDD_CPU_GPU_CV 1184mW/12650mW/20388mW VDD_SOC 2531mW/3719mW/6099mW
08-10-2026 23:59:52 RAM 2528/15599MB (lfb 527x4MB) CPU [0%@729,0%@729,0%@729,0%@729,0%@729,0%@729,0%@729,0%@729] GR3D_FREQ 0% cv0@68.562C/71.875C cpu@72.531C/76.375C soc2@66.656C/68.781C soc0@69.5C/70.375C cv1@68.937C/70.843C gpu@71.281C/77.281C tj@72.531C/77.281C soc1@67.562C/68.312C cv2@65.562C/66.843C VDD_IN 6666mW/21407mW/32475mW VDD_CPU_GPU_CV 1102mW/12617mW/20388mW VDD_SOC 2531mW/3716mW/6099mW
08-10-2026 23:59:52 RAM 2528/15599MB (lfb 527x4MB) CPU [0%@729,0%@729,0%@729,0%@729,0%@729,0%@729,0%@729,0%@729] GR3D_FREQ 0% cv0@68.406C/71.875C cpu@72.5C/76.375C soc2@66.5C/68.781C soc0@69.437C/70.375C cv1@68.906C/70.843C gpu@71.031C/77.281C tj@72.5C/77.281C soc1@67.531C/68.312C cv2@65.437C/66.843C VDD_IN 6584mW/21365mW/32475mW VDD_CPU_GPU_CV 1061mW/12585mW/20388mW VDD_SOC 2531mW/3713mW/6099mW
08-10-2026 23:59:52 RAM 2528/15599MB (lfb 527x4MB) CPU [0%@729,0%@729,0%@729,0%@729,0%@729,0%@729,0%@729,0%@729] GR3D_FREQ 0% cv0@68.375C/71.875C cpu@72.343C/76.375C soc2@66.406C/68.781C soc0@69.343C/70.375C cv1@68.875C/70.843C gpu@70.906C/77.281C tj@72.25C/77.281C soc1@67.625C/68.312C cv2@65.312C/66.843C VDD_IN 6543mW/21323mW/32475mW VDD_CPU_GPU_CV 1061mW/12553mW/20388mW VDD_SOC 2531mW/3709mW/6099mW
08-10-2026 23:59:53 RAM 2528/15599MB (lfb 527x4MB) CPU [4%@729,0%@729,0%@729,0%@729,0%@729,0%@729,0%@729,0%@729] GR3D_FREQ 0% cv0@68.375C/71.875C cpu@72.406C/76.375C soc2@66.281C/68.781C soc0@69.218C/70.375C cv1@68.718C/70.843C gpu@70.875C/77.281C tj@72.218C/77.281C soc1@67.562C/68.312C cv2@65.281C/66.843C VDD_IN 6543mW/21282mW/32475mW VDD_CPU_GPU_CV 1020mW/12521mW/20388mW VDD_SOC 2490mW/3706mW/6099mW
08-10-2026 23:59:53 RAM 2528/15599MB (lfb 527x4MB) CPU [0%@729,0%@729,0%@729,0%@729,0%@729,0%@729,0%@729,0%@729] GR3D_FREQ 0% cv0@68.281C/71.875C cpu@72.187C/76.375C soc2@66.25C/68.781C soc0@69.187C/70.375C cv1@68.593C/70.843C gpu@71C/77.281C tj@72.187C/77.281C soc1@67.625C/68.312C cv2@65.25C/66.843C VDD_IN 6502mW/21241mW/32475mW VDD_CPU_GPU_CV 1020mW/12488mW/20388mW VDD_SOC 2490mW/3703mW/6099mW
08-10-2026 23:59:53 RAM 2528/15599MB (lfb 527x4MB) CPU [0%@729,0%@729,0%@729,0%@729,0%@729,0%@729,0%@729,0%@729] GR3D_FREQ 0% cv0@68.281C/71.875C cpu@72.125C/76.375C soc2@66.187C/68.781C soc0@69.156C/70.375C cv1@68.593C/70.843C gpu@70.625C/77.281C tj@72.125C/77.281C soc1@67.312C/68.312C cv2@65.25C/66.843C VDD_IN 6502mW/21200mW/32475mW VDD_CPU_GPU_CV 1020mW/12457mW/20388mW VDD_SOC 2490mW/3699mW/6099mW
08-10-2026 23:59:53 RAM 2528/15599MB (lfb 527x4MB) CPU [0%@729,0%@729,0%@729,0%@729,0%@729,0%@729,0%@729,0%@729] GR3D_FREQ 0% cv0@68.187C/71.875C cpu@72.093C/76.375C soc2@66.218C/68.781C soc0@69.156C/70.375C cv1@68.562C/70.843C gpu@70.812C/77.281C tj@72.093C/77.281C soc1@67.281C/68.312C cv2@65.218C/66.843C VDD_IN 6502mW/21159mW/32475mW VDD_CPU_GPU_CV 1020mW/12425mW/20388mW VDD_SOC 2490mW/3696mW/6099mW
08-10-2026 23:59:53 RAM 2528/15599MB (lfb 527x4MB) CPU [4%@729,0%@729,0%@729,0%@729,0%@729,0%@729,0%@729,0%@729] GR3D_FREQ 0% cv0@68.062C/71.875C cpu@72.156C/76.375C soc2@66.187C/68.781C soc0@69.125C/70.375C cv1@68.5C/70.843C gpu@70.656C/77.281C tj@72.156C/77.281C soc1@67.281C/68.312C cv2@65.062C/66.843C VDD_IN 6502mW/21119mW/32475mW VDD_CPU_GPU_CV 1020mW/12393mW/20388mW VDD_SOC 2490mW/3692mW/6099mW
08-10-2026 23:59:54 RAM 2527/15599MB (lfb 527x4MB) CPU [0%@729,0%@729,0%@729,0%@729,0%@729,0%@729,0%@729,0%@729] GR3D_FREQ 0% cv0@68.031C/71.875C cpu@71.843C/76.375C soc2@66.062C/68.781C soc0@69.031C/70.375C cv1@68.5C/70.843C gpu@70.406C/77.281C tj@71.843C/77.281C soc1@67.312C/68.312C cv2@64.968C/66.843C VDD_IN 6502mW/21078mW/32475mW VDD_CPU_GPU_CV 1020mW/12362mW/20388mW VDD_SOC 2490mW/3689mW/6099mW
08-10-2026 23:59:54 RAM 2527/15599MB (lfb 527x4MB) CPU [0%@729,0%@729,0%@729,0%@729,0%@729,0%@729,0%@729,0%@729] GR3D_FREQ 0% cv0@67.937C/71.875C cpu@71.843C/76.375C soc2@66C/68.781C soc0@69.031C/70.375C cv1@68.406C/70.843C gpu@70.75C/77.281C tj@71.843C/77.281C soc1@67.312C/68.312C cv2@64.937C/66.843C VDD_IN 6502mW/21038mW/32475mW VDD_CPU_GPU_CV 1020mW/12331mW/20388mW VDD_SOC 2490mW/3686mW/6099mW
08-10-2026 23:59:54 RAM 2527/15599MB (lfb 527x4MB) CPU [0%@729,0%@729,0%@729,0%@729,0%@729,0%@729,0%@729,0%@729] GR3D_FREQ 0% cv0@67.937C/71.875C cpu@71.812C/76.375C soc2@65.875C/68.781C soc0@68.843C/70.375C cv1@68.343C/70.843C gpu@70.718C/77.281C tj@71.812C/77.281C soc1@67.281C/68.312C cv2@64.906C/66.843C VDD_IN 6502mW/20999mW/32475mW VDD_CPU_GPU_CV 1020mW/12300mW/20388mW VDD_SOC 2490mW/3683mW/6099mW
08-10-2026 23:59:54 RAM 2527/15599MB (lfb 527x4MB) CPU [0%@729,0%@729,0%@729,0%@729,0%@729,0%@729,0%@729,0%@729] GR3D_FREQ 0% cv0@67.968C/71.875C cpu@71.781C/76.375C soc2@65.843C/68.781C soc0@68.781C/70.375C cv1@68.343C/70.843C gpu@70.5C/77.281C tj@71.781C/77.281C soc1@67.031C/68.312C cv2@64.906C/66.843C VDD_IN 6461mW/20959mW/32475mW VDD_CPU_GPU_CV 1020mW/12269mW/20388mW VDD_SOC 2494mW/3679mW/6099mW
08-10-2026 23:59:55 RAM 2527/15599MB (lfb 527x4MB) CPU [0%@729,0%@729,0%@729,0%@729,0%@729,0%@729,0%@729,0%@729] GR3D_FREQ 0% cv0@67.968C/71.875C cpu@71.781C/76.375C soc2@65.812C/68.781C soc0@68.906C/70.375C cv1@68.281C/70.843C gpu@70.343C/77.281C tj@71.781C/77.281C soc1@67.093C/68.312C cv2@64.843C/66.843C VDD_IN 6461mW/20919mW/32475mW VDD_CPU_GPU_CV 1020mW/12238mW/20388mW VDD_SOC 2494mW/3676mW/6099mW
08-10-2026 23:59:55 RAM 2527/15599MB (lfb 526x4MB) CPU [0%@729,0%@729,0%@729,0%@729,0%@729,0%@729,0%@729,0%@729] GR3D_FREQ 0% cv0@67.781C/71.875C cpu@71.75C/76.375C soc2@65.781C/68.781C soc0@68.843C/70.375C cv1@68.25C/70.843C gpu@70.25C/77.281C tj@71.75C/77.281C soc1@67.031C/68.312C cv2@64.75C/66.843C VDD_IN 6461mW/20880mW/32475mW VDD_CPU_GPU_CV 979mW/12208mW/20388mW VDD_SOC 2494mW/3673mW/6099mW
08-10-2026 23:59:55 RAM 2527/15599MB (lfb 526x4MB) CPU [0%@729,0%@729,0%@729,0%@729,0%@729,0%@729,0%@729,0%@729] GR3D_FREQ 0% cv0@67.781C/71.875C cpu@71.593C/76.375C soc2@65.75C/68.781C soc0@68.812C/70.375C cv1@68.312C/70.843C gpu@70.25C/77.281C tj@71.593C/77.281C soc1@67.125C/68.312C cv2@64.75C/66.843C VDD_IN 6461mW/20841mW/32475mW VDD_CPU_GPU_CV 979mW/12177mW/20388mW VDD_SOC 2494mW/3670mW/6099mW
08-10-2026 23:59:55 RAM 2527/15599MB (lfb 526x4MB) CPU [0%@729,0%@729,0%@729,0%@729,0%@729,0%@729,0%@729,0%@729] GR3D_FREQ 0% cv0@67.781C/71.875C cpu@71.531C/76.375C soc2@65.687C/68.781C soc0@68.656C/70.375C cv1@68.156C/70.843C gpu@70.406C/77.281C tj@71.531C/77.281C soc1@66.968C/68.312C cv2@64.687C/66.843C VDD_IN 6461mW/20802mW/32475mW VDD_CPU_GPU_CV 979mW/12147mW/20388mW VDD_SOC 2490mW/3667mW/6099mW
08-10-2026 23:59:55 RAM 2527/15599MB (lfb 526x4MB) CPU [0%@729,0%@729,0%@729,0%@729,0%@729,0%@729,0%@729,0%@729] GR3D_FREQ 0% cv0@67.687C/71.875C cpu@71.531C/76.375C soc2@65.625C/68.781C soc0@68.625C/70.375C cv1@68.093C/70.843C gpu@70.187C/77.281C tj@71.562C/77.281C soc1@66.906C/68.312C cv2@64.718C/66.843C VDD_IN 6461mW/20764mW/32475mW VDD_CPU_GPU_CV 979mW/12117mW/20388mW VDD_SOC 2490mW/3663mW/6099mW
08-10-2026 23:59:56 RAM 2527/15599MB (lfb 526x4MB) CPU [4%@729,0%@729,0%@729,0%@729,0%@729,0%@729,0%@729,0%@729] GR3D_FREQ 0% cv0@67.781C/71.875C cpu@71.468C/76.375C soc2@65.656C/68.781C soc0@68.593C/70.375C cv1@68.062C/70.843C gpu@70.062C/77.281C tj@71.468C/77.281C soc1@66.843C/68.312C cv2@64.625C/66.843C VDD_IN 6461mW/20725mW/32475mW VDD_CPU_GPU_CV 979mW/12087mW/20388mW VDD_SOC 2490mW/3660mW/6099mW
08-10-2026 23:59:56 RAM 2526/15599MB (lfb 526x4MB) CPU [0%@729,0%@729,0%@729,0%@729,0%@729,0%@729,0%@729,0%@729] GR3D_FREQ 0% cv0@67.656C/71.875C cpu@71.531C/76.375C soc2@65.593C/68.781C soc0@68.531C/70.375C cv1@68.031C/70.843C gpu@70.218C/77.281C tj@71.531C/77.281C soc1@66.875C/68.312C cv2@64.656C/66.843C VDD_IN 6461mW/20687mW/32475mW VDD_CPU_GPU_CV 979mW/12057mW/20388mW VDD_SOC 2494mW/3657mW/6099mW
08-10-2026 23:59:56 RAM 2525/15599MB (lfb 526x4MB) CPU [0%@729,0%@729,0%@729,0%@729,0%@729,0%@729,0%@729,0%@729] GR3D_FREQ 0% cv0@67.531C/71.875C cpu@71.562C/76.375C soc2@65.593C/68.781C soc0@68.625C/70.375C cv1@68.031C/70.843C gpu@69.937C/77.281C tj@71.562C/77.281C soc1@66.781C/68.312C cv2@64.531C/66.843C VDD_IN 6461mW/20649mW/32475mW VDD_CPU_GPU_CV 979mW/12028mW/20388mW VDD_SOC 2490mW/3654mW/6099mW
08-10-2026 23:59:56 RAM 2525/15599MB (lfb 526x4MB) CPU [0%@729,0%@729,4%@729,0%@729,0%@729,0%@729,0%@729,0%@729] GR3D_FREQ 0% cv0@67.468C/71.875C cpu@71.343C/76.375C soc2@65.437C/68.781C soc0@68.593C/70.375C cv1@68.031C/70.843C gpu@70.062C/77.281C tj@71.343C/77.281C soc1@66.812C/68.312C cv2@64.468C/66.843C VDD_IN 6461mW/20611mW/32475mW VDD_CPU_GPU_CV 979mW/11998mW/20388mW VDD_SOC 2490mW/3651mW/6099mW
08-10-2026 23:59:56 RAM 2525/15599MB (lfb 526x4MB) CPU [0%@729,0%@729,0%@729,0%@729,0%@729,0%@729,4%@729,0%@729] GR3D_FREQ 0% cv0@67.5C/71.875C cpu@71.343C/76.375C soc2@65.5C/68.781C soc0@68.406C/70.375C cv1@68.031C/70.843C gpu@69.968C/77.281C tj@71.343C/77.281C soc1@66.843C/68.312C cv2@64.437C/66.843C VDD_IN 6461mW/20573mW/32475mW VDD_CPU_GPU_CV 979mW/11969mW/20388mW VDD_SOC 2490mW/3648mW/6099mW
08-10-2026 23:59:57 RAM 2525/15599MB (lfb 526x4MB) CPU [0%@729,0%@729,0%@729,0%@729,0%@729,0%@729,0%@729,0%@729] GR3D_FREQ 0% cv0@67.5C/71.875C cpu@71.187C/76.375C soc2@65.375C/68.781C soc0@68.375C/70.375C cv1@67.937C/70.843C gpu@69.875C/77.281C tj@71.343C/77.281C soc1@66.875C/68.312C cv2@64.375C/66.843C VDD_IN 6461mW/20536mW/32475mW VDD_CPU_GPU_CV 979mW/11940mW/20388mW VDD_SOC 2490mW/3645mW/6099mW
08-10-2026 23:59:57 RAM 2528/15599MB (lfb 526x4MB) CPU [0%@729,0%@729,0%@729,0%@729,0%@729,0%@729,0%@729,0%@729] GR3D_FREQ 0% cv0@67.437C/71.875C cpu@71.281C/76.375C soc2@65.437C/68.781C soc0@68.343C/70.375C cv1@67.812C/70.843C gpu@69.812C/77.281C tj@71.281C/77.281C soc1@66.687C/68.312C cv2@64.468C/66.843C VDD_IN 6461mW/20499mW/32475mW VDD_CPU_GPU_CV 979mW/11911mW/20388mW VDD_SOC 2490mW/3642mW/6099mW
08-10-2026 23:59:57 RAM 2528/15599MB (lfb 526x4MB) CPU [0%@729,4%@729,0%@729,0%@729,0%@729,0%@729,0%@729,0%@729] GR3D_FREQ 0% cv0@67.468C/71.875C cpu@71.312C/76.375C soc2@65.343C/68.781C soc0@68.312C/70.375C cv1@67.812C/70.843C gpu@69.937C/77.281C tj@71.312C/77.281C soc1@66.687C/68.312C cv2@64.375C/66.843C VDD_IN 6461mW/20462mW/32475mW VDD_CPU_GPU_CV 979mW/11882mW/20388mW VDD_SOC 2490mW/3639mW/6099mW
08-10-2026 23:59:57 RAM 2528/15599MB (lfb 526x4MB) CPU [0%@729,0%@729,0%@729,0%@729,0%@729,0%@729,0%@729,0%@729] GR3D_FREQ 0% cv0@67.281C/71.875C cpu@71.25C/76.375C soc2@65.312C/68.781C soc0@68.375C/70.375C cv1@67.781C/70.843C gpu@69.781C/77.281C tj@71.25C/77.281C soc1@66.562C/68.312C cv2@64.25C/66.843C VDD_IN 6461mW/20425mW/32475mW VDD_CPU_GPU_CV 979mW/11853mW/20388mW VDD_SOC 2494mW/3636mW/6099mW
08-10-2026 23:59:57 RAM 2528/15599MB (lfb 526x4MB) CPU [0%@729,0%@729,4%@729,0%@729,0%@729,0%@729,0%@729,0%@729] GR3D_FREQ 0% cv0@67.281C/71.875C cpu@71.156C/76.375C soc2@65.187C/68.781C soc0@68.312C/70.375C cv1@67.812C/70.843C gpu@69.75C/77.281C tj@71.156C/77.281C soc1@66.593C/68.312C cv2@64.218C/66.843C VDD_IN 6461mW/20388mW/32475mW VDD_CPU_GPU_CV 979mW/11825mW/20388mW VDD_SOC 2490mW/3633mW/6099mW
08-10-2026 23:59:58 RAM 2528/15599MB (lfb 526x4MB) CPU [0%@729,0%@729,0%@729,0%@729,0%@729,0%@729,0%@729,0%@729] GR3D_FREQ 0% cv0@67.281C/71.875C cpu@71.031C/76.375C soc2@65.218C/68.781C soc0@68.218C/70.375C cv1@67.75C/70.843C gpu@69.906C/77.281C tj@71.031C/77.281C soc1@66.625C/68.312C cv2@64.218C/66.843C VDD_IN 6461mW/20352mW/32475mW VDD_CPU_GPU_CV 979mW/11796mW/20388mW VDD_SOC 2490mW/3630mW/6099mW
08-10-2026 23:59:58 RAM 2527/15599MB (lfb 527x4MB) CPU [0%@729,4%@729,0%@729,0%@729,0%@729,0%@729,0%@729,0%@729] GR3D_FREQ 0% cv0@67.25C/71.875C cpu@71.125C/76.375C soc2@65.156C/68.781C soc0@68.187C/70.375C cv1@67.593C/70.843C gpu@69.593C/77.281C tj@71.125C/77.281C soc1@66.656C/68.312C cv2@64.125C/66.843C VDD_IN 6461mW/20315mW/32475mW VDD_CPU_GPU_CV 979mW/11768mW/20388mW VDD_SOC 2490mW/3627mW/6099mW
08-10-2026 23:59:58 RAM 2527/15599MB (lfb 527x4MB) CPU [0%@729,0%@729,0%@729,0%@729,0%@729,0%@729,0%@729,0%@729] GR3D_FREQ 0% cv0@67.281C/71.875C cpu@70.968C/76.375C soc2@65.218C/68.781C soc0@68.093C/70.375C cv1@67.593C/70.843C gpu@69.75C/77.281C tj@70.968C/77.281C soc1@66.468C/68.312C cv2@64.25C/66.843C VDD_IN 6461mW/20279mW/32475mW VDD_CPU_GPU_CV 979mW/11740mW/20388mW VDD_SOC 2490mW/3624mW/6099mW
08-10-2026 23:59:58 RAM 2527/15599MB (lfb 527x4MB) CPU [0%@729,0%@729,0%@729,0%@729,0%@729,0%@729,0%@729,0%@729] GR3D_FREQ 0% cv0@67.281C/71.875C cpu@71.125C/76.375C soc2@65.187C/68.781C soc0@68.062C/70.375C cv1@67.593C/70.843C gpu@69.593C/77.281C tj@71.125C/77.281C soc1@66.406C/68.312C cv2@64.218C/66.843C VDD_IN 6420mW/20243mW/32475mW VDD_CPU_GPU_CV 979mW/11712mW/20388mW VDD_SOC 2490mW/3621mW/6099mW
08-10-2026 23:59:58 RAM 2527/15599MB (lfb 527x4MB) CPU [0%@729,0%@729,0%@729,0%@729,0%@729,0%@729,0%@729,0%@729] GR3D_FREQ 0% cv0@67.062C/71.875C cpu@71.093C/76.375C soc2@65.187C/68.781C soc0@68.093C/70.375C cv1@67.531C/70.843C gpu@69.531C/77.281C tj@71.093C/77.281C soc1@66.375C/68.312C cv2@64C/66.843C VDD_IN 6420mW/20208mW/32475mW VDD_CPU_GPU_CV 979mW/11684mW/20388mW VDD_SOC 2494mW/3618mW/6099mW
08-10-2026 23:59:59 RAM 2527/15599MB (lfb 527x4MB) CPU [0%@729,0%@729,0%@729,0%@729,0%@729,0%@729,0%@729,0%@729] GR3D_FREQ 0% cv0@67.093C/71.875C cpu@71.187C/76.375C soc2@65.125C/68.781C soc0@68.093C/70.375C cv1@67.562C/70.843C gpu@69.687C/77.281C tj@71.187C/77.281C soc1@66.468C/68.312C cv2@63.968C/66.843C VDD_IN 6420mW/20172mW/32475mW VDD_CPU_GPU_CV 979mW/11657mW/20388mW VDD_SOC 2490mW/3615mW/6099mW
08-10-2026 23:59:59 RAM 2524/15599MB (lfb 526x4MB) CPU [0%@729,0%@729,0%@729,0%@729,0%@729,0%@729,0%@729,0%@729] GR3D_FREQ 0% cv0@66.968C/71.875C cpu@70.843C/76.375C soc2@64.937C/68.781C soc0@68.125C/70.375C cv1@67.5C/70.843C gpu@69.718C/77.281C tj@70.843C/77.281C soc1@66.406C/68.312C cv2@63.937C/66.843C VDD_IN 6420mW/20136mW/32475mW VDD_CPU_GPU_CV 979mW/11629mW/20388mW VDD_SOC 2490mW/3612mW/6099mW
08-10-2026 23:59:59 RAM 2524/15599MB (lfb 526x4MB) CPU [4%@729,0%@729,0%@729,0%@729,0%@729,0%@729,0%@729,0%@729] GR3D_FREQ 0% cv0@67C/71.875C cpu@70.875C/76.375C soc2@65C/68.781C soc0@67.906C/70.375C cv1@67.437C/70.843C gpu@69.531C/77.281C tj@70.875C/77.281C soc1@66.437C/68.312C cv2@64C/66.843C VDD_IN 6420mW/20101mW/32475mW VDD_CPU_GPU_CV 979mW/11602mW/20388mW VDD_SOC 2494mW/3609mW/6099mW
08-10-2026 23:59:59 RAM 2524/15599MB (lfb 526x4MB) CPU [0%@729,0%@729,4%@729,0%@729,0%@729,0%@729,0%@729,0%@729] GR3D_FREQ 0% cv0@66.968C/71.875C cpu@70.781C/76.375C soc2@64.937C/68.781C soc0@67.906C/70.375C cv1@67.406C/70.843C gpu@69.343C/77.281C tj@70.937C/77.281C soc1@66.281C/68.312C cv2@63.937C/66.843C VDD_IN 6420mW/20066mW/32475mW VDD_CPU_GPU_CV 979mW/11574mW/20388mW VDD_SOC 2490mW/3606mW/6099mW
08-10-2026 23:59:59 RAM 2521/15599MB (lfb 526x4MB) CPU [4%@729,0%@729,0%@729,0%@729,0%@729,0%@729,0%@729,0%@729] GR3D_FREQ 0% cv0@67C/71.875C cpu@70.781C/76.375C soc2@64.812C/68.781C soc0@67.875C/70.375C cv1@67.375C/70.843C gpu@69.281C/77.281C tj@70.781C/77.281C soc1@66.187C/68.312C cv2@63.968C/66.843C VDD_IN 6420mW/20031mW/32475mW VDD_CPU_GPU_CV 979mW/11547mW/20388mW VDD_SOC 2490mW/3603mW/6099mW
08-11-2026 00:00:00 RAM 2521/15599MB (lfb 526x4MB) CPU [0%@729,0%@729,4%@729,0%@729,0%@729,0%@729,0%@729,0%@729] GR3D_FREQ 0% cv0@66.812C/71.875C cpu@70.781C/76.375C soc2@64.906C/68.781C soc0@67.781C/70.375C cv1@67.312C/70.843C gpu@69.281C/77.281C tj@70.781C/77.281C soc1@66.187C/68.312C cv2@63.781C/66.843C VDD_IN 6420mW/19996mW/32475mW VDD_CPU_GPU_CV 979mW/11520mW/20388mW VDD_SOC 2494mW/3601mW/6099mW
08-11-2026 00:00:00 RAM 2521/15599MB (lfb 526x4MB) CPU [0%@729,0%@729,4%@729,0%@729,0%@729,0%@729,0%@729,0%@729] GR3D_FREQ 0% cv0@66.812C/71.875C cpu@70.906C/76.375C soc2@64.812C/68.781C soc0@67.843C/70.375C cv1@67.375C/70.843C gpu@69.468C/77.281C tj@70.906C/77.281C soc1@66.187C/68.312C cv2@63.781C/66.843C VDD_IN 6420mW/19962mW/32475mW VDD_CPU_GPU_CV 979mW/11494mW/20388mW VDD_SOC 2490mW/3598mW/6099mW
08-11-2026 00:00:00 RAM 2521/15599MB (lfb 526x4MB) CPU [0%@729,0%@729,0%@729,0%@729,0%@729,0%@729,0%@729,0%@729] GR3D_FREQ 0% cv0@66.781C/71.875C cpu@70.625C/76.375C soc2@64.781C/68.781C soc0@67.843C/70.375C cv1@67.343C/70.843C gpu@69.281C/77.281C tj@70.625C/77.281C soc1@66.187C/68.312C cv2@63.718C/66.843C VDD_IN 6420mW/19928mW/32475mW VDD_CPU_GPU_CV 979mW/11467mW/20388mW VDD_SOC 2490mW/3595mW/6099mW
08-11-2026 00:00:00 RAM 2521/15599MB (lfb 526x4MB) CPU [0%@729,0%@729,0%@729,0%@729,0%@729,0%@729,0%@729,0%@729] GR3D_FREQ 0% cv0@66.781C/71.875C cpu@70.625C/76.375C soc2@64.718C/68.781C soc0@67.718C/70.375C cv1@67.187C/70.843C gpu@69.187C/77.281C tj@70.625C/77.281C soc1@66.25C/68.312C cv2@63.75C/66.843C VDD_IN 6420mW/19893mW/32475mW VDD_CPU_GPU_CV 979mW/11440mW/20388mW VDD_SOC 2494mW/3592mW/6099mW
08-11-2026 00:00:00 RAM 2521/15599MB (lfb 526x4MB) CPU [0%@729,0%@729,0%@729,0%@729,0%@729,0%@729,0%@729,0%@729] GR3D_FREQ 0% cv0@66.75C/71.875C cpu@70.625C/76.375C soc2@64.75C/68.781C soc0@67.75C/70.375C cv1@67.187C/70.843C gpu@69.187C/77.281C tj@70.625C/77.281C soc1@66.125C/68.312C cv2@63.718C/66.843C VDD_IN 6420mW/19859mW/32475mW VDD_CPU_GPU_CV 979mW/11414mW/20388mW VDD_SOC 2490mW/3589mW/6099mW
08-11-2026 00:00:01 RAM 2521/15599MB (lfb 526x4MB) CPU [0%@729,0%@729,0%@729,0%@729,0%@729,0%@729,0%@729,0%@729] GR3D_FREQ 0% cv0@66.781C/71.875C cpu@70.5C/76.375C soc2@64.656C/68.781C soc0@67.718C/70.375C cv1@67.187C/70.843C gpu@69.031C/77.281C tj@70.5C/77.281C soc1@66C/68.312C cv2@63.625C/66.843C VDD_IN 6420mW/19825mW/32475mW VDD_CPU_GPU_CV 979mW/11388mW/20388mW VDD_SOC 2490mW/3587mW/6099mW
08-11-2026 00:00:01 RAM 2520/15599MB (lfb 527x4MB) CPU [0%@729,0%@729,0%@729,0%@729,0%@729,0%@729,0%@729,0%@729] GR3D_FREQ 0% cv0@66.656C/71.875C cpu@70.593C/76.375C soc2@64.687C/68.781C soc0@67.656C/70.375C cv1@67.125C/70.843C gpu@69.156C/77.281C tj@70.593C/77.281C soc1@66C/68.312C cv2@63.781C/66.843C VDD_IN 6420mW/19792mW/32475mW VDD_CPU_GPU_CV 979mW/11361mW/20388mW VDD_SOC 2490mW/3584mW/6099mW
08-11-2026 00:00:01 RAM 2520/15599MB (lfb 527x4MB) CPU [0%@729,0%@729,0%@729,0%@729,0%@729,0%@729,0%@729,0%@729] GR3D_FREQ 0% cv0@66.562C/71.875C cpu@70.625C/76.375C soc2@64.687C/68.781C soc0@67.593C/70.375C cv1@67.093C/70.843C gpu@69C/77.281C tj@70.625C/77.281C soc1@66C/68.312C cv2@63.5C/66.843C VDD_IN 6420mW/19758mW/32475mW VDD_CPU_GPU_CV 979mW/11335mW/20388mW VDD_SOC 2494mW/3581mW/6099mW
08-11-2026 00:00:01 RAM 2520/15599MB (lfb 527x4MB) CPU [0%@729,0%@729,4%@729,0%@729,0%@729,0%@729,0%@729,0%@729] GR3D_FREQ 0% cv0@66.593C/71.875C cpu@70.562C/76.375C soc2@64.531C/68.781C soc0@67.625C/70.375C cv1@67.187C/70.843C gpu@68.906C/77.281C tj@70.562C/77.281C soc1@65.937C/68.312C cv2@63.468C/66.843C VDD_IN 6420mW/19725mW/32475mW VDD_CPU_GPU_CV 979mW/11310mW/20388mW VDD_SOC 2494mW/3578mW/6099mW
08-11-2026 00:00:02 RAM 2520/15599MB (lfb 527x4MB) CPU [0%@729,0%@729,4%@729,0%@729,0%@729,0%@729,0%@729,0%@729] GR3D_FREQ 0% cv0@66.593C/71.875C cpu@70.437C/76.375C soc2@64.5C/68.781C soc0@67.406C/70.375C cv1@66.968C/70.843C gpu@68.875C/77.281C tj@70.437C/77.281C soc1@66.062C/68.312C cv2@63.5C/66.843C VDD_IN 6420mW/19692mW/32475mW VDD_CPU_GPU_CV 979mW/11284mW/20388mW VDD_SOC 2494mW/3576mW/6099mW
08-11-2026 00:00:02 RAM 2520/15599MB (lfb 527x4MB) CPU [0%@729,0%@729,4%@729,0%@729,0%@729,0%@729,0%@729,0%@729] GR3D_FREQ 0% cv0@66.562C/71.875C cpu@70.375C/76.375C soc2@64.437C/68.781C soc0@67.437C/70.375C cv1@67.031C/70.843C gpu@69.156C/77.281C tj@70.375C/77.281C soc1@65.875C/68.312C cv2@63.437C/66.843C VDD_IN 6420mW/19659mW/32475mW VDD_CPU_GPU_CV 979mW/11258mW/20388mW VDD_SOC 2490mW/3573mW/6099mW
08-11-2026 00:00:02 RAM 2519/15599MB (lfb 527x4MB) CPU [0%@729,0%@729,0%@729,0%@729,0%@729,0%@729,0%@729,0%@729] GR3D_FREQ 0% cv0@66.531C/71.875C cpu@70.281C/76.375C soc2@64.406C/68.781C soc0@67.406C/70.375C cv1@67C/70.843C gpu@68.968C/77.281C tj@70.437C/77.281C soc1@65.812C/68.312C cv2@63.593C/66.843C VDD_IN 6420mW/19626mW/32475mW VDD_CPU_GPU_CV 979mW/11233mW/20388mW VDD_SOC 2490mW/3570mW/6099mW
08-11-2026 00:00:02 RAM 2519/15599MB (lfb 527x4MB) CPU [0%@729,0%@729,4%@729,0%@729,0%@729,0%@729,0%@729,0%@729] GR3D_FREQ 0% cv0@66.343C/71.875C cpu@70.312C/76.375C soc2@64.468C/68.781C soc0@67.437C/70.375C cv1@67C/70.843C gpu@68.906C/77.281C tj@70.312C/77.281C soc1@65.812C/68.312C cv2@63.531C/66.843C VDD_IN 6420mW/19593mW/32475mW VDD_CPU_GPU_CV 979mW/11207mW/20388mW VDD_SOC 2494mW/3568mW/6099mW
08-11-2026 00:00:02 RAM 2519/15599MB (lfb 527x4MB) CPU [0%@729,0%@729,0%@729,0%@729,0%@729,0%@729,0%@729,0%@729] GR3D_FREQ 0% cv0@66.343C/71.875C cpu@70.406C/76.375C soc2@64.468C/68.781C soc0@67.406C/70.375C cv1@66.968C/70.843C gpu@68.843C/77.281C tj@70.406C/77.281C soc1@65.812C/68.312C cv2@63.312C/66.843C VDD_IN 6420mW/19561mW/32475mW VDD_CPU_GPU_CV 979mW/11182mW/20388mW VDD_SOC 2490mW/3565mW/6099mW
08-11-2026 00:00:03 RAM 2519/15599MB (lfb 527x4MB) CPU [0%@729,0%@729,0%@729,0%@729,0%@729,0%@729,0%@729,0%@729] GR3D_FREQ 0% cv0@66.343C/71.875C cpu@70.218C/76.375C soc2@64.343C/68.781C soc0@67.375C/70.375C cv1@66.937C/70.843C gpu@68.781C/77.281C tj@70.218C/77.281C soc1@65.75C/68.312C cv2@63.312C/66.843C VDD_IN 6420mW/19528mW/32475mW VDD_CPU_GPU_CV 979mW/11157mW/20388mW VDD_SOC 2490mW/3562mW/6099mW
08-11-2026 00:00:03 RAM 2519/15599MB (lfb 527x4MB) CPU [0%@1267,0%@1267,10%@1267,0%@1267,0%@806,0%@806,9%@806,0%@806] GR3D_FREQ 0% cv0@66.343C/71.875C cpu@70.218C/76.375C soc2@64.312C/68.781C soc0@67.312C/70.375C cv1@66.75C/70.843C gpu@68.906C/77.281C tj@70.218C/77.281C soc1@65.781C/68.312C cv2@63.312C/66.843C VDD_IN 6461mW/19496mW/32475mW VDD_CPU_GPU_CV 979mW/11132mW/20388mW VDD_SOC 2490mW/3560mW/6099mW
08-11-2026 00:00:03 RAM 2523/15599MB (lfb 527x4MB) CPU [5%@1984,18%@1984,31%@1984,15%@1984,9%@729,5%@729,15%@729,10%@729] GR3D_FREQ 0% cv0@66.375C/71.875C cpu@70.531C/76.375C soc2@64.281C/68.781C soc0@67.25C/70.375C cv1@66.781C/70.843C gpu@68.843C/77.281C tj@70.531C/77.281C soc1@65.656C/68.312C cv2@63.25C/66.843C VDD_IN 6788mW/19465mW/32475mW VDD_CPU_GPU_CV 1224mW/11108mW/20388mW VDD_SOC 2490mW/3557mW/6099mW
08-11-2026 00:00:03 RAM 2526/15599MB (lfb 527x4MB) CPU [15%@729,10%@729,28%@729,19%@729,4%@729,10%@729,10%@729,13%@729] GR3D_FREQ 0% cv0@66.5C/71.875C cpu@70.218C/76.375C soc2@64.343C/68.781C soc0@67.25C/70.375C cv1@66.781C/70.843C gpu@68.656C/77.281C tj@70.218C/77.281C soc1@65.656C/68.312C cv2@63.281C/66.843C VDD_IN 6952mW/19434mW/32475mW VDD_CPU_GPU_CV 1388mW/11084mW/20388mW VDD_SOC 2490mW/3554mW/6099mW
08-11-2026 00:00:03 RAM 2526/15599MB (lfb 527x4MB) CPU [0%@729,0%@729,0%@729,0%@729,0%@729,0%@729,0%@729,0%@729] GR3D_FREQ 0% cv0@66.343C/71.875C cpu@70.187C/76.375C soc2@64.218C/68.781C soc0@67.156C/70.375C cv1@66.75C/70.843C gpu@68.656C/77.281C tj@70.187C/77.281C soc1@65.656C/68.312C cv2@63.375C/66.843C VDD_IN 6747mW/19404mW/32475mW VDD_CPU_GPU_CV 1224mW/11060mW/20388mW VDD_SOC 2490mW/3552mW/6099mW
08-11-2026 00:00:04 RAM 2526/15599MB (lfb 527x4MB) CPU [0%@729,0%@729,0%@729,0%@729,0%@729,0%@729,0%@729,0%@729] GR3D_FREQ 0% cv0@66.25C/71.875C cpu@70.187C/76.375C soc2@64.218C/68.781C soc0@67.187C/70.375C cv1@66.718C/70.843C gpu@68.906C/77.281C tj@70.187C/77.281C soc1@65.625C/68.312C cv2@63.156C/66.843C VDD_IN 6625mW/19372mW/32475mW VDD_CPU_GPU_CV 1143mW/11036mW/20388mW VDD_SOC 2490mW/3549mW/6099mW
08-11-2026 00:00:04 RAM 2525/15599MB (lfb 528x4MB) CPU [0%@729,4%@729,4%@729,0%@729,0%@729,0%@729,0%@729,0%@729] GR3D_FREQ 0% cv0@66.156C/71.875C cpu@70.031C/76.375C soc2@64.25C/68.781C soc0@67.187C/70.375C cv1@66.75C/70.843C gpu@68.656C/77.281C tj@70.031C/77.281C soc1@65.593C/68.312C cv2@63.062C/66.843C VDD_IN 6543mW/19341mW/32475mW VDD_CPU_GPU_CV 1061mW/11011mW/20388mW VDD_SOC 2490mW/3547mW/6099mW
08-11-2026 00:00:04 RAM 2522/15599MB (lfb 528x4MB) CPU [0%@729,0%@729,0%@729,0%@729,0%@729,0%@729,0%@729,0%@729] GR3D_FREQ 0% cv0@66.156C/71.875C cpu@70.062C/76.375C soc2@64.031C/68.781C soc0@67.093C/70.375C cv1@66.75C/70.843C gpu@68.468C/77.281C tj@70.062C/77.281C soc1@65.562C/68.312C cv2@63.031C/66.843C VDD_IN 6502mW/19310mW/32475mW VDD_CPU_GPU_CV 1061mW/10987mW/20388mW VDD_SOC 2490mW/3544mW/6099mW
08-11-2026 00:00:04 RAM 2522/15599MB (lfb 528x4MB) CPU [0%@729,0%@729,0%@729,0%@729,0%@729,0%@729,0%@729,0%@729] GR3D_FREQ 0% cv0@66.093C/71.875C cpu@70C/76.375C soc2@64.125C/68.781C soc0@67.093C/70.375C cv1@66.656C/70.843C gpu@68.437C/77.281C tj@70C/77.281C soc1@65.562C/68.312C cv2@63C/66.843C VDD_IN 6461mW/19279mW/32475mW VDD_CPU_GPU_CV 1020mW/10963mW/20388mW VDD_SOC 2490mW/3542mW/6099mW
08-11-2026 00:00:04 RAM 2522/15599MB (lfb 528x4MB) CPU [0%@729,0%@729,0%@729,0%@729,0%@729,0%@729,0%@729,0%@729] GR3D_FREQ 0% cv0@66.125C/71.875C cpu@69.875C/76.375C soc2@64.031C/68.781C soc0@67.031C/70.375C cv1@66.562C/70.843C gpu@68.437C/77.281C tj@70.062C/77.281C soc1@65.437C/68.312C cv2@63.093C/66.843C VDD_IN 6420mW/19248mW/32475mW VDD_CPU_GPU_CV 979mW/10939mW/20388mW VDD_SOC 2494mW/3539mW/6099mW
08-11-2026 00:00:05 RAM 2522/15599MB (lfb 528x4MB) CPU [4%@729,0%@729,0%@729,0%@729,0%@729,0%@729,0%@729,0%@729] GR3D_FREQ 0% cv0@66.093C/71.875C cpu@69.812C/76.375C soc2@63.875C/68.781C soc0@67.031C/70.375C cv1@66.562C/70.843C gpu@68.562C/77.281C tj@69.812C/77.281C soc1@65.406C/68.312C cv2@63C/66.843C VDD_IN 6420mW/19217mW/32475mW VDD_CPU_GPU_CV 979mW/10915mW/20388mW VDD_SOC 2490mW/3537mW/6099mW
08-11-2026 00:00:05 RAM 2520/15599MB (lfb 529x4MB) CPU [4%@729,0%@729,9%@729,0%@729,0%@729,0%@729,0%@729,0%@729] GR3D_FREQ 0% cv0@65.906C/71.875C cpu@69.906C/76.375C soc2@64C/68.781C soc0@66.906C/70.375C cv1@66.531C/70.843C gpu@68.5C/77.281C tj@69.906C/77.281C soc1@65.375C/68.312C cv2@62.812C/66.843C VDD_IN 6420mW/19187mW/32475mW VDD_CPU_GPU_CV 979mW/10891mW/20388mW VDD_SOC 2453mW/3534mW/6099mW
08-11-2026 00:00:05 RAM 2519/15599MB (lfb 528x4MB) CPU [0%@729,0%@729,0%@729,0%@729,0%@729,0%@729,0%@729,0%@729] GR3D_FREQ 0% cv0@65.843C/71.875C cpu@70.062C/76.375C soc2@63.875C/68.781C soc0@66.906C/70.375C cv1@66.5C/70.843C gpu@68.375C/77.281C tj@70.062C/77.281C soc1@65.437C/68.312C cv2@62.812C/66.843C VDD_IN 6420mW/19156mW/32475mW VDD_CPU_GPU_CV 979mW/10868mW/20388mW VDD_SOC 2453mW/3531mW/6099mW
08-11-2026 00:00:05 RAM 2519/15599MB (lfb 528x4MB) CPU [0%@729,0%@729,4%@729,0%@729,0%@729,0%@729,0%@729,0%@729] GR3D_FREQ 0% cv0@65.906C/71.875C cpu@69.781C/76.375C soc2@63.843C/68.781C soc0@66.968C/70.375C cv1@66.437C/70.843C gpu@68.312C/77.281C tj@69.781C/77.281C soc1@65.375C/68.312C cv2@62.812C/66.843C VDD_IN 6379mW/19126mW/32475mW VDD_CPU_GPU_CV 979mW/10844mW/20388mW VDD_SOC 2449mW/3529mW/6099mW
08-11-2026 00:00:05 RAM 2519/15599MB (lfb 528x4MB) CPU [0%@729,0%@729,0%@729,0%@729,0%@729,0%@729,0%@729,0%@729] GR3D_FREQ 0% cv0@65.843C/71.875C cpu@69.781C/76.375C soc2@63.812C/68.781C soc0@66.843C/70.375C cv1@66.312C/70.843C gpu@68.218C/77.281C tj@69.781C/77.281C soc1@65.406C/68.312C cv2@62.75C/66.843C VDD_IN 6379mW/19095mW/32475mW VDD_CPU_GPU_CV 979mW/10821mW/20388mW VDD_SOC 2449mW/3526mW/6099mW
08-11-2026 00:00:06 RAM 2519/15599MB (lfb 528x4MB) CPU [0%@729,0%@729,0%@729,0%@729,0%@729,0%@729,0%@729,0%@729] GR3D_FREQ 0% cv0@65.875C/71.875C cpu@69.687C/76.375C soc2@63.843C/68.781C soc0@66.718C/70.375C cv1@66.343C/70.843C gpu@68.312C/77.281C tj@69.812C/77.281C soc1@65.187C/68.312C cv2@62.812C/66.843C VDD_IN 6379mW/19065mW/32475mW VDD_CPU_GPU_CV 979mW/10797mW/20388mW VDD_SOC 2490mW/3524mW/6099mW
08-11-2026 00:00:06 RAM 2518/15599MB (lfb 528x4MB) CPU [0%@729,0%@729,4%@729,0%@729,0%@729,0%@729,0%@729,0%@729] GR3D_FREQ 0% cv0@65.906C/71.875C cpu@69.625C/76.375C soc2@63.843C/68.781C soc0@66.812C/70.375C cv1@66.312C/70.843C gpu@68.218C/77.281C tj@69.625C/77.281C soc1@65.218C/68.312C cv2@62.812C/66.843C VDD_IN 6379mW/19035mW/32475mW VDD_CPU_GPU_CV 979mW/10774mW/20388mW VDD_SOC 2494mW/3521mW/6099mW
08-11-2026 00:00:06 RAM 2518/15599MB (lfb 528x4MB) CPU [0%@729,0%@729,0%@729,0%@729,0%@729,0%@729,0%@729,0%@729] GR3D_FREQ 0% cv0@65.718C/71.875C cpu@69.625C/76.375C soc2@63.812C/68.781C soc0@66.781C/70.375C cv1@66.375C/70.843C gpu@68.156C/77.281C tj@69.625C/77.281C soc1@65.218C/68.312C cv2@62.656C/66.843C VDD_IN 6379mW/19005mW/32475mW VDD_CPU_GPU_CV 979mW/10751mW/20388mW VDD_SOC 2449mW/3519mW/6099mW
08-11-2026 00:00:06 RAM 2518/15599MB (lfb 528x4MB) CPU [0%@729,0%@729,0%@729,0%@729,0%@729,0%@729,0%@729,0%@729] GR3D_FREQ 0% cv0@65.718C/71.875C cpu@69.812C/76.375C soc2@63.75C/68.781C soc0@66.812C/70.375C cv1@66.218C/70.843C gpu@68.125C/77.281C tj@69.812C/77.281C soc1@65.25C/68.312C cv2@62.656C/66.843C VDD_IN 6379mW/18975mW/32475mW VDD_CPU_GPU_CV 979mW/10728mW/20388mW VDD_SOC 2449mW/3516mW/6099mW
08-11-2026 00:00:06 RAM 2518/15599MB (lfb 528x4MB) CPU [0%@729,0%@729,0%@729,0%@729,0%@729,0%@729,0%@729,0%@729] GR3D_FREQ 0% cv0@65.718C/71.875C cpu@69.562C/76.375C soc2@63.656C/68.781C soc0@66.812C/70.375C cv1@66.375C/70.843C gpu@68.281C/77.281C tj@69.562C/77.281C soc1@65.125C/68.312C cv2@62.593C/66.843C VDD_IN 6379mW/18946mW/32475mW VDD_CPU_GPU_CV 939mW/10705mW/20388mW VDD_SOC 2453mW/3514mW/6099mW
08-11-2026 00:00:07 RAM 2518/15599MB (lfb 528x4MB) CPU [0%@729,0%@729,4%@729,0%@729,0%@729,0%@729,0%@729,0%@729] GR3D_FREQ 0% cv0@65.687C/71.875C cpu@69.562C/76.375C soc2@63.656C/68.781C soc0@66.625C/70.375C cv1@66.125C/70.843C gpu@68.125C/77.281C tj@69.562C/77.281C soc1@65.25C/68.312C cv2@62.625C/66.843C VDD_IN 6379mW/18916mW/32475mW VDD_CPU_GPU_CV 939mW/10682mW/20388mW VDD_SOC 2449mW/3511mW/6099mW
08-11-2026 00:00:07 RAM 2517/15599MB (lfb 529x4MB) CPU [4%@729,0%@729,0%@729,0%@729,0%@729,0%@729,0%@729,0%@729] GR3D_FREQ 0% cv0@65.593C/71.875C cpu@69.468C/76.375C soc2@63.625C/68.781C soc0@66.625C/70.375C cv1@66.093C/70.843C gpu@68.062C/77.281C tj@69.593C/77.281C soc1@65.031C/68.312C cv2@62.625C/66.843C VDD_IN 6379mW/18887mW/32475mW VDD_CPU_GPU_CV 939mW/10659mW/20388mW VDD_SOC 2449mW/3509mW/6099mW
08-11-2026 00:00:07 RAM 2517/15599MB (lfb 529x4MB) CPU [0%@729,0%@729,4%@729,0%@729,0%@729,0%@729,0%@729,0%@729] GR3D_FREQ 0% cv0@65.718C/71.875C cpu@69.468C/76.375C soc2@63.531C/68.781C soc0@66.531C/70.375C cv1@66.093C/70.843C gpu@68.218C/77.281C tj@69.468C/77.281C soc1@64.968C/68.312C cv2@62.593C/66.843C VDD_IN 6379mW/18858mW/32475mW VDD_CPU_GPU_CV 939mW/10636mW/20388mW VDD_SOC 2453mW/3506mW/6099mW
08-11-2026 00:00:07 RAM 2517/15599MB (lfb 529x4MB) CPU [0%@729,0%@729,0%@729,0%@729,0%@729,0%@729,0%@729,0%@729] GR3D_FREQ 0% cv0@65.531C/71.875C cpu@69.531C/76.375C soc2@63.593C/68.781C soc0@66.531C/70.375C cv1@66.093C/70.843C gpu@67.968C/77.281C tj@69.531C/77.281C soc1@65.031C/68.312C cv2@62.5C/66.843C VDD_IN 6379mW/18828mW/32475mW VDD_CPU_GPU_CV 939mW/10614mW/20388mW VDD_SOC 2449mW/3504mW/6099mW
08-11-2026 00:00:07 RAM 2517/15599MB (lfb 529x4MB) CPU [0%@729,0%@729,0%@729,0%@729,0%@729,0%@729,0%@729,0%@729] GR3D_FREQ 0% cv0@65.531C/71.875C cpu@69.625C/76.375C soc2@63.593C/68.781C soc0@66.468C/70.375C cv1@66.093C/70.843C gpu@68.031C/77.281C tj@69.625C/77.281C soc1@64.937C/68.312C cv2@62.406C/66.843C VDD_IN 6379mW/18800mW/32475mW VDD_CPU_GPU_CV 939mW/10591mW/20388mW VDD_SOC 2449mW/3501mW/6099mW
08-11-2026 00:00:08 RAM 2517/15599MB (lfb 529x4MB) CPU [0%@729,0%@729,0%@729,0%@729,0%@729,0%@729,0%@729,0%@729] GR3D_FREQ 0% cv0@65.468C/71.875C cpu@69.343C/76.375C soc2@63.437C/68.781C soc0@66.5C/70.375C cv1@66.031C/70.843C gpu@67.875C/77.281C tj@69.343C/77.281C soc1@64.906C/68.312C cv2@62.437C/66.843C VDD_IN 6379mW/18771mW/32475mW VDD_CPU_GPU_CV 939mW/10569mW/20388mW VDD_SOC 2449mW/3499mW/6099mW
08-11-2026 00:00:08 RAM 2517/15599MB (lfb 529x4MB) CPU [0%@729,0%@729,0%@729,0%@729,0%@729,0%@729,0%@729,0%@729] GR3D_FREQ 0% cv0@65.5C/71.875C cpu@69.343C/76.375C soc2@63.437C/68.781C soc0@66.343C/70.375C cv1@65.968C/70.843C gpu@67.937C/77.281C tj@69.343C/77.281C soc1@65C/68.312C cv2@62.343C/66.843C VDD_IN 6379mW/18742mW/32475mW VDD_CPU_GPU_CV 939mW/10547mW/20388mW VDD_SOC 2453mW/3496mW/6099mW
08-11-2026 00:00:08 RAM 2517/15599MB (lfb 529x4MB) CPU [4%@729,0%@729,0%@729,0%@729,0%@729,0%@729,0%@729,4%@729] GR3D_FREQ 0% cv0@65.468C/71.875C cpu@69.375C/76.375C soc2@63.468C/68.781C soc0@66.312C/70.375C cv1@65.906C/70.843C gpu@67.75C/77.281C tj@69.375C/77.281C soc1@64.812C/68.312C cv2@62.343C/66.843C VDD_IN 6379mW/18713mW/32475mW VDD_CPU_GPU_CV 939mW/10524mW/20388mW VDD_SOC 2449mW/3494mW/6099mW
08-11-2026 00:00:08 RAM 2517/15599MB (lfb 529x4MB) CPU [0%@883,0%@883,5%@883,0%@883,0%@729,0%@729,5%@729,0%@729] GR3D_FREQ 0% cv0@65.5C/71.875C cpu@69.375C/76.375C soc2@63.343C/68.781C soc0@66.375C/70.375C cv1@65.875C/70.843C gpu@67.781C/77.281C tj@69.375C/77.281C soc1@64.843C/68.312C cv2@62.343C/66.843C VDD_IN 6420mW/18685mW/32475mW VDD_CPU_GPU_CV 979mW/10502mW/20388mW VDD_SOC 2449mW/3492mW/6099mW
08-11-2026 00:00:09 RAM 2519/15599MB (lfb 529x4MB) CPU [9%@729,5%@729,5%@729,20%@729,4%@729,0%@729,5%@729,0%@729] GR3D_FREQ 0% cv0@65.375C/71.875C cpu@69.312C/76.375C soc2@63.343C/68.781C soc0@66.375C/70.375C cv1@66C/70.843C gpu@67.875C/77.281C tj@69.312C/77.281C soc1@64.781C/68.312C cv2@62.218C/66.843C VDD_IN 6502mW/18657mW/32475mW VDD_CPU_GPU_CV 1061mW/10481mW/20388mW VDD_SOC 2490mW/3489mW/6099mW
08-11-2026 00:00:09 RAM 2517/15599MB (lfb 529x4MB) CPU [0%@729,19%@729,5%@729,0%@729,19%@729,0%@729,0%@729,0%@729] GR3D_FREQ 0% cv0@65.406C/71.875C cpu@69.406C/76.375C soc2@63.156C/68.781C soc0@66.406C/70.375C cv1@65.937C/70.843C gpu@67.875C/77.281C tj@69.406C/77.281C soc1@64.75C/68.312C cv2@62.218C/66.843C VDD_IN 6584mW/18629mW/32475mW VDD_CPU_GPU_CV 1061mW/10459mW/20388mW VDD_SOC 2490mW/3487mW/6099mW
08-11-2026 00:00:09 RAM 2516/15599MB (lfb 529x4MB) CPU [0%@729,4%@729,0%@729,0%@729,0%@729,0%@729,0%@729,0%@729] GR3D_FREQ 0% cv0@65.343C/71.875C cpu@69.156C/76.375C soc2@63.281C/68.781C soc0@66.187C/70.375C cv1@65.75C/70.843C gpu@67.781C/77.281C tj@69.156C/77.281C soc1@64.75C/68.312C cv2@62.218C/66.843C VDD_IN 6502mW/18602mW/32475mW VDD_CPU_GPU_CV 1020mW/10437mW/20388mW VDD_SOC 2449mW/3485mW/6099mW
08-11-2026 00:00:09 RAM 2516/15599MB (lfb 529x4MB) CPU [0%@729,4%@729,0%@729,0%@729,0%@729,0%@729,0%@729,0%@729] GR3D_FREQ 0% cv0@65.343C/71.875C cpu@69.093C/76.375C soc2@63.312C/68.781C soc0@66.156C/70.375C cv1@65.75C/70.843C gpu@67.562C/77.281C tj@69.093C/77.281C soc1@64.812C/68.312C cv2@62.156C/66.843C VDD_IN 6420mW/18574mW/32475mW VDD_CPU_GPU_CV 979mW/10416mW/20388mW VDD_SOC 2449mW/3482mW/6099mW
08-11-2026 00:00:09 RAM 2516/15599MB (lfb 529x4MB) CPU [0%@729,0%@729,0%@729,0%@729,0%@729,0%@729,0%@729,0%@729] GR3D_FREQ 0% cv0@65.281C/71.875C cpu@69.187C/76.375C soc2@63.187C/68.781C soc0@66.156C/70.375C cv1@65.781C/70.843C gpu@67.75C/77.281C tj@69.187C/77.281C soc1@64.656C/68.312C cv2@62.25C/66.843C VDD_IN 6420mW/18546mW/32475mW VDD_CPU_GPU_CV 979mW/10394mW/20388mW VDD_SOC 2449mW/3480mW/6099mW
08-11-2026 00:00:10 RAM 2516/15599MB (lfb 529x4MB) CPU [0%@729,0%@729,0%@729,0%@729,0%@729,0%@729,0%@729,0%@729] GR3D_FREQ 0% cv0@65.281C/71.875C cpu@69.25C/76.375C soc2@63.218C/68.781C soc0@66.187C/70.375C cv1@65.687C/70.843C gpu@67.531C/77.281C tj@69.25C/77.281C soc1@64.625C/68.312C cv2@62.187C/66.843C VDD_IN 6379mW/18519mW/32475mW VDD_CPU_GPU_CV 979mW/10373mW/20388mW VDD_SOC 2449mW/3478mW/6099mW
08-11-2026 00:00:10 RAM 2516/15599MB (lfb 529x4MB) CPU [0%@729,0%@729,0%@729,0%@729,0%@729,0%@729,0%@729,0%@729] GR3D_FREQ 0% cv0@65.156C/71.875C cpu@69C/76.375C soc2@63.187C/68.781C soc0@66.125C/70.375C cv1@65.718C/70.843C gpu@67.656C/77.281C tj@69C/77.281C soc1@64.562C/68.312C cv2@61.968C/66.843C VDD_IN 6379mW/18491mW/32475mW VDD_CPU_GPU_CV 979mW/10352mW/20388mW VDD_SOC 2453mW/3475mW/6099mW
08-11-2026 00:00:10 RAM 2516/15599MB (lfb 529x4MB) CPU [0%@729,0%@729,4%@729,0%@729,0%@729,0%@729,0%@729,0%@729] GR3D_FREQ 0% cv0@65.125C/71.875C cpu@69.062C/76.375C soc2@63.187C/68.781C soc0@66.218C/70.375C cv1@65.718C/70.843C gpu@67.468C/77.281C tj@68.968C/77.281C soc1@64.593C/68.312C cv2@61.937C/66.843C VDD_IN 6379mW/18464mW/32475mW VDD_CPU_GPU_CV 939mW/10330mW/20388mW VDD_SOC 2453mW/3473mW/6099mW
08-11-2026 00:00:10 RAM 2515/15599MB (lfb 529x4MB) CPU [0%@729,0%@729,0%@729,0%@729,0%@729,0%@729,0%@729,0%@729] GR3D_FREQ 0% cv0@65.125C/71.875C cpu@68.968C/76.375C soc2@63.062C/68.781C soc0@66.062C/70.375C cv1@65.593C/70.843C gpu@67.531C/77.281C tj@68.968C/77.281C soc1@64.625C/68.312C cv2@61.875C/66.843C VDD_IN 6379mW/18436mW/32475mW VDD_CPU_GPU_CV 939mW/10309mW/20388mW VDD_SOC 2449mW/3471mW/6099mW
08-11-2026 00:00:10 RAM 2515/15599MB (lfb 529x4MB) CPU [0%@729,0%@729,0%@729,0%@729,0%@729,0%@729,0%@729,0%@729] GR3D_FREQ 0% cv0@65.093C/71.875C cpu@68.875C/76.375C soc2@63.031C/68.781C soc0@66C/70.375C cv1@65.593C/70.843C gpu@67.406C/77.281C tj@68.875C/77.281C soc1@64.5C/68.312C cv2@62C/66.843C VDD_IN 6338mW/18409mW/32475mW VDD_CPU_GPU_CV 939mW/10288mW/20388mW VDD_SOC 2453mW/3468mW/6099mW
08-11-2026 00:00:11 RAM 2515/15599MB (lfb 529x4MB) CPU [0%@729,0%@729,0%@729,0%@729,0%@729,0%@729,0%@729,0%@729] GR3D_FREQ 0% cv0@65.125C/71.875C cpu@68.937C/76.375C soc2@62.968C/68.781C soc0@65.968C/70.375C cv1@65.593C/70.843C gpu@67.625C/77.281C tj@68.937C/77.281C soc1@64.468C/68.312C cv2@61.937C/66.843C VDD_IN 6338mW/18382mW/32475mW VDD_CPU_GPU_CV 939mW/10267mW/20388mW VDD_SOC 2453mW/3466mW/6099mW
08-11-2026 00:00:11 RAM 2515/15599MB (lfb 529x4MB) CPU [0%@729,0%@729,0%@729,0%@729,0%@729,0%@729,0%@729,0%@729] GR3D_FREQ 0% cv0@65.062C/71.875C cpu@69C/76.375C soc2@63.031C/68.781C soc0@66.031C/70.375C cv1@65.562C/70.843C gpu@67.406C/77.281C tj@69C/77.281C soc1@64.437C/68.312C cv2@61.906C/66.843C VDD_IN 6338mW/18355mW/32475mW VDD_CPU_GPU_CV 939mW/10246mW/20388mW VDD_SOC 2449mW/3464mW/6099mW
08-11-2026 00:00:11 RAM 2515/15599MB (lfb 529x4MB) CPU [0%@729,9%@729,0%@729,0%@729,0%@729,0%@729,0%@729,0%@729] GR3D_FREQ 0% cv0@64.906C/71.875C cpu@69.093C/76.375C soc2@63C/68.781C soc0@65.906C/70.375C cv1@65.562C/70.843C gpu@67.343C/77.281C tj@69.093C/77.281C soc1@64.437C/68.312C cv2@61.812C/66.843C VDD_IN 6338mW/18328mW/32475mW VDD_CPU_GPU_CV 939mW/10225mW/20388mW VDD_SOC 2449mW/3462mW/6099mW
08-11-2026 00:00:11 RAM 2515/15599MB (lfb 529x4MB) CPU [4%@729,0%@729,0%@729,0%@729,0%@729,0%@729,0%@729,0%@729] GR3D_FREQ 0% cv0@64.875C/71.875C cpu@68.781C/76.375C soc2@62.875C/68.781C soc0@65.937C/70.375C cv1@65.562C/70.843C gpu@67.343C/77.281C tj@68.781C/77.281C soc1@64.531C/68.312C cv2@61.843C/66.843C VDD_IN 6338mW/18301mW/32475mW VDD_CPU_GPU_CV 939mW/10205mW/20388mW VDD_SOC 2449mW/3459mW/6099mW
08-11-2026 00:00:11 RAM 2515/15599MB (lfb 529x4MB) CPU [0%@729,0%@729,0%@729,0%@729,0%@729,0%@729,0%@729,0%@729] GR3D_FREQ 0% cv0@64.875C/71.875C cpu@68.968C/76.375C soc2@62.812C/68.781C soc0@65.843C/70.375C cv1@65.375C/70.843C gpu@67.281C/77.281C tj@68.968C/77.281C soc1@64.343C/68.312C cv2@61.75C/66.843C VDD_IN 6338mW/18275mW/32475mW VDD_CPU_GPU_CV 939mW/10184mW/20388mW VDD_SOC 2453mW/3457mW/6099mW
08-11-2026 00:00:12 RAM 2515/15599MB (lfb 529x4MB) CPU [0%@729,0%@729,0%@729,0%@729,0%@729,0%@729,0%@729,0%@729] GR3D_FREQ 0% cv0@64.937C/71.875C cpu@68.781C/76.375C soc2@62.75C/68.781C soc0@65.781C/70.375C cv1@65.437C/70.843C gpu@67.343C/77.281C tj@68.781C/77.281C soc1@64.25C/68.312C cv2@61.781C/66.843C VDD_IN 6338mW/18248mW/32475mW VDD_CPU_GPU_CV 939mW/10163mW/20388mW VDD_SOC 2453mW/3455mW/6099mW
08-11-2026 00:00:12 RAM 2515/15599MB (lfb 529x4MB) CPU [0%@729,0%@729,4%@729,0%@729,0%@729,0%@729,0%@729,0%@729] GR3D_FREQ 0% cv0@64.843C/71.875C cpu@68.75C/76.375C soc2@62.843C/68.781C soc0@65.812C/70.375C cv1@65.375C/70.843C gpu@67.25C/77.281C tj@68.75C/77.281C soc1@64.281C/68.312C cv2@61.687C/66.843C VDD_IN 6338mW/18222mW/32475mW VDD_CPU_GPU_CV 939mW/10143mW/20388mW VDD_SOC 2449mW/3453mW/6099mW
08-11-2026 00:00:12 RAM 2515/15599MB (lfb 529x4MB) CPU [0%@729,0%@729,0%@729,4%@729,0%@729,0%@729,0%@729,0%@729] GR3D_FREQ 0% cv0@64.875C/71.875C cpu@68.843C/76.375C soc2@62.812C/68.781C soc0@65.781C/70.375C cv1@65.375C/70.843C gpu@67.187C/77.281C tj@68.843C/77.281C soc1@64.312C/68.312C cv2@61.781C/66.843C VDD_IN 6338mW/18195mW/32475mW VDD_CPU_GPU_CV 939mW/10123mW/20388mW VDD_SOC 2453mW/3450mW/6099mW
08-11-2026 00:00:12 RAM 2515/15599MB (lfb 529x4MB) CPU [0%@729,0%@729,0%@729,0%@729,0%@729,0%@729,0%@729,0%@729] GR3D_FREQ 0% cv0@64.656C/71.875C cpu@68.843C/76.375C soc2@62.812C/68.781C soc0@65.75C/70.375C cv1@65.406C/70.843C gpu@67.093C/77.281C tj@68.843C/77.281C soc1@64.281C/68.312C cv2@61.562C/66.843C VDD_IN 6338mW/18169mW/32475mW VDD_CPU_GPU_CV 939mW/10102mW/20388mW VDD_SOC 2449mW/3448mW/6099mW
08-11-2026 00:00:12 RAM 2515/15599MB (lfb 529x4MB) CPU [0%@729,0%@729,0%@729,0%@729,0%@729,0%@729,0%@729,0%@729] GR3D_FREQ 0% cv0@64.781C/71.875C cpu@68.562C/76.375C soc2@62.687C/68.781C soc0@65.812C/70.375C cv1@65.281C/70.843C gpu@67.343C/77.281C tj@68.562C/77.281C soc1@64.25C/68.312C cv2@61.531C/66.843C VDD_IN 6338mW/18143mW/32475mW VDD_CPU_GPU_CV 939mW/10082mW/20388mW VDD_SOC 2453mW/3446mW/6099mW
08-11-2026 00:00:13 RAM 2515/15599MB (lfb 529x4MB) CPU [0%@729,0%@729,4%@729,4%@729,0%@729,0%@729,0%@729,0%@729] GR3D_FREQ 0% cv0@64.656C/71.875C cpu@68.781C/76.375C soc2@62.656C/68.781C soc0@65.593C/70.375C cv1@65.343C/70.843C gpu@67.156C/77.281C tj@68.781C/77.281C soc1@64.218C/68.312C cv2@61.531C/66.843C VDD_IN 6338mW/18117mW/32475mW VDD_CPU_GPU_CV 939mW/10062mW/20388mW VDD_SOC 2449mW/3444mW/6099mW
08-11-2026 00:00:13 RAM 2515/15599MB (lfb 529x4MB) CPU [0%@729,0%@729,0%@729,0%@729,0%@729,0%@729,0%@729,0%@729] GR3D_FREQ 0% cv0@64.593C/71.875C cpu@68.562C/76.375C soc2@62.687C/68.781C soc0@65.562C/70.375C cv1@65.187C/70.843C gpu@67.093C/77.281C tj@68.562C/77.281C soc1@64.218C/68.312C cv2@61.531C/66.843C VDD_IN 6338mW/18091mW/32475mW VDD_CPU_GPU_CV 939mW/10042mW/20388mW VDD_SOC 2449mW/3442mW/6099mW
08-11-2026 00:00:13 RAM 2515/15599MB (lfb 529x4MB) CPU [0%@729,0%@729,0%@729,0%@729,0%@729,0%@729,0%@729,0%@729] GR3D_FREQ 0% cv0@64.656C/71.875C cpu@68.531C/76.375C soc2@62.593C/68.781C soc0@65.562C/70.375C cv1@65.093C/70.843C gpu@67.031C/77.281C tj@68.531C/77.281C soc1@64.125C/68.312C cv2@61.531C/66.843C VDD_IN 6338mW/18066mW/32475mW VDD_CPU_GPU_CV 939mW/10022mW/20388mW VDD_SOC 2449mW/3439mW/6099mW
08-11-2026 00:00:13 RAM 2515/15599MB (lfb 529x4MB) CPU [0%@729,0%@729,0%@729,0%@729,0%@729,0%@729,0%@729,0%@729] GR3D_FREQ 0% cv0@64.625C/71.875C cpu@68.625C/76.375C soc2@62.656C/68.781C soc0@65.531C/70.375C cv1@65.156C/70.843C gpu@66.875C/77.281C tj@68.625C/77.281C soc1@64.062C/68.312C cv2@61.437C/66.843C VDD_IN 6338mW/18040mW/32475mW VDD_CPU_GPU_CV 939mW/10002mW/20388mW VDD_SOC 2449mW/3437mW/6099mW
08-11-2026 00:00:13 RAM 2515/15599MB (lfb 529x4MB) CPU [0%@729,0%@729,0%@729,0%@729,0%@729,0%@729,0%@729,0%@729] GR3D_FREQ 0% cv0@64.531C/71.875C cpu@68.625C/76.375C soc2@62.593C/68.781C soc0@65.5C/70.375C cv1@65.125C/70.843C gpu@67.093C/77.281C tj@68.625C/77.281C soc1@64.031C/68.312C cv2@61.468C/66.843C VDD_IN 6338mW/18015mW/32475mW VDD_CPU_GPU_CV 939mW/9983mW/20388mW VDD_SOC 2453mW/3435mW/6099mW
08-11-2026 00:00:14 RAM 2515/15599MB (lfb 529x4MB) CPU [0%@729,0%@729,0%@729,4%@729,0%@729,0%@729,0%@729,0%@729] GR3D_FREQ 0% cv0@64.5C/71.875C cpu@68.375C/76.375C soc2@62.562C/68.781C soc0@65.468C/70.375C cv1@65.125C/70.843C gpu@66.968C/77.281C tj@68.375C/77.281C soc1@64.031C/68.312C cv2@61.375C/66.843C VDD_IN 6338mW/17989mW/32475mW VDD_CPU_GPU_CV 939mW/9963mW/20388mW VDD_SOC 2453mW/3433mW/6099mW
08-11-2026 00:00:14 RAM 2515/15599MB (lfb 529x4MB) CPU [0%@729,0%@729,0%@729,0%@729,0%@729,0%@729,0%@729,0%@729] GR3D_FREQ 0% cv0@64.5C/71.875C cpu@68.625C/76.375C soc2@62.437C/68.781C soc0@65.562C/70.375C cv1@65.125C/70.843C gpu@66.875C/77.281C tj@68.625C/77.281C soc1@64.062C/68.312C cv2@61.375C/66.843C VDD_IN 6338mW/17964mW/32475mW VDD_CPU_GPU_CV 939mW/9943mW/20388mW VDD_SOC 2449mW/3431mW/6099mW
08-11-2026 00:00:14 RAM 2515/15599MB (lfb 528x4MB) CPU [0%@729,0%@729,0%@729,0%@729,0%@729,0%@729,0%@729,0%@729] GR3D_FREQ 0% cv0@64.468C/71.875C cpu@68.343C/76.375C soc2@62.406C/68.781C soc0@65.437C/70.375C cv1@65C/70.843C gpu@66.812C/77.281C tj@68.343C/77.281C soc1@64.125C/68.312C cv2@61.375C/66.843C VDD_IN 6338mW/17939mW/32475mW VDD_CPU_GPU_CV 939mW/9924mW/20388mW VDD_SOC 2449mW/3429mW/6099mW
08-11-2026 00:00:14 RAM 2515/15599MB (lfb 528x4MB) CPU [0%@729,0%@729,0%@729,0%@729,0%@729,0%@729,0%@729,0%@729] GR3D_FREQ 0% cv0@64.531C/71.875C cpu@68.375C/76.375C soc2@62.375C/68.781C soc0@65.406C/70.375C cv1@65C/70.843C gpu@66.781C/77.281C tj@68.375C/77.281C soc1@64.062C/68.312C cv2@61.343C/66.843C VDD_IN 6338mW/17914mW/32475mW VDD_CPU_GPU_CV 939mW/9904mW/20388mW VDD_SOC 2453mW/3427mW/6099mW
08-11-2026 00:00:14 RAM 2515/15599MB (lfb 528x4MB) CPU [0%@729,0%@729,0%@729,4%@729,0%@729,0%@729,0%@729,0%@729] GR3D_FREQ 0% cv0@64.5C/71.875C cpu@68.375C/76.375C soc2@62.468C/68.781C soc0@65.312C/70.375C cv1@65C/70.843C gpu@66.968C/77.281C tj@68.375C/77.281C soc1@63.875C/68.312C cv2@61.343C/66.843C VDD_IN 6338mW/17889mW/32475mW VDD_CPU_GPU_CV 939mW/9885mW/20388mW VDD_SOC 2449mW/3425mW/6099mW
08-11-2026 00:00:15 RAM 2515/15599MB (lfb 528x4MB) CPU [4%@729,4%@729,0%@729,0%@729,0%@729,0%@729,0%@729,4%@729] GR3D_FREQ 0% cv0@64.5C/71.875C cpu@68.375C/76.375C soc2@62.343C/68.781C soc0@65.312C/70.375C cv1@65.031C/70.843C gpu@66.843C/77.281C tj@68.375C/77.281C soc1@63.812C/68.312C cv2@61.25C/66.843C VDD_IN 6338mW/17864mW/32475mW VDD_CPU_GPU_CV 939mW/9866mW/20388mW VDD_SOC 2449mW/3422mW/6099mW
08-11-2026 00:00:15 RAM 2515/15599MB (lfb 528x4MB) CPU [0%@729,0%@729,0%@729,0%@729,0%@729,0%@729,0%@729,0%@729] GR3D_FREQ 0% cv0@64.375C/71.875C cpu@68.343C/76.375C soc2@62.375C/68.781C soc0@65.375C/70.375C cv1@64.937C/70.843C gpu@66.718C/77.281C tj@68.343C/77.281C soc1@63.875C/68.312C cv2@61.218C/66.843C VDD_IN 6338mW/17839mW/32475mW VDD_CPU_GPU_CV 939mW/9847mW/20388mW VDD_SOC 2449mW/3420mW/6099mW
08-11-2026 00:00:15 RAM 2515/15599MB (lfb 528x4MB) CPU [4%@729,0%@729,0%@729,0%@729,0%@729,0%@729,0%@729,0%@729] GR3D_FREQ 0% cv0@64.343C/71.875C cpu@68.375C/76.375C soc2@62.312C/68.781C soc0@65.375C/70.375C cv1@65C/70.843C gpu@66.718C/77.281C tj@68.375C/77.281C soc1@63.875C/68.312C cv2@61.25C/66.843C VDD_IN 6338mW/17815mW/32475mW VDD_CPU_GPU_CV 939mW/9828mW/20388mW VDD_SOC 2449mW/3418mW/6099mW
08-11-2026 00:00:15 RAM 2515/15599MB (lfb 528x4MB) CPU [0%@729,0%@729,0%@729,0%@729,0%@729,0%@729,0%@729,0%@729] GR3D_FREQ 0% cv0@64.375C/71.875C cpu@68.187C/76.375C soc2@62.281C/68.781C soc0@65.218C/70.375C cv1@64.75C/70.843C gpu@66.937C/77.281C tj@68.187C/77.281C soc1@63.906C/68.312C cv2@61.156C/66.843C VDD_IN 6338mW/17790mW/32475mW VDD_CPU_GPU_CV 939mW/9809mW/20388mW VDD_SOC 2453mW/3416mW/6099mW
08-11-2026 00:00:16 RAM 2516/15599MB (lfb 528x4MB) CPU [0%@729,0%@729,0%@729,14%@729,0%@729,0%@729,9%@729,0%@729] GR3D_FREQ 0% cv0@64.281C/71.875C cpu@68.25C/76.375C soc2@62.187C/68.781C soc0@65.156C/70.375C cv1@64.75C/70.843C gpu@66.75C/77.281C tj@68.25C/77.281C soc1@63.906C/68.312C cv2@61.093C/66.843C VDD_IN 6379mW/17766mW/32475mW VDD_CPU_GPU_CV 939mW/9790mW/20388mW VDD_SOC 2449mW/3414mW/6099mW
08-11-2026 00:00:16 RAM 2518/15599MB (lfb 528x4MB) CPU [5%@1267,5%@1267,14%@729,5%@729,0%@729,9%@729,10%@729,0%@729] GR3D_FREQ 0% cv0@64.375C/71.875C cpu@68.156C/76.375C soc2@62.156C/68.781C soc0@65.187C/70.375C cv1@64.781C/70.843C gpu@66.625C/77.281C tj@68.156C/77.281C soc1@63.656C/68.312C cv2@61.125C/66.843C VDD_IN 6461mW/17742mW/32475mW VDD_CPU_GPU_CV 1020mW/9771mW/20388mW VDD_SOC 2449mW/3412mW/6099mW
08-11-2026 00:00:16 RAM 2517/15599MB (lfb 528x4MB) CPU [4%@729,4%@729,4%@729,4%@729,0%@729,0%@729,14%@729,9%@729] GR3D_FREQ 0% cv0@64.218C/71.875C cpu@68.281C/76.375C soc2@62.187C/68.781C soc0@65.218C/70.375C cv1@64.781C/70.843C gpu@66.875C/77.281C tj@68.281C/77.281C soc1@63.75C/68.312C cv2@61.093C/66.843C VDD_IN 6502mW/17718mW/32475mW VDD_CPU_GPU_CV 1061mW/9753mW/20388mW VDD_SOC 2449mW/3410mW/6099mW
08-11-2026 00:00:16 RAM 2517/15599MB (lfb 528x4MB) CPU [0%@729,0%@729,0%@729,0%@729,0%@729,0%@729,0%@729,0%@729] GR3D_FREQ 0% cv0@64.125C/71.875C cpu@68.031C/76.375C soc2@62.187C/68.781C soc0@65.187C/70.375C cv1@64.781C/70.843C gpu@66.562C/77.281C tj@68.031C/77.281C soc1@63.625C/68.312C cv2@61.031C/66.843C VDD_IN 6420mW/17694mW/32475mW VDD_CPU_GPU_CV 1020mW/9734mW/20388mW VDD_SOC 2449mW/3408mW/6099mW
08-11-2026 00:00:16 RAM 2517/15599MB (lfb 528x4MB) CPU [0%@729,0%@729,0%@729,0%@729,0%@729,0%@729,0%@729,0%@729] GR3D_FREQ 0% cv0@64.125C/71.875C cpu@68.218C/76.375C soc2@62.125C/68.781C soc0@65.156C/70.375C cv1@64.781C/70.843C gpu@66.687C/77.281C tj@68.218C/77.281C soc1@63.687C/68.312C cv2@61C/66.843C VDD_IN 6379mW/17670mW/32475mW VDD_CPU_GPU_CV 979mW/9716mW/20388mW VDD_SOC 2449mW/3406mW/6099mW
08-11-2026 00:00:17 RAM 2517/15599MB (lfb 528x4MB) CPU [0%@729,0%@729,0%@729,0%@729,0%@729,0%@729,0%@729,0%@729] GR3D_FREQ 0% cv0@64.031C/71.875C cpu@67.968C/76.375C soc2@62.031C/68.781C soc0@65.156C/70.375C cv1@64.687C/70.843C gpu@66.562C/77.281C tj@67.968C/77.281C soc1@63.687C/68.312C cv2@60.937C/66.843C VDD_IN 6379mW/17646mW/32475mW VDD_CPU_GPU_CV 979mW/9697mW/20388mW VDD_SOC 2449mW/3404mW/6099mW
08-11-2026 00:00:17 RAM 2516/15599MB (lfb 528x4MB) CPU [0%@729,4%@729,0%@729,0%@729,0%@729,0%@729,0%@729,0%@729] GR3D_FREQ 0% cv0@64.062C/71.875C cpu@67.968C/76.375C soc2@62.031C/68.781C soc0@64.937C/70.375C cv1@64.656C/70.843C gpu@66.406C/77.281C tj@67.968C/77.281C soc1@63.718C/68.312C cv2@60.937C/66.843C VDD_IN 6338mW/17622mW/32475mW VDD_CPU_GPU_CV 939mW/9679mW/20388mW VDD_SOC 2449mW/3402mW/6099mW
08-11-2026 00:00:17 RAM 2516/15599MB (lfb 528x4MB) CPU [0%@729,0%@729,0%@729,0%@729,0%@729,0%@729,0%@729,0%@729] GR3D_FREQ 0% cv0@64.093C/71.875C cpu@67.875C/76.375C soc2@62.031C/68.781C soc0@64.937C/70.375C cv1@64.625C/70.843C gpu@66.375C/77.281C tj@67.875C/77.281C soc1@63.562C/68.312C cv2@60.937C/66.843C VDD_IN 6338mW/17599mW/32475mW VDD_CPU_GPU_CV 939mW/9660mW/20388mW VDD_SOC 2453mW/3400mW/6099mW
08-11-2026 00:00:17 RAM 2516/15599MB (lfb 528x4MB) CPU [0%@729,0%@729,0%@729,0%@729,0%@729,0%@729,0%@729,0%@729] GR3D_FREQ 0% cv0@64.031C/71.875C cpu@68.031C/76.375C soc2@61.968C/68.781C soc0@65C/70.375C cv1@64.625C/70.843C gpu@66.593C/77.281C tj@68.031C/77.281C soc1@63.562C/68.312C cv2@60.906C/66.843C VDD_IN 6338mW/17575mW/32475mW VDD_CPU_GPU_CV 939mW/9642mW/20388mW VDD_SOC 2453mW/3398mW/6099mW
08-11-2026 00:00:17 RAM 2515/15599MB (lfb 528x4MB) CPU [0%@729,0%@729,0%@729,0%@729,0%@729,0%@729,0%@729,0%@729] GR3D_FREQ 0% cv0@63.875C/71.875C cpu@67.875C/76.375C soc2@61.875C/68.781C soc0@64.968C/70.375C cv1@64.593C/70.843C gpu@66.5C/77.281C tj@67.875C/77.281C soc1@63.468C/68.312C cv2@60.781C/66.843C VDD_IN 6297mW/17551mW/32475mW VDD_CPU_GPU_CV 939mW/9624mW/20388mW VDD_SOC 2449mW/3396mW/6099mW
08-11-2026 00:00:18 RAM 2515/15599MB (lfb 528x4MB) CPU [0%@729,0%@729,0%@729,0%@729,0%@729,0%@729,0%@729,0%@729] GR3D_FREQ 0% cv0@63.937C/71.875C cpu@67.875C/76.375C soc2@61.906C/68.781C soc0@64.968C/70.375C cv1@64.625C/70.843C gpu@66.375C/77.281C tj@67.875C/77.281C soc1@63.5C/68.312C cv2@60.781C/66.843C VDD_IN 6297mW/17528mW/32475mW VDD_CPU_GPU_CV 939mW/9606mW/20388mW VDD_SOC 2453mW/3394mW/6099mW
08-11-2026 00:00:18 RAM 2515/15599MB (lfb 528x4MB) CPU [0%@729,0%@729,0%@729,0%@729,0%@729,0%@729,0%@729,0%@729] GR3D_FREQ 0% cv0@63.906C/71.875C cpu@67.718C/76.375C soc2@61.812C/68.781C soc0@64.968C/70.375C cv1@64.562C/70.843C gpu@66.25C/77.281C tj@67.718C/77.281C soc1@63.562C/68.312C cv2@60.781C/66.843C VDD_IN 6297mW/17505mW/32475mW VDD_CPU_GPU_CV 939mW/9588mW/20388mW VDD_SOC 2453mW/3392mW/6099mW
08-11-2026 00:00:18 RAM 2515/15599MB (lfb 528x4MB) CPU [4%@729,0%@729,0%@729,0%@729,0%@729,0%@729,0%@729,0%@729] GR3D_FREQ 0% cv0@63.906C/71.875C cpu@67.875C/76.375C soc2@61.843C/68.781C soc0@64.843C/70.375C cv1@64.406C/70.843C gpu@66.25C/77.281C tj@67.875C/77.281C soc1@63.562C/68.312C cv2@60.718C/66.843C VDD_IN 6297mW/17481mW/32475mW VDD_CPU_GPU_CV 939mW/9570mW/20388mW VDD_SOC 2449mW/3390mW/6099mW
08-11-2026 00:00:18 RAM 2515/15599MB (lfb 528x4MB) CPU [0%@729,0%@729,4%@729,0%@729,0%@729,0%@729,0%@729,0%@729] GR3D_FREQ 0% cv0@63.906C/71.875C cpu@67.718C/76.375C soc2@61.843C/68.781C soc0@64.906C/70.375C cv1@64.406C/70.843C gpu@66.437C/77.281C tj@67.718C/77.281C soc1@63.281C/68.312C cv2@60.75C/66.843C VDD_IN 6297mW/17458mW/32475mW VDD_CPU_GPU_CV 939mW/9552mW/20388mW VDD_SOC 2453mW/3388mW/6099mW
08-11-2026 00:00:18 RAM 2515/15599MB (lfb 528x4MB) CPU [0%@729,0%@729,0%@729,0%@729,0%@729,4%@729,0%@729,0%@729] GR3D_FREQ 0% cv0@63.906C/71.875C cpu@67.875C/76.375C soc2@61.781C/68.781C soc0@64.781C/70.375C cv1@64.406C/70.843C gpu@66.281C/77.281C tj@67.875C/77.281C soc1@63.343C/68.312C cv2@60.75C/66.843C VDD_IN 6297mW/17435mW/32475mW VDD_CPU_GPU_CV 939mW/9534mW/20388mW VDD_SOC 2453mW/3386mW/6099mW
08-11-2026 00:00:19 RAM 2515/15599MB (lfb 528x4MB) CPU [4%@729,0%@729,0%@729,0%@729,0%@729,0%@729,0%@729,0%@729] GR3D_FREQ 0% cv0@63.781C/71.875C cpu@67.937C/76.375C soc2@61.781C/68.781C soc0@64.843C/70.375C cv1@64.375C/70.843C gpu@66.125C/77.281C tj@67.937C/77.281C soc1@63.281C/68.312C cv2@60.687C/66.843C VDD_IN 6297mW/17412mW/32475mW VDD_CPU_GPU_CV 939mW/9516mW/20388mW VDD_SOC 2449mW/3384mW/6099mW
08-11-2026 00:00:19 RAM 2515/15599MB (lfb 528x4MB) CPU [0%@729,0%@729,0%@729,0%@729,0%@729,0%@729,0%@729,0%@729] GR3D_FREQ 0% cv0@63.687C/71.875C cpu@67.781C/76.375C soc2@61.781C/68.781C soc0@64.718C/70.375C cv1@64.468C/70.843C gpu@66.312C/77.281C tj@67.625C/77.281C soc1@63.406C/68.312C cv2@60.593C/66.843C VDD_IN 6297mW/17389mW/32475mW VDD_CPU_GPU_CV 939mW/9498mW/20388mW VDD_SOC 2453mW/3382mW/6099mW
08-11-2026 00:00:19 RAM 2515/15599MB (lfb 528x4MB) CPU [0%@729,0%@729,0%@729,0%@729,0%@729,0%@729,0%@729,0%@729] GR3D_FREQ 0% cv0@63.718C/71.875C cpu@67.875C/76.375C soc2@61.687C/68.781C soc0@64.718C/70.375C cv1@64.437C/70.843C gpu@66.093C/77.281C tj@67.875C/77.281C soc1@63.312C/68.312C cv2@60.531C/66.843C VDD_IN 6297mW/17366mW/32475mW VDD_CPU_GPU_CV 939mW/9481mW/20388mW VDD_SOC 2453mW/3380mW/6099mW
08-11-2026 00:00:19 RAM 2515/15599MB (lfb 528x4MB) CPU [0%@729,0%@729,0%@729,0%@729,0%@729,0%@729,0%@729,0%@729] GR3D_FREQ 0% cv0@63.687C/71.875C cpu@67.593C/76.375C soc2@61.593C/68.781C soc0@64.593C/70.375C cv1@64.25C/70.843C gpu@66.156C/77.281C tj@67.593C/77.281C soc1@63.375C/68.312C cv2@60.562C/66.843C VDD_IN 6297mW/17343mW/32475mW VDD_CPU_GPU_CV 939mW/9463mW/20388mW VDD_SOC 2453mW/3379mW/6099mW
08-11-2026 00:00:19 RAM 2515/15599MB (lfb 528x4MB) CPU [0%@729,0%@729,0%@729,0%@729,0%@729,0%@729,4%@729,0%@729] GR3D_FREQ 0% cv0@63.656C/71.875C cpu@67.625C/76.375C soc2@61.593C/68.781C soc0@64.625C/70.375C cv1@64.25C/70.843C gpu@66.093C/77.281C tj@67.625C/77.281C soc1@63.187C/68.312C cv2@60.562C/66.843C VDD_IN 6297mW/17321mW/32475mW VDD_CPU_GPU_CV 939mW/9446mW/20388mW VDD_SOC 2449mW/3377mW/6099mW
08-11-2026 00:00:20 RAM 2515/15599MB (lfb 528x4MB) CPU [0%@729,0%@729,0%@729,0%@729,0%@729,0%@729,0%@729,0%@729] GR3D_FREQ 0% cv0@63.687C/71.875C cpu@67.593C/76.375C soc2@61.531C/68.781C soc0@64.562C/70.375C cv1@64.187C/70.843C gpu@66.062C/77.281C tj@67.593C/77.281C soc1@63.187C/68.312C cv2@60.593C/66.843C VDD_IN 6297mW/17298mW/32475mW VDD_CPU_GPU_CV 939mW/9428mW/20388mW VDD_SOC 2449mW/3375mW/6099mW
08-11-2026 00:00:20 RAM 2515/15599MB (lfb 528x4MB) CPU [0%@729,0%@729,0%@729,0%@729,0%@729,0%@729,0%@729,0%@729] GR3D_FREQ 0% cv0@63.562C/71.875C cpu@67.75C/76.375C soc2@61.625C/68.781C soc0@64.656C/70.375C cv1@64.156C/70.843C gpu@66C/77.281C tj@67.75C/77.281C soc1@63.125C/68.312C cv2@60.468C/66.843C VDD_IN 6297mW/17276mW/32475mW VDD_CPU_GPU_CV 939mW/9411mW/20388mW VDD_SOC 2453mW/3373mW/6099mW
08-11-2026 00:00:20 RAM 2515/15599MB (lfb 528x4MB) CPU [0%@729,0%@729,0%@729,0%@729,0%@729,0%@729,0%@729,0%@729] GR3D_FREQ 0% cv0@63.531C/71.875C cpu@67.5C/76.375C soc2@61.437C/68.781C soc0@64.656C/70.375C cv1@64.218C/70.843C gpu@66.156C/77.281C tj@67.5C/77.281C soc1@63.156C/68.312C cv2@60.406C/66.843C VDD_IN 6297mW/17253mW/32475mW VDD_CPU_GPU_CV 939mW/9394mW/20388mW VDD_SOC 2449mW/3371mW/6099mW
08-11-2026 00:00:20 RAM 2515/15599MB (lfb 528x4MB) CPU [0%@729,0%@729,0%@729,0%@729,0%@729,0%@729,0%@729,0%@729] GR3D_FREQ 0% cv0@63.437C/71.875C cpu@67.593C/76.375C soc2@61.531C/68.781C soc0@64.406C/70.375C cv1@64.25C/70.843C gpu@66.031C/77.281C tj@67.593C/77.281C soc1@63.156C/68.312C cv2@60.406C/66.843C VDD_IN 6297mW/17231mW/32475mW VDD_CPU_GPU_CV 939mW/9377mW/20388mW VDD_SOC 2449mW/3369mW/6099mW
08-11-2026 00:00:20 RAM 2515/15599MB (lfb 528x4MB) CPU [0%@729,0%@729,0%@729,0%@729,0%@729,0%@729,0%@729,0%@729] GR3D_FREQ 0% cv0@63.531C/71.875C cpu@67.437C/76.375C soc2@61.5C/68.781C soc0@64.406C/70.375C cv1@64.093C/70.843C gpu@66C/77.281C tj@67.437C/77.281C soc1@63.187C/68.312C cv2@60.375C/66.843C VDD_IN 6297mW/17209mW/32475mW VDD_CPU_GPU_CV 939mW/9360mW/20388mW VDD_SOC 2449mW/3367mW/6099mW
08-11-2026 00:00:21 RAM 2515/15599MB (lfb 528x4MB) CPU [0%@729,0%@729,0%@729,0%@729,0%@729,0%@729,0%@729,0%@729] GR3D_FREQ 0% cv0@63.531C/71.875C cpu@67.437C/76.375C soc2@61.406C/68.781C soc0@64.437C/70.375C cv1@64.031C/70.843C gpu@65.906C/77.281C tj@67.437C/77.281C soc1@63.031C/68.312C cv2@60.312C/66.843C VDD_IN 6297mW/17187mW/32475mW VDD_CPU_GPU_CV 898mW/9342mW/20388mW VDD_SOC 2449mW/3365mW/6099mW
08-11-2026 00:00:21 RAM 2515/15599MB (lfb 528x4MB) CPU [0%@729,0%@729,0%@729,0%@729,0%@729,0%@729,0%@729,0%@729] GR3D_FREQ 0% cv0@63.5C/71.875C cpu@67.406C/76.375C soc2@61.468C/68.781C soc0@64.406C/70.375C cv1@64.093C/70.843C gpu@65.718C/77.281C tj@67.406C/77.281C soc1@63.031C/68.312C cv2@60.406C/66.843C VDD_IN 6297mW/17165mW/32475mW VDD_CPU_GPU_CV 898mW/9325mW/20388mW VDD_SOC 2449mW/3364mW/6099mW
08-11-2026 00:00:21 RAM 2515/15599MB (lfb 528x4MB) CPU [0%@729,0%@729,9%@729,0%@729,0%@729,0%@729,0%@729,0%@729] GR3D_FREQ 0% cv0@63.406C/71.875C cpu@67.468C/76.375C soc2@61.406C/68.781C soc0@64.468C/70.375C cv1@64.062C/70.843C gpu@65.968C/77.281C tj@67.468C/77.281C soc1@63.062C/68.312C cv2@60.281C/66.843C VDD_IN 6297mW/17143mW/32475mW VDD_CPU_GPU_CV 939mW/9308mW/20388mW VDD_SOC 2449mW/3362mW/6099mW
08-11-2026 00:00:21 RAM 2515/15599MB (lfb 528x4MB) CPU [0%@729,0%@729,0%@729,0%@729,0%@729,0%@729,0%@729,0%@729] GR3D_FREQ 0% cv0@63.375C/71.875C cpu@67.312C/76.375C soc2@61.281C/68.781C soc0@64.437C/70.375C cv1@64.062C/70.843C gpu@65.875C/77.281C tj@67.312C/77.281C soc1@62.906C/68.312C cv2@60.218C/66.843C VDD_IN 6297mW/17121mW/32475mW VDD_CPU_GPU_CV 898mW/9292mW/20388mW VDD_SOC 2453mW/3360mW/6099mW
08-11-2026 00:00:21 RAM 2515/15599MB (lfb 528x4MB) CPU [0%@729,0%@729,0%@729,0%@729,0%@729,0%@729,0%@729,0%@729] GR3D_FREQ 0% cv0@63.375C/71.875C cpu@67.343C/76.375C soc2@61.281C/68.781C soc0@64.437C/70.375C cv1@63.968C/70.843C gpu@65.906C/77.281C tj@67.343C/77.281C soc1@63C/68.312C cv2@60.218C/66.843C VDD_IN 6297mW/17099mW/32475mW VDD_CPU_GPU_CV 898mW/9275mW/20388mW VDD_SOC 2449mW/3358mW/6099mW
08-11-2026 00:00:22 RAM 2516/15599MB (lfb 528x4MB) CPU [0%@729,0%@729,5%@729,13%@729,0%@729,0%@729,5%@729,0%@729] GR3D_FREQ 0% cv0@63.406C/71.875C cpu@67.312C/76.375C soc2@61.281C/68.781C soc0@64.281C/70.375C cv1@63.875C/70.843C gpu@65.687C/77.281C tj@67.312C/77.281C soc1@63C/68.312C cv2@60.218C/66.843C VDD_IN 6338mW/17078mW/32475mW VDD_CPU_GPU_CV 939mW/9258mW/20388mW VDD_SOC 2449mW/3356mW/6099mW
