08-10-2026 22:06:43 RAM 2566/15599MB (lfb 31x4MB) CPU [0%@729,0%@729,0%@729,0%@729,0%@729,0%@729,0%@729,0%@729] GR3D_FREQ 0% cv0@57.812C/57.812C cpu@61.718C/61.718C soc2@55.781C/55.781C soc0@58.531C/58.531C cv1@58.375C/58.375C gpu@60.156C/60.156C tj@61.718C/61.718C soc1@57.375C/57.375C cv2@54.812C/54.812C VDD_IN 6175mW/6175mW/6175mW VDD_CPU_GPU_CV 857mW/857mW/857mW VDD_SOC 2368mW/2368mW/2368mW
08-10-2026 22:06:44 RAM 2623/15599MB (lfb 31x4MB) CPU [5%@1984,4%@1984,5%@1984,4%@1984,3%@1984,4%@1984,5%@1984,0%@1984] GR3D_FREQ 0% cv0@58.656C/58.656C cpu@62.781C/62.781C soc2@55.875C/55.875C soc0@58.656C/58.656C cv1@58.468C/58.468C gpu@60.25C/60.25C tj@62.781C/62.781C soc1@57.437C/57.437C cv2@54.781C/54.812C VDD_IN 6502mW/6339mW/6502mW VDD_CPU_GPU_CV 1143mW/1000mW/1143mW VDD_SOC 2409mW/2389mW/2409mW
08-10-2026 22:06:44 RAM 4578/15599MB (lfb 12x4MB) CPU [98%@1984,100%@1984,100%@1984,100%@1984,100%@1984,100%@1984,98%@1984,100%@1984] GR3D_FREQ 99% cv0@60.5C/60.5C cpu@65.343C/65.343C soc2@56.843C/56.843C soc0@58.718C/58.718C cv1@59.593C/59.593C gpu@62.562C/62.562C tj@65.343C/65.343C soc1@57.593C/57.593C cv2@55.093C/55.093C VDD_IN 15077mW/9251mW/15077mW VDD_CPU_GPU_CV 8291mW/3430mW/8291mW VDD_SOC 2926mW/2568mW/2926mW
08-10-2026 22:06:45 RAM 6405/15599MB (lfb 12x4MB) CPU [100%@1984,100%@1984,100%@1984,100%@1984,100%@1984,100%@1984,100%@1984,100%@1984] GR3D_FREQ 99% cv0@60.937C/60.937C cpu@65.843C/65.843C soc2@57.406C/57.406C soc0@58.968C/58.968C cv1@60.062C/60.062C gpu@63.156C/63.156C tj@65.843C/65.843C soc1@57.781C/57.781C cv2@55.375C/55.375C VDD_IN 19162mW/11729mW/19162mW VDD_CPU_GPU_CV 10909mW/5300mW/10909mW VDD_SOC 3484mW/2797mW/3484mW
08-10-2026 22:06:45 RAM 6513/15599MB (lfb 12x4MB) CPU [100%@1984,96%@1984,100%@1984,100%@1984,100%@1984,100%@1984,100%@1984,100%@1984] GR3D_FREQ 99% cv0@61.343C/61.343C cpu@65.906C/65.906C soc2@57.656C/57.656C soc0@59.312C/59.312C cv1@60.375C/60.375C gpu@63.187C/63.187C tj@65.906C/65.906C soc1@58.125C/58.125C cv2@55.75C/55.75C VDD_IN 18340mW/13051mW/19162mW VDD_CPU_GPU_CV 11450mW/6530mW/11450mW VDD_SOC 2876mW/2813mW/3484mW
08-10-2026 22:06:46 RAM 6591/15599MB (lfb 12x4MB) CPU [98%@1984,100%@1984,100%@1984,100%@1984,100%@1984,100%@1984,100%@1984,100%@1984] GR3D_FREQ 99% cv0@61.562C/61.562C cpu@66.156C/66.156C soc2@57.843C/57.843C soc0@59.343C/59.343C cv1@60.531C/60.531C gpu@63.562C/63.562C tj@66.156C/66.156C soc1@58.312C/58.312C cv2@55.906C/55.906C VDD_IN 17894mW/13858mW/19162mW VDD_CPU_GPU_CV 11652mW/7384mW/11652mW VDD_SOC 2637mW/2783mW/3484mW
08-10-2026 22:06:46 RAM 6679/15599MB (lfb 12x4MB) CPU [98%@1984,100%@1984,100%@1984,100%@1984,100%@1984,100%@1984,100%@1984,100%@1984] GR3D_FREQ 99% cv0@61.593C/61.593C cpu@66.25C/66.25C soc2@58.031C/58.031C soc0@59.468C/59.468C cv1@60.718C/60.718C gpu@63.531C/63.562C tj@66.25C/66.25C soc1@58.343C/58.343C cv2@56.062C/56.062C VDD_IN 17731mW/14412mW/19162mW VDD_CPU_GPU_CV 11652mW/7993mW/11652mW VDD_SOC 2556mW/2751mW/3484mW
08-10-2026 22:06:47 RAM 7860/15599MB (lfb 12x4MB) CPU [100%@1984,100%@1984,98%@1984,100%@1984,100%@1984,100%@1984,100%@1984,100%@1984] GR3D_FREQ 99% cv0@61.75C/61.75C cpu@66.437C/66.437C soc2@58.062C/58.062C soc0@59.593C/59.593C cv1@60.781C/60.781C gpu@63.937C/63.937C tj@66.531C/66.531C soc1@58.468C/58.468C cv2@56.187C/56.187C VDD_IN 18178mW/14882mW/19162mW VDD_CPU_GPU_CV 11612mW/8446mW/11652mW VDD_SOC 2754mW/2751mW/3484mW
08-10-2026 22:06:47 RAM 10451/15599MB (lfb 2x4MB) CPU [100%@1984,100%@1984,100%@1984,100%@1984,100%@1984,100%@1984,100%@1984,100%@1984] GR3D_FREQ 99% cv0@62.031C/62.031C cpu@66.906C/66.906C soc2@58.343C/58.343C soc0@59.75C/59.75C cv1@61C/61C gpu@64.218C/64.218C tj@66.906C/66.906C soc1@58.593C/58.593C cv2@56.218C/56.218C VDD_IN 20337mW/15488mW/20337mW VDD_CPU_GPU_CV 11996mW/8840mW/11996mW VDD_SOC 3518mW/2836mW/3518mW
08-10-2026 22:06:48 RAM 10674/15599MB (lfb 1x4MB) CPU [100%@1984,100%@1984,100%@1984,100%@1984,100%@1984,100%@1984,100%@1984,98%@1984] GR3D_FREQ 99% cv0@62C/62.031C cpu@66.562C/66.906C soc2@58.531C/58.531C soc0@59.906C/59.906C cv1@61.062C/61.062C gpu@65.968C/65.968C tj@66.562C/66.906C soc1@58.75C/58.75C cv2@56.468C/56.468C VDD_IN 25522mW/16492mW/25522mW VDD_CPU_GPU_CV 15920mW/9548mW/15920mW VDD_SOC 3951mW/2948mW/3951mW
08-10-2026 22:06:48 RAM 10674/15599MB (lfb 1x4MB) CPU [100%@1984,100%@1984,100%@1984,100%@1984,100%@1984,100%@1984,100%@1984,100%@1984] GR3D_FREQ 99% cv0@62.218C/62.218C cpu@66.843C/66.906C soc2@58.906C/58.906C soc0@60.218C/60.218C cv1@61.531C/61.531C gpu@66.281C/66.281C tj@66.843C/66.906C soc1@58.906C/58.906C cv2@56.625C/56.625C VDD_IN 27659mW/17507mW/27659mW VDD_CPU_GPU_CV 17731mW/10292mW/17731mW VDD_SOC 4065mW/3049mW/4065mW
08-10-2026 22:06:49 RAM 10674/15599MB (lfb 1x4MB) CPU [100%@1984,100%@1984,100%@1984,100%@1984,100%@1984,100%@1984,100%@1984,100%@1984] GR3D_FREQ 99% cv0@62.312C/62.312C cpu@67.281C/67.281C soc2@59.312C/59.312C soc0@60.625C/60.625C cv1@61.718C/61.718C gpu@66.843C/66.843C tj@67.281C/67.281C soc1@59.093C/59.093C cv2@56.875C/56.875C VDD_IN 28465mW/18420mW/28465mW VDD_CPU_GPU_CV 18301mW/10960mW/18301mW VDD_SOC 4106mW/3138mW/4106mW
08-10-2026 22:06:49 RAM 10674/15599MB (lfb 1x4MB) CPU [100%@1984,100%@1984,100%@1984,100%@1984,100%@1984,100%@1984,100%@1984,100%@1984] GR3D_FREQ 99% cv0@62.687C/62.687C cpu@67.562C/67.562C soc2@59.531C/59.531C soc0@60.843C/60.843C cv1@61.906C/61.906C gpu@67.125C/67.125C tj@67.562C/67.562C soc1@59.343C/59.343C cv2@57.031C/57.031C VDD_IN 28707mW/19211mW/28707mW VDD_CPU_GPU_CV 18580mW/11546mW/18580mW VDD_SOC 4146mW/3215mW/4146mW
08-10-2026 22:06:50 RAM 10674/15599MB (lfb 1x4MB) CPU [100%@1984,100%@1984,100%@1984,100%@1984,100%@1984,100%@1984,100%@1984,100%@1984] GR3D_FREQ 99% cv0@62.906C/62.906C cpu@67.593C/67.593C soc2@59.843C/59.843C soc0@61C/61C cv1@62.062C/62.062C gpu@67.156C/67.156C tj@67.593C/67.593C soc1@59.437C/59.437C cv2@57.281C/57.281C VDD_IN 28783mW/19895mW/28783mW VDD_CPU_GPU_CV 18819mW/12065mW/18819mW VDD_SOC 4106mW/3279mW/4146mW
08-10-2026 22:06:50 RAM 10674/15599MB (lfb 1x4MB) CPU [100%@1984,100%@1984,100%@1984,100%@1984,100%@1984,100%@1984,100%@1984,100%@1984] GR3D_FREQ 99% cv0@63.156C/63.156C cpu@67.843C/67.843C soc2@59.937C/59.937C soc0@61.125C/61.125C cv1@62.187C/62.187C gpu@67.593C/67.593C tj@67.843C/67.843C soc1@59.562C/59.562C cv2@57.562C/57.562C VDD_IN 28828mW/20491mW/28828mW VDD_CPU_GPU_CV 18819mW/12515mW/18819mW VDD_SOC 4106mW/3334mW/4146mW
08-10-2026 22:06:51 RAM 10674/15599MB (lfb 1x4MB) CPU [100%@1984,100%@1984,100%@1984,100%@1984,100%@1984,100%@1984,100%@1984,100%@1984] GR3D_FREQ 99% cv0@63.343C/63.343C cpu@68.125C/68.125C soc2@60.187C/60.187C soc0@61.406C/61.406C cv1@62.468C/62.468C gpu@67.562C/67.593C tj@68.125C/68.125C soc1@59.875C/59.875C cv2@57.75C/57.75C VDD_IN 28748mW/21007mW/28828mW VDD_CPU_GPU_CV 18660mW/12900mW/18819mW VDD_SOC 4106mW/3382mW/4146mW
08-10-2026 22:06:51 RAM 10674/15599MB (lfb 1x4MB) CPU [100%@1984,100%@1984,100%@1984,100%@1984,100%@1984,100%@1984,100%@1984,100%@1984] GR3D_FREQ 99% cv0@63.406C/63.406C cpu@68.156C/68.156C soc2@60.343C/60.343C soc0@61.562C/61.562C cv1@62.687C/62.687C gpu@67.968C/67.968C tj@68.25C/68.25C soc1@59.968C/59.968C cv2@57.906C/57.906C VDD_IN 28828mW/21467mW/28828mW VDD_CPU_GPU_CV 18779mW/13245mW/18819mW VDD_SOC 4106mW/3425mW/4146mW
08-10-2026 22:06:52 RAM 10674/15599MB (lfb 1x4MB) CPU [100%@1984,100%@1984,100%@1984,100%@1984,100%@1984,100%@1984,100%@1984,100%@1984] GR3D_FREQ 99% cv0@63.718C/63.718C cpu@68.312C/68.312C soc2@60.468C/60.468C soc0@61.718C/61.718C cv1@62.75C/62.75C gpu@68.093C/68.093C tj@68.312C/68.312C soc1@60.156C/60.156C cv2@58.125C/58.125C VDD_IN 28748mW/21871mW/28828mW VDD_CPU_GPU_CV 18660mW/13546mW/18819mW VDD_SOC 4106mW/3463mW/4146mW
08-10-2026 22:06:52 RAM 10674/15599MB (lfb 1x4MB) CPU [100%@1984,100%@1984,100%@1984,100%@1984,100%@1984,100%@1984,100%@1984,100%@1984] GR3D_FREQ 99% cv0@63.906C/63.906C cpu@68.406C/68.406C soc2@60.562C/60.562C soc0@61.968C/61.968C cv1@62.875C/62.875C gpu@68.281C/68.281C tj@68.406C/68.406C soc1@60.437C/60.437C cv2@58.312C/58.312C VDD_IN 28788mW/22235mW/28828mW VDD_CPU_GPU_CV 18620mW/13813mW/18819mW VDD_SOC 4099mW/3496mW/4146mW
08-10-2026 22:06:53 RAM 10682/15599MB (lfb 1x4MB) CPU [100%@1984,100%@1984,100%@1984,100%@1984,100%@1984,100%@1984,100%@1984,100%@1984] GR3D_FREQ 99% cv0@63.906C/63.906C cpu@68.625C/68.625C soc2@60.781C/60.781C soc0@62.062C/62.062C cv1@63.031C/63.031C gpu@68.281C/68.281C tj@68.625C/68.625C soc1@60.531C/60.531C cv2@58.343C/58.343C VDD_IN 28748mW/22561mW/28828mW VDD_CPU_GPU_CV 18540mW/14050mW/18819mW VDD_SOC 4099mW/3526mW/4146mW
08-10-2026 22:06:53 RAM 10682/15599MB (lfb 1x4MB) CPU [100%@1984,100%@1984,100%@1984,100%@1984,100%@1984,100%@1984,100%@1984,100%@1984] GR3D_FREQ 99% cv0@64.031C/64.031C cpu@68.906C/68.906C soc2@60.968C/60.968C soc0@62.312C/62.312C cv1@63.187C/63.187C gpu@68.468C/68.468C tj@68.718C/68.718C soc1@60.593C/60.593C cv2@58.656C/58.656C VDD_IN 28748mW/22856mW/28828mW VDD_CPU_GPU_CV 18580mW/14265mW/18819mW VDD_SOC 4099mW/3553mW/4146mW
08-10-2026 22:06:54 RAM 10683/15599MB (lfb 1x4MB) CPU [100%@1984,100%@1984,100%@1984,100%@1984,100%@1984,100%@1984,100%@1984,100%@1984] GR3D_FREQ 99% cv0@64.343C/64.343C cpu@68.875C/68.906C soc2@61.156C/61.156C soc0@62.531C/62.531C cv1@63.437C/63.437C gpu@68.687C/68.687C tj@68.906C/68.906C soc1@60.718C/60.718C cv2@58.75C/58.75C VDD_IN 28828mW/23127mW/28828mW VDD_CPU_GPU_CV 18699mW/14467mW/18819mW VDD_SOC 4099mW/3578mW/4146mW
08-10-2026 22:06:54 RAM 10683/15599MB (lfb 1x4MB) CPU [100%@1984,100%@1984,100%@1984,100%@1984,100%@1984,100%@1984,100%@1984,100%@1984] GR3D_FREQ 99% cv0@64.5C/64.5C cpu@69.062C/69.062C soc2@61.375C/61.375C soc0@62.625C/62.625C cv1@63.562C/63.562C gpu@68.968C/68.968C tj@69.062C/69.062C soc1@61C/61C cv2@58.937C/58.937C VDD_IN 28909mW/23378mW/28909mW VDD_CPU_GPU_CV 18699mW/14651mW/18819mW VDD_SOC 4099mW/3601mW/4146mW
08-10-2026 22:06:55 RAM 10683/15599MB (lfb 1x4MB) CPU [100%@1984,100%@1984,100%@1984,100%@1984,100%@1984,100%@1984,100%@1984,100%@1984] GR3D_FREQ 99% cv0@64.625C/64.625C cpu@69.5C/69.5C soc2@61.437C/61.437C soc0@62.906C/62.906C cv1@63.75C/63.75C gpu@68.875C/68.968C tj@69.5C/69.5C soc1@61.156C/61.156C cv2@58.937C/58.937C VDD_IN 28667mW/23599mW/28909mW VDD_CPU_GPU_CV 18540mW/14813mW/18819mW VDD_SOC 4146mW/3624mW/4146mW
08-10-2026 22:06:55 RAM 10683/15599MB (lfb 1x4MB) CPU [100%@1984,100%@1984,100%@1984,100%@1984,100%@1984,100%@1984,100%@1984,100%@1984] GR3D_FREQ 99% cv0@64.781C/64.781C cpu@69.375C/69.5C soc2@61.625C/61.625C soc0@62.906C/62.906C cv1@63.937C/63.937C gpu@69.281C/69.281C tj@69.375C/69.5C soc1@61.281C/61.281C cv2@59.156C/59.156C VDD_IN 28869mW/23810mW/28909mW VDD_CPU_GPU_CV 18620mW/14965mW/18819mW VDD_SOC 4099mW/3643mW/4146mW
08-10-2026 22:06:56 RAM 10683/15599MB (lfb 1x4MB) CPU [100%@1984,100%@1984,100%@1984,100%@1984,100%@1984,100%@1984,100%@1984,100%@1984] GR3D_FREQ 99% cv0@64.875C/64.875C cpu@69.562C/69.562C soc2@61.875C/61.875C soc0@63.187C/63.187C cv1@64C/64C gpu@69.312C/69.312C tj@69.562C/69.562C soc1@61.375C/61.375C cv2@59.25C/59.25C VDD_IN 28949mW/24007mW/28949mW VDD_CPU_GPU_CV 18580mW/15104mW/18819mW VDD_SOC 4099mW/3660mW/4146mW
08-10-2026 22:06:56 RAM 10683/15599MB (lfb 1x4MB) CPU [100%@1984,100%@1984,100%@1984,100%@1984,100%@1984,100%@1984,100%@1984,100%@1984] GR3D_FREQ 99% cv0@65.125C/65.125C cpu@69.812C/69.812C soc2@61.968C/61.968C soc0@63.343C/63.343C cv1@64.156C/64.156C gpu@69.312C/69.312C tj@69.812C/69.812C soc1@61.468C/61.468C cv2@59.437C/59.437C VDD_IN 28909mW/24189mW/28949mW VDD_CPU_GPU_CV 18739mW/15239mW/18819mW VDD_SOC 4099mW/3676mW/4146mW
08-10-2026 22:06:57 RAM 10683/15599MB (lfb 1x4MB) CPU [100%@1984,100%@1984,100%@1984,100%@1984,100%@1984,100%@1984,100%@1984,100%@1984] GR3D_FREQ 99% cv0@65.437C/65.437C cpu@69.812C/69.812C soc2@62.156C/62.156C soc0@63.531C/63.531C cv1@64.281C/64.281C gpu@69.625C/69.625C tj@69.812C/69.812C soc1@61.656C/61.656C cv2@59.718C/59.718C VDD_IN 28869mW/24356mW/28949mW VDD_CPU_GPU_CV 18859mW/15368mW/18859mW VDD_SOC 4065mW/3690mW/4146mW
08-10-2026 22:06:57 RAM 10683/15599MB (lfb 1x4MB) CPU [100%@1984,100%@1984,100%@1984,100%@1984,100%@1984,100%@1984,100%@1984,100%@1984] GR3D_FREQ 99% cv0@65.437C/65.437C cpu@70.062C/70.062C soc2@62.187C/62.187C soc0@63.625C/63.625C cv1@64.406C/64.406C gpu@69.781C/69.781C tj@70.062C/70.062C soc1@61.75C/61.75C cv2@59.781C/59.781C VDD_IN 28788mW/24509mW/28949mW VDD_CPU_GPU_CV 18819mW/15487mW/18859mW VDD_SOC 4106mW/3705mW/4146mW
08-10-2026 22:06:58 RAM 10683/15599MB (lfb 1x4MB) CPU [100%@1984,100%@1984,100%@1984,100%@1984,100%@1984,100%@1984,100%@1984,100%@1984] GR3D_FREQ 99% cv0@65.562C/65.562C cpu@70C/70.062C soc2@62.406C/62.406C soc0@63.718C/63.718C cv1@64.531C/64.531C gpu@69.843C/69.843C tj@70C/70.062C soc1@61.968C/61.968C cv2@60C/60C VDD_IN 28788mW/24651mW/28949mW VDD_CPU_GPU_CV 18779mW/15597mW/18859mW VDD_SOC 4099mW/3718mW/4146mW
08-10-2026 22:06:58 RAM 10681/15599MB (lfb 1x4MB) CPU [100%@1984,100%@1984,100%@1984,100%@1984,100%@1984,100%@1984,100%@1984,100%@1984] GR3D_FREQ 99% cv0@65.718C/65.718C cpu@70.312C/70.312C soc2@62.437C/62.437C soc0@63.843C/63.843C cv1@64.812C/64.812C gpu@70.156C/70.156C tj@70.312C/70.312C soc1@62.125C/62.125C cv2@60.125C/60.125C VDD_IN 28869mW/24788mW/28949mW VDD_CPU_GPU_CV 18899mW/15703mW/18899mW VDD_SOC 4099mW/3730mW/4146mW
08-10-2026 22:06:59 RAM 10681/15599MB (lfb 1x4MB) CPU [100%@1984,100%@1984,100%@1984,100%@1984,100%@1984,100%@1984,100%@1984,100%@1984] GR3D_FREQ 99% cv0@65.781C/65.781C cpu@70.562C/70.562C soc2@62.687C/62.687C soc0@64.062C/64.062C cv1@64.937C/64.937C gpu@70.156C/70.156C tj@70.562C/70.562C soc1@62.125C/62.125C cv2@60.125C/60.125C VDD_IN 28909mW/24916mW/28949mW VDD_CPU_GPU_CV 18939mW/15804mW/18939mW VDD_SOC 4139mW/3743mW/4146mW
08-10-2026 22:06:59 RAM 10681/15599MB (lfb 1x4MB) CPU [100%@1984,100%@1984,100%@1984,100%@1984,100%@1984,100%@1984,100%@1984,100%@1984] GR3D_FREQ 99% cv0@65.812C/65.812C cpu@70.375C/70.562C soc2@62.812C/62.812C soc0@64.25C/64.25C cv1@65.031C/65.031C gpu@70.375C/70.375C tj@70.375C/70.562C soc1@62.343C/62.343C cv2@60.281C/60.281C VDD_IN 29030mW/25041mW/29030mW VDD_CPU_GPU_CV 19018mW/15902mW/19018mW VDD_SOC 4099mW/3754mW/4146mW
08-10-2026 22:07:00 RAM 10680/15599MB (lfb 1x4MB) CPU [100%@1984,100%@1984,100%@1984,100%@1984,100%@1984,100%@1984,100%@1984,100%@1984] GR3D_FREQ 99% cv0@66.156C/66.156C cpu@70.75C/70.75C soc2@63C/63C soc0@64.406C/64.406C cv1@65.156C/65.156C gpu@70.562C/70.562C tj@70.75C/70.75C soc1@62.437C/62.437C cv2@60.406C/60.406C VDD_IN 28823mW/25152mW/29030mW VDD_CPU_GPU_CV 18859mW/15989mW/19018mW VDD_SOC 4146mW/3765mW/4146mW
08-10-2026 22:07:00 RAM 10680/15599MB (lfb 1x4MB) CPU [100%@1984,100%@1984,100%@1984,100%@1984,100%@1984,100%@1984,100%@1984,100%@1984] GR3D_FREQ 99% cv0@66.093C/66.156C cpu@70.906C/70.906C soc2@63.125C/63.125C soc0@64.531C/64.531C cv1@65.281C/65.281C gpu@70.656C/70.656C tj@70.906C/70.906C soc1@62.531C/62.531C cv2@60.625C/60.625C VDD_IN 28990mW/25262mW/29030mW VDD_CPU_GPU_CV 18979mW/16074mW/19018mW VDD_SOC 4139mW/3776mW/4146mW
08-10-2026 22:07:01 RAM 10680/15599MB (lfb 1x4MB) CPU [100%@1984,100%@1984,100%@1984,100%@1984,100%@1984,100%@1984,100%@1984,100%@1984] GR3D_FREQ 99% cv0@66.406C/66.406C cpu@70.812C/70.906C soc2@63.187C/63.187C soc0@64.625C/64.625C cv1@65.25C/65.281C gpu@70.843C/70.843C tj@70.843C/70.906C soc1@62.625C/62.625C cv2@60.687C/60.687C VDD_IN 28990mW/25365mW/29030mW VDD_CPU_GPU_CV 18939mW/16154mW/19018mW VDD_SOC 4099mW/3785mW/4146mW
08-10-2026 22:07:01 RAM 10680/15599MB (lfb 1x4MB) CPU [100%@1984,100%@1984,100%@1984,100%@1984,100%@1984,100%@1984,100%@1984,100%@1984] GR3D_FREQ 99% cv0@66.468C/66.468C cpu@71.125C/71.125C soc2@63.406C/63.406C soc0@64.781C/64.781C cv1@65.531C/65.531C gpu@70.531C/70.843C tj@71.125C/71.125C soc1@62.718C/62.718C cv2@60.968C/60.968C VDD_IN 28788mW/25458mW/29030mW VDD_CPU_GPU_CV 18699mW/16223mW/19018mW VDD_SOC 4139mW/3794mW/4146mW
08-10-2026 22:07:02 RAM 10679/15599MB (lfb 1x4MB) CPU [100%@1984,100%@1984,100%@1984,100%@1984,100%@1984,100%@1984,100%@1984,100%@1984] GR3D_FREQ 99% cv0@66.5C/66.5C cpu@71.25C/71.25C soc2@63.531C/63.531C soc0@64.906C/64.906C cv1@65.625C/65.625C gpu@71C/71C tj@71.25C/71.25C soc1@62.906C/62.906C cv2@61.031C/61.031C VDD_IN 28990mW/25551mW/29030mW VDD_CPU_GPU_CV 18939mW/16294mW/19018mW VDD_SOC 4099mW/3802mW/4146mW
08-10-2026 22:07:02 RAM 10679/15599MB (lfb 1x4MB) CPU [100%@1984,100%@1984,100%@1984,100%@1984,100%@1984,100%@1984,100%@1984,100%@1984] GR3D_FREQ 99% cv0@66.812C/66.812C cpu@71.281C/71.281C soc2@63.593C/63.593C soc0@64.937C/64.937C cv1@65.687C/65.687C gpu@71.156C/71.156C tj@71.281C/71.281C soc1@62.968C/62.968C cv2@61.187C/61.187C VDD_IN 28949mW/25638mW/29030mW VDD_CPU_GPU_CV 18819mW/16359mW/19018mW VDD_SOC 4139mW/3811mW/4146mW
08-10-2026 22:07:03 RAM 10680/15599MB (lfb 1x4MB) CPU [100%@1984,100%@1984,100%@1984,100%@1984,100%@1984,100%@1984,100%@1984,100%@1984] GR3D_FREQ 99% cv0@66.75C/66.812C cpu@71.468C/71.468C soc2@63.718C/63.718C soc0@65.093C/65.093C cv1@65.843C/65.843C gpu@71.375C/71.375C tj@71.562C/71.562C soc1@63.125C/63.125C cv2@61.375C/61.375C VDD_IN 28990mW/25722mW/29030mW VDD_CPU_GPU_CV 18939mW/16423mW/19018mW VDD_SOC 4099mW/3818mW/4146mW
08-10-2026 22:07:03 RAM 10680/15599MB (lfb 1x4MB) CPU [100%@1984,100%@1984,100%@1984,100%@1984,100%@1984,100%@1984,100%@1984,100%@1984] GR3D_FREQ 99% cv0@67.031C/67.031C cpu@71.531C/71.531C soc2@63.781C/63.781C soc0@65.218C/65.218C cv1@65.843C/65.843C gpu@71.531C/71.531C tj@71.531C/71.562C soc1@63.156C/63.156C cv2@61.375C/61.375C VDD_IN 28990mW/25802mW/29030mW VDD_CPU_GPU_CV 18829mW/16482mW/19018mW VDD_SOC 4139mW/3826mW/4146mW
08-10-2026 22:07:04 RAM 10679/15599MB (lfb 2x4MB) CPU [100%@1984,100%@1984,100%@1984,100%@1984,100%@1984,100%@1984,100%@1984,100%@1984] GR3D_FREQ 99% cv0@67.031C/67.031C cpu@71.531C/71.531C soc2@63.968C/63.968C soc0@65.375C/65.375C cv1@65.968C/65.968C gpu@71.437C/71.531C tj@71.531C/71.562C soc1@63.281C/63.281C cv2@61.562C/61.562C VDD_IN 28949mW/25876mW/29030mW VDD_CPU_GPU_CV 18709mW/16535mW/19018mW VDD_SOC 4146mW/3834mW/4146mW
08-10-2026 22:07:04 RAM 10679/15599MB (lfb 2x4MB) CPU [100%@1984,100%@1984,100%@1984,100%@1984,100%@1984,100%@1984,100%@1984,100%@1984] GR3D_FREQ 99% cv0@67.187C/67.187C cpu@71.718C/71.718C soc2@64.031C/64.031C soc0@65.468C/65.468C cv1@66.093C/66.093C gpu@71.718C/71.718C tj@71.718C/71.718C soc1@63.531C/63.531C cv2@61.593C/61.593C VDD_IN 29070mW/25951mW/29070mW VDD_CPU_GPU_CV 19068mW/16594mW/19068mW VDD_SOC 4146mW/3841mW/4146mW
08-10-2026 22:07:05 RAM 10679/15599MB (lfb 2x4MB) CPU [100%@1984,100%@1984,100%@1984,100%@1984,100%@1984,100%@1984,100%@1984,100%@1984] GR3D_FREQ 99% cv0@67.281C/67.281C cpu@71.718C/71.718C soc2@64.031C/64.031C soc0@65.656C/65.656C cv1@66.406C/66.406C gpu@71.781C/71.781C tj@71.781C/71.781C soc1@63.625C/63.625C cv2@61.75C/61.75C VDD_IN 29111mW/26023mW/29111mW VDD_CPU_GPU_CV 18979mW/16648mW/19068mW VDD_SOC 4139mW/3848mW/4146mW
08-10-2026 22:07:05 RAM 10679/15599MB (lfb 2x4MB) CPU [100%@1984,100%@1984,100%@1984,100%@1984,100%@1984,100%@1984,100%@1984,100%@1984] GR3D_FREQ 99% cv0@67.406C/67.406C cpu@71.968C/71.968C soc2@64.343C/64.343C soc0@65.875C/65.875C cv1@66.375C/66.406C gpu@71.718C/71.781C tj@71.843C/71.843C soc1@63.687C/63.687C cv2@61.843C/61.843C VDD_IN 28990mW/26088mW/29111mW VDD_CPU_GPU_CV 18859mW/16697mW/19068mW VDD_SOC 4146mW/3854mW/4146mW
08-10-2026 22:07:06 RAM 10679/15599MB (lfb 2x4MB) CPU [100%@1984,100%@1984,100%@1984,100%@1984,100%@1984,100%@1984,100%@1984,100%@1984] GR3D_FREQ 99% cv0@67.437C/67.437C cpu@72.187C/72.187C soc2@64.437C/64.437C soc0@65.875C/65.875C cv1@66.531C/66.531C gpu@71.843C/71.843C tj@72.187C/72.187C soc1@63.906C/63.906C cv2@61.937C/61.937C VDD_IN 29070mW/26153mW/29111mW VDD_CPU_GPU_CV 18868mW/16744mW/19068mW VDD_SOC 4099mW/3860mW/4146mW
08-10-2026 22:07:06 RAM 10679/15599MB (lfb 2x4MB) CPU [100%@1984,100%@1984,100%@1984,100%@1984,100%@1984,100%@1984,100%@1984,100%@1984] GR3D_FREQ 99% cv0@67.593C/67.593C cpu@72.312C/72.312C soc2@64.375C/64.437C soc0@65.875C/65.875C cv1@66.593C/66.593C gpu@72.031C/72.031C tj@72.312C/72.312C soc1@63.968C/63.968C cv2@62.093C/62.093C VDD_IN 28909mW/26212mW/29111mW VDD_CPU_GPU_CV 18699mW/16786mW/19068mW VDD_SOC 4146mW/3866mW/4146mW
08-10-2026 22:07:07 RAM 10679/15599MB (lfb 2x4MB) CPU [100%@1984,100%@1984,100%@1984,100%@1984,100%@1984,100%@1984,100%@1984,100%@1984] GR3D_FREQ 99% cv0@67.781C/67.781C cpu@72.25C/72.312C soc2@64.687C/64.687C soc0@66.156C/66.156C cv1@66.75C/66.75C gpu@72.125C/72.125C tj@72.25C/72.312C soc1@64C/64C cv2@62.25C/62.25C VDD_IN 29151mW/26273mW/29151mW VDD_CPU_GPU_CV 18979mW/16832mW/19068mW VDD_SOC 4099mW/3871mW/4146mW
08-10-2026 22:07:07 RAM 10679/15599MB (lfb 2x4MB) CPU [100%@1984,100%@1984,100%@1984,100%@1984,100%@1984,100%@1984,100%@1984,100%@1984] GR3D_FREQ 99% cv0@68.093C/68.093C cpu@72.375C/72.375C soc2@64.718C/64.718C soc0@66.156C/66.156C cv1@66.781C/66.781C gpu@72.218C/72.218C tj@72.375C/72.375C soc1@64.156C/64.156C cv2@62.437C/62.437C VDD_IN 28909mW/26327mW/29151mW VDD_CPU_GPU_CV 18859mW/16873mW/19068mW VDD_SOC 4146mW/3876mW/4146mW
08-10-2026 22:07:08 RAM 10679/15599MB (lfb 2x4MB) CPU [100%@1984,100%@1984,100%@1984,100%@1984,100%@1984,100%@1984,100%@1984,100%@1984] GR3D_FREQ 99% cv0@68.093C/68.093C cpu@72.562C/72.562C soc2@64.843C/64.843C soc0@66.281C/66.281C cv1@66.968C/66.968C gpu@72.125C/72.218C tj@72.562C/72.562C soc1@64.218C/64.218C cv2@62.531C/62.531C VDD_IN 28828mW/26377mW/29151mW VDD_CPU_GPU_CV 18739mW/16910mW/19068mW VDD_SOC 4146mW/3882mW/4146mW
08-10-2026 22:07:08 RAM 10687/15599MB (lfb 2x4MB) CPU [100%@1984,100%@1984,100%@1984,100%@1984,100%@1984,100%@1984,100%@1984,100%@1984] GR3D_FREQ 99% cv0@68.156C/68.156C cpu@72.468C/72.562C soc2@64.968C/64.968C soc0@66.468C/66.468C cv1@66.937C/66.968C gpu@72.5C/72.5C tj@72.5C/72.562C soc1@64.375C/64.375C cv2@62.656C/62.656C VDD_IN 28990mW/26428mW/29151mW VDD_CPU_GPU_CV 19028mW/16952mW/19068mW VDD_SOC 4139mW/3887mW/4146mW
08-10-2026 22:07:09 RAM 10686/15599MB (lfb 2x4MB) CPU [100%@1984,100%@1984,100%@1984,100%@1984,100%@1984,100%@1984,100%@1984,100%@1984] GR3D_FREQ 99% cv0@68.25C/68.25C cpu@72.718C/72.718C soc2@65.031C/65.031C soc0@66.593C/66.593C cv1@67.125C/67.125C gpu@72.656C/72.656C tj@72.718C/72.718C soc1@64.406C/64.406C cv2@62.812C/62.812C VDD_IN 28909mW/26476mW/29151mW VDD_CPU_GPU_CV 18868mW/16989mW/19068mW VDD_SOC 4186mW/3892mW/4186mW
08-10-2026 22:07:09 RAM 10686/15599MB (lfb 2x4MB) CPU [100%@1984,100%@1984,100%@1984,100%@1984,100%@1984,100%@1984,100%@1984,100%@1984] GR3D_FREQ 99% cv0@68.406C/68.406C cpu@72.75C/72.75C soc2@65.156C/65.156C soc0@66.593C/66.593C cv1@67.25C/67.25C gpu@72.625C/72.656C tj@72.75C/72.75C soc1@64.562C/64.562C cv2@62.843C/62.843C VDD_IN 28949mW/26523mW/29151mW VDD_CPU_GPU_CV 18908mW/17025mW/19068mW VDD_SOC 4186mW/3898mW/4186mW
08-10-2026 22:07:10 RAM 10686/15599MB (lfb 2x4MB) CPU [100%@1984,100%@1984,100%@1984,100%@1984,100%@1984,100%@1984,100%@1984,100%@1984] GR3D_FREQ 99% cv0@68.437C/68.437C cpu@73.031C/73.031C soc2@65.343C/65.343C soc0@66.937C/66.937C cv1@67.343C/67.343C gpu@72.781C/72.781C tj@73.031C/73.031C soc1@64.625C/64.625C cv2@63C/63C VDD_IN 29145mW/26571mW/29151mW VDD_CPU_GPU_CV 19028mW/17062mW/19068mW VDD_SOC 4139mW/3902mW/4186mW
08-10-2026 22:07:10 RAM 10686/15599MB (lfb 2x4MB) CPU [100%@1984,100%@1984,100%@1984,100%@1984,100%@1984,100%@1984,100%@1984,100%@1984] GR3D_FREQ 99% cv0@68.5C/68.5C cpu@73.187C/73.187C soc2@65.406C/65.406C soc0@67C/67C cv1@67.562C/67.562C gpu@72.687C/72.781C tj@73.187C/73.187C soc1@64.843C/64.843C cv2@63.093C/63.093C VDD_IN 28788mW/26611mW/29151mW VDD_CPU_GPU_CV 18739mW/17093mW/19068mW VDD_SOC 4146mW/3907mW/4186mW
08-10-2026 22:07:11 RAM 10686/15599MB (lfb 2x4MB) CPU [100%@1984,100%@1984,100%@1984,100%@1984,100%@1984,100%@1984,100%@1984,100%@1984] GR3D_FREQ 99% cv0@68.656C/68.656C cpu@73.062C/73.187C soc2@65.437C/65.437C soc0@67.031C/67.031C cv1@67.625C/67.625C gpu@73.187C/73.187C tj@73.187C/73.187C soc1@64.875C/64.875C cv2@63.187C/63.187C VDD_IN 28990mW/26654mW/29151mW VDD_CPU_GPU_CV 18979mW/17126mW/19068mW VDD_SOC 4146mW/3911mW/4186mW
08-10-2026 22:07:12 RAM 10686/15599MB (lfb 2x4MB) CPU [100%@1984,100%@1984,100%@1984,100%@1984,100%@1984,100%@1984,100%@1984,100%@1984] GR3D_FREQ 99% cv0@68.687C/68.687C cpu@73.281C/73.281C soc2@65.687C/65.687C soc0@67.156C/67.156C cv1@67.656C/67.656C gpu@73.218C/73.218C tj@73.281C/73.281C soc1@65.031C/65.031C cv2@63.375C/63.375C VDD_IN 29030mW/26696mW/29151mW VDD_CPU_GPU_CV 18899mW/17157mW/19068mW VDD_SOC 4139mW/3915mW/4186mW
08-10-2026 22:07:12 RAM 10686/15599MB (lfb 2x4MB) CPU [100%@1984,100%@1984,100%@1984,100%@1984,100%@1984,100%@1984,100%@1984,100%@1984] GR3D_FREQ 99% cv0@68.937C/68.937C cpu@73.343C/73.343C soc2@65.75C/65.75C soc0@67.25C/67.25C cv1@67.781C/67.781C gpu@73.125C/73.218C tj@73.343C/73.343C soc1@65.062C/65.062C cv2@63.531C/63.531C VDD_IN 28949mW/26734mW/29151mW VDD_CPU_GPU_CV 18939mW/17188mW/19068mW VDD_SOC 4146mW/3919mW/4186mW
08-10-2026 22:07:13 RAM 10686/15599MB (lfb 2x4MB) CPU [100%@1984,100%@1984,100%@1984,100%@1984,100%@1984,100%@1984,100%@1984,100%@1984] GR3D_FREQ 99% cv0@68.906C/68.937C cpu@73.343C/73.343C soc2@65.843C/65.843C soc0@67.312C/67.312C cv1@67.937C/67.937C gpu@73.25C/73.25C tj@73.343C/73.343C soc1@65.125C/65.125C cv2@63.687C/63.687C VDD_IN 28909mW/26771mW/29151mW VDD_CPU_GPU_CV 18859mW/17216mW/19068mW VDD_SOC 4146mW/3923mW/4186mW
08-10-2026 22:07:13 RAM 10686/15599MB (lfb 2x4MB) CPU [100%@1984,100%@1984,100%@1984,100%@1984,100%@1984,100%@1984,100%@1984,100%@1984] GR3D_FREQ 99% cv0@69.093C/69.093C cpu@73.562C/73.562C soc2@65.906C/65.906C soc0@67.343C/67.343C cv1@67.906C/67.937C gpu@73.468C/73.468C tj@73.562C/73.562C soc1@65.343C/65.343C cv2@63.781C/63.781C VDD_IN 28667mW/26803mW/29151mW VDD_CPU_GPU_CV 18739mW/17242mW/19068mW VDD_SOC 4146mW/3927mW/4186mW
08-10-2026 22:07:14 RAM 10686/15599MB (lfb 2x4MB) CPU [100%@1984,100%@1984,100%@1984,100%@1984,100%@1984,100%@1984,100%@1984,100%@1984] GR3D_FREQ 99% cv0@69.187C/69.187C cpu@73.531C/73.562C soc2@66.093C/66.093C soc0@67.562C/67.562C cv1@68.156C/68.156C gpu@73.5C/73.5C tj@73.718C/73.718C soc1@65.437C/65.437C cv2@63.843C/63.843C VDD_IN 28909mW/26837mW/29151mW VDD_CPU_GPU_CV 18859mW/17268mW/19068mW VDD_SOC 4106mW/3930mW/4186mW
08-10-2026 22:07:14 RAM 10691/15599MB (lfb 1x4MB) CPU [100%@1984,100%@1984,100%@1984,100%@1984,100%@1984,100%@1984,100%@1984,100%@1984] GR3D_FREQ 99% cv0@69.281C/69.281C cpu@73.75C/73.75C soc2@66.062C/66.093C soc0@67.625C/67.625C cv1@68.156C/68.156C gpu@73.562C/73.562C tj@73.75C/73.75C soc1@65.406C/65.437C cv2@63.968C/63.968C VDD_IN 28949mW/26871mW/29151mW VDD_CPU_GPU_CV 18899mW/17295mW/19068mW VDD_SOC 4139mW/3933mW/4186mW
08-10-2026 22:07:15 RAM 10691/15599MB (lfb 1x4MB) CPU [100%@1984,100%@1984,100%@1984,100%@1984,100%@1984,100%@1984,100%@1984,100%@1984] GR3D_FREQ 99% cv0@69.375C/69.375C cpu@73.812C/73.812C soc2@66.25C/66.25C soc0@67.875C/67.875C cv1@68.25C/68.25C gpu@73.656C/73.656C tj@73.812C/73.812C soc1@65.75C/65.75C cv2@63.968C/63.968C VDD_IN 29070mW/26906mW/29151mW VDD_CPU_GPU_CV 18899mW/17320mW/19068mW VDD_SOC 4139mW/3936mW/4186mW
08-10-2026 22:07:15 RAM 10691/15599MB (lfb 1x4MB) CPU [100%@1984,100%@1984,100%@1984,100%@1984,100%@1984,100%@1984,100%@1984,100%@1984] GR3D_FREQ 99% cv0@69.468C/69.468C cpu@73.906C/73.906C soc2@66.25C/66.25C soc0@67.812C/67.875C cv1@68.312C/68.312C gpu@73.968C/73.968C tj@73.968C/73.968C soc1@65.718C/65.75C cv2@64.062C/64.062C VDD_IN 28984mW/26939mW/29151mW VDD_CPU_GPU_CV 18988mW/17346mW/19068mW VDD_SOC 4186mW/3940mW/4186mW
08-10-2026 22:07:16 RAM 10691/15599MB (lfb 1x4MB) CPU [100%@1984,100%@1984,100%@1984,100%@1984,100%@1984,100%@1984,100%@1984,100%@1984] GR3D_FREQ 99% cv0@69.562C/69.562C cpu@74.156C/74.156C soc2@66.531C/66.531C soc0@68.031C/68.031C cv1@68.625C/68.625C gpu@73.812C/73.968C tj@74.156C/74.156C soc1@65.75C/65.75C cv2@64.187C/64.187C VDD_IN 28990mW/26970mW/29151mW VDD_CPU_GPU_CV 18899mW/17370mW/19068mW VDD_SOC 4179mW/3944mW/4186mW
08-10-2026 22:07:16 RAM 10691/15599MB (lfb 1x4MB) CPU [100%@1984,100%@1984,100%@1984,100%@1984,100%@1984,100%@1984,100%@1984,100%@1984] GR3D_FREQ 99% cv0@69.562C/69.562C cpu@74.218C/74.218C soc2@66.531C/66.531C soc0@68.125C/68.125C cv1@68.656C/68.656C gpu@73.937C/73.968C tj@74.218C/74.218C soc1@65.875C/65.875C cv2@64.25C/64.25C VDD_IN 29030mW/27002mW/29151mW VDD_CPU_GPU_CV 18939mW/17394mW/19068mW VDD_SOC 4099mW/3946mW/4186mW
08-10-2026 22:07:17 RAM 10691/15599MB (lfb 1x4MB) CPU [100%@1984,100%@1984,100%@1984,100%@1984,100%@1984,100%@1984,100%@1984,100%@1984] GR3D_FREQ 99% cv0@69.718C/69.718C cpu@74.187C/74.218C soc2@66.718C/66.718C soc0@68.187C/68.187C cv1@68.812C/68.812C gpu@74.125C/74.125C tj@74.187C/74.218C soc1@66C/66C cv2@64.375C/64.375C VDD_IN 28984mW/27031mW/29151mW VDD_CPU_GPU_CV 18939mW/17417mW/19068mW VDD_SOC 4139mW/3949mW/4186mW
08-10-2026 22:07:17 RAM 10691/15599MB (lfb 1x4MB) CPU [100%@1984,100%@1984,100%@1984,100%@1984,100%@1984,100%@1984,100%@1984,100%@1984] GR3D_FREQ 99% cv0@70.187C/70.187C cpu@74.468C/74.468C soc2@66.75C/66.75C soc0@68.281C/68.281C cv1@68.812C/68.812C gpu@74.125C/74.125C tj@74.468C/74.468C soc1@66.125C/66.125C cv2@64.5C/64.5C VDD_IN 29024mW/27061mW/29151mW VDD_CPU_GPU_CV 19058mW/17441mW/19068mW VDD_SOC 4179mW/3952mW/4186mW
08-10-2026 22:07:18 RAM 10691/15599MB (lfb 1x4MB) CPU [100%@1984,100%@1984,100%@1984,100%@1984,100%@1984,100%@1984,100%@1984,100%@1984] GR3D_FREQ 99% cv0@70.031C/70.187C cpu@74.531C/74.531C soc2@66.812C/66.812C soc0@68.343C/68.343C cv1@68.937C/68.937C gpu@74.562C/74.562C tj@74.562C/74.562C soc1@66.218C/66.218C cv2@64.625C/64.625C VDD_IN 29030mW/27089mW/29151mW VDD_CPU_GPU_CV 18939mW/17463mW/19068mW VDD_SOC 4139mW/3955mW/4186mW
08-10-2026 22:07:18 RAM 10691/15599MB (lfb 1x4MB) CPU [100%@1984,100%@1984,100%@1984,100%@1984,100%@1984,100%@1984,100%@1984,100%@1984] GR3D_FREQ 99% cv0@70.125C/70.187C cpu@74.593C/74.593C soc2@66.937C/66.937C soc0@68.406C/68.406C cv1@68.906C/68.937C gpu@74.406C/74.562C tj@74.593C/74.593C soc1@66.25C/66.25C cv2@64.75C/64.75C VDD_IN 29070mW/27117mW/29151mW VDD_CPU_GPU_CV 18819mW/17482mW/19068mW VDD_SOC 4179mW/3958mW/4186mW
08-10-2026 22:07:19 RAM 10688/15599MB (lfb 1x4MB) CPU [100%@1984,100%@1984,100%@1984,100%@1984,100%@1984,100%@1984,100%@1984,100%@1984] GR3D_FREQ 99% cv0@70.281C/70.281C cpu@74.562C/74.593C soc2@67.062C/67.062C soc0@68.531C/68.531C cv1@69.031C/69.031C gpu@74.75C/74.75C tj@74.75C/74.75C soc1@66.343C/66.343C cv2@64.875C/64.875C VDD_IN 28990mW/27144mW/29151mW VDD_CPU_GPU_CV 18868mW/17502mW/19068mW VDD_SOC 4139mW/3961mW/4186mW
08-10-2026 22:07:19 RAM 10685/15599MB (lfb 1x4MB) CPU [100%@1984,100%@1984,100%@1984,100%@1984,100%@1984,100%@1984,100%@1984,100%@1984] GR3D_FREQ 99% cv0@70.375C/70.375C cpu@74.625C/74.625C soc2@67.062C/67.062C soc0@68.625C/68.625C cv1@69.187C/69.187C gpu@74.656C/74.75C tj@74.656C/74.75C soc1@66.531C/66.531C cv2@64.937C/64.937C VDD_IN 29070mW/27170mW/29151mW VDD_CPU_GPU_CV 18789mW/17519mW/19068mW VDD_SOC 4179mW/3964mW/4186mW
08-10-2026 22:07:20 RAM 10685/15599MB (lfb 1x4MB) CPU [100%@1984,100%@1984,100%@1984,100%@1984,100%@1984,100%@1984,100%@1984,100%@1984] GR3D_FREQ 99% cv0@70.25C/70.375C cpu@74.937C/74.937C soc2@67.25C/67.25C soc0@68.781C/68.781C cv1@69.375C/69.375C gpu@74.781C/74.781C tj@74.937C/74.937C soc1@66.531C/66.531C cv2@65.093C/65.093C VDD_IN 28869mW/27194mW/29151mW VDD_CPU_GPU_CV 18868mW/17538mW/19068mW VDD_SOC 4186mW/3967mW/4186mW
08-10-2026 22:07:20 RAM 10685/15599MB (lfb 1x4MB) CPU [100%@1984,100%@1984,100%@1984,100%@1984,100%@1984,100%@1984,100%@1984,100%@1984] GR3D_FREQ 99% cv0@70.375C/70.375C cpu@74.812C/74.937C soc2@67.375C/67.375C soc0@68.875C/68.875C cv1@69.406C/69.406C gpu@74.843C/74.843C tj@74.843C/74.937C soc1@66.625C/66.625C cv2@65.156C/65.156C VDD_IN 28949mW/27217mW/29151mW VDD_CPU_GPU_CV 18948mW/17557mW/19068mW VDD_SOC 4139mW/3969mW/4186mW
08-10-2026 22:07:21 RAM 10685/15599MB (lfb 1x4MB) CPU [100%@1984,100%@1984,100%@1984,100%@1984,100%@1984,100%@1984,100%@1984,100%@1984] GR3D_FREQ 99% cv0@70.468C/70.468C cpu@75.062C/75.062C soc2@67.437C/67.437C soc0@68.968C/68.968C cv1@69.468C/69.468C gpu@75.062C/75.062C tj@75.062C/75.062C soc1@66.75C/66.75C cv2@65.187C/65.187C VDD_IN 28990mW/27241mW/29151mW VDD_CPU_GPU_CV 18939mW/17575mW/19068mW VDD_SOC 4146mW/3972mW/4186mW
08-10-2026 22:07:21 RAM 10685/15599MB (lfb 1x4MB) CPU [100%@1984,100%@1984,100%@1984,100%@1984,100%@1984,100%@1984,100%@1984,100%@1984] GR3D_FREQ 99% cv0@70.531C/70.531C cpu@75.093C/75.093C soc2@67.531C/67.531C soc0@69.156C/69.156C cv1@69.593C/69.593C gpu@74.937C/75.062C tj@75.093C/75.093C soc1@66.875C/66.875C cv2@65.343C/65.343C VDD_IN 29030mW/27265mW/29151mW VDD_CPU_GPU_CV 18979mW/17594mW/19068mW VDD_SOC 4139mW/3974mW/4186mW
08-10-2026 22:07:22 RAM 10685/15599MB (lfb 1x4MB) CPU [100%@1984,100%@1984,100%@1984,100%@1984,100%@1984,100%@1984,100%@1984,100%@1984] GR3D_FREQ 99% cv0@70.906C/70.906C cpu@75.187C/75.187C soc2@67.593C/67.593C soc0@69.093C/69.156C cv1@69.593C/69.593C gpu@75.218C/75.218C tj@75.218C/75.218C soc1@66.875C/66.875C cv2@65.562C/65.562C VDD_IN 28944mW/27286mW/29151mW VDD_CPU_GPU_CV 18979mW/17612mW/19068mW VDD_SOC 4146mW/3976mW/4186mW
08-10-2026 22:07:22 RAM 10685/15599MB (lfb 1x4MB) CPU [100%@1984,100%@1984,100%@1984,100%@1984,100%@1984,100%@1984,100%@1984,100%@1984] GR3D_FREQ 99% cv0@70.937C/70.937C cpu@75.437C/75.437C soc2@67.718C/67.718C soc0@69.187C/69.187C cv1@69.718C/69.718C gpu@75.031C/75.218C tj@75.437C/75.437C soc1@66.968C/66.968C cv2@65.562C/65.562C VDD_IN 29070mW/27309mW/29151mW VDD_CPU_GPU_CV 18829mW/17627mW/19068mW VDD_SOC 4186mW/3979mW/4186mW
08-10-2026 22:07:23 RAM 10685/15599MB (lfb 1x4MB) CPU [100%@1984,100%@1984,100%@1984,100%@1984,100%@1984,100%@1984,100%@1984,100%@1984] GR3D_FREQ 99% cv0@70.937C/70.937C cpu@75.375C/75.437C soc2@67.843C/67.843C soc0@69.281C/69.281C cv1@69.843C/69.843C gpu@75.437C/75.437C tj@75.375C/75.437C soc1@67.187C/67.187C cv2@65.687C/65.687C VDD_IN 29232mW/27334mW/29232mW VDD_CPU_GPU_CV 18948mW/17644mW/19068mW VDD_SOC 4139mW/3981mW/4186mW
08-10-2026 22:07:23 RAM 10685/15599MB (lfb 1x4MB) CPU [100%@1984,100%@1984,100%@1984,100%@1984,100%@1984,100%@1984,100%@1984,100%@1984] GR3D_FREQ 99% cv0@71.062C/71.062C cpu@75.437C/75.437C soc2@67.906C/67.906C soc0@69.312C/69.312C cv1@69.906C/69.906C gpu@75.343C/75.437C tj@75.437C/75.437C soc1@67.343C/67.343C cv2@65.75C/65.75C VDD_IN 29070mW/27355mW/29232mW VDD_CPU_GPU_CV 19028mW/17662mW/19068mW VDD_SOC 4186mW/3983mW/4186mW
08-10-2026 22:07:24 RAM 10685/15599MB (lfb 1x4MB) CPU [100%@1984,100%@1984,100%@1984,100%@1984,100%@1984,100%@1984,100%@1984,100%@1984] GR3D_FREQ 99% cv0@71.062C/71.062C cpu@75.5C/75.5C soc2@67.906C/67.906C soc0@69.5C/69.5C cv1@69.968C/69.968C gpu@75.625C/75.625C tj@75.625C/75.625C soc1@67.281C/67.343C cv2@65.843C/65.843C VDD_IN 29030mW/27376mW/29232mW VDD_CPU_GPU_CV 19068mW/17679mW/19068mW VDD_SOC 4186mW/3986mW/4186mW
08-10-2026 22:07:24 RAM 10685/15599MB (lfb 1x4MB) CPU [100%@1984,100%@1984,100%@1984,100%@1984,100%@1984,100%@1984,100%@1984,100%@1984] GR3D_FREQ 99% cv0@71.25C/71.25C cpu@75.5C/75.5C soc2@68.031C/68.031C soc0@69.687C/69.687C cv1@70.156C/70.156C gpu@75.531C/75.625C tj@75.531C/75.625C soc1@67.468C/67.468C cv2@65.875C/65.875C VDD_IN 28909mW/27395mW/29232mW VDD_CPU_GPU_CV 18819mW/17693mW/19068mW VDD_SOC 4186mW/3988mW/4186mW
08-10-2026 22:07:25 RAM 10685/15599MB (lfb 1x4MB) CPU [100%@1984,100%@1984,100%@1984,100%@1984,100%@1984,100%@1984,100%@1984,100%@1984] GR3D_FREQ 99% cv0@71.343C/71.343C cpu@75.687C/75.687C soc2@68.062C/68.062C soc0@69.781C/69.781C cv1@70.187C/70.187C gpu@75.687C/75.687C tj@75.687C/75.687C soc1@67.5C/67.5C cv2@66.093C/66.093C VDD_IN 29030mW/27414mW/29232mW VDD_CPU_GPU_CV 18859mW/17707mW/19068mW VDD_SOC 4179mW/3991mW/4186mW
08-10-2026 22:07:25 RAM 10685/15599MB (lfb 1x4MB) CPU [100%@1984,100%@1984,100%@1984,100%@1984,100%@1984,100%@1984,100%@1984,100%@1984] GR3D_FREQ 99% cv0@71.468C/71.468C cpu@75.812C/75.812C soc2@68.218C/68.218C soc0@69.75C/69.781C cv1@70.281C/70.281C gpu@76.031C/76.031C tj@76.031C/76.031C soc1@67.625C/67.625C cv2@66.156C/66.156C VDD_IN 29030mW/27434mW/29232mW VDD_CPU_GPU_CV 18829mW/17720mW/19068mW VDD_SOC 4146mW/3992mW/4186mW
08-10-2026 22:07:26 RAM 10685/15599MB (lfb 1x4MB) CPU [100%@1984,100%@1984,100%@1984,100%@1984,100%@1984,100%@1984,100%@1984,100%@1984] GR3D_FREQ 99% cv0@71.375C/71.468C cpu@76.093C/76.093C soc2@68.25C/68.25C soc0@69.937C/69.937C cv1@70.5C/70.5C gpu@75.687C/76.031C tj@76.093C/76.093C soc1@67.625C/67.625C cv2@66.218C/66.218C VDD_IN 29070mW/27453mW/29232mW VDD_CPU_GPU_CV 18749mW/17732mW/19068mW VDD_SOC 4146mW/3994mW/4186mW
08-10-2026 22:07:26 RAM 10685/15599MB (lfb 1x4MB) CPU [100%@1984,100%@1984,100%@1984,100%@1984,100%@1984,100%@1984,100%@1984,100%@1984] GR3D_FREQ 99% cv0@71.468C/71.468C cpu@76.031C/76.093C soc2@68.312C/68.312C soc0@70C/70C cv1@70.5C/70.5C gpu@76.156C/76.156C tj@76.156C/76.156C soc1@67.718C/67.718C cv2@66.312C/66.312C VDD_IN 29151mW/27473mW/29232mW VDD_CPU_GPU_CV 19028mW/17747mW/19068mW VDD_SOC 4139mW/3996mW/4186mW
08-10-2026 22:07:27 RAM 10685/15599MB (lfb 1x4MB) CPU [100%@1984,100%@1984,100%@1984,100%@1984,100%@1984,100%@1984,100%@1984,100%@1984] GR3D_FREQ 99% cv0@71.593C/71.593C cpu@76.156C/76.156C soc2@68.562C/68.562C soc0@70.093C/70.093C cv1@70.562C/70.562C gpu@75.937C/76.156C tj@76.156C/76.156C soc1@67.781C/67.781C cv2@66.437C/66.437C VDD_IN 29191mW/27492mW/29232mW VDD_CPU_GPU_CV 18948mW/17761mW/19068mW VDD_SOC 4179mW/3998mW/4186mW
08-10-2026 22:07:27 RAM 10685/15599MB (lfb 1x4MB) CPU [100%@1984,100%@1984,100%@1984,100%@1984,100%@1984,100%@1984,100%@1984,100%@1984] GR3D_FREQ 99% cv0@71.875C/71.875C cpu@76.25C/76.25C soc2@68.593C/68.593C soc0@70.031C/70.093C cv1@70.562C/70.562C gpu@76.218C/76.218C tj@76.25C/76.25C soc1@67.875C/67.875C cv2@66.656C/66.656C VDD_IN 29151mW/27511mW/29232mW VDD_CPU_GPU_CV 18939mW/17775mW/19068mW VDD_SOC 4179mW/4000mW/4186mW
08-10-2026 22:07:28 RAM 10685/15599MB (lfb 1x4MB) CPU [100%@1984,100%@1984,100%@1984,100%@1984,100%@1984,100%@1984,100%@1984,100%@1984] GR3D_FREQ 99% cv0@71.906C/71.906C cpu@76.218C/76.25C soc2@68.718C/68.718C soc0@70.25C/70.25C cv1@70.625C/70.625C gpu@76.125C/76.218C tj@76.218C/76.25C soc1@67.968C/67.968C cv2@66.687C/66.687C VDD_IN 29191mW/27530mW/29232mW VDD_CPU_GPU_CV 18868mW/17787mW/19068mW VDD_SOC 4179mW/4002mW/4186mW
08-10-2026 22:07:28 RAM 10685/15599MB (lfb 1x4MB) CPU [100%@1984,100%@1984,100%@1984,100%@1984,100%@1984,100%@1984,100%@1984,100%@1984] GR3D_FREQ 99% cv0@71.875C/71.906C cpu@76.406C/76.406C soc2@68.75C/68.75C soc0@70.343C/70.343C cv1@70.843C/70.843C gpu@76.156C/76.218C tj@76.406C/76.406C soc1@68.093C/68.093C cv2@66.781C/66.781C VDD_IN 28990mW/27546mW/29232mW VDD_CPU_GPU_CV 18829mW/17798mW/19068mW VDD_SOC 4186mW/4004mW/4186mW
08-10-2026 22:07:29 RAM 10685/15599MB (lfb 1x4MB) CPU [100%@1984,100%@1984,100%@1984,100%@1984,100%@1984,100%@1984,100%@1984,100%@1984] GR3D_FREQ 99% cv0@71.968C/71.968C cpu@76.406C/76.406C soc2@68.812C/68.812C soc0@70.343C/70.343C cv1@70.843C/70.843C gpu@76.343C/76.343C tj@76.406C/76.406C soc1@68.25C/68.25C cv2@66.75C/66.781C VDD_IN 29070mW/27563mW/29232mW VDD_CPU_GPU_CV 18988mW/17811mW/19068mW VDD_SOC 4146mW/4006mW/4186mW
08-10-2026 22:07:29 RAM 10680/15599MB (lfb 1x4MB) CPU [100%@1984,100%@1984,100%@1984,100%@1984,100%@1984,100%@1984,100%@1984,100%@1984] GR3D_FREQ 99% cv0@72.093C/72.093C cpu@76.718C/76.718C soc2@68.906C/68.906C soc0@70.562C/70.562C cv1@71.093C/71.093C gpu@76.593C/76.593C tj@76.718C/76.718C soc1@68.343C/68.343C cv2@66.843C/66.843C VDD_IN 29030mW/27579mW/29232mW VDD_CPU_GPU_CV 18899mW/17823mW/19068mW VDD_SOC 4186mW/4008mW/4186mW
08-10-2026 22:07:30 RAM 10466/15599MB (lfb 9x4MB) CPU [100%@1984,100%@1984,100%@1984,100%@1984,100%@1984,100%@1984,100%@1984,100%@1984] GR3D_FREQ 99% cv0@72.031C/72.093C cpu@76.656C/76.718C soc2@69.031C/69.031C soc0@70.625C/70.625C cv1@70.968C/71.093C gpu@76.156C/76.593C tj@76.656C/76.718C soc1@68.312C/68.343C cv2@66.937C/66.937C VDD_IN 28546mW/27589mW/29232mW VDD_CPU_GPU_CV 18500mW/17831mW/19068mW VDD_SOC 4186mW/4010mW/4186mW
08-10-2026 22:07:30 RAM 6703/15599MB (lfb 63x4MB) CPU [100%@1984,100%@1984,100%@1984,98%@1984,100%@1984,100%@1984,100%@1984,100%@1984] GR3D_FREQ 99% cv0@72.468C/72.468C cpu@76.843C/76.843C soc2@68.937C/69.031C soc0@70.593C/70.625C cv1@71.125C/71.125C gpu@75C/76.593C tj@76.843C/76.843C soc1@68.437C/68.437C cv2@67.125C/67.125C VDD_IN 22448mW/27535mW/29232mW VDD_CPU_GPU_CV 14365mW/17794mW/19068mW VDD_SOC 3397mW/4003mW/4186mW
08-10-2026 22:07:31 RAM 3641/15599MB (lfb 57x4MB) CPU [100%@1984,100%@1984,100%@1984,100%@1984,100%@1984,100%@1984,100%@1984,100%@1984] GR3D_FREQ 99% cv0@72.312C/72.468C cpu@76.75C/76.843C soc2@68.75C/69.031C soc0@70.5C/70.625C cv1@71.125C/71.125C gpu@74.562C/76.593C tj@76.75C/76.843C soc1@68.375C/68.437C cv2@67.031C/67.125C VDD_IN 20093mW/27456mW/29232mW VDD_CPU_GPU_CV 12700mW/17740mW/19068mW VDD_SOC 3038mW/3993mW/4186mW
08-10-2026 22:07:31 RAM 4626/15599MB (lfb 67x4MB) CPU [100%@1984,100%@1984,100%@1984,100%@1984,100%@1984,100%@1984,100%@1984,100%@1984] GR3D_FREQ 99% cv0@72.312C/72.468C cpu@77C/77C soc2@68.843C/69.031C soc0@70.5C/70.625C cv1@71.125C/71.125C gpu@74.375C/76.593C tj@77C/77C soc1@68.531C/68.531C cv2@67C/67.125C VDD_IN 20863mW/27388mW/29232mW VDD_CPU_GPU_CV 12580mW/17686mW/19068mW VDD_SOC 3478mW/3988mW/4186mW
08-10-2026 22:07:32 RAM 5659/15599MB (lfb 67x4MB) CPU [100%@1984,100%@1984,100%@1984,100%@1984,100%@1984,100%@1984,100%@1984,100%@1984] GR3D_FREQ 99% cv0@72.343C/72.468C cpu@76.75C/77C soc2@68.75C/69.031C soc0@70.593C/70.625C cv1@71.156C/71.156C gpu@74.468C/76.593C tj@76.75C/77C soc1@68.5C/68.531C cv2@66.937C/67.125C VDD_IN 20377mW/27315mW/29232mW VDD_CPU_GPU_CV 12379mW/17632mW/19068mW VDD_SOC 3357mW/3981mW/4186mW
08-10-2026 22:07:32 RAM 5912/15599MB (lfb 55x4MB) CPU [100%@1984,100%@1984,100%@1984,100%@1984,100%@1984,100%@1984,100%@1984,100%@1984] GR3D_FREQ 99% cv0@72.187C/72.468C cpu@76.812C/77C soc2@68.843C/69.031C soc0@70.5C/70.625C cv1@71.187C/71.187C gpu@74.281C/76.593C tj@76.812C/77C soc1@68.437C/68.531C cv2@66.843C/67.125C VDD_IN 19324mW/27234mW/29232mW VDD_CPU_GPU_CV 12237mW/17577mW/19068mW VDD_SOC 2997mW/3971mW/4186mW
08-10-2026 22:07:33 RAM 6009/15599MB (lfb 55x4MB) CPU [100%@1984,100%@1984,100%@1984,100%@1984,100%@1984,100%@1984,100%@1984,100%@1984] GR3D_FREQ 99% cv0@72.312C/72.468C cpu@76.812C/77C soc2@68.781C/69.031C soc0@70.406C/70.625C cv1@71.156C/71.187C gpu@74.593C/76.593C tj@76.812C/77C soc1@68.5C/68.531C cv2@67.062C/67.125C VDD_IN 18664mW/27147mW/29232mW VDD_CPU_GPU_CV 12157mW/17522mW/19068mW VDD_SOC 2754mW/3959mW/4186mW
08-10-2026 22:07:33 RAM 6318/15599MB (lfb 16x4MB) CPU [100%@1984,100%@1984,100%@1984,100%@1984,100%@1984,100%@1984,100%@1984,100%@1984] GR3D_FREQ 99% cv0@72.125C/72.468C cpu@76.656C/77C soc2@68.812C/69.031C soc0@70.468C/70.625C cv1@71.125C/71.187C gpu@74.406C/76.593C tj@76.656C/77C soc1@68.531C/68.531C cv2@67.062C/67.125C VDD_IN 18502mW/27061mW/29232mW VDD_CPU_GPU_CV 12117mW/17468mW/19068mW VDD_SOC 2673mW/3946mW/4186mW
08-10-2026 22:07:34 RAM 8901/15599MB (lfb 13x4MB) CPU [100%@1984,100%@1984,100%@1984,100%@1984,100%@1984,100%@1984,100%@1984,100%@1984] GR3D_FREQ 99% cv0@71.968C/72.468C cpu@76.843C/77C soc2@68.718C/69.031C soc0@70.5C/70.625C cv1@71.031C/71.187C gpu@74.5C/76.593C tj@76.843C/77C soc1@68.531C/68.531C cv2@66.937C/67.125C VDD_IN 20337mW/26994mW/29232mW VDD_CPU_GPU_CV 12379mW/17417mW/19068mW VDD_SOC 3362mW/3940mW/4186mW
08-10-2026 22:07:34 RAM 10537/15599MB (lfb 2x4MB) CPU [100%@1984,100%@1984,100%@1984,100%@1984,100%@1984,100%@1984,100%@1984,100%@1984] GR3D_FREQ 99% cv0@72.187C/72.468C cpu@76.875C/77C soc2@69C/69.031C soc0@70.562C/70.625C cv1@71.187C/71.187C gpu@75.593C/76.593C tj@76.75C/77C soc1@68.593C/68.593C cv2@66.906C/67.125C VDD_IN 24876mW/26974mW/29232mW VDD_CPU_GPU_CV 15280mW/17396mW/19068mW VDD_SOC 4032mW/3941mW/4186mW
08-10-2026 22:07:35 RAM 10748/15599MB (lfb 1x2MB) CPU [100%@1984,100%@1984,100%@1984,100%@1984,100%@1984,100%@1984,100%@1984,100%@1984] GR3D_FREQ 99% cv0@72.218C/72.468C cpu@76.812C/77C soc2@69.062C/69.062C soc0@70.656C/70.656C cv1@71.218C/71.218C gpu@76.281C/76.593C tj@76.812C/77C soc1@68.593C/68.593C cv2@67.218C/67.218C VDD_IN 27417mW/26978mW/29232mW VDD_CPU_GPU_CV 17452mW/17397mW/19068mW VDD_SOC 4186mW/3943mW/4186mW
08-10-2026 22:07:35 RAM 10732/15599MB (lfb 6x2MB) CPU [100%@1984,100%@1984,100%@1984,100%@1984,100%@1984,100%@1984,100%@1984,100%@1984] GR3D_FREQ 99% cv0@72.593C/72.593C cpu@76.875C/77C soc2@69.156C/69.156C soc0@70.718C/70.718C cv1@71.343C/71.343C gpu@76.468C/76.593C tj@76.875C/77C soc1@68.656C/68.656C cv2@67.218C/67.218C VDD_IN 28506mW/26993mW/29232mW VDD_CPU_GPU_CV 18460mW/17407mW/19068mW VDD_SOC 4186mW/3946mW/4186mW
08-10-2026 22:07:36 RAM 10730/15599MB (lfb 6x2MB) CPU [100%@1984,100%@1984,100%@1984,100%@1984,100%@1984,100%@1984,100%@1984,100%@1984] GR3D_FREQ 99% cv0@72.531C/72.593C cpu@76.875C/77C soc2@69.343C/69.343C soc0@70.812C/70.812C cv1@71.375C/71.375C gpu@77C/77C tj@77C/77C soc1@68.843C/68.843C cv2@67.343C/67.343C VDD_IN 28869mW/27010mW/29232mW VDD_CPU_GPU_CV 18709mW/17420mW/19068mW VDD_SOC 4186mW/3948mW/4186mW
08-10-2026 22:07:36 RAM 10730/15599MB (lfb 6x2MB) CPU [100%@1984,100%@1984,100%@1984,100%@1984,100%@1984,100%@1984,100%@1984,100%@1984] GR3D_FREQ 99% cv0@72.687C/72.687C cpu@77.062C/77.062C soc2@69.468C/69.468C soc0@71C/71C cv1@71.5C/71.5C gpu@76.843C/77C tj@77.062C/77.062C soc1@68.812C/68.843C cv2@67.468C/67.468C VDD_IN 28909mW/27028mW/29232mW VDD_CPU_GPU_CV 18859mW/17433mW/19068mW VDD_SOC 4186mW/3950mW/4186mW
08-10-2026 22:07:37 RAM 10730/15599MB (lfb 6x2MB) CPU [100%@1984,100%@1984,100%@1984,100%@1984,100%@1984,100%@1984,100%@1984,100%@1984] GR3D_FREQ 99% cv0@72.718C/72.718C cpu@77.156C/77.156C soc2@69.5C/69.5C soc0@71C/71C cv1@71.562C/71.562C gpu@77.031C/77.031C tj@77.156C/77.156C soc1@69.031C/69.031C cv2@67.625C/67.625C VDD_IN 29070mW/27047mW/29232mW VDD_CPU_GPU_CV 18859mW/17447mW/19068mW VDD_SOC 4186mW/3952mW/4186mW
08-10-2026 22:07:37 RAM 10730/15599MB (lfb 6x2MB) CPU [100%@1984,100%@1984,100%@1984,100%@1984,100%@1984,100%@1984,100%@1984,100%@1984] GR3D_FREQ 99% cv0@72.718C/72.718C cpu@77.218C/77.218C soc2@69.656C/69.656C soc0@71.218C/71.218C cv1@71.718C/71.718C gpu@77.062C/77.062C tj@77.218C/77.218C soc1@69C/69.031C cv2@67.656C/67.656C VDD_IN 29064mW/27066mW/29232mW VDD_CPU_GPU_CV 18988mW/17461mW/19068mW VDD_SOC 4186mW/3955mW/4186mW
08-10-2026 22:07:38 RAM 10729/15599MB (lfb 6x2MB) CPU [100%@1984,100%@1984,100%@1984,100%@1984,100%@1984,100%@1984,100%@1984,100%@1984] GR3D_FREQ 99% cv0@73.031C/73.031C cpu@77.218C/77.218C soc2@69.75C/69.75C soc0@71.375C/71.375C cv1@71.906C/71.906C gpu@77.156C/77.156C tj@77.218C/77.218C soc1@69.093C/69.093C cv2@67.75C/67.75C VDD_IN 29064mW/27084mW/29232mW VDD_CPU_GPU_CV 19107mW/17476mW/19107mW VDD_SOC 4186mW/3957mW/4186mW
08-10-2026 22:07:38 RAM 10729/15599MB (lfb 6x2MB) CPU [100%@1984,100%@1984,100%@1984,100%@1984,100%@1984,100%@1984,100%@1984,100%@1984] GR3D_FREQ 99% cv0@73C/73.031C cpu@77.593C/77.593C soc2@69.906C/69.906C soc0@71.375C/71.375C cv1@71.843C/71.906C gpu@77.375C/77.375C tj@77.593C/77.593C soc1@69.125C/69.125C cv2@67.843C/67.843C VDD_IN 29070mW/27102mW/29232mW VDD_CPU_GPU_CV 19028mW/17490mW/19107mW VDD_SOC 4226mW/3959mW/4226mW
08-10-2026 22:07:39 RAM 10729/15599MB (lfb 7x2MB) CPU [100%@1984,100%@1984,100%@1984,100%@1984,100%@1984,100%@1984,100%@1984,100%@1984] GR3D_FREQ 99% cv0@73.031C/73.031C cpu@77.656C/77.656C soc2@69.906C/69.906C soc0@71.468C/71.468C cv1@71.968C/71.968C gpu@77.562C/77.562C tj@77.656C/77.656C soc1@69.25C/69.25C cv2@67.968C/67.968C VDD_IN 29191mW/27121mW/29232mW VDD_CPU_GPU_CV 18948mW/17503mW/19107mW VDD_SOC 4179mW/3961mW/4226mW
08-10-2026 22:07:39 RAM 10733/15599MB (lfb 1x4MB) CPU [100%@1984,100%@1984,100%@1984,100%@1984,100%@1984,100%@1984,100%@1984,100%@1984] GR3D_FREQ 99% cv0@73.281C/73.281C cpu@77.593C/77.656C soc2@70C/70C soc0@71.5C/71.5C cv1@72.031C/72.031C gpu@77.593C/77.593C tj@77.593C/77.656C soc1@69.312C/69.312C cv2@68.031C/68.031C VDD_IN 29191mW/27140mW/29232mW VDD_CPU_GPU_CV 18868mW/17515mW/19107mW VDD_SOC 4179mW/3963mW/4226mW
08-10-2026 22:07:40 RAM 10730/15599MB (lfb 1x4MB) CPU [100%@1984,100%@1984,100%@1984,100%@1984,100%@1984,100%@1984,100%@1984,100%@1984] GR3D_FREQ 99% cv0@73.312C/73.312C cpu@77.687C/77.687C soc2@70.125C/70.125C soc0@71.625C/71.625C cv1@72.062C/72.062C gpu@77.687C/77.687C tj@77.687C/77.687C soc1@69.312C/69.312C cv2@68.156C/68.156C VDD_IN 29070mW/27157mW/29232mW VDD_CPU_GPU_CV 18819mW/17527mW/19107mW VDD_SOC 4179mW/3965mW/4226mW
08-10-2026 22:07:40 RAM 10730/15599MB (lfb 1x4MB) CPU [100%@1984,100%@1984,100%@1984,100%@1984,100%@1984,100%@1984,100%@1984,100%@1984] GR3D_FREQ 99% cv0@73.468C/73.468C cpu@77.875C/77.875C soc2@70.187C/70.187C soc0@71.625C/71.625C cv1@72.187C/72.187C gpu@78C/78C tj@78C/78C soc1@69.375C/69.375C cv2@68.25C/68.25C VDD_IN 29191mW/27175mW/29232mW VDD_CPU_GPU_CV 19098mW/17541mW/19107mW VDD_SOC 4139mW/3967mW/4226mW
08-10-2026 22:07:41 RAM 10727/15599MB (lfb 2x2MB) CPU [100%@1984,100%@1984,100%@1984,100%@1984,100%@1984,100%@1984,100%@1984,100%@1984] GR3D_FREQ 99% cv0@73.406C/73.468C cpu@77.906C/77.906C soc2@70.25C/70.25C soc0@71.781C/71.781C cv1@72.25C/72.25C gpu@77.875C/78C tj@77.906C/78C soc1@69.562C/69.562C cv2@68.343C/68.343C VDD_IN 29185mW/27192mW/29232mW VDD_CPU_GPU_CV 19068mW/17554mW/19107mW VDD_SOC 4179mW/3968mW/4226mW
08-10-2026 22:07:41 RAM 10727/15599MB (lfb 2x2MB) CPU [100%@1984,100%@1984,100%@1984,100%@1984,100%@1984,100%@1984,100%@1984,100%@1984] GR3D_FREQ 99% cv0@73.718C/73.718C cpu@78C/78C soc2@70.343C/70.343C soc0@71.812C/71.812C cv1@72.375C/72.375C gpu@78.031C/78.031C tj@78.031C/78.031C soc1@69.531C/69.562C cv2@68.406C/68.406C VDD_IN 29272mW/27210mW/29272mW VDD_CPU_GPU_CV 19147mW/17568mW/19147mW VDD_SOC 4179mW/3970mW/4226mW
08-10-2026 22:07:42 RAM 10726/15599MB (lfb 2x2MB) CPU [100%@1984,100%@1984,100%@1984,100%@1984,100%@1984,100%@1984,100%@1984,100%@1984] GR3D_FREQ 99% cv0@73.718C/73.718C cpu@78.093C/78.093C soc2@70.406C/70.406C soc0@71.812C/71.812C cv1@72.406C/72.406C gpu@77.968C/78.031C tj@78.093C/78.093C soc1@69.625C/69.625C cv2@68.531C/68.531C VDD_IN 29191mW/27227mW/29272mW VDD_CPU_GPU_CV 19138mW/17581mW/19147mW VDD_SOC 4179mW/3972mW/4226mW
08-10-2026 22:07:42 RAM 10726/15599MB (lfb 2x2MB) CPU [100%@1984,100%@1984,100%@1984,100%@1984,100%@1984,100%@1984,100%@1984,100%@1984] GR3D_FREQ 99% cv0@73.656C/73.718C cpu@78.093C/78.093C soc2@70.468C/70.468C soc0@71.968C/71.968C cv1@72.468C/72.468C gpu@77.812C/78.031C tj@78.093C/78.093C soc1@69.906C/69.906C cv2@68.593C/68.593C VDD_IN 29070mW/27243mW/29272mW VDD_CPU_GPU_CV 18899mW/17592mW/19147mW VDD_SOC 4186mW/3974mW/4226mW
08-10-2026 22:07:43 RAM 10726/15599MB (lfb 3x2MB) CPU [100%@1984,100%@1984,100%@1984,100%@1984,100%@1984,100%@1984,100%@1984,100%@1984] GR3D_FREQ 99% cv0@73.812C/73.812C cpu@78.312C/78.312C soc2@70.562C/70.562C soc0@72.156C/72.156C cv1@72.656C/72.656C gpu@78.093C/78.093C tj@78.312C/78.312C soc1@69.906C/69.906C cv2@68.562C/68.593C VDD_IN 29111mW/27258mW/29272mW VDD_CPU_GPU_CV 19098mW/17605mW/19147mW VDD_SOC 4146mW/3975mW/4226mW
08-10-2026 22:07:43 RAM 10726/15599MB (lfb 3x2MB) CPU [100%@1984,100%@1984,100%@1984,100%@1984,100%@1984,100%@1984,100%@1984,100%@1984] GR3D_FREQ 99% cv0@73.812C/73.812C cpu@78.25C/78.312C soc2@70.625C/70.625C soc0@72.156C/72.156C cv1@72.562C/72.656C gpu@78.437C/78.437C tj@78.437C/78.437C soc1@69.968C/69.968C cv2@68.687C/68.687C VDD_IN 29151mW/27274mW/29272mW VDD_CPU_GPU_CV 18868mW/17615mW/19147mW VDD_SOC 4179mW/3977mW/4226mW
08-10-2026 22:07:44 RAM 10725/15599MB (lfb 4x2MB) CPU [100%@1984,100%@1984,100%@1984,100%@1984,100%@1984,100%@1984,100%@1984,100%@1984] GR3D_FREQ 99% cv0@73.968C/73.968C cpu@78.25C/78.312C soc2@70.656C/70.656C soc0@72.343C/72.343C cv1@72.875C/72.875C gpu@78.156C/78.437C tj@78.25C/78.437C soc1@70.031C/70.031C cv2@68.843C/68.843C VDD_IN 29070mW/27289mW/29272mW VDD_CPU_GPU_CV 19068mW/17627mW/19147mW VDD_SOC 4186mW/3979mW/4226mW
08-10-2026 22:07:44 RAM 10725/15599MB (lfb 4x2MB) CPU [100%@1984,100%@1984,100%@1984,100%@1984,100%@1984,100%@1984,100%@1984,100%@1984] GR3D_FREQ 99% cv0@74.031C/74.031C cpu@78.593C/78.593C soc2@70.781C/70.781C soc0@72.375C/72.375C cv1@72.875C/72.875C gpu@78.593C/78.593C tj@78.593C/78.593C soc1@69.968C/70.031C cv2@68.843C/68.843C VDD_IN 29151mW/27304mW/29272mW VDD_CPU_GPU_CV 19147mW/17640mW/19147mW VDD_SOC 4186mW/3980mW/4226mW
08-10-2026 22:07:45 RAM 10723/15599MB (lfb 4x2MB) CPU [100%@1984,100%@1984,100%@1984,100%@1984,100%@1984,100%@1984,100%@1984,100%@1984] GR3D_FREQ 99% cv0@73.968C/74.031C cpu@78.75C/78.75C soc2@70.968C/70.968C soc0@72.375C/72.375C cv1@72.937C/72.937C gpu@78.812C/78.812C tj@78.812C/78.812C soc1@70.125C/70.125C cv2@68.906C/68.906C VDD_IN 29185mW/27320mW/29272mW VDD_CPU_GPU_CV 19258mW/17653mW/19258mW VDD_SOC 4179mW/3982mW/4226mW
08-10-2026 22:07:45 RAM 10723/15599MB (lfb 4x2MB) CPU [100%@1984,100%@1984,100%@1984,100%@1984,100%@1984,100%@1984,100%@1984,100%@1984] GR3D_FREQ 99% cv0@74.093C/74.093C cpu@78.562C/78.75C soc2@70.968C/70.968C soc0@72.5C/72.5C cv1@72.968C/72.968C gpu@78.656C/78.812C tj@78.656C/78.812C soc1@70.125C/70.125C cv2@69.062C/69.062C VDD_IN 29272mW/27335mW/29272mW VDD_CPU_GPU_CV 19187mW/17665mW/19258mW VDD_SOC 4186mW/3984mW/4226mW
08-10-2026 22:07:46 RAM 10720/15599MB (lfb 1x4MB) CPU [100%@1984,100%@1984,98%@1984,100%@1984,100%@1984,100%@1984,100%@1984,100%@1984] GR3D_FREQ 99% cv0@74.156C/74.156C cpu@78.781C/78.781C soc2@71.125C/71.125C soc0@72.625C/72.625C cv1@73.125C/73.125C gpu@78.718C/78.812C tj@78.781C/78.812C soc1@70.25C/70.25C cv2@69.093C/69.093C VDD_IN 29312mW/27351mW/29312mW VDD_CPU_GPU_CV 19068mW/17677mW/19258mW VDD_SOC 4220mW/3986mW/4226mW
08-10-2026 22:07:47 RAM 10720/15599MB (lfb 1x4MB) CPU [100%@1984,100%@1984,100%@1984,100%@1984,100%@1984,100%@1984,100%@1984,100%@1984] GR3D_FREQ 99% cv0@74.468C/74.468C cpu@78.906C/78.906C soc2@71.125C/71.125C soc0@72.593C/72.625C cv1@73.031C/73.125C gpu@78.781C/78.812C tj@78.906C/78.906C soc1@70.312C/70.312C cv2@69.125C/69.125C VDD_IN 29151mW/27365mW/29312mW VDD_CPU_GPU_CV 19107mW/17688mW/19258mW VDD_SOC 4186mW/3987mW/4226mW
08-10-2026 22:07:47 RAM 10719/15599MB (lfb 1x4MB) CPU [100%@1984,100%@1984,100%@1984,100%@1984,100%@1984,100%@1984,100%@1984,100%@1984] GR3D_FREQ 99% cv0@74.468C/74.468C cpu@78.875C/78.906C soc2@71.125C/71.125C soc0@72.687C/72.687C cv1@73.125C/73.125C gpu@78.906C/78.906C tj@78.906C/78.906C soc1@70.343C/70.343C cv2@69.375C/69.375C VDD_IN 29111mW/27379mW/29312mW VDD_CPU_GPU_CV 19028mW/17699mW/19258mW VDD_SOC 4186mW/3989mW/4226mW
08-10-2026 22:07:48 RAM 10719/15599MB (lfb 1x4MB) CPU [100%@1984,100%@1984,100%@1984,100%@1984,100%@1984,100%@1984,100%@1984,100%@1984] GR3D_FREQ 99% cv0@74.5C/74.5C cpu@78.812C/78.906C soc2@71.218C/71.218C soc0@72.656C/72.687C cv1@73.218C/73.218C gpu@78.937C/78.937C tj@78.937C/78.937C soc1@70.468C/70.468C cv2@69.406C/69.406C VDD_IN 29272mW/27394mW/29312mW VDD_CPU_GPU_CV 19107mW/17710mW/19258mW VDD_SOC 4179mW/3990mW/4226mW
08-10-2026 22:07:48 RAM 10719/15599MB (lfb 1x4MB) CPU [100%@1984,100%@1984,100%@1984,100%@1984,100%@1984,100%@1984,100%@1984,100%@1984] GR3D_FREQ 99% cv0@74.5C/74.5C cpu@78.812C/78.906C soc2@71.343C/71.343C soc0@72.781C/72.781C cv1@73.343C/73.343C gpu@78.968C/78.968C tj@78.968C/78.968C soc1@70.406C/70.468C cv2@69.437C/69.437C VDD_IN 29272mW/27408mW/29312mW VDD_CPU_GPU_CV 19028mW/17720mW/19258mW VDD_SOC 4179mW/3992mW/4226mW
08-10-2026 22:07:49 RAM 10719/15599MB (lfb 1x4MB) CPU [100%@1984,100%@1984,100%@1984,100%@1984,100%@1984,100%@1984,100%@1984,100%@1984] GR3D_FREQ 99% cv0@74.5C/74.5C cpu@79.187C/79.187C soc2@71.218C/71.343C soc0@72.812C/72.812C cv1@73.281C/73.343C gpu@79C/79C tj@79.187C/79.187C soc1@70.593C/70.593C cv2@69.406C/69.437C VDD_IN 29070mW/27421mW/29312mW VDD_CPU_GPU_CV 18908mW/17729mW/19258mW VDD_SOC 4179mW/3993mW/4226mW
08-10-2026 22:07:49 RAM 10718/15599MB (lfb 1x4MB) CPU [100%@1984,100%@1984,100%@1984,100%@1984,100%@1984,100%@1984,100%@1984,100%@1984] GR3D_FREQ 99% cv0@74.593C/74.593C cpu@79.062C/79.187C soc2@71.375C/71.375C soc0@72.875C/72.875C cv1@73.343C/73.343C gpu@79.031C/79.031C tj@79.062C/79.187C soc1@70.593C/70.593C cv2@69.531C/69.531C VDD_IN 29111mW/27434mW/29312mW VDD_CPU_GPU_CV 18908mW/17738mW/19258mW VDD_SOC 4179mW/3994mW/4226mW
08-10-2026 22:07:50 RAM 10724/15599MB (lfb 2x4MB) CPU [100%@1984,100%@1984,100%@1984,100%@1984,100%@1984,100%@1984,100%@1984,100%@1984] GR3D_FREQ 99% cv0@74.75C/74.75C cpu@79.031C/79.187C soc2@71.468C/71.468C soc0@72.875C/72.875C cv1@73.406C/73.406C gpu@79.062C/79.062C tj@79.062C/79.187C soc1@70.718C/70.718C cv2@69.625C/69.625C VDD_IN 29064mW/27446mW/29312mW VDD_CPU_GPU_CV 19058mW/17748mW/19258mW VDD_SOC 4179mW/3996mW/4226mW
08-10-2026 22:07:50 RAM 10722/15599MB (lfb 2x4MB) CPU [100%@1984,100%@1984,100%@1984,100%@1984,100%@1984,100%@1984,100%@1984,100%@1984] GR3D_FREQ 99% cv0@74.781C/74.781C cpu@79.312C/79.312C soc2@71.5C/71.5C soc0@73.156C/73.156C cv1@73.562C/73.562C gpu@79.312C/79.312C tj@79.312C/79.312C soc1@70.718C/70.718C cv2@69.593C/69.625C VDD_IN 29225mW/27460mW/29312mW VDD_CPU_GPU_CV 19267mW/17759mW/19267mW VDD_SOC 4186mW/3997mW/4226mW
08-10-2026 22:07:51 RAM 10722/15599MB (lfb 2x4MB) CPU [100%@1984,100%@1984,100%@1984,100%@1984,100%@1984,100%@1984,100%@1984,100%@1984] GR3D_FREQ 99% cv0@74.718C/74.781C cpu@79.343C/79.343C soc2@71.625C/71.625C soc0@73.093C/73.156C cv1@73.593C/73.593C gpu@79.406C/79.406C tj@79.406C/79.406C soc1@70.75C/70.75C cv2@69.593C/69.625C VDD_IN 29272mW/27473mW/29312mW VDD_CPU_GPU_CV 19187mW/17770mW/19267mW VDD_SOC 4179mW/3999mW/4226mW
08-10-2026 22:07:51 RAM 10722/15599MB (lfb 2x4MB) CPU [100%@1984,100%@1984,100%@1984,100%@1984,100%@1984,100%@1984,100%@1984,100%@1984] GR3D_FREQ 99% cv0@74.843C/74.843C cpu@79.187C/79.343C soc2@71.656C/71.656C soc0@73.187C/73.187C cv1@73.625C/73.625C gpu@79.406C/79.406C tj@79.406C/79.406C soc1@70.875C/70.875C cv2@69.718C/69.718C VDD_IN 29312mW/27487mW/29312mW VDD_CPU_GPU_CV 19107mW/17780mW/19267mW VDD_SOC 4179mW/4000mW/4226mW
08-10-2026 22:07:52 RAM 10722/15599MB (lfb 2x4MB) CPU [100%@1984,100%@1984,100%@1984,100%@1984,100%@1984,100%@1984,100%@1984,100%@1984] GR3D_FREQ 99% cv0@75C/75C cpu@79.406C/79.406C soc2@71.656C/71.656C soc0@73.156C/73.187C cv1@73.687C/73.687C gpu@79.281C/79.406C tj@79.406C/79.406C soc1@70.875C/70.875C cv2@69.75C/69.75C VDD_IN 29191mW/27500mW/29312mW VDD_CPU_GPU_CV 19107mW/17790mW/19267mW VDD_SOC 4186mW/4001mW/4226mW
08-10-2026 22:07:52 RAM 10721/15599MB (lfb 2x4MB) CPU [100%@1984,100%@1984,100%@1984,100%@1984,100%@1984,100%@1984,100%@1984,100%@1984] GR3D_FREQ 99% cv0@75.062C/75.062C cpu@79.406C/79.406C soc2@71.812C/71.812C soc0@73.25C/73.25C cv1@73.656C/73.687C gpu@79.5C/79.5C tj@79.5C/79.5C soc1@70.875C/70.875C cv2@69.875C/69.875C VDD_IN 29272mW/27512mW/29312mW VDD_CPU_GPU_CV 19028mW/17799mW/19267mW VDD_SOC 4179mW/4003mW/4226mW
08-10-2026 22:07:53 RAM 10721/15599MB (lfb 2x4MB) CPU [100%@1984,100%@1984,100%@1984,100%@1984,100%@1984,100%@1984,100%@1984,100%@1984] GR3D_FREQ 99% cv0@75C/75.062C cpu@79.5C/79.5C soc2@71.718C/71.812C soc0@73.281C/73.281C cv1@73.718C/73.718C gpu@79.718C/79.718C tj@79.718C/79.718C soc1@71.031C/71.031C cv2@69.843C/69.875C VDD_IN 29151mW/27524mW/29312mW VDD_CPU_GPU_CV 19028mW/17808mW/19267mW VDD_SOC 4139mW/4004mW/4226mW
08-10-2026 22:07:53 RAM 10721/15599MB (lfb 2x4MB) CPU [100%@1984,100%@1984,100%@1984,100%@1984,100%@1984,100%@1984,100%@1984,100%@1984] GR3D_FREQ 99% cv0@75.062C/75.062C cpu@79.468C/79.5C soc2@71.718C/71.812C soc0@73.375C/73.375C cv1@73.718C/73.718C gpu@79.468C/79.718C tj@79.562C/79.718C soc1@71.25C/71.25C cv2@69.906C/69.906C VDD_IN 29232mW/27537mW/29312mW VDD_CPU_GPU_CV 19068mW/17817mW/19267mW VDD_SOC 4179mW/4005mW/4226mW
08-10-2026 22:07:54 RAM 10721/15599MB (lfb 2x4MB) CPU [100%@1984,100%@1984,100%@1984,100%@1984,100%@1984,100%@1984,100%@1984,100%@1984] GR3D_FREQ 99% cv0@75.093C/75.093C cpu@79.5C/79.5C soc2@71.843C/71.843C soc0@73.406C/73.406C cv1@73.781C/73.781C gpu@79.75C/79.75C tj@79.75C/79.75C soc1@71.062C/71.25C cv2@70C/70C VDD_IN 29111mW/27548mW/29312mW VDD_CPU_GPU_CV 19018mW/17825mW/19267mW VDD_SOC 4179mW/4006mW/4226mW
08-10-2026 22:07:54 RAM 10722/15599MB (lfb 1x4MB) CPU [100%@1984,100%@1984,100%@1984,100%@1984,100%@1984,100%@1984,100%@1984,100%@1984] GR3D_FREQ 99% cv0@75.062C/75.093C cpu@79.781C/79.781C soc2@71.906C/71.906C soc0@73.5C/73.5C cv1@73.875C/73.875C gpu@79.656C/79.75C tj@79.781C/79.781C soc1@71.187C/71.25C cv2@70.031C/70.031C VDD_IN 29145mW/27559mW/29312mW VDD_CPU_GPU_CV 19147mW/17835mW/19267mW VDD_SOC 4179mW/4007mW/4226mW
08-10-2026 22:07:55 RAM 10722/15599MB (lfb 1x4MB) CPU [100%@1984,100%@1984,100%@1984,100%@1984,100%@1984,100%@1984,100%@1984,100%@1984] GR3D_FREQ 99% cv0@75.125C/75.125C cpu@79.5C/79.781C soc2@72C/72C soc0@73.531C/73.531C cv1@74C/74C gpu@79.625C/79.75C tj@79.625C/79.781C soc1@71.062C/71.25C cv2@70.093C/70.093C VDD_IN 29111mW/27570mW/29312mW VDD_CPU_GPU_CV 18979mW/17843mW/19267mW VDD_SOC 4179mW/4009mW/4226mW
08-10-2026 22:07:55 RAM 10722/15599MB (lfb 1x4MB) CPU [100%@1984,100%@1984,100%@1984,100%@1984,100%@1984,100%@1984,100%@1984,100%@1984] GR3D_FREQ 99% cv0@75.218C/75.218C cpu@79.75C/79.781C soc2@72.031C/72.031C soc0@73.593C/73.593C cv1@74.031C/74.031C gpu@79.812C/79.812C tj@79.812C/79.812C soc1@71.187C/71.25C cv2@70.125C/70.125C VDD_IN 29232mW/27582mW/29312mW VDD_CPU_GPU_CV 19107mW/17852mW/19267mW VDD_SOC 4179mW/4010mW/4226mW
08-10-2026 22:07:56 RAM 10721/15599MB (lfb 1x4MB) CPU [100%@1984,100%@1984,100%@1984,100%@1984,100%@1984,100%@1984,100%@1984,100%@1984] GR3D_FREQ 99% cv0@75.312C/75.312C cpu@79.843C/79.843C soc2@72.093C/72.093C soc0@73.687C/73.687C cv1@74.156C/74.156C gpu@79.968C/79.968C tj@79.968C/79.968C soc1@71.281C/71.281C cv2@70.218C/70.218C VDD_IN 29105mW/27592mW/29312mW VDD_CPU_GPU_CV 19018mW/17860mW/19267mW VDD_SOC 4179mW/4011mW/4226mW
08-10-2026 22:07:56 RAM 10721/15599MB (lfb 1x4MB) CPU [100%@1984,100%@1984,100%@1984,100%@1984,100%@1984,100%@1984,100%@1984,100%@1984] GR3D_FREQ 99% cv0@75.406C/75.406C cpu@79.906C/79.906C soc2@72.156C/72.156C soc0@73.656C/73.687C cv1@74.125C/74.156C gpu@79.718C/79.968C tj@79.906C/79.968C soc1@71.281C/71.281C cv2@70.125C/70.218C VDD_IN 29145mW/27603mW/29312mW VDD_CPU_GPU_CV 19098mW/17868mW/19267mW VDD_SOC 4179mW/4012mW/4226mW
08-10-2026 22:07:57 RAM 10719/15599MB (lfb 1x4MB) CPU [100%@1984,100%@1984,100%@1984,100%@1984,100%@1984,100%@1984,100%@1984,100%@1984] GR3D_FREQ 99% cv0@75.531C/75.531C cpu@79.875C/79.906C soc2@72.125C/72.156C soc0@73.625C/73.687C cv1@74.125C/74.156C gpu@80.062C/80.062C tj@80.062C/80.062C soc1@71.312C/71.312C cv2@70.437C/70.437C VDD_IN 29352mW/27615mW/29352mW VDD_CPU_GPU_CV 19187mW/17877mW/19267mW VDD_SOC 4179mW/4013mW/4226mW
08-10-2026 22:07:57 RAM 10719/15599MB (lfb 1x4MB) CPU [100%@1984,100%@1984,100%@1984,100%@1984,100%@1984,100%@1984,100%@1984,100%@1984] GR3D_FREQ 99% cv0@75.468C/75.531C cpu@79.843C/79.906C soc2@72.156C/72.156C soc0@73.687C/73.687C cv1@74.093C/74.156C gpu@79.968C/80.062C tj@79.968C/80.062C soc1@71.468C/71.468C cv2@70.406C/70.437C VDD_IN 29272mW/27626mW/29352mW VDD_CPU_GPU_CV 19028mW/17885mW/19267mW VDD_SOC 4179mW/4014mW/4226mW
08-10-2026 22:07:58 RAM 10719/15599MB (lfb 1x4MB) CPU [100%@1984,100%@1984,100%@1984,100%@1984,100%@1984,100%@1984,100%@1984,100%@1984] GR3D_FREQ 99% cv0@75.531C/75.531C cpu@79.968C/79.968C soc2@72.281C/72.281C soc0@73.812C/73.812C cv1@74.218C/74.218C gpu@79.875C/80.062C tj@79.968C/80.062C soc1@71.375C/71.468C cv2@70.531C/70.531C VDD_IN 29030mW/27636mW/29352mW VDD_CPU_GPU_CV 19107mW/17893mW/19267mW VDD_SOC 4186mW/4016mW/4226mW
08-10-2026 22:07:58 RAM 10719/15599MB (lfb 1x4MB) CPU [100%@1984,100%@1984,100%@1984,100%@1984,100%@1984,100%@1984,100%@1984,100%@1984] GR3D_FREQ 99% cv0@75.531C/75.531C cpu@79.968C/79.968C soc2@72.312C/72.312C soc0@73.656C/73.812C cv1@74.312C/74.312C gpu@79.875C/80.062C tj@79.968C/80.062C soc1@71.437C/71.468C cv2@70.5C/70.531C VDD_IN 29272mW/27647mW/29352mW VDD_CPU_GPU_CV 19028mW/17901mW/19267mW VDD_SOC 4220mW/4017mW/4226mW
08-10-2026 22:07:59 RAM 10719/15599MB (lfb 1x4MB) CPU [100%@1984,100%@1984,100%@1984,100%@1984,100%@1984,100%@1984,100%@1984,100%@1984] GR3D_FREQ 99% cv0@75.687C/75.687C cpu@80C/80C soc2@72.281C/72.312C soc0@73.812C/73.812C cv1@74.343C/74.343C gpu@80.093C/80.093C tj@80.093C/80.093C soc1@71.531C/71.531C cv2@70.468C/70.531C VDD_IN 29070mW/27656mW/29352mW VDD_CPU_GPU_CV 19098mW/17909mW/19267mW VDD_SOC 4186mW/4018mW/4226mW
08-10-2026 22:07:59 RAM 10719/15599MB (lfb 1x4MB) CPU [100%@1984,100%@1984,100%@1984,100%@1984,100%@1984,100%@1984,100%@1984,100%@1984] GR3D_FREQ 99% cv0@75.656C/75.687C cpu@80.187C/80.187C soc2@72.437C/72.437C soc0@73.937C/73.937C cv1@74.343C/74.343C gpu@80.156C/80.156C tj@80.156C/80.156C soc1@71.562C/71.562C cv2@70.531C/70.531C VDD_IN 29272mW/27667mW/29352mW VDD_CPU_GPU_CV 19107mW/17917mW/19267mW VDD_SOC 4179mW/4019mW/4226mW
08-10-2026 22:08:00 RAM 10724/15599MB (lfb 2x2MB) CPU [100%@1984,100%@1984,100%@1984,100%@1984,100%@1984,100%@1984,100%@1984,100%@1984] GR3D_FREQ 99% cv0@75.687C/75.687C cpu@80.343C/80.343C soc2@72.5C/72.5C soc0@73.906C/73.937C cv1@74.406C/74.406C gpu@80.281C/80.281C tj@80.343C/80.343C soc1@71.625C/71.625C cv2@70.531C/70.531C VDD_IN 29272mW/27677mW/29352mW VDD_CPU_GPU_CV 18988mW/17924mW/19267mW VDD_SOC 4179mW/4020mW/4226mW
08-10-2026 22:08:00 RAM 10722/15599MB (lfb 3x2MB) CPU [100%@1984,100%@1984,100%@1984,100%@1984,100%@1984,100%@1984,100%@1984,100%@1984] GR3D_FREQ 99% cv0@75.625C/75.687C cpu@80.312C/80.343C soc2@72.531C/72.531C soc0@74.093C/74.093C cv1@74.437C/74.437C gpu@80.187C/80.281C tj@80.312C/80.343C soc1@71.625C/71.625C cv2@70.562C/70.562C VDD_IN 29151mW/27687mW/29352mW VDD_CPU_GPU_CV 19068mW/17931mW/19267mW VDD_SOC 4179mW/4021mW/4226mW
08-10-2026 22:08:01 RAM 10722/15599MB (lfb 3x2MB) CPU [100%@1984,100%@1984,100%@1984,100%@1984,100%@1984,100%@1984,100%@1984,100%@1984] GR3D_FREQ 99% cv0@75.812C/75.812C cpu@80.156C/80.343C soc2@72.437C/72.531C soc0@74.093C/74.093C cv1@74.468C/74.468C gpu@80.375C/80.375C tj@80.375C/80.375C soc1@71.781C/71.781C cv2@70.656C/70.656C VDD_IN 29111mW/27696mW/29352mW VDD_CPU_GPU_CV 19028mW/17938mW/19267mW VDD_SOC 4186mW/4022mW/4226mW
08-10-2026 22:08:01 RAM 10722/15599MB (lfb 3x2MB) CPU [100%@1984,100%@1984,100%@1984,100%@1984,100%@1984,100%@1984,100%@1984,100%@1984] GR3D_FREQ 99% cv0@76.031C/76.031C cpu@80.406C/80.406C soc2@72.593C/72.593C soc0@74.125C/74.125C cv1@74.531C/74.531C gpu@80.312C/80.375C tj@80.406C/80.406C soc1@71.687C/71.781C cv2@70.625C/70.656C VDD_IN 29191mW/27706mW/29352mW VDD_CPU_GPU_CV 19068mW/17946mW/19267mW VDD_SOC 4186mW/4023mW/4226mW
08-10-2026 22:08:02 RAM 10722/15599MB (lfb 3x2MB) CPU [100%@1984,100%@1984,100%@1984,100%@1984,100%@1984,100%@1984,100%@1984,100%@1984] GR3D_FREQ 99% cv0@76.093C/76.093C cpu@80.5C/80.5C soc2@72.656C/72.656C soc0@74.125C/74.125C cv1@74.593C/74.593C gpu@80.5C/80.5C tj@80.5C/80.5C soc1@71.718C/71.781C cv2@70.937C/70.937C VDD_IN 29312mW/27716mW/29352mW VDD_CPU_GPU_CV 19068mW/17953mW/19267mW VDD_SOC 4220mW/4025mW/4226mW
08-10-2026 22:08:02 RAM 10722/15599MB (lfb 3x2MB) CPU [100%@1984,100%@1984,100%@1984,100%@1984,100%@1984,100%@1984,100%@1984,100%@1984] GR3D_FREQ 99% cv0@75.968C/76.093C cpu@80.375C/80.5C soc2@72.625C/72.656C soc0@74.125C/74.125C cv1@74.562C/74.593C gpu@80.406C/80.5C tj@80.593C/80.593C soc1@71.75C/71.781C cv2@70.937C/70.937C VDD_IN 29312mW/27726mW/29352mW VDD_CPU_GPU_CV 19227mW/17961mW/19267mW VDD_SOC 4179mW/4026mW/4226mW
08-10-2026 22:08:03 RAM 10722/15599MB (lfb 3x2MB) CPU [100%@1984,100%@1984,100%@1984,100%@1984,100%@1984,100%@1984,100%@1984,100%@1984] GR3D_FREQ 99% cv0@75.968C/76.093C cpu@80.375C/80.5C soc2@72.687C/72.687C soc0@74.125C/74.125C cv1@74.656C/74.656C gpu@80.468C/80.5C tj@80.468C/80.593C soc1@71.812C/71.812C cv2@70.843C/70.937C VDD_IN 29272mW/27736mW/29352mW VDD_CPU_GPU_CV 19147mW/17969mW/19267mW VDD_SOC 4179mW/4027mW/4226mW
08-10-2026 22:08:03 RAM 10722/15599MB (lfb 3x2MB) CPU [100%@1984,100%@1984,100%@1984,100%@1984,100%@1984,100%@1984,100%@1984,100%@1984] GR3D_FREQ 99% cv0@76C/76.093C cpu@80.406C/80.5C soc2@72.843C/72.843C soc0@74.25C/74.25C cv1@74.718C/74.718C gpu@80.437C/80.5C tj@80.5C/80.593C soc1@71.843C/71.843C cv2@70.968C/70.968C VDD_IN 29232mW/27746mW/29352mW VDD_CPU_GPU_CV 19028mW/17975mW/19267mW VDD_SOC 4186mW/4028mW/4226mW
08-10-2026 22:08:04 RAM 10722/15599MB (lfb 3x2MB) CPU [100%@1984,100%@1984,100%@1984,100%@1984,100%@1984,100%@1984,100%@1984,100%@1984] GR3D_FREQ 99% cv0@76.031C/76.093C cpu@80.5C/80.5C soc2@72.812C/72.843C soc0@74.312C/74.312C cv1@74.718C/74.718C gpu@80.531C/80.531C tj@80.531C/80.593C soc1@71.843C/71.843C cv2@71.062C/71.062C VDD_IN 29151mW/27754mW/29352mW VDD_CPU_GPU_CV 19068mW/17982mW/19267mW VDD_SOC 4186mW/4029mW/4226mW
08-10-2026 22:08:04 RAM 10722/15599MB (lfb 3x2MB) CPU [100%@1984,100%@1984,100%@1984,100%@1984,100%@1984,100%@1984,100%@1984,100%@1984] GR3D_FREQ 99% cv0@76.031C/76.093C cpu@80.5C/80.5C soc2@72.843C/72.843C soc0@74.468C/74.468C cv1@74.718C/74.718C gpu@80.75C/80.75C tj@80.75C/80.75C soc1@72C/72C cv2@70.968C/71.062C VDD_IN 29151mW/27763mW/29352mW VDD_CPU_GPU_CV 19098mW/17989mW/19267mW VDD_SOC 4179mW/4029mW/4226mW
08-10-2026 22:08:05 RAM 10722/15599MB (lfb 3x2MB) CPU [100%@1984,100%@1984,100%@1984,100%@1984,100%@1984,100%@1984,100%@1984,100%@1984] GR3D_FREQ 99% cv0@76.156C/76.156C cpu@80.5C/80.5C soc2@72.843C/72.843C soc0@74.312C/74.468C cv1@74.781C/74.781C gpu@80.75C/80.75C tj@80.75C/80.75C soc1@72.187C/72.187C cv2@71.031C/71.062C VDD_IN 29272mW/27772mW/29352mW VDD_CPU_GPU_CV 19147mW/17996mW/19267mW VDD_SOC 4226mW/4031mW/4226mW
08-10-2026 22:08:05 RAM 10722/15599MB (lfb 3x2MB) CPU [100%@1984,100%@1984,100%@1984,100%@1984,100%@1984,100%@1984,100%@1984,100%@1984] GR3D_FREQ 99% cv0@76.281C/76.281C cpu@80.718C/80.718C soc2@72.968C/72.968C soc0@74.406C/74.468C cv1@75.031C/75.031C gpu@80.687C/80.75C tj@80.718C/80.75C soc1@72.187C/72.187C cv2@71.062C/71.062C VDD_IN 29232mW/27781mW/29352mW VDD_CPU_GPU_CV 19068mW/18003mW/19267mW VDD_SOC 4226mW/4032mW/4226mW
08-10-2026 22:08:06 RAM 10722/15599MB (lfb 3x2MB) CPU [100%@1984,100%@1984,100%@1984,100%@1984,100%@1984,100%@1984,100%@1984,100%@1984] GR3D_FREQ 99% cv0@76.187C/76.281C cpu@80.875C/80.875C soc2@73C/73C soc0@74.468C/74.468C cv1@75C/75.031C gpu@80.843C/80.843C tj@80.875C/80.875C soc1@72.062C/72.187C cv2@71.093C/71.093C VDD_IN 29352mW/27791mW/29352mW VDD_CPU_GPU_CV 19187mW/18010mW/19267mW VDD_SOC 4226mW/4033mW/4226mW
08-10-2026 22:08:06 RAM 10722/15599MB (lfb 3x2MB) CPU [100%@1984,100%@1984,100%@1984,100%@1984,100%@1984,100%@1984,100%@1984,100%@1984] GR3D_FREQ 99% cv0@76.218C/76.281C cpu@80.593C/80.875C soc2@73.062C/73.062C soc0@74.562C/74.562C cv1@75.031C/75.031C gpu@80.75C/80.843C tj@80.906C/80.906C soc1@72.156C/72.187C cv2@71.062C/71.093C VDD_IN 29191mW/27799mW/29352mW VDD_CPU_GPU_CV 19028mW/18016mW/19267mW VDD_SOC 4226mW/4034mW/4226mW
08-10-2026 22:08:07 RAM 10722/15599MB (lfb 3x2MB) CPU [100%@1984,100%@1984,100%@1984,100%@1984,100%@1984,100%@1984,100%@1984,100%@1984] GR3D_FREQ 99% cv0@76.437C/76.437C cpu@80.812C/80.875C soc2@73.062C/73.062C soc0@74.562C/74.562C cv1@75C/75.031C gpu@80.843C/80.843C tj@80.843C/80.906C soc1@72.156C/72.187C cv2@71.375C/71.375C VDD_IN 29232mW/27808mW/29352mW VDD_CPU_GPU_CV 19028mW/18022mW/19267mW VDD_SOC 4186mW/4035mW/4226mW
08-10-2026 22:08:07 RAM 10722/15599MB (lfb 3x2MB) CPU [100%@1984,100%@1984,100%@1984,100%@1984,100%@1984,100%@1984,100%@1984,100%@1984] GR3D_FREQ 99% cv0@76.375C/76.437C cpu@80.937C/80.937C soc2@73.093C/73.093C soc0@74.625C/74.625C cv1@75.125C/75.125C gpu@80.937C/80.937C tj@80.937C/80.937C soc1@72.187C/72.187C cv2@71.406C/71.406C VDD_IN 29232mW/27817mW/29352mW VDD_CPU_GPU_CV 19028mW/18028mW/19267mW VDD_SOC 4226mW/4036mW/4226mW
08-10-2026 22:08:08 RAM 10722/15599MB (lfb 3x2MB) CPU [100%@1984,100%@1984,100%@1984,100%@1984,100%@1984,100%@1984,100%@1984,100%@1984] GR3D_FREQ 99% cv0@76.531C/76.531C cpu@80.875C/80.937C soc2@73.125C/73.125C soc0@74.562C/74.625C cv1@75.093C/75.125C gpu@80.906C/80.937C tj@80.906C/80.937C soc1@72.218C/72.218C cv2@71.375C/71.406C VDD_IN 29352mW/27826mW/29352mW VDD_CPU_GPU_CV 19068mW/18034mW/19267mW VDD_SOC 4220mW/4037mW/4226mW
08-10-2026 22:08:08 RAM 10722/15599MB (lfb 3x2MB) CPU [100%@1984,100%@1984,100%@1984,100%@1984,100%@1984,100%@1984,100%@1984,100%@1984] GR3D_FREQ 99% cv0@76.5C/76.531C cpu@80.875C/80.937C soc2@73.156C/73.156C soc0@74.656C/74.656C cv1@75.062C/75.125C gpu@80.937C/80.937C tj@80.937C/80.937C soc1@72.406C/72.406C cv2@71.437C/71.437C VDD_IN 29272mW/27834mW/29352mW VDD_CPU_GPU_CV 18988mW/18040mW/19267mW VDD_SOC 4179mW/4038mW/4226mW
08-10-2026 22:08:09 RAM 10722/15599MB (lfb 3x2MB) CPU [100%@1984,100%@1984,100%@1984,100%@1984,100%@1984,100%@1984,100%@1984,100%@1984] GR3D_FREQ 99% cv0@76.437C/76.531C cpu@80.906C/80.937C soc2@73.125C/73.156C soc0@74.718C/74.718C cv1@75.312C/75.312C gpu@80.937C/80.937C tj@80.937C/80.937C soc1@72.406C/72.406C cv2@71.437C/71.437C VDD_IN 29191mW/27842mW/29352mW VDD_CPU_GPU_CV 18988mW/18046mW/19267mW VDD_SOC 4179mW/4039mW/4226mW
08-10-2026 22:08:09 RAM 10722/15599MB (lfb 3x2MB) CPU [100%@1984,100%@1984,100%@1984,100%@1984,100%@1984,100%@1984,100%@1984,100%@1984] GR3D_FREQ 99% cv0@76.5C/76.531C cpu@81C/81C soc2@73.25C/73.25C soc0@74.906C/74.906C cv1@75.218C/75.312C gpu@81.062C/81.062C tj@81.062C/81.062C soc1@72.468C/72.468C cv2@71.531C/71.531C VDD_IN 29272mW/27851mW/29352mW VDD_CPU_GPU_CV 19028mW/18051mW/19267mW VDD_SOC 4179mW/4040mW/4226mW
08-10-2026 22:08:10 RAM 10719/15599MB (lfb 3x2MB) CPU [100%@1984,100%@1984,100%@1984,100%@1984,100%@1984,100%@1984,100%@1984,100%@1984] GR3D_FREQ 99% cv0@76.562C/76.562C cpu@80.968C/81C soc2@73.375C/73.375C soc0@74.843C/74.906C cv1@75.312C/75.312C gpu@81.093C/81.093C tj@81.093C/81.093C soc1@72.468C/72.468C cv2@71.562C/71.562C VDD_IN 29232mW/27859mW/29352mW VDD_CPU_GPU_CV 18988mW/18057mW/19267mW VDD_SOC 4220mW/4041mW/4226mW
08-10-2026 22:08:10 RAM 10719/15599MB (lfb 3x2MB) CPU [100%@1984,100%@1984,100%@1984,100%@1984,100%@1984,100%@1984,100%@1984,100%@1984] GR3D_FREQ 99% cv0@76.656C/76.656C cpu@81C/81C soc2@73.25C/73.375C soc0@74.812C/74.906C cv1@75.437C/75.437C gpu@81C/81.093C tj@81C/81.093C soc1@72.5C/72.5C cv2@71.562C/71.562C VDD_IN 29352mW/27867mW/29352mW VDD_CPU_GPU_CV 19107mW/18063mW/19267mW VDD_SOC 4179mW/4042mW/4226mW
08-10-2026 22:08:11 RAM 10719/15599MB (lfb 3x2MB) CPU [100%@1984,100%@1984,100%@1984,100%@1984,100%@1984,100%@1984,100%@1984,100%@1984] GR3D_FREQ 99% cv0@76.781C/76.781C cpu@81.312C/81.312C soc2@73.437C/73.437C soc0@74.906C/74.906C cv1@75.343C/75.437C gpu@81.25C/81.25C tj@81.312C/81.312C soc1@72.531C/72.531C cv2@71.593C/71.593C VDD_IN 29064mW/27874mW/29352mW VDD_CPU_GPU_CV 19187mW/18069mW/19267mW VDD_SOC 4226mW/4043mW/4226mW
08-10-2026 22:08:11 RAM 10719/15599MB (lfb 3x2MB) CPU [100%@1984,100%@1984,100%@1984,100%@1984,100%@1984,100%@1984,100%@1984,100%@1984] GR3D_FREQ 99% cv0@76.843C/76.843C cpu@81.406C/81.406C soc2@73.406C/73.437C soc0@74.843C/74.906C cv1@75.375C/75.437C gpu@81.156C/81.25C tj@81.406C/81.406C soc1@72.562C/72.562C cv2@71.562C/71.593C VDD_IN 29232mW/27882mW/29352mW VDD_CPU_GPU_CV 19107mW/18075mW/19267mW VDD_SOC 4220mW/4044mW/4226mW
08-10-2026 22:08:12 RAM 10719/15599MB (lfb 3x2MB) CPU [100%@1984,100%@1984,100%@1984,100%@1984,100%@1984,100%@1984,100%@1984,100%@1984] GR3D_FREQ 99% cv0@76.843C/76.843C cpu@81.218C/81.406C soc2@73.468C/73.468C soc0@74.937C/74.937C cv1@75.437C/75.437C gpu@81.281C/81.281C tj@81.281C/81.406C soc1@72.562C/72.562C cv2@71.781C/71.781C VDD_IN 29232mW/27890mW/29352mW VDD_CPU_GPU_CV 19107mW/18081mW/19267mW VDD_SOC 4179mW/4045mW/4226mW
08-10-2026 22:08:12 RAM 10719/15599MB (lfb 3x2MB) CPU [100%@1984,100%@1984,100%@1984,100%@1984,100%@1984,100%@1984,100%@1984,100%@1984] GR3D_FREQ 99% cv0@76.875C/76.875C cpu@81.312C/81.406C soc2@73.468C/73.468C soc0@75.031C/75.031C cv1@75.437C/75.437C gpu@81.187C/81.281C tj@81.312C/81.406C soc1@72.625C/72.625C cv2@71.718C/71.781C VDD_IN 29191mW/27897mW/29352mW VDD_CPU_GPU_CV 19068mW/18087mW/19267mW VDD_SOC 4220mW/4046mW/4226mW
08-10-2026 22:08:13 RAM 10719/15599MB (lfb 3x2MB) CPU [100%@1984,100%@1984,100%@1984,100%@1984,100%@1984,100%@1984,100%@1984,100%@1984] GR3D_FREQ 99% cv0@76.968C/76.968C cpu@81.375C/81.406C soc2@73.5C/73.5C soc0@74.937C/75.031C cv1@75.468C/75.468C gpu@81.25C/81.281C tj@81.375C/81.406C soc1@72.687C/72.687C cv2@71.843C/71.843C VDD_IN 29064mW/27904mW/29352mW VDD_CPU_GPU_CV 19068mW/18092mW/19267mW VDD_SOC 4226mW/4047mW/4226mW
08-10-2026 22:08:13 RAM 10719/15599MB (lfb 3x2MB) CPU [100%@1984,100%@1984,100%@1984,100%@1984,100%@1984,100%@1984,100%@1984,100%@1984] GR3D_FREQ 99% cv0@76.906C/76.968C cpu@81.25C/81.406C soc2@73.562C/73.562C soc0@75C/75.031C cv1@75.468C/75.468C gpu@81.468C/81.468C tj@81.468C/81.468C soc1@72.656C/72.687C cv2@71.781C/71.843C VDD_IN 29232mW/27911mW/29352mW VDD_CPU_GPU_CV 19068mW/18098mW/19267mW VDD_SOC 4220mW/4048mW/4226mW
08-10-2026 22:08:14 RAM 10714/15599MB (lfb 4x2MB) CPU [70%@729,42%@729,76%@729,36%@729,70%@729,36%@729,41%@729,41%@729] GR3D_FREQ 99% cv0@75C/76.968C cpu@79.031C/81.406C soc2@73.062C/73.562C soc0@75.093C/75.093C cv1@74.812C/75.468C gpu@80.156C/81.468C tj@80.156C/81.468C soc1@72.906C/72.906C cv2@71.656C/71.843C VDD_IN 24513mW/27892mW/29352mW VDD_CPU_GPU_CV 15504mW/18083mW/19267mW VDD_SOC 3876mW/4047mW/4226mW
08-10-2026 22:08:14 RAM 10714/15599MB (lfb 4x2MB) CPU [0%@729,2%@729,0%@729,1%@729,0%@729,0%@729,0%@729,2%@729] GR3D_FREQ 99% cv0@74.281C/76.968C cpu@78.312C/81.406C soc2@72.406C/73.562C soc0@75.031C/75.093C cv1@74.437C/75.468C gpu@78.906C/81.468C tj@78.906C/81.468C soc1@72.531C/72.906C cv2@71.281C/71.843C VDD_IN 15808mW/27825mW/29352mW VDD_CPU_GPU_CV 9005mW/18033mW/19267mW VDD_SOC 2966mW/4041mW/4226mW
08-10-2026 22:08:15 RAM 10714/15599MB (lfb 4x2MB) CPU [0%@729,1%@729,2%@729,0%@729,0%@729,0%@729,0%@729,0%@729] GR3D_FREQ 99% cv0@74C/76.968C cpu@78.093C/81.406C soc2@72.093C/73.562C soc0@74.718C/75.093C cv1@74.093C/75.468C gpu@78.5C/81.468C tj@78.5C/81.468C soc1@72.437C/72.906C cv2@71.031C/71.843C VDD_IN 13065mW/27744mW/29352mW VDD_CPU_GPU_CV 7008mW/17973mW/19267mW VDD_SOC 2686mW/4033mW/4226mW
08-10-2026 22:08:15 RAM 10714/15599MB (lfb 4x2MB) CPU [2%@729,1%@729,0%@729,2%@729,0%@729,0%@729,0%@729,2%@729] GR3D_FREQ 99% cv0@73.843C/76.968C cpu@77.75C/81.406C soc2@71.875C/73.562C soc0@74.562C/75.093C cv1@73.875C/75.468C gpu@78.437C/81.468C tj@78.437C/81.468C soc1@72.281C/72.906C cv2@71.031C/71.843C VDD_IN 12251mW/27660mW/29352mW VDD_CPU_GPU_CV 6411mW/17909mW/19267mW VDD_SOC 2564mW/4025mW/4226mW
08-10-2026 22:08:16 RAM 10714/15599MB (lfb 4x2MB) CPU [1%@729,0%@729,0%@729,0%@729,0%@729,0%@729,0%@729,0%@729] GR3D_FREQ 99% cv0@73.593C/76.968C cpu@77.531C/81.406C soc2@71.625C/73.562C soc0@74.343C/75.093C cv1@73.656C/75.468C gpu@78C/81.468C tj@78C/81.468C soc1@72.125C/72.906C cv2@70.781C/71.843C VDD_IN 11985mW/27574mW/29352mW VDD_CPU_GPU_CV 6208mW/17846mW/19267mW VDD_SOC 2564mW/4017mW/4226mW
08-10-2026 22:08:16 RAM 10714/15599MB (lfb 4x2MB) CPU [0%@729,0%@729,2%@729,0%@729,0%@729,0%@729,0%@729,0%@729] GR3D_FREQ 99% cv0@73.406C/76.968C cpu@77.406C/81.406C soc2@71.437C/73.562C soc0@74.218C/75.093C cv1@73.468C/75.468C gpu@78.031C/81.468C tj@78.031C/81.468C soc1@72C/72.906C cv2@70.593C/71.843C VDD_IN 11904mW/27490mW/29352mW VDD_CPU_GPU_CV 6126mW/17782mW/19267mW VDD_SOC 2523mW/4009mW/4226mW
08-10-2026 22:08:17 RAM 9513/15599MB (lfb 18x4MB) CPU [16%@1984,0%@1984,30%@1984,8%@1984,7%@1984,0%@1984,0%@1984,34%@1984] GR3D_FREQ 99% cv0@73.718C/76.968C cpu@78.218C/81.406C soc2@71.593C/73.562C soc0@74.281C/75.093C cv1@73.437C/75.468C gpu@77.656C/81.468C tj@78.218C/81.468C soc1@72C/72.906C cv2@70.375C/71.843C VDD_IN 12658mW/27410mW/29352mW VDD_CPU_GPU_CV 6654mW/17723mW/19267mW VDD_SOC 2645mW/4002mW/4226mW
08-10-2026 22:08:17 RAM 2691/15599MB (lfb 94x4MB) CPU [88%@729,0%@729,38%@729,0%@729,58%@729,0%@729,0%@729,76%@729] GR3D_FREQ 99% cv0@73.375C/76.968C cpu@77.343C/81.406C soc2@71.437C/73.562C soc0@74.031C/75.093C cv1@73.593C/75.468C gpu@77.937C/81.468C tj@77.937C/81.468C soc1@71.937C/72.906C cv2@70.437C/71.843C VDD_IN 14327mW/27340mW/29352mW VDD_CPU_GPU_CV 7373mW/17667mW/19267mW VDD_SOC 2966mW/3996mW/4226mW
08-10-2026 22:08:18 RAM 2691/15599MB (lfb 94x4MB) CPU [0%@729,1%@729,0%@729,0%@729,0%@729,0%@729,0%@729,0%@729] GR3D_FREQ 99% cv0@73.125C/76.968C cpu@77.125C/81.406C soc2@71.25C/73.562C soc0@73.937C/75.093C cv1@73.343C/75.468C gpu@77.593C/81.468C tj@77.593C/81.468C soc1@71.75C/72.906C cv2@70.343C/71.843C VDD_IN 12577mW/27261mW/29352mW VDD_CPU_GPU_CV 6492mW/17608mW/19267mW VDD_SOC 2645mW/3989mW/4226mW
08-10-2026 22:08:18 RAM 2691/15599MB (lfb 94x4MB) CPU [0%@729,0%@729,0%@729,0%@729,0%@729,0%@729,0%@729,0%@729] GR3D_FREQ 99% cv0@73.125C/76.968C cpu@77.062C/81.406C soc2@71.125C/73.562C soc0@73.812C/75.093C cv1@73.187C/75.468C gpu@77.531C/81.468C tj@77.531C/81.468C soc1@71.625C/72.906C cv2@70.25C/71.843C VDD_IN 12007mW/27181mW/29352mW VDD_CPU_GPU_CV 6208mW/17547mW/19267mW VDD_SOC 2564mW/3982mW/4226mW
08-10-2026 22:08:19 RAM 2691/15599MB (lfb 94x4MB) CPU [1%@729,0%@729,0%@729,0%@729,0%@729,1%@729,0%@729,0%@729] GR3D_FREQ 99% cv0@72.875C/76.968C cpu@76.781C/81.406C soc2@70.843C/73.562C soc0@73.781C/75.093C cv1@73C/75.468C gpu@77.375C/81.468C tj@77.375C/81.468C soc1@71.625C/72.906C cv2@70C/71.843C VDD_IN 11863mW/27100mW/29352mW VDD_CPU_GPU_CV 6086mW/17487mW/19267mW VDD_SOC 2523mW/3974mW/4226mW
08-10-2026 22:08:19 RAM 2691/15599MB (lfb 94x4MB) CPU [1%@729,0%@729,0%@729,0%@729,0%@729,0%@729,0%@729,0%@729] GR3D_FREQ 99% cv0@72.781C/76.968C cpu@76.625C/81.406C soc2@70.781C/73.562C soc0@73.687C/75.093C cv1@72.812C/75.468C gpu@77.062C/81.468C tj@77.062C/81.468C soc1@71.531C/72.906C cv2@69.875C/71.843C VDD_IN 11822mW/27020mW/29352mW VDD_CPU_GPU_CV 6086mW/17427mW/19267mW VDD_SOC 2523mW/3966mW/4226mW
08-10-2026 22:08:20 RAM 2690/15599MB (lfb 94x4MB) CPU [0%@729,1%@729,1%@729,0%@729,0%@729,0%@729,0%@729,0%@729] GR3D_FREQ 99% cv0@72.562C/76.968C cpu@76.531C/81.406C soc2@70.718C/73.562C soc0@73.625C/75.093C cv1@72.875C/75.468C gpu@76.937C/81.468C tj@76.937C/81.468C soc1@71.375C/72.906C cv2@69.781C/71.843C VDD_IN 11700mW/26940mW/29352mW VDD_CPU_GPU_CV 5964mW/17368mW/19267mW VDD_SOC 2523mW/3959mW/4226mW
08-10-2026 22:08:20 RAM 2690/15599MB (lfb 94x4MB) CPU [0%@729,0%@729,0%@729,0%@729,0%@729,0%@729,0%@729,0%@729] GR3D_FREQ 99% cv0@72.468C/76.968C cpu@76.656C/81.406C soc2@70.656C/73.562C soc0@73.5C/75.093C cv1@72.75C/75.468C gpu@76.812C/81.468C tj@76.812C/81.468C soc1@71.312C/72.906C cv2@69.625C/71.843C VDD_IN 11659mW/26861mW/29352mW VDD_CPU_GPU_CV 5924mW/17308mW/19267mW VDD_SOC 2523mW/3951mW/4226mW
08-10-2026 22:08:21 RAM 2689/15599MB (lfb 94x4MB) CPU [0%@729,0%@729,0%@729,0%@729,0%@729,0%@729,0%@729,0%@729] GR3D_FREQ 99% cv0@72.531C/76.968C cpu@76.375C/81.406C soc2@70.468C/73.562C soc0@73.375C/75.093C cv1@72.656C/75.468C gpu@76.593C/81.468C tj@76.781C/81.468C soc1@71.312C/72.906C cv2@69.687C/71.843C VDD_IN 11618mW/26783mW/29352mW VDD_CPU_GPU_CV 5883mW/17250mW/19267mW VDD_SOC 2523mW/3944mW/4226mW
08-10-2026 22:08:21 RAM 2689/15599MB (lfb 94x4MB) CPU [0%@729,0%@729,0%@729,1%@729,0%@729,0%@729,0%@729,0%@729] GR3D_FREQ 99% cv0@72.343C/76.968C cpu@76.343C/81.406C soc2@70.406C/73.562C soc0@73.25C/75.093C cv1@72.531C/75.468C gpu@76.593C/81.468C tj@76.593C/81.468C soc1@71.031C/72.906C cv2@69.593C/71.843C VDD_IN 11618mW/26705mW/29352mW VDD_CPU_GPU_CV 5883mW/17191mW/19267mW VDD_SOC 2523mW/3937mW/4226mW
08-10-2026 22:08:22 RAM 2689/15599MB (lfb 93x4MB) CPU [0%@729,1%@729,0%@729,0%@729,0%@729,0%@729,0%@729,0%@729] GR3D_FREQ 99% cv0@72.25C/76.968C cpu@76.187C/81.406C soc2@70.406C/73.562C soc0@73.156C/75.093C cv1@72.406C/75.468C gpu@76.437C/81.468C tj@76.437C/81.468C soc1@71.218C/72.906C cv2@69.468C/71.843C VDD_IN 11618mW/26628mW/29352mW VDD_CPU_GPU_CV 5883mW/17134mW/19267mW VDD_SOC 2523mW/3929mW/4226mW
08-10-2026 22:08:22 RAM 2689/15599MB (lfb 93x4MB) CPU [0%@729,0%@729,0%@729,0%@729,0%@729,0%@729,0%@729,0%@729] GR3D_FREQ 99% cv0@72.156C/76.968C cpu@76.312C/81.406C soc2@70.218C/73.562C soc0@73.031C/75.093C cv1@72.406C/75.468C gpu@76.375C/81.468C tj@76.375C/81.468C soc1@71.062C/72.906C cv2@69.343C/71.843C VDD_IN 11618mW/26552mW/29352mW VDD_CPU_GPU_CV 5883mW/17076mW/19267mW VDD_SOC 2523mW/3922mW/4226mW
08-10-2026 22:08:23 RAM 2688/15599MB (lfb 93x4MB) CPU [1%@729,0%@729,0%@729,1%@729,0%@729,0%@729,0%@729,0%@729] GR3D_FREQ 99% cv0@72.125C/76.968C cpu@76C/81.406C soc2@70.218C/73.562C soc0@73C/75.093C cv1@72.406C/75.468C gpu@76.312C/81.468C tj@76.312C/81.468C soc1@70.937C/72.906C cv2@69.25C/71.843C VDD_IN 11578mW/26476mW/29352mW VDD_CPU_GPU_CV 5883mW/17020mW/19267mW VDD_SOC 2523mW/3915mW/4226mW
08-10-2026 22:08:24 RAM 2688/15599MB (lfb 93x4MB) CPU [0%@729,0%@729,0%@729,0%@729,0%@729,0%@729,0%@729,0%@729] GR3D_FREQ 99% cv0@72.156C/76.968C cpu@76.062C/81.406C soc2@70.125C/73.562C soc0@73C/75.093C cv1@72.375C/75.468C gpu@76.437C/81.468C tj@76.437C/81.468C soc1@70.875C/72.906C cv2@69.187C/71.843C VDD_IN 11578mW/26401mW/29352mW VDD_CPU_GPU_CV 5883mW/16964mW/19267mW VDD_SOC 2523mW/3908mW/4226mW
08-10-2026 22:08:24 RAM 2688/15599MB (lfb 93x4MB) CPU [1%@729,0%@729,1%@729,0%@729,0%@729,0%@729,0%@729,0%@729] GR3D_FREQ 99% cv0@72.031C/76.968C cpu@75.906C/81.406C soc2@70C/73.562C soc0@72.875C/75.093C cv1@72.218C/75.468C gpu@76.125C/81.468C tj@76.125C/81.468C soc1@70.812C/72.906C cv2@69.125C/71.843C VDD_IN 11578mW/26327mW/29352mW VDD_CPU_GPU_CV 5883mW/16909mW/19267mW VDD_SOC 2523mW/3901mW/4226mW
08-10-2026 22:08:25 RAM 2688/15599MB (lfb 93x4MB) CPU [0%@729,0%@729,0%@729,0%@729,0%@729,0%@729,0%@729,0%@729] GR3D_FREQ 99% cv0@71.937C/76.968C cpu@75.875C/81.406C soc2@69.937C/73.562C soc0@72.75C/75.093C cv1@72.156C/75.468C gpu@76.25C/81.468C tj@76.25C/81.468C soc1@70.812C/72.906C cv2@69.062C/71.843C VDD_IN 11578mW/26254mW/29352mW VDD_CPU_GPU_CV 5883mW/16854mW/19267mW VDD_SOC 2523mW/3894mW/4226mW
08-10-2026 22:08:25 RAM 2688/15599MB (lfb 93x4MB) CPU [0%@729,0%@729,0%@729,0%@729,0%@729,0%@729,0%@729,0%@729] GR3D_FREQ 99% cv0@71.843C/76.968C cpu@75.718C/81.406C soc2@69.875C/73.562C soc0@72.625C/75.093C cv1@72.125C/75.468C gpu@76.093C/81.468C tj@76.093C/81.468C soc1@70.718C/72.906C cv2@68.968C/71.843C VDD_IN 11578mW/26181mW/29352mW VDD_CPU_GPU_CV 5883mW/16799mW/19267mW VDD_SOC 2523mW/3888mW/4226mW
08-10-2026 22:08:26 RAM 2687/15599MB (lfb 93x4MB) CPU [0%@729,0%@729,0%@729,0%@729,0%@729,0%@729,0%@729,0%@729] GR3D_FREQ 99% cv0@71.781C/76.968C cpu@75.781C/81.406C soc2@69.937C/73.562C soc0@72.718C/75.093C cv1@72.062C/75.468C gpu@76.093C/81.468C tj@76.093C/81.468C soc1@70.656C/72.906C cv2@68.875C/71.843C VDD_IN 11578mW/26109mW/29352mW VDD_CPU_GPU_CV 5883mW/16746mW/19267mW VDD_SOC 2482mW/3881mW/4226mW
08-10-2026 22:08:26 RAM 2687/15599MB (lfb 93x4MB) CPU [0%@729,0%@729,0%@729,0%@729,0%@729,0%@729,0%@729,0%@729] GR3D_FREQ 99% cv0@71.625C/76.968C cpu@75.75C/81.406C soc2@69.812C/73.562C soc0@72.656C/75.093C cv1@72C/75.468C gpu@76.031C/81.468C tj@76.031C/81.468C soc1@70.593C/72.906C cv2@68.875C/71.843C VDD_IN 11578mW/26038mW/29352mW VDD_CPU_GPU_CV 5883mW/16692mW/19267mW VDD_SOC 2482mW/3874mW/4226mW
08-10-2026 22:08:27 RAM 2687/15599MB (lfb 93x4MB) CPU [0%@729,0%@729,0%@729,1%@729,0%@729,0%@729,0%@729,0%@729] GR3D_FREQ 99% cv0@71.718C/76.968C cpu@75.593C/81.406C soc2@69.718C/73.562C soc0@72.562C/75.093C cv1@71.906C/75.468C gpu@75.843C/81.468C tj@75.843C/81.468C soc1@70.437C/72.906C cv2@68.812C/71.843C VDD_IN 11578mW/25967mW/29352mW VDD_CPU_GPU_CV 5842mW/16639mW/19267mW VDD_SOC 2482mW/3867mW/4226mW
08-10-2026 22:08:27 RAM 2687/15599MB (lfb 93x4MB) CPU [0%@729,0%@729,0%@729,0%@729,0%@729,0%@729,0%@729,0%@729] GR3D_FREQ 99% cv0@71.656C/76.968C cpu@75.437C/81.406C soc2@69.562C/73.562C soc0@72.406C/75.093C cv1@71.812C/75.468C gpu@75.812C/81.468C tj@75.812C/81.468C soc1@70.531C/72.906C cv2@68.718C/71.843C VDD_IN 11578mW/25897mW/29352mW VDD_CPU_GPU_CV 5842mW/16587mW/19267mW VDD_SOC 2482mW/3860mW/4226mW
08-10-2026 22:08:28 RAM 2687/15599MB (lfb 93x4MB) CPU [1%@729,1%@729,0%@729,0%@729,0%@729,0%@729,0%@729,0%@729] GR3D_FREQ 99% cv0@71.531C/76.968C cpu@75.406C/81.406C soc2@69.5C/73.562C soc0@72.375C/75.093C cv1@71.781C/75.468C gpu@75.687C/81.468C tj@75.687C/81.468C soc1@70.406C/72.906C cv2@68.625C/71.843C VDD_IN 11537mW/25828mW/29352mW VDD_CPU_GPU_CV 5842mW/16535mW/19267mW VDD_SOC 2482mW/3854mW/4226mW
08-10-2026 22:08:28 RAM 2687/15599MB (lfb 93x4MB) CPU [1%@729,0%@729,0%@729,0%@729,0%@729,0%@729,0%@729,0%@729] GR3D_FREQ 99% cv0@71.406C/76.968C cpu@75.468C/81.406C soc2@69.562C/73.562C soc0@72.468C/75.093C cv1@71.812C/75.468C gpu@75.906C/81.468C tj@75.906C/81.468C soc1@70.312C/72.906C cv2@68.593C/71.843C VDD_IN 11578mW/25760mW/29352mW VDD_CPU_GPU_CV 5842mW/16484mW/19267mW VDD_SOC 2482mW/3847mW/4226mW
08-10-2026 22:08:29 RAM 2687/15599MB (lfb 93x4MB) CPU [0%@729,0%@729,0%@729,0%@729,0%@729,0%@729,0%@729,0%@729] GR3D_FREQ 99% cv0@71.343C/76.968C cpu@75.343C/81.406C soc2@69.406C/73.562C soc0@72.312C/75.093C cv1@71.687C/75.468C gpu@75.593C/81.468C tj@75.593C/81.468C soc1@70.218C/72.906C cv2@68.468C/71.843C VDD_IN 11537mW/25692mW/29352mW VDD_CPU_GPU_CV 5842mW/16433mW/19267mW VDD_SOC 2482mW/3841mW/4226mW
08-10-2026 22:08:29 RAM 2686/15599MB (lfb 93x4MB) CPU [0%@729,0%@729,0%@729,0%@729,0%@729,0%@729,0%@729,0%@729] GR3D_FREQ 99% cv0@71.375C/76.968C cpu@75.375C/81.406C soc2@69.437C/73.562C soc0@72.187C/75.093C cv1@71.562C/75.468C gpu@75.812C/81.468C tj@75.812C/81.468C soc1@70.093C/72.906C cv2@68.531C/71.843C VDD_IN 11537mW/25624mW/29352mW VDD_CPU_GPU_CV 5842mW/16382mW/19267mW VDD_SOC 2482mW/3834mW/4226mW
08-10-2026 22:08:30 RAM 2686/15599MB (lfb 93x4MB) CPU [0%@729,3%@729,0%@729,0%@729,0%@729,0%@729,0%@729,0%@729] GR3D_FREQ 99% cv0@71.281C/76.968C cpu@75.187C/81.406C soc2@69.312C/73.562C soc0@72.062C/75.093C cv1@71.406C/75.468C gpu@75.531C/81.468C tj@75.531C/81.468C soc1@70.218C/72.906C cv2@68.437C/71.843C VDD_IN 11537mW/25557mW/29352mW VDD_CPU_GPU_CV 5842mW/16332mW/19267mW VDD_SOC 2482mW/3828mW/4226mW
08-10-2026 22:08:30 RAM 2686/15599MB (lfb 93x4MB) CPU [0%@729,0%@729,0%@729,0%@729,0%@729,0%@729,0%@729,0%@729] GR3D_FREQ 99% cv0@71.281C/76.968C cpu@75.343C/81.406C soc2@69.218C/73.562C soc0@72.031C/75.093C cv1@71.406C/75.468C gpu@75.593C/81.468C tj@75.593C/81.468C soc1@70.156C/72.906C cv2@68.281C/71.843C VDD_IN 11537mW/25491mW/29352mW VDD_CPU_GPU_CV 5842mW/16283mW/19267mW VDD_SOC 2482mW/3821mW/4226mW
08-10-2026 22:08:31 RAM 2686/15599MB (lfb 93x4MB) CPU [0%@729,0%@729,0%@729,0%@729,0%@729,0%@729,0%@729,0%@729] GR3D_FREQ 99% cv0@71.187C/76.968C cpu@75.093C/81.406C soc2@69.187C/73.562C soc0@72.093C/75.093C cv1@71.468C/75.468C gpu@75.468C/81.468C tj@75.468C/81.468C soc1@70.093C/72.906C cv2@68.187C/71.843C VDD_IN 11537mW/25426mW/29352mW VDD_CPU_GPU_CV 5842mW/16234mW/19267mW VDD_SOC 2482mW/3815mW/4226mW
08-10-2026 22:08:31 RAM 2686/15599MB (lfb 93x4MB) CPU [0%@729,0%@729,3%@729,0%@729,0%@729,0%@729,0%@729,0%@729] GR3D_FREQ 99% cv0@71.062C/76.968C cpu@75.125C/81.406C soc2@69.156C/73.562C soc0@71.937C/75.093C cv1@71.437C/75.468C gpu@75.312C/81.468C tj@75.312C/81.468C soc1@69.906C/72.906C cv2@68.125C/71.843C VDD_IN 11537mW/25361mW/29352mW VDD_CPU_GPU_CV 5842mW/16185mW/19267mW VDD_SOC 2482mW/3809mW/4226mW
08-10-2026 22:08:32 RAM 2686/15599MB (lfb 93x4MB) CPU [0%@729,0%@729,0%@729,0%@729,0%@729,0%@729,0%@729,0%@729] GR3D_FREQ 99% cv0@71.156C/76.968C cpu@75.062C/81.406C soc2@69.093C/73.562C soc0@71.875C/75.093C cv1@71.281C/75.468C gpu@75.312C/81.468C tj@75.312C/81.468C soc1@69.875C/72.906C cv2@68.218C/71.843C VDD_IN 11537mW/25296mW/29352mW VDD_CPU_GPU_CV 5842mW/16137mW/19267mW VDD_SOC 2482mW/3803mW/4226mW
08-10-2026 22:08:32 RAM 2686/15599MB (lfb 93x4MB) CPU [1%@729,1%@729,0%@729,0%@729,0%@729,0%@729,0%@729,0%@729] GR3D_FREQ 99% cv0@70.968C/76.968C cpu@74.968C/81.406C soc2@68.968C/73.562C soc0@71.781C/75.093C cv1@71.187C/75.468C gpu@75.187C/81.468C tj@75.187C/81.468C soc1@69.75C/72.906C cv2@68.062C/71.843C VDD_IN 11537mW/25233mW/29352mW VDD_CPU_GPU_CV 5842mW/16090mW/19267mW VDD_SOC 2482mW/3797mW/4226mW
08-10-2026 22:08:33 RAM 2686/15599MB (lfb 93x4MB) CPU [0%@729,0%@729,0%@729,0%@729,0%@729,0%@729,0%@729,0%@729] GR3D_FREQ 99% cv0@70.968C/76.968C cpu@74.75C/81.406C soc2@69C/73.562C soc0@71.625C/75.093C cv1@71.093C/75.468C gpu@75.062C/81.468C tj@75.062C/81.468C soc1@69.906C/72.906C cv2@67.968C/71.843C VDD_IN 11537mW/25170mW/29352mW VDD_CPU_GPU_CV 5842mW/16042mW/19267mW VDD_SOC 2482mW/3790mW/4226mW
08-10-2026 22:08:33 RAM 2685/15599MB (lfb 93x4MB) CPU [1%@729,0%@729,0%@729,0%@729,0%@729,0%@729,0%@729,0%@729] GR3D_FREQ 99% cv0@70.75C/76.968C cpu@74.875C/81.406C soc2@68.781C/73.562C soc0@71.718C/75.093C cv1@71.187C/75.468C gpu@75.125C/81.468C tj@75.125C/81.468C soc1@69.718C/72.906C cv2@67.843C/71.843C VDD_IN 11537mW/25107mW/29352mW VDD_CPU_GPU_CV 5842mW/15996mW/19267mW VDD_SOC 2482mW/3784mW/4226mW
08-10-2026 22:08:34 RAM 2685/15599MB (lfb 93x4MB) CPU [0%@729,1%@729,0%@729,0%@729,0%@729,0%@729,0%@729,0%@729] GR3D_FREQ 99% cv0@70.718C/76.968C cpu@74.968C/81.406C soc2@68.906C/73.562C soc0@71.656C/75.093C cv1@71.093C/75.468C gpu@74.968C/81.468C tj@74.968C/81.468C soc1@69.656C/72.906C cv2@67.812C/71.843C VDD_IN 11496mW/25045mW/29352mW VDD_CPU_GPU_CV 5842mW/15949mW/19267mW VDD_SOC 2482mW/3779mW/4226mW
08-10-2026 22:08:34 RAM 2685/15599MB (lfb 93x4MB) CPU [0%@729,0%@729,0%@729,0%@729,0%@729,0%@729,0%@729,0%@729] GR3D_FREQ 99% cv0@70.687C/76.968C cpu@74.687C/81.406C soc2@68.843C/73.562C soc0@71.531C/75.093C cv1@70.968C/75.468C gpu@75.062C/81.468C tj@75.062C/81.468C soc1@69.562C/72.906C cv2@67.812C/71.843C VDD_IN 11496mW/24983mW/29352mW VDD_CPU_GPU_CV 5842mW/15903mW/19267mW VDD_SOC 2482mW/3773mW/4226mW
08-10-2026 22:08:35 RAM 2685/15599MB (lfb 93x4MB) CPU [0%@729,0%@729,0%@729,0%@729,0%@729,0%@729,0%@729,0%@729] GR3D_FREQ 99% cv0@70.718C/76.968C cpu@74.531C/81.406C soc2@68.625C/73.562C soc0@71.468C/75.093C cv1@70.875C/75.468C gpu@74.75C/81.468C tj@74.75C/81.468C soc1@69.5C/72.906C cv2@67.75C/71.843C VDD_IN 11496mW/24922mW/29352mW VDD_CPU_GPU_CV 5842mW/15858mW/19267mW VDD_SOC 2482mW/3767mW/4226mW
08-10-2026 22:08:35 RAM 2685/15599MB (lfb 93x4MB) CPU [0%@729,0%@729,1%@729,0%@729,0%@729,0%@729,0%@729,0%@729] GR3D_FREQ 99% cv0@70.562C/76.968C cpu@74.656C/81.406C soc2@68.75C/73.562C soc0@71.375C/75.093C cv1@70.843C/75.468C gpu@74.937C/81.468C tj@74.937C/81.468C soc1@69.593C/72.906C cv2@67.687C/71.843C VDD_IN 11496mW/24862mW/29352mW VDD_CPU_GPU_CV 5842mW/15813mW/19267mW VDD_SOC 2482mW/3761mW/4226mW
08-10-2026 22:08:36 RAM 2685/15599MB (lfb 93x4MB) CPU [0%@729,0%@729,0%@729,0%@729,0%@729,0%@729,0%@729,0%@729] GR3D_FREQ 99% cv0@70.5C/76.968C cpu@74.687C/81.406C soc2@68.593C/73.562C soc0@71.468C/75.093C cv1@70.906C/75.468C gpu@74.843C/81.468C tj@74.843C/81.468C soc1@69.406C/72.906C cv2@67.562C/71.843C VDD_IN 11496mW/24802mW/29352mW VDD_CPU_GPU_CV 5842mW/15768mW/19267mW VDD_SOC 2482mW/3755mW/4226mW
08-10-2026 22:08:36 RAM 2685/15599MB (lfb 93x4MB) CPU [1%@729,0%@729,0%@729,0%@729,0%@729,0%@729,0%@729,0%@729] GR3D_FREQ 99% cv0@70.375C/76.968C cpu@74.468C/81.406C soc2@68.656C/73.562C soc0@71.375C/75.093C cv1@70.812C/75.468C gpu@74.812C/81.468C tj@74.812C/81.468C soc1@69.406C/72.906C cv2@67.5C/71.843C VDD_IN 11496mW/24743mW/29352mW VDD_CPU_GPU_CV 5842mW/15724mW/19267mW VDD_SOC 2482mW/3750mW/4226mW
08-10-2026 22:08:37 RAM 2685/15599MB (lfb 93x4MB) CPU [1%@729,0%@729,0%@729,0%@729,0%@729,0%@729,0%@729,0%@729] GR3D_FREQ 99% cv0@70.406C/76.968C cpu@74.468C/81.406C soc2@68.5C/73.562C soc0@71.281C/75.093C cv1@70.687C/75.468C gpu@74.687C/81.468C tj@74.687C/81.468C soc1@69.218C/72.906C cv2@67.593C/71.843C VDD_IN 11496mW/24684mW/29352mW VDD_CPU_GPU_CV 5802mW/15679mW/19267mW VDD_SOC 2482mW/3744mW/4226mW
08-10-2026 22:08:37 RAM 2685/15599MB (lfb 93x4MB) CPU [0%@729,0%@729,1%@729,0%@729,0%@729,0%@729,0%@729,0%@729] GR3D_FREQ 99% cv0@70.406C/76.968C cpu@74.343C/81.406C soc2@68.437C/73.562C soc0@71.125C/75.093C cv1@70.625C/75.468C gpu@74.5C/81.468C tj@74.5C/81.468C soc1@69.187C/72.906C cv2@67.531C/71.843C VDD_IN 11496mW/24625mW/29352mW VDD_CPU_GPU_CV 5802mW/15636mW/19267mW VDD_SOC 2482mW/3738mW/4226mW
08-10-2026 22:08:38 RAM 2685/15599MB (lfb 93x4MB) CPU [0%@729,0%@729,0%@729,0%@729,0%@729,0%@729,0%@729,0%@729] GR3D_FREQ 99% cv0@70.343C/76.968C cpu@74.25C/81.406C soc2@68.375C/73.562C soc0@71.031C/75.093C cv1@70.468C/75.468C gpu@74.562C/81.468C tj@74.562C/81.468C soc1@69.187C/72.906C cv2@67.343C/71.843C VDD_IN 11496mW/24567mW/29352mW VDD_CPU_GPU_CV 5802mW/15592mW/19267mW VDD_SOC 2482mW/3733mW/4226mW
08-10-2026 22:08:38 RAM 2685/15599MB (lfb 93x4MB) CPU [1%@729,0%@729,0%@729,1%@729,0%@729,0%@729,0%@729,0%@729] GR3D_FREQ 99% cv0@70.312C/76.968C cpu@74.187C/81.406C soc2@68.281C/73.562C soc0@71.125C/75.093C cv1@70.468C/75.468C gpu@74.468C/81.468C tj@74.468C/81.468C soc1@69.156C/72.906C cv2@67.25C/71.843C VDD_IN 11496mW/24510mW/29352mW VDD_CPU_GPU_CV 5802mW/15550mW/19267mW VDD_SOC 2482mW/3727mW/4226mW
08-10-2026 22:08:39 RAM 2685/15599MB (lfb 93x4MB) CPU [0%@729,0%@729,0%@729,0%@729,0%@729,0%@729,0%@729,0%@729] GR3D_FREQ 99% cv0@70.156C/76.968C cpu@74.218C/81.406C soc2@68.25C/73.562C soc0@71.156C/75.093C cv1@70.468C/75.468C gpu@74.343C/81.468C tj@74.343C/81.468C soc1@69.062C/72.906C cv2@67.187C/71.843C VDD_IN 11496mW/24453mW/29352mW VDD_CPU_GPU_CV 5802mW/15507mW/19267mW VDD_SOC 2482mW/3722mW/4226mW
08-10-2026 22:08:39 RAM 2685/15599MB (lfb 93x4MB) CPU [0%@729,0%@729,0%@729,0%@729,0%@729,0%@729,0%@729,0%@729] GR3D_FREQ 99% cv0@70.093C/76.968C cpu@74.125C/81.406C soc2@68.187C/73.562C soc0@71C/75.093C cv1@70.437C/75.468C gpu@74.312C/81.468C tj@74.312C/81.468C soc1@69.031C/72.906C cv2@67.281C/71.843C VDD_IN 11496mW/24397mW/29352mW VDD_CPU_GPU_CV 5802mW/15465mW/19267mW VDD_SOC 2482mW/3717mW/4226mW
08-10-2026 22:08:40 RAM 2685/15599MB (lfb 93x4MB) CPU [0%@729,0%@729,0%@729,0%@729,0%@729,0%@729,0%@729,0%@729] GR3D_FREQ 99% cv0@70.125C/76.968C cpu@74.062C/81.406C soc2@68.187C/73.562C soc0@70.812C/75.093C cv1@70.312C/75.468C gpu@74.156C/81.468C tj@74.156C/81.468C soc1@68.937C/72.906C cv2@67.125C/71.843C VDD_IN 11455mW/24341mW/29352mW VDD_CPU_GPU_CV 5802mW/15423mW/19267mW VDD_SOC 2482mW/3711mW/4226mW
08-10-2026 22:08:40 RAM 2685/15599MB (lfb 93x4MB) CPU [0%@729,0%@729,1%@729,0%@729,0%@729,0%@729,0%@729,0%@729] GR3D_FREQ 99% cv0@70.125C/76.968C cpu@73.968C/81.406C soc2@68.125C/73.562C soc0@70.781C/75.093C cv1@70.343C/75.468C gpu@74.25C/81.468C tj@74.25C/81.468C soc1@69.031C/72.906C cv2@67.093C/71.843C VDD_IN 11455mW/24285mW/29352mW VDD_CPU_GPU_CV 5802mW/15381mW/19267mW VDD_SOC 2482mW/3706mW/4226mW
08-10-2026 22:08:41 RAM 2685/15599MB (lfb 93x4MB) CPU [1%@729,0%@729,0%@729,0%@729,0%@729,0%@729,0%@729,0%@729] GR3D_FREQ 99% cv0@69.968C/76.968C cpu@74.093C/81.406C soc2@68.093C/73.562C soc0@70.906C/75.093C cv1@70.218C/75.468C gpu@74.156C/81.468C tj@74.156C/81.468C soc1@68.937C/72.906C cv2@67.031C/71.843C VDD_IN 11455mW/24230mW/29352mW VDD_CPU_GPU_CV 5802mW/15340mW/19267mW VDD_SOC 2482mW/3701mW/4226mW
08-10-2026 22:08:41 RAM 2685/15599MB (lfb 93x4MB) CPU [2%@729,0%@729,0%@729,0%@729,0%@729,0%@729,0%@729,0%@729] GR3D_FREQ 99% cv0@69.906C/76.968C cpu@73.906C/81.406C soc2@67.937C/73.562C soc0@70.75C/75.093C cv1@70.281C/75.468C gpu@74.25C/81.468C tj@74.25C/81.468C soc1@68.906C/72.906C cv2@66.906C/71.843C VDD_IN 11455mW/24176mW/29352mW VDD_CPU_GPU_CV 5802mW/15300mW/19267mW VDD_SOC 2482mW/3695mW/4226mW
08-10-2026 22:08:42 RAM 2685/15599MB (lfb 93x4MB) CPU [0%@729,0%@729,0%@729,0%@729,0%@729,0%@729,0%@729,0%@729] GR3D_FREQ 99% cv0@69.781C/76.968C cpu@73.968C/81.406C soc2@67.937C/73.562C soc0@70.718C/75.093C cv1@70.218C/75.468C gpu@74.218C/81.468C tj@74.218C/81.468C soc1@68.781C/72.906C cv2@67C/71.843C VDD_IN 11455mW/24122mW/29352mW VDD_CPU_GPU_CV 5802mW/15259mW/19267mW VDD_SOC 2482mW/3690mW/4226mW
08-10-2026 22:08:42 RAM 2685/15599MB (lfb 93x4MB) CPU [0%@729,0%@729,0%@729,1%@729,0%@729,0%@729,0%@729,0%@729] GR3D_FREQ 99% cv0@69.875C/76.968C cpu@73.875C/81.406C soc2@67.875C/73.562C soc0@70.625C/75.093C cv1@70.093C/75.468C gpu@74.093C/81.468C tj@74.093C/81.468C soc1@68.718C/72.906C cv2@66.843C/71.843C VDD_IN 11455mW/24068mW/29352mW VDD_CPU_GPU_CV 5802mW/15219mW/19267mW VDD_SOC 2482mW/3685mW/4226mW
08-10-2026 22:08:43 RAM 2685/15599MB (lfb 93x4MB) CPU [0%@729,0%@729,0%@729,0%@729,0%@729,0%@729,0%@729,0%@729] GR3D_FREQ 99% cv0@69.781C/76.968C cpu@73.687C/81.406C soc2@67.75C/73.562C soc0@70.468C/75.093C cv1@70C/75.468C gpu@73.937C/81.468C tj@73.937C/81.468C soc1@68.687C/72.906C cv2@66.718C/71.843C VDD_IN 11455mW/24015mW/29352mW VDD_CPU_GPU_CV 5802mW/15179mW/19267mW VDD_SOC 2482mW/3680mW/4226mW
08-10-2026 22:08:43 RAM 2685/15599MB (lfb 93x4MB) CPU [0%@729,0%@729,0%@729,0%@729,0%@729,0%@729,0%@729,0%@729] GR3D_FREQ 99% cv0@69.687C/76.968C cpu@73.625C/81.406C soc2@67.75C/73.562C soc0@70.593C/75.093C cv1@69.968C/75.468C gpu@74C/81.468C tj@74C/81.468C soc1@68.718C/72.906C cv2@66.687C/71.843C VDD_IN 11455mW/23962mW/29352mW VDD_CPU_GPU_CV 5802mW/15140mW/19267mW VDD_SOC 2482mW/3675mW/4226mW
08-10-2026 22:08:44 RAM 2685/15599MB (lfb 93x4MB) CPU [0%@729,0%@729,0%@729,0%@729,0%@729,0%@729,0%@729,0%@729] GR3D_FREQ 99% cv0@69.625C/76.968C cpu@73.593C/81.406C soc2@67.718C/73.562C soc0@70.593C/75.093C cv1@70C/75.468C gpu@73.718C/81.468C tj@73.718C/81.468C soc1@68.593C/72.906C cv2@66.625C/71.843C VDD_IN 11455mW/23910mW/29352mW VDD_CPU_GPU_CV 5802mW/15101mW/19267mW VDD_SOC 2482mW/3670mW/4226mW
08-10-2026 22:08:44 RAM 2685/15599MB (lfb 93x4MB) CPU [0%@729,0%@729,0%@729,0%@729,0%@729,0%@729,0%@729,0%@729] GR3D_FREQ 99% cv0@69.562C/76.968C cpu@73.687C/81.406C soc2@67.75C/73.562C soc0@70.437C/75.093C cv1@69.906C/75.468C gpu@73.656C/81.468C tj@73.687C/81.468C soc1@68.468C/72.906C cv2@66.562C/71.843C VDD_IN 11455mW/23858mW/29352mW VDD_CPU_GPU_CV 5802mW/15062mW/19267mW VDD_SOC 2482mW/3665mW/4226mW
08-10-2026 22:08:45 RAM 2685/15599MB (lfb 93x4MB) CPU [0%@729,0%@729,1%@729,1%@729,0%@729,0%@729,0%@729,0%@729] GR3D_FREQ 99% cv0@69.593C/76.968C cpu@73.468C/81.406C soc2@67.562C/73.562C soc0@70.312C/75.093C cv1@69.843C/75.468C gpu@73.656C/81.468C tj@73.656C/81.468C soc1@68.437C/72.906C cv2@66.625C/71.843C VDD_IN 11455mW/23806mW/29352mW VDD_CPU_GPU_CV 5802mW/15024mW/19267mW VDD_SOC 2482mW/3660mW/4226mW
08-10-2026 22:08:45 RAM 2685/15599MB (lfb 93x4MB) CPU [0%@729,0%@729,0%@729,0%@729,0%@729,0%@729,0%@729,0%@729] GR3D_FREQ 99% cv0@69.5C/76.968C cpu@73.468C/81.406C soc2@67.468C/73.562C soc0@70.25C/75.093C cv1@69.75C/75.468C gpu@73.562C/81.468C tj@73.562C/81.468C soc1@68.437C/72.906C cv2@66.468C/71.843C VDD_IN 11455mW/23755mW/29352mW VDD_CPU_GPU_CV 5802mW/14986mW/19267mW VDD_SOC 2482mW/3655mW/4226mW
08-10-2026 22:08:46 RAM 2685/15599MB (lfb 93x4MB) CPU [1%@729,0%@729,0%@729,0%@729,0%@729,0%@729,0%@729,0%@729] GR3D_FREQ 99% cv0@69.375C/76.968C cpu@73.312C/81.406C soc2@67.5C/73.562C soc0@70.218C/75.093C cv1@69.687C/75.468C gpu@73.781C/81.468C tj@73.781C/81.468C soc1@68.406C/72.906C cv2@66.375C/71.843C VDD_IN 11455mW/23705mW/29352mW VDD_CPU_GPU_CV 5802mW/14948mW/19267mW VDD_SOC 2482mW/3650mW/4226mW
08-10-2026 22:08:46 RAM 2685/15599MB (lfb 93x4MB) CPU [0%@729,0%@729,0%@729,0%@729,0%@729,0%@729,0%@729,0%@729] GR3D_FREQ 99% cv0@69.343C/76.968C cpu@73.437C/81.406C soc2@67.406C/73.562C soc0@70.218C/75.093C cv1@69.75C/75.468C gpu@73.625C/81.468C tj@73.468C/81.468C soc1@68.312C/72.906C cv2@66.312C/71.843C VDD_IN 11496mW/23655mW/29352mW VDD_CPU_GPU_CV 5802mW/14910mW/19267mW VDD_SOC 2523mW/3646mW/4226mW
08-10-2026 22:08:47 RAM 2685/15599MB (lfb 93x4MB) CPU [0%@729,0%@729,0%@729,0%@729,0%@729,0%@729,0%@729,0%@729] GR3D_FREQ 100% cv0@69.343C/76.968C cpu@73.25C/81.406C soc2@67.375C/73.562C soc0@70.156C/75.093C cv1@69.687C/75.468C gpu@73.656C/81.468C tj@73.656C/81.468C soc1@68.25C/72.906C cv2@66.218C/71.843C VDD_IN 11496mW/23605mW/29352mW VDD_CPU_GPU_CV 5802mW/14873mW/19267mW VDD_SOC 2523mW/3641mW/4226mW
08-10-2026 22:08:47 RAM 2685/15599MB (lfb 93x4MB) CPU [0%@729,0%@729,1%@729,1%@729,0%@729,0%@729,0%@729,0%@729] GR3D_FREQ 99% cv0@69.343C/76.968C cpu@73.343C/81.406C soc2@67.343C/73.562C soc0@70.093C/75.093C cv1@69.562C/75.468C gpu@73.468C/81.468C tj@73.468C/81.468C soc1@68.156C/72.906C cv2@66.312C/71.843C VDD_IN 11496mW/23556mW/29352mW VDD_CPU_GPU_CV 5802mW/14836mW/19267mW VDD_SOC 2564mW/3637mW/4226mW
08-10-2026 22:08:48 RAM 2685/15599MB (lfb 93x4MB) CPU [0%@729,0%@729,0%@729,0%@729,0%@729,0%@729,0%@729,0%@729] GR3D_FREQ 99% cv0@69.281C/76.968C cpu@73.187C/81.406C soc2@67.312C/73.562C soc0@70.031C/75.093C cv1@69.5C/75.468C gpu@73.375C/81.468C tj@73.531C/81.468C soc1@68.156C/72.906C cv2@66.218C/71.843C VDD_IN 11496mW/23507mW/29352mW VDD_CPU_GPU_CV 5802mW/14800mW/19267mW VDD_SOC 2564mW/3633mW/4226mW
08-10-2026 22:08:48 RAM 2685/15599MB (lfb 93x4MB) CPU [0%@729,0%@729,0%@729,0%@729,0%@729,0%@729,0%@729,0%@729] GR3D_FREQ 99% cv0@69.218C/76.968C cpu@73.312C/81.406C soc2@67.25C/73.562C soc0@69.937C/75.093C cv1@69.437C/75.468C gpu@73.406C/81.468C tj@73.406C/81.468C soc1@68.218C/72.906C cv2@66.125C/71.843C VDD_IN 11496mW/23458mW/29352mW VDD_CPU_GPU_CV 5761mW/14763mW/19267mW VDD_SOC 2564mW/3628mW/4226mW
08-10-2026 22:08:49 RAM 2685/15599MB (lfb 93x4MB) CPU [0%@729,0%@729,0%@729,0%@729,0%@729,0%@729,0%@729,0%@729] GR3D_FREQ 99% cv0@69.125C/76.968C cpu@73.062C/81.406C soc2@67.218C/73.562C soc0@70.062C/75.093C cv1@69.468C/75.468C gpu@73.281C/81.468C tj@73.281C/81.468C soc1@68.125C/72.906C cv2@66.093C/71.843C VDD_IN 11496mW/23410mW/29352mW VDD_CPU_GPU_CV 5761mW/14727mW/19267mW VDD_SOC 2564mW/3624mW/4226mW
08-10-2026 22:08:49 RAM 2685/15599MB (lfb 93x4MB) CPU [0%@729,0%@729,0%@729,0%@729,0%@729,0%@729,0%@729,0%@729] GR3D_FREQ 99% cv0@69.031C/76.968C cpu@73.187C/81.406C soc2@67.25C/73.562C soc0@69.875C/75.093C cv1@69.437C/75.468C gpu@73.156C/81.468C tj@73.281C/81.468C soc1@68.093C/72.906C cv2@66C/71.843C VDD_IN 11496mW/23363mW/29352mW VDD_CPU_GPU_CV 5761mW/14691mW/19267mW VDD_SOC 2564mW/3620mW/4226mW
08-10-2026 22:08:50 RAM 2685/15599MB (lfb 93x4MB) CPU [0%@729,0%@729,0%@729,0%@729,0%@729,0%@729,0%@729,0%@729] GR3D_FREQ 99% cv0@69.187C/76.968C cpu@73.218C/81.406C soc2@67.25C/73.562C soc0@69.812C/75.093C cv1@69.312C/75.468C gpu@73.156C/81.468C tj@73.218C/81.468C soc1@67.968C/72.906C cv2@66.093C/71.843C VDD_IN 11455mW/23315mW/29352mW VDD_CPU_GPU_CV 5761mW/14656mW/19267mW VDD_SOC 2564mW/3616mW/4226mW
08-10-2026 22:08:50 RAM 2685/15599MB (lfb 93x4MB) CPU [3%@729,1%@729,0%@729,0%@729,0%@729,0%@729,0%@729,0%@729] GR3D_FREQ 99% cv0@69.062C/76.968C cpu@72.875C/81.406C soc2@67.125C/73.562C soc0@69.75C/75.093C cv1@69.312C/75.468C gpu@73.093C/81.468C tj@73.093C/81.468C soc1@67.968C/72.906C cv2@66C/71.843C VDD_IN 11496mW/23268mW/29352mW VDD_CPU_GPU_CV 5761mW/14620mW/19267mW VDD_SOC 2564mW/3611mW/4226mW
08-10-2026 22:08:51 RAM 2685/15599MB (lfb 93x4MB) CPU [1%@729,0%@729,0%@729,0%@729,0%@729,0%@729,0%@729,0%@729] GR3D_FREQ 99% cv0@68.968C/76.968C cpu@72.812C/81.406C soc2@66.968C/73.562C soc0@69.75C/75.093C cv1@69.156C/75.468C gpu@73.031C/81.468C tj@73.031C/81.468C soc1@68.031C/72.906C cv2@65.875C/71.843C VDD_IN 11455mW/23222mW/29352mW VDD_CPU_GPU_CV 5761mW/14585mW/19267mW VDD_SOC 2523mW/3607mW/4226mW
08-10-2026 22:08:51 RAM 2685/15599MB (lfb 93x4MB) CPU [0%@729,0%@729,0%@729,0%@729,0%@729,0%@729,0%@729,0%@729] GR3D_FREQ 99% cv0@68.843C/76.968C cpu@72.781C/81.406C soc2@66.906C/73.562C soc0@69.781C/75.093C cv1@69.218C/75.468C gpu@72.906C/81.468C tj@72.906C/81.468C soc1@67.906C/72.906C cv2@65.781C/71.843C VDD_IN 11455mW/23175mW/29352mW VDD_CPU_GPU_CV 5761mW/14551mW/19267mW VDD_SOC 2523mW/3603mW/4226mW
08-10-2026 22:08:52 RAM 2685/15599MB (lfb 93x4MB) CPU [0%@729,0%@729,0%@729,0%@729,0%@729,0%@729,0%@729,0%@729] GR3D_FREQ 99% cv0@68.812C/76.968C cpu@72.968C/81.406C soc2@66.968C/73.562C soc0@69.718C/75.093C cv1@69.25C/75.468C gpu@73.187C/81.468C tj@73.187C/81.468C soc1@67.843C/72.906C cv2@65.718C/71.843C VDD_IN 11455mW/23129mW/29352mW VDD_CPU_GPU_CV 5761mW/14516mW/19267mW VDD_SOC 2523mW/3599mW/4226mW
08-10-2026 22:08:52 RAM 2685/15599MB (lfb 93x4MB) CPU [0%@729,0%@729,0%@729,0%@729,0%@729,0%@729,0%@729,0%@729] GR3D_FREQ 99% cv0@68.875C/76.968C cpu@72.718C/81.406C soc2@66.875C/73.562C soc0@69.656C/75.093C cv1@69.062C/75.468C gpu@72.968C/81.468C tj@72.843C/81.468C soc1@67.718C/72.906C cv2@65.718C/71.843C VDD_IN 11455mW/23084mW/29352mW VDD_CPU_GPU_CV 5761mW/14482mW/19267mW VDD_SOC 2523mW/3594mW/4226mW
08-10-2026 22:08:53 RAM 2685/15599MB (lfb 93x4MB) CPU [0%@729,0%@729,0%@729,0%@729,0%@729,0%@729,0%@729,0%@729] GR3D_FREQ 99% cv0@68.75C/76.968C cpu@72.718C/81.406C soc2@66.812C/73.562C soc0@69.531C/75.093C cv1@69.031C/75.468C gpu@73.062C/81.468C tj@73.062C/81.468C soc1@67.625C/72.906C cv2@65.687C/71.843C VDD_IN 11455mW/23039mW/29352mW VDD_CPU_GPU_CV 5761mW/14448mW/19267mW VDD_SOC 2523mW/3590mW/4226mW
08-10-2026 22:08:53 RAM 2685/15599MB (lfb 93x4MB) CPU [1%@729,1%@729,0%@729,0%@729,0%@729,0%@729,0%@729,0%@729] GR3D_FREQ 99% cv0@68.687C/76.968C cpu@72.687C/81.406C soc2@66.781C/73.562C soc0@69.437C/75.093C cv1@69C/75.468C gpu@72.875C/81.468C tj@72.875C/81.468C soc1@67.75C/72.906C cv2@65.625C/71.843C VDD_IN 11455mW/22994mW/29352mW VDD_CPU_GPU_CV 5761mW/14414mW/19267mW VDD_SOC 2523mW/3586mW/4226mW
08-10-2026 22:08:54 RAM 2685/15599MB (lfb 93x4MB) CPU [0%@729,0%@729,0%@729,1%@729,0%@729,0%@729,0%@729,0%@729] GR3D_FREQ 99% cv0@68.593C/76.968C cpu@72.75C/81.406C soc2@66.75C/73.562C soc0@69.531C/75.093C cv1@69C/75.468C gpu@72.718C/81.468C tj@72.906C/81.468C soc1@67.625C/72.906C cv2@65.531C/71.843C VDD_IN 11455mW/22949mW/29352mW VDD_CPU_GPU_CV 5761mW/14381mW/19267mW VDD_SOC 2523mW/3582mW/4226mW
08-10-2026 22:08:54 RAM 2685/15599MB (lfb 93x4MB) CPU [0%@729,0%@729,0%@729,0%@729,0%@729,0%@729,0%@729,0%@729] GR3D_FREQ 99% cv0@68.593C/76.968C cpu@72.656C/81.406C soc2@66.75C/73.562C soc0@69.468C/75.093C cv1@68.968C/75.468C gpu@72.812C/81.468C tj@72.812C/81.468C soc1@67.531C/72.906C cv2@65.531C/71.843C VDD_IN 11455mW/22905mW/29352mW VDD_CPU_GPU_CV 5761mW/14348mW/19267mW VDD_SOC 2523mW/3578mW/4226mW
08-10-2026 22:08:55 RAM 2685/15599MB (lfb 93x4MB) CPU [3%@729,0%@729,0%@729,0%@729,0%@729,0%@729,0%@729,0%@729] GR3D_FREQ 99% cv0@68.593C/76.968C cpu@72.593C/81.406C soc2@66.593C/73.562C soc0@69.343C/75.093C cv1@68.843C/75.468C gpu@72.656C/81.468C tj@72.656C/81.468C soc1@67.5C/72.906C cv2@65.531C/71.843C VDD_IN 11455mW/22861mW/29352mW VDD_CPU_GPU_CV 5761mW/14315mW/19267mW VDD_SOC 2523mW/3574mW/4226mW
08-10-2026 22:08:55 RAM 2685/15599MB (lfb 93x4MB) CPU [0%@729,0%@729,0%@729,0%@729,1%@729,0%@729,0%@729,0%@729] GR3D_FREQ 99% cv0@68.5C/76.968C cpu@72.531C/81.406C soc2@66.687C/73.562C soc0@69.25C/75.093C cv1@68.812C/75.468C gpu@72.593C/81.468C tj@72.593C/81.468C soc1@67.437C/72.906C cv2@65.468C/71.843C VDD_IN 11455mW/22818mW/29352mW VDD_CPU_GPU_CV 5761mW/14282mW/19267mW VDD_SOC 2523mW/3570mW/4226mW
08-10-2026 22:08:56 RAM 2685/15599MB (lfb 93x4MB) CPU [0%@729,0%@729,0%@729,0%@729,0%@729,0%@729,0%@729,0%@729] GR3D_FREQ 99% cv0@68.5C/76.968C cpu@72.343C/81.406C soc2@66.593C/73.562C soc0@69.25C/75.093C cv1@68.687C/75.468C gpu@72.562C/81.468C tj@72.562C/81.468C soc1@67.468C/72.906C cv2@65.375C/71.843C VDD_IN 11455mW/22774mW/29352mW VDD_CPU_GPU_CV 5761mW/14250mW/19267mW VDD_SOC 2523mW/3566mW/4226mW
08-10-2026 22:08:56 RAM 2685/15599MB (lfb 93x4MB) CPU [1%@729,0%@729,0%@729,0%@729,0%@729,0%@729,0%@729,0%@729] GR3D_FREQ 99% cv0@68.406C/76.968C cpu@72.375C/81.406C soc2@66.437C/73.562C soc0@69.406C/75.093C cv1@68.843C/75.468C gpu@72.437C/81.468C tj@72.437C/81.468C soc1@67.437C/72.906C cv2@65.281C/71.843C VDD_IN 11455mW/22731mW/29352mW VDD_CPU_GPU_CV 5761mW/14218mW/19267mW VDD_SOC 2523mW/3562mW/4226mW
08-10-2026 22:08:57 RAM 2686/15599MB (lfb 93x4MB) CPU [0%@729,0%@729,1%@729,0%@729,0%@729,0%@729,0%@729,0%@729] GR3D_FREQ 99% cv0@68.343C/76.968C cpu@72.406C/81.406C soc2@66.468C/73.562C soc0@69.156C/75.093C cv1@68.656C/75.468C gpu@72.593C/81.468C tj@72.593C/81.468C soc1@67.281C/72.906C cv2@65.25C/71.843C VDD_IN 11415mW/22689mW/29352mW VDD_CPU_GPU_CV 5761mW/14186mW/19267mW VDD_SOC 2523mW/3558mW/4226mW
08-10-2026 22:08:57 RAM 2686/15599MB (lfb 93x4MB) CPU [0%@729,1%@729,0%@729,0%@729,0%@729,0%@729,0%@729,0%@729] GR3D_FREQ 99% cv0@68.406C/76.968C cpu@72.312C/81.406C soc2@66.437C/73.562C soc0@69.187C/75.093C cv1@68.562C/75.468C gpu@72.75C/81.468C tj@72.75C/81.468C soc1@67.281C/72.906C cv2@65.312C/71.843C VDD_IN 11415mW/22646mW/29352mW VDD_CPU_GPU_CV 5761mW/14154mW/19267mW VDD_SOC 2523mW/3554mW/4226mW
08-10-2026 22:08:58 RAM 2686/15599MB (lfb 93x4MB) CPU [0%@729,0%@729,0%@729,0%@729,0%@729,0%@729,0%@729,0%@729] GR3D_FREQ 99% cv0@68.375C/76.968C cpu@72.218C/81.406C soc2@66.375C/73.562C soc0@69.031C/75.093C cv1@68.656C/75.468C gpu@72.531C/81.468C tj@72.531C/81.468C soc1@67.125C/72.906C cv2@65.218C/71.843C VDD_IN 11415mW/22604mW/29352mW VDD_CPU_GPU_CV 5761mW/14123mW/19267mW VDD_SOC 2523mW/3550mW/4226mW
08-10-2026 22:08:58 RAM 2686/15599MB (lfb 93x4MB) CPU [0%@729,1%@729,0%@729,0%@729,0%@729,0%@729,0%@729,0%@729] GR3D_FREQ 99% cv0@68.343C/76.968C cpu@72.187C/81.406C soc2@66.343C/73.562C soc0@68.937C/75.093C cv1@68.5C/75.468C gpu@72.437C/81.468C tj@72.437C/81.468C soc1@67.281C/72.906C cv2@65.062C/71.843C VDD_IN 11415mW/22563mW/29352mW VDD_CPU_GPU_CV 5761mW/14091mW/19267mW VDD_SOC 2523mW/3546mW/4226mW
08-10-2026 22:08:59 RAM 2686/15599MB (lfb 93x4MB) CPU [0%@729,0%@729,1%@729,0%@729,0%@729,0%@729,0%@729,0%@729] GR3D_FREQ 99% cv0@68.187C/76.968C cpu@72.25C/81.406C soc2@66.25C/73.562C soc0@69.093C/75.093C cv1@68.531C/75.468C gpu@72.406C/81.468C tj@72.406C/81.468C soc1@67.187C/72.906C cv2@65.031C/71.843C VDD_IN 11415mW/22521mW/29352mW VDD_CPU_GPU_CV 5761mW/14060mW/19267mW VDD_SOC 2523mW/3543mW/4226mW
08-10-2026 22:08:59 RAM 2686/15599MB (lfb 93x4MB) CPU [1%@729,0%@729,0%@729,0%@729,0%@729,0%@729,0%@729,0%@729] GR3D_FREQ 99% cv0@68.093C/76.968C cpu@72.218C/81.406C soc2@66.25C/73.562C soc0@69C/75.093C cv1@68.5C/75.468C gpu@72.25C/81.468C tj@72.25C/81.468C soc1@67.125C/72.906C cv2@64.968C/71.843C VDD_IN 11415mW/22480mW/29352mW VDD_CPU_GPU_CV 5761mW/14030mW/19267mW VDD_SOC 2523mW/3539mW/4226mW
08-10-2026 22:09:00 RAM 2686/15599MB (lfb 93x4MB) CPU [1%@729,0%@729,0%@729,1%@729,0%@729,0%@729,0%@729,0%@729] GR3D_FREQ 99% cv0@68.156C/76.968C cpu@72.093C/81.406C soc2@66.187C/73.562C soc0@68.843C/75.093C cv1@68.406C/75.468C gpu@72.218C/81.468C tj@72.218C/81.468C soc1@67.031C/72.906C cv2@65.062C/71.843C VDD_IN 11415mW/22439mW/29352mW VDD_CPU_GPU_CV 5761mW/13999mW/19267mW VDD_SOC 2523mW/3535mW/4226mW
08-10-2026 22:09:00 RAM 2686/15599MB (lfb 93x4MB) CPU [0%@729,0%@729,0%@729,0%@729,0%@729,0%@729,0%@729,0%@729] GR3D_FREQ 99% cv0@68.062C/76.968C cpu@71.968C/81.406C soc2@66.156C/73.562C soc0@68.875C/75.093C cv1@68.437C/75.468C gpu@72.156C/81.468C tj@72.156C/81.468C soc1@66.968C/72.906C cv2@64.906C/71.843C VDD_IN 11415mW/22399mW/29352mW VDD_CPU_GPU_CV 5761mW/13969mW/19267mW VDD_SOC 2523mW/3531mW/4226mW
08-10-2026 22:09:01 RAM 2686/15599MB (lfb 93x4MB) CPU [0%@729,0%@729,0%@729,0%@729,0%@729,0%@729,0%@729,0%@729] GR3D_FREQ 99% cv0@68.062C/76.968C cpu@71.937C/81.406C soc2@66.125C/73.562C soc0@68.781C/75.093C cv1@68.312C/75.468C gpu@72.062C/81.468C tj@72.062C/81.468C soc1@67C/72.906C cv2@64.906C/71.843C VDD_IN 11415mW/22358mW/29352mW VDD_CPU_GPU_CV 5761mW/13939mW/19267mW VDD_SOC 2523mW/3528mW/4226mW
08-10-2026 22:09:01 RAM 2686/15599MB (lfb 93x4MB) CPU [0%@729,0%@729,0%@729,0%@729,0%@729,0%@729,0%@729,0%@729] GR3D_FREQ 99% cv0@67.968C/76.968C cpu@71.906C/81.406C soc2@66.093C/73.562C soc0@68.812C/75.093C cv1@68.281C/75.468C gpu@72.343C/81.468C tj@72.343C/81.468C soc1@66.937C/72.906C cv2@64.906C/71.843C VDD_IN 11415mW/22318mW/29352mW VDD_CPU_GPU_CV 5761mW/13909mW/19267mW VDD_SOC 2523mW/3524mW/4226mW
08-10-2026 22:09:02 RAM 2686/15599MB (lfb 93x4MB) CPU [0%@729,0%@729,0%@729,0%@729,0%@729,0%@729,0%@729,0%@729] GR3D_FREQ 99% cv0@67.875C/76.968C cpu@71.875C/81.406C soc2@66.093C/73.562C soc0@68.718C/75.093C cv1@68.343C/75.468C gpu@72C/81.468C tj@72C/81.468C soc1@66.843C/72.906C cv2@64.75C/71.843C VDD_IN 11415mW/22279mW/29352mW VDD_CPU_GPU_CV 5761mW/13879mW/19267mW VDD_SOC 2523mW/3520mW/4226mW
08-10-2026 22:09:02 RAM 2686/15599MB (lfb 93x4MB) CPU [0%@729,0%@729,0%@729,0%@729,0%@729,0%@729,0%@729,0%@729] GR3D_FREQ 100% cv0@67.937C/76.968C cpu@72C/81.406C soc2@65.968C/73.562C soc0@68.718C/75.093C cv1@68.25C/75.468C gpu@72.218C/81.468C tj@72.218C/81.468C soc1@66.937C/72.906C cv2@64.812C/71.843C VDD_IN 11415mW/22239mW/29352mW VDD_CPU_GPU_CV 5721mW/13850mW/19267mW VDD_SOC 2523mW/3517mW/4226mW
08-10-2026 22:09:03 RAM 2686/15599MB (lfb 93x4MB) CPU [0%@729,0%@729,0%@729,0%@729,0%@729,0%@729,0%@729,0%@729] GR3D_FREQ 99% cv0@67.875C/76.968C cpu@71.75C/81.406C soc2@65.937C/73.562C soc0@68.562C/75.093C cv1@68.187C/75.468C gpu@72.125C/81.468C tj@72.125C/81.468C soc1@66.718C/72.906C cv2@64.781C/71.843C VDD_IN 11415mW/22200mW/29352mW VDD_CPU_GPU_CV 5721mW/13821mW/19267mW VDD_SOC 2523mW/3513mW/4226mW
08-10-2026 22:09:03 RAM 2686/15599MB (lfb 93x4MB) CPU [0%@729,0%@729,0%@729,0%@729,0%@729,0%@729,0%@729,0%@729] GR3D_FREQ 99% cv0@67.781C/76.968C cpu@71.687C/81.406C soc2@65.875C/73.562C soc0@68.593C/75.093C cv1@68C/75.468C gpu@72.125C/81.468C tj@72.125C/81.468C soc1@66.875C/72.906C cv2@64.687C/71.843C VDD_IN 11415mW/22162mW/29352mW VDD_CPU_GPU_CV 5721mW/13791mW/19267mW VDD_SOC 2523mW/3510mW/4226mW
08-10-2026 22:09:04 RAM 2686/15599MB (lfb 93x4MB) CPU [0%@729,0%@729,0%@729,0%@729,0%@729,0%@729,0%@729,0%@729] GR3D_FREQ 99% cv0@67.781C/76.968C cpu@71.656C/81.406C soc2@65.781C/73.562C soc0@68.687C/75.093C cv1@68.031C/75.468C gpu@71.937C/81.468C tj@71.937C/81.468C soc1@66.718C/72.906C cv2@64.593C/71.843C VDD_IN 11415mW/22123mW/29352mW VDD_CPU_GPU_CV 5721mW/13762mW/19267mW VDD_SOC 2523mW/3506mW/4226mW
08-10-2026 22:09:04 RAM 2686/15599MB (lfb 93x4MB) CPU [1%@729,0%@729,0%@729,0%@729,0%@729,0%@729,0%@729,0%@729] GR3D_FREQ 99% cv0@67.718C/76.968C cpu@71.75C/81.406C soc2@65.812C/73.562C soc0@68.593C/75.093C cv1@68.031C/75.468C gpu@71.843C/81.468C tj@71.843C/81.468C soc1@66.656C/72.906C cv2@64.5C/71.843C VDD_IN 11415mW/22085mW/29352mW VDD_CPU_GPU_CV 5721mW/13734mW/19267mW VDD_SOC 2523mW/3503mW/4226mW
08-10-2026 22:09:05 RAM 2686/15599MB (lfb 93x4MB) CPU [0%@729,0%@729,0%@729,0%@729,0%@729,0%@729,0%@729,0%@729] GR3D_FREQ 99% cv0@67.687C/76.968C cpu@71.656C/81.406C soc2@65.781C/73.562C soc0@68.531C/75.093C cv1@68C/75.468C gpu@71.812C/81.468C tj@71.812C/81.468C soc1@66.562C/72.906C cv2@64.531C/71.843C VDD_IN 11374mW/22047mW/29352mW VDD_CPU_GPU_CV 5721mW/13705mW/19267mW VDD_SOC 2523mW/3499mW/4226mW
08-10-2026 22:09:05 RAM 2686/15599MB (lfb 93x4MB) CPU [3%@729,0%@729,0%@729,0%@729,0%@729,0%@729,0%@729,0%@729] GR3D_FREQ 99% cv0@67.656C/76.968C cpu@71.562C/81.406C soc2@65.656C/73.562C soc0@68.437C/75.093C cv1@67.875C/75.468C gpu@71.687C/81.468C tj@71.687C/81.468C soc1@66.531C/72.906C cv2@64.531C/71.843C VDD_IN 11374mW/22009mW/29352mW VDD_CPU_GPU_CV 5721mW/13677mW/19267mW VDD_SOC 2523mW/3496mW/4226mW
08-10-2026 22:09:06 RAM 2686/15599MB (lfb 93x4MB) CPU [0%@729,1%@729,0%@729,0%@729,1%@729,0%@729,0%@729,0%@729] GR3D_FREQ 99% cv0@67.562C/76.968C cpu@71.468C/81.406C soc2@65.593C/73.562C soc0@68.437C/75.093C cv1@67.812C/75.468C gpu@71.625C/81.468C tj@71.625C/81.468C soc1@66.656C/72.906C cv2@64.343C/71.843C VDD_IN 11374mW/21971mW/29352mW VDD_CPU_GPU_CV 5721mW/13649mW/19267mW VDD_SOC 2523mW/3492mW/4226mW
08-10-2026 22:09:07 RAM 2686/15599MB (lfb 93x4MB) CPU [0%@729,0%@729,0%@729,1%@729,0%@729,0%@729,0%@729,0%@729] GR3D_FREQ 99% cv0@67.5C/76.968C cpu@71.593C/81.406C soc2@65.656C/73.562C soc0@68.312C/75.093C cv1@67.875C/75.468C gpu@71.718C/81.468C tj@71.718C/81.468C soc1@66.593C/72.906C cv2@64.406C/71.843C VDD_IN 11374mW/21934mW/29352mW VDD_CPU_GPU_CV 5721mW/13621mW/19267mW VDD_SOC 2523mW/3489mW/4226mW
08-10-2026 22:09:07 RAM 2686/15599MB (lfb 93x4MB) CPU [0%@729,0%@729,0%@729,0%@729,0%@729,0%@729,0%@729,0%@729] GR3D_FREQ 99% cv0@67.5C/76.968C cpu@71.343C/81.406C soc2@65.531C/73.562C soc0@68.343C/75.093C cv1@67.812C/75.468C gpu@71.625C/81.468C tj@71.625C/81.468C soc1@66.562C/72.906C cv2@64.312C/71.843C VDD_IN 11374mW/21897mW/29352mW VDD_CPU_GPU_CV 5721mW/13593mW/19267mW VDD_SOC 2523mW/3485mW/4226mW
08-10-2026 22:09:08 RAM 2686/15599MB (lfb 93x4MB) CPU [0%@729,0%@729,0%@729,0%@729,0%@729,0%@729,0%@729,0%@729] GR3D_FREQ 99% cv0@67.468C/76.968C cpu@71.531C/81.406C soc2@65.562C/73.562C soc0@68.281C/75.093C cv1@67.718C/75.468C gpu@71.781C/81.468C tj@71.781C/81.468C soc1@66.375C/72.906C cv2@64.343C/71.843C VDD_IN 11374mW/21860mW/29352mW VDD_CPU_GPU_CV 5721mW/13566mW/19267mW VDD_SOC 2523mW/3482mW/4226mW
08-10-2026 22:09:08 RAM 2686/15599MB (lfb 93x4MB) CPU [0%@729,0%@729,0%@729,0%@729,0%@729,0%@729,0%@729,0%@729] GR3D_FREQ 99% cv0@67.5C/76.968C cpu@71.406C/81.406C soc2@65.562C/73.562C soc0@68.25C/75.093C cv1@67.656C/75.468C gpu@71.687C/81.468C tj@71.687C/81.468C soc1@66.468C/72.906C cv2@64.281C/71.843C VDD_IN 11374mW/21824mW/29352mW VDD_CPU_GPU_CV 5721mW/13538mW/19267mW VDD_SOC 2523mW/3479mW/4226mW
08-10-2026 22:09:09 RAM 2686/15599MB (lfb 93x4MB) CPU [0%@729,0%@729,0%@729,0%@729,0%@729,0%@729,0%@729,0%@729] GR3D_FREQ 100% cv0@67.468C/76.968C cpu@71.406C/81.406C soc2@65.437C/73.562C soc0@68.218C/75.093C cv1@67.625C/75.468C gpu@71.687C/81.468C tj@71.687C/81.468C soc1@66.468C/72.906C cv2@64.218C/71.843C VDD_IN 11374mW/21787mW/29352mW VDD_CPU_GPU_CV 5721mW/13511mW/19267mW VDD_SOC 2523mW/3475mW/4226mW
08-10-2026 22:09:09 RAM 2686/15599MB (lfb 93x4MB) CPU [1%@729,0%@729,0%@729,0%@729,0%@729,0%@729,0%@729,0%@729] GR3D_FREQ 99% cv0@67.312C/76.968C cpu@71.375C/81.406C soc2@65.406C/73.562C soc0@68.156C/75.093C cv1@67.718C/75.468C gpu@71.437C/81.468C tj@71.437C/81.468C soc1@66.343C/72.906C cv2@64.156C/71.843C VDD_IN 11374mW/21751mW/29352mW VDD_CPU_GPU_CV 5721mW/13484mW/19267mW VDD_SOC 2523mW/3472mW/4226mW
08-10-2026 22:09:10 RAM 2686/15599MB (lfb 93x4MB) CPU [0%@729,0%@729,0%@729,0%@729,0%@729,0%@729,0%@729,0%@729] GR3D_FREQ 99% cv0@67.281C/76.968C cpu@71.312C/81.406C soc2@65.437C/73.562C soc0@68.125C/75.093C cv1@67.625C/75.468C gpu@71.437C/81.468C tj@71.437C/81.468C soc1@66.343C/72.906C cv2@64.062C/71.843C VDD_IN 11374mW/21715mW/29352mW VDD_CPU_GPU_CV 5721mW/13457mW/19267mW VDD_SOC 2523mW/3469mW/4226mW
08-10-2026 22:09:10 RAM 2686/15599MB (lfb 93x4MB) CPU [1%@729,0%@729,0%@729,0%@729,0%@729,0%@729,0%@729,0%@729] GR3D_FREQ 99% cv0@67.218C/76.968C cpu@71.437C/81.406C soc2@65.406C/73.562C soc0@68.062C/75.093C cv1@67.562C/75.468C gpu@71.468C/81.468C tj@71.468C/81.468C soc1@66.25C/72.906C cv2@64.125C/71.843C VDD_IN 11374mW/21680mW/29352mW VDD_CPU_GPU_CV 5721mW/13431mW/19267mW VDD_SOC 2523mW/3466mW/4226mW
08-10-2026 22:09:11 RAM 2686/15599MB (lfb 93x4MB) CPU [0%@729,0%@729,0%@729,0%@729,0%@729,0%@729,0%@729,0%@729] GR3D_FREQ 99% cv0@67.312C/76.968C cpu@71.312C/81.406C soc2@65.312C/73.562C soc0@68C/75.093C cv1@67.5C/75.468C gpu@71.281C/81.468C tj@71.312C/81.468C soc1@66.187C/72.906C cv2@64.125C/71.843C VDD_IN 11374mW/21645mW/29352mW VDD_CPU_GPU_CV 5730mW/13404mW/19267mW VDD_SOC 2523mW/3462mW/4226mW
08-10-2026 22:09:11 RAM 2686/15599MB (lfb 93x4MB) CPU [0%@729,0%@729,0%@729,0%@729,0%@729,0%@729,0%@729,0%@729] GR3D_FREQ 99% cv0@67.25C/76.968C cpu@71.187C/81.406C soc2@65.312C/73.562C soc0@68C/75.093C cv1@67.468C/75.468C gpu@71.218C/81.468C tj@71.218C/81.468C soc1@66.312C/72.906C cv2@64.093C/71.843C VDD_IN 11374mW/21610mW/29352mW VDD_CPU_GPU_CV 5721mW/13378mW/19267mW VDD_SOC 2523mW/3459mW/4226mW
08-10-2026 22:09:12 RAM 2686/15599MB (lfb 93x4MB) CPU [0%@729,0%@729,0%@729,0%@729,0%@729,0%@729,0%@729,0%@729] GR3D_FREQ 99% cv0@67.156C/76.968C cpu@71.062C/81.406C soc2@65.281C/73.562C soc0@67.906C/75.093C cv1@67.531C/75.468C gpu@71.218C/81.468C tj@71.218C/81.468C soc1@66.312C/72.906C cv2@63.968C/71.843C VDD_IN 11374mW/21575mW/29352mW VDD_CPU_GPU_CV 5721mW/13352mW/19267mW VDD_SOC 2523mW/3456mW/4226mW
08-10-2026 22:09:12 RAM 2686/15599MB (lfb 93x4MB) CPU [1%@729,1%@729,0%@729,0%@729,0%@729,0%@729,0%@729,0%@729] GR3D_FREQ 99% cv0@67.125C/76.968C cpu@71.25C/81.406C soc2@65.218C/73.562C soc0@67.968C/75.093C cv1@67.437C/75.468C gpu@71.156C/81.468C tj@71.25C/81.468C soc1@66.062C/72.906C cv2@63.906C/71.843C VDD_IN 11374mW/21540mW/29352mW VDD_CPU_GPU_CV 5721mW/13326mW/19267mW VDD_SOC 2523mW/3453mW/4226mW
08-10-2026 22:09:13 RAM 2686/15599MB (lfb 93x4MB) CPU [0%@729,1%@729,0%@729,0%@729,0%@729,0%@729,0%@729,0%@729] GR3D_FREQ 99% cv0@67.031C/76.968C cpu@71.125C/81.406C soc2@65.25C/73.562C soc0@67.875C/75.093C cv1@67.5C/75.468C gpu@71.343C/81.468C tj@71.343C/81.468C soc1@66.062C/72.906C cv2@63.875C/71.843C VDD_IN 11374mW/21506mW/29352mW VDD_CPU_GPU_CV 5721mW/13301mW/19267mW VDD_SOC 2523mW/3450mW/4226mW
08-10-2026 22:09:13 RAM 2686/15599MB (lfb 93x4MB) CPU [0%@729,0%@729,0%@729,0%@729,0%@729,0%@729,0%@729,0%@729] GR3D_FREQ 99% cv0@67.093C/76.968C cpu@71.156C/81.406C soc2@65.218C/73.562C soc0@67.812C/75.093C cv1@67.375C/75.468C gpu@71.343C/81.468C tj@71.343C/81.468C soc1@66.093C/72.906C cv2@63.875C/71.843C VDD_IN 11374mW/21472mW/29352mW VDD_CPU_GPU_CV 5721mW/13275mW/19267mW VDD_SOC 2523mW/3446mW/4226mW
08-10-2026 22:09:14 RAM 2686/15599MB (lfb 93x4MB) CPU [1%@729,0%@729,0%@729,0%@729,0%@729,0%@729,0%@729,0%@729] GR3D_FREQ 99% cv0@67.062C/76.968C cpu@71.093C/81.406C soc2@65.093C/73.562C soc0@67.781C/75.093C cv1@67.25C/75.468C gpu@71.25C/81.468C tj@71.25C/81.468C soc1@66.125C/72.906C cv2@63.781C/71.843C VDD_IN 11333mW/21438mW/29352mW VDD_CPU_GPU_CV 5730mW/13250mW/19267mW VDD_SOC 2523mW/3443mW/4226mW
08-10-2026 22:09:14 RAM 2686/15599MB (lfb 93x4MB) CPU [1%@729,0%@729,0%@729,0%@729,0%@729,0%@729,0%@729,0%@729] GR3D_FREQ 99% cv0@66.968C/76.968C cpu@71.25C/81.406C soc2@65C/73.562C soc0@67.812C/75.093C cv1@67.437C/75.468C gpu@71.125C/81.468C tj@71.25C/81.468C soc1@66.031C/72.906C cv2@63.812C/71.843C VDD_IN 11333mW/21404mW/29352mW VDD_CPU_GPU_CV 5721mW/13225mW/19267mW VDD_SOC 2523mW/3440mW/4226mW
08-10-2026 22:09:15 RAM 2686/15599MB (lfb 93x4MB) CPU [0%@729,0%@729,0%@729,0%@729,0%@729,0%@729,0%@729,0%@729] GR3D_FREQ 99% cv0@66.875C/76.968C cpu@70.937C/81.406C soc2@64.906C/73.562C soc0@67.812C/75.093C cv1@67.25C/75.468C gpu@71.156C/81.468C tj@71.156C/81.468C soc1@65.968C/72.906C cv2@63.656C/71.843C VDD_IN 11333mW/21370mW/29352mW VDD_CPU_GPU_CV 5730mW/13200mW/19267mW VDD_SOC 2523mW/3437mW/4226mW
08-10-2026 22:09:15 RAM 2686/15599MB (lfb 93x4MB) CPU [2%@729,0%@729,0%@729,0%@729,0%@729,0%@729,0%@729,0%@729] GR3D_FREQ 99% cv0@66.875C/76.968C cpu@71C/81.406C soc2@65.031C/73.562C soc0@67.687C/75.093C cv1@67.218C/75.468C gpu@71C/81.468C tj@71C/81.468C soc1@65.968C/72.906C cv2@63.75C/71.843C VDD_IN 11333mW/21337mW/29352mW VDD_CPU_GPU_CV 5730mW/13175mW/19267mW VDD_SOC 2523mW/3434mW/4226mW
08-10-2026 22:09:16 RAM 2686/15599MB (lfb 93x4MB) CPU [0%@729,0%@729,0%@729,0%@729,0%@729,0%@729,0%@729,0%@729] GR3D_FREQ 99% cv0@66.968C/76.968C cpu@70.812C/81.406C soc2@65C/73.562C soc0@67.656C/75.093C cv1@67.25C/75.468C gpu@70.937C/81.468C tj@70.937C/81.468C soc1@65.843C/72.906C cv2@63.75C/71.843C VDD_IN 11333mW/21304mW/29352mW VDD_CPU_GPU_CV 5721mW/13150mW/19267mW VDD_SOC 2523mW/3431mW/4226mW
08-10-2026 22:09:16 RAM 2686/15599MB (lfb 93x4MB) CPU [0%@729,0%@729,0%@729,0%@729,0%@729,0%@729,0%@729,0%@729] GR3D_FREQ 99% cv0@66.843C/76.968C cpu@70.906C/81.406C soc2@64.843C/73.562C soc0@67.687C/75.093C cv1@67.218C/75.468C gpu@71C/81.468C tj@71C/81.468C soc1@65.968C/72.906C cv2@63.656C/71.843C VDD_IN 11333mW/21271mW/29352mW VDD_CPU_GPU_CV 5730mW/13126mW/19267mW VDD_SOC 2482mW/3428mW/4226mW
08-10-2026 22:09:17 RAM 2686/15599MB (lfb 93x4MB) CPU [0%@729,0%@729,0%@729,0%@729,0%@729,0%@729,0%@729,0%@729] GR3D_FREQ 99% cv0@66.75C/76.968C cpu@70.75C/81.406C soc2@64.875C/73.562C soc0@67.687C/75.093C cv1@67.25C/75.468C gpu@70.937C/81.468C tj@70.937C/81.468C soc1@65.906C/72.906C cv2@63.593C/71.843C VDD_IN 11333mW/21238mW/29352mW VDD_CPU_GPU_CV 5721mW/13101mW/19267mW VDD_SOC 2482mW/3425mW/4226mW
08-10-2026 22:09:17 RAM 2685/15599MB (lfb 93x4MB) CPU [0%@729,0%@729,0%@729,0%@729,0%@729,0%@729,0%@729,0%@729] GR3D_FREQ 99% cv0@66.687C/76.968C cpu@70.906C/81.406C soc2@64.812C/73.562C soc0@67.687C/75.093C cv1@67.125C/75.468C gpu@71.093C/81.468C tj@71.093C/81.468C soc1@65.75C/72.906C cv2@63.531C/71.843C VDD_IN 11333mW/21206mW/29352mW VDD_CPU_GPU_CV 5721mW/13077mW/19267mW VDD_SOC 2482mW/3422mW/4226mW
08-10-2026 22:09:18 RAM 2685/15599MB (lfb 93x4MB) CPU [1%@729,0%@729,0%@729,0%@729,0%@729,0%@729,0%@729,0%@729] GR3D_FREQ 99% cv0@66.625C/76.968C cpu@70.968C/81.406C soc2@64.812C/73.562C soc0@67.562C/75.093C cv1@67.062C/75.468C gpu@70.75C/81.468C tj@70.968C/81.468C soc1@65.75C/72.906C cv2@63.562C/71.843C VDD_IN 11333mW/21174mW/29352mW VDD_CPU_GPU_CV 5721mW/13053mW/19267mW VDD_SOC 2482mW/3419mW/4226mW
08-10-2026 22:09:18 RAM 2685/15599MB (lfb 93x4MB) CPU [1%@729,0%@729,0%@729,0%@729,0%@729,0%@729,0%@729,0%@729] GR3D_FREQ 99% cv0@66.75C/76.968C cpu@70.75C/81.406C soc2@64.75C/73.562C soc0@67.531C/75.093C cv1@67.031C/75.468C gpu@70.937C/81.468C tj@70.937C/81.468C soc1@65.656C/72.906C cv2@63.562C/71.843C VDD_IN 11333mW/21141mW/29352mW VDD_CPU_GPU_CV 5721mW/13029mW/19267mW VDD_SOC 2482mW/3416mW/4226mW
08-10-2026 22:09:19 RAM 2685/15599MB (lfb 93x4MB) CPU [0%@729,0%@729,0%@729,0%@729,0%@729,0%@729,0%@729,0%@729] GR3D_FREQ 99% cv0@66.656C/76.968C cpu@70.656C/81.406C soc2@64.75C/73.562C soc0@67.406C/75.093C cv1@66.906C/75.468C gpu@70.812C/81.468C tj@70.812C/81.468C soc1@65.718C/72.906C cv2@63.468C/71.843C VDD_IN 11333mW/21110mW/29352mW VDD_CPU_GPU_CV 5721mW/13005mW/19267mW VDD_SOC 2482mW/3413mW/4226mW
08-10-2026 22:09:19 RAM 2685/15599MB (lfb 93x4MB) CPU [0%@729,0%@729,0%@729,0%@729,0%@729,0%@729,0%@729,0%@729] GR3D_FREQ 99% cv0@66.656C/76.968C cpu@70.593C/81.406C soc2@64.75C/73.562C soc0@67.531C/75.093C cv1@66.906C/75.468C gpu@70.875C/81.468C tj@70.875C/81.468C soc1@65.718C/72.906C cv2@63.437C/71.843C VDD_IN 11333mW/21078mW/29352mW VDD_CPU_GPU_CV 5689mW/12982mW/19267mW VDD_SOC 2482mW/3410mW/4226mW
08-10-2026 22:09:20 RAM 2685/15599MB (lfb 93x4MB) CPU [0%@729,0%@729,0%@729,0%@729,0%@729,0%@729,0%@729,0%@729] GR3D_FREQ 99% cv0@66.531C/76.968C cpu@70.531C/81.406C soc2@64.75C/73.562C soc0@67.437C/75.093C cv1@67C/75.468C gpu@70.75C/81.468C tj@70.75C/81.468C soc1@65.625C/72.906C cv2@63.406C/71.843C VDD_IN 11333mW/21047mW/29352mW VDD_CPU_GPU_CV 5721mW/12958mW/19267mW VDD_SOC 2482mW/3407mW/4226mW
08-10-2026 22:09:20 RAM 2685/15599MB (lfb 93x4MB) CPU [0%@729,0%@729,0%@729,0%@729,0%@729,1%@729,0%@729,0%@729] GR3D_FREQ 99% cv0@66.531C/76.968C cpu@70.656C/81.406C soc2@64.625C/73.562C soc0@67.406C/75.093C cv1@66.906C/75.468C gpu@70.718C/81.468C tj@70.812C/81.468C soc1@65.562C/72.906C cv2@63.312C/71.843C VDD_IN 11333mW/21015mW/29352mW VDD_CPU_GPU_CV 5721mW/12935mW/19267mW VDD_SOC 2482mW/3404mW/4226mW
08-10-2026 22:09:21 RAM 2685/15599MB (lfb 93x4MB) CPU [0%@729,0%@729,0%@729,0%@729,0%@729,0%@729,0%@729,0%@729] GR3D_FREQ 99% cv0@66.593C/76.968C cpu@70.625C/81.406C soc2@64.656C/73.562C soc0@67.312C/75.093C cv1@66.812C/75.468C gpu@70.718C/81.468C tj@70.718C/81.468C soc1@65.531C/72.906C cv2@63.375C/71.843C VDD_IN 11333mW/20984mW/29352mW VDD_CPU_GPU_CV 5680mW/12912mW/19267mW VDD_SOC 2482mW/3401mW/4226mW
08-10-2026 22:09:21 RAM 2685/15599MB (lfb 93x4MB) CPU [1%@729,1%@729,2%@729,0%@729,0%@729,0%@729,0%@729,0%@729] GR3D_FREQ 99% cv0@66.468C/76.968C cpu@70.5C/81.406C soc2@64.531C/73.562C soc0@67.25C/75.093C cv1@66.781C/75.468C gpu@70.531C/81.468C tj@70.531C/81.468C soc1@65.468C/72.906C cv2@63.312C/71.843C VDD_IN 11333mW/20953mW/29352mW VDD_CPU_GPU_CV 5721mW/12889mW/19267mW VDD_SOC 2482mW/3398mW/4226mW
08-10-2026 22:09:22 RAM 2685/15599MB (lfb 93x4MB) CPU [0%@729,0%@729,0%@729,0%@729,0%@729,0%@729,0%@729,0%@729] GR3D_FREQ 99% cv0@66.5C/76.968C cpu@70.437C/81.406C soc2@64.5C/73.562C soc0@67.281C/75.093C cv1@66.781C/75.468C gpu@70.468C/81.468C tj@70.562C/81.468C soc1@65.562C/72.906C cv2@63.218C/71.843C VDD_IN 11333mW/20923mW/29352mW VDD_CPU_GPU_CV 5680mW/12866mW/19267mW VDD_SOC 2482mW/3395mW/4226mW
08-10-2026 22:09:22 RAM 2685/15599MB (lfb 93x4MB) CPU [1%@729,0%@729,0%@729,0%@729,0%@729,0%@729,0%@729,0%@729] GR3D_FREQ 99% cv0@66.343C/76.968C cpu@70.375C/81.406C soc2@64.5C/73.562C soc0@67.375C/75.093C cv1@66.812C/75.468C gpu@70.562C/81.468C tj@70.562C/81.468C soc1@65.406C/72.906C cv2@63.218C/71.843C VDD_IN 11333mW/20892mW/29352mW VDD_CPU_GPU_CV 5680mW/12843mW/19267mW VDD_SOC 2482mW/3392mW/4226mW
08-10-2026 22:09:23 RAM 2685/15599MB (lfb 93x4MB) CPU [0%@729,0%@729,0%@729,1%@729,0%@729,0%@729,0%@729,0%@729] GR3D_FREQ 99% cv0@66.375C/76.968C cpu@70.468C/81.406C soc2@64.562C/73.562C soc0@67.25C/75.093C cv1@66.781C/75.468C gpu@70.437C/81.468C tj@70.468C/81.468C soc1@65.437C/72.906C cv2@63.093C/71.843C VDD_IN 11292mW/20862mW/29352mW VDD_CPU_GPU_CV 5680mW/12820mW/19267mW VDD_SOC 2482mW/3389mW/4226mW
08-10-2026 22:09:23 RAM 2685/15599MB (lfb 93x4MB) CPU [1%@729,0%@729,0%@729,0%@729,0%@729,0%@729,0%@729,0%@729] GR3D_FREQ 99% cv0@66.437C/76.968C cpu@70.343C/81.406C soc2@64.5C/73.562C soc0@67.156C/75.093C cv1@66.625C/75.468C gpu@70.593C/81.468C tj@70.593C/81.468C soc1@65.406C/72.906C cv2@63.281C/71.843C VDD_IN 11292mW/20832mW/29352mW VDD_CPU_GPU_CV 5680mW/12798mW/19267mW VDD_SOC 2482mW/3386mW/4226mW
08-10-2026 22:09:24 RAM 2685/15599MB (lfb 93x4MB) CPU [0%@729,0%@729,0%@729,0%@729,0%@729,0%@729,0%@729,0%@729] GR3D_FREQ 99% cv0@66.343C/76.968C cpu@70.312C/81.406C soc2@64.468C/73.562C soc0@67.125C/75.093C cv1@66.625C/75.468C gpu@70.343C/81.468C tj@70.343C/81.468C soc1@65.375C/72.906C cv2@63.125C/71.843C VDD_IN 11292mW/20802mW/29352mW VDD_CPU_GPU_CV 5680mW/12775mW/19267mW VDD_SOC 2482mW/3383mW/4226mW
08-10-2026 22:09:24 RAM 2685/15599MB (lfb 93x4MB) CPU [0%@729,0%@729,0%@729,0%@729,0%@729,0%@729,0%@729,0%@729] GR3D_FREQ 99% cv0@66.25C/76.968C cpu@70.25C/81.406C soc2@64.375C/73.562C soc0@67.031C/75.093C cv1@66.593C/75.468C gpu@70.593C/81.468C tj@70.593C/81.468C soc1@65.343C/72.906C cv2@63.093C/71.843C VDD_IN 11292mW/20772mW/29352mW VDD_CPU_GPU_CV 5689mW/12753mW/19267mW VDD_SOC 2482mW/3381mW/4226mW
08-10-2026 22:09:25 RAM 2685/15599MB (lfb 93x4MB) CPU [0%@729,0%@729,0%@729,0%@729,0%@729,0%@729,0%@729,0%@729] GR3D_FREQ 99% cv0@66.25C/76.968C cpu@70.375C/81.406C soc2@64.281C/73.562C soc0@67.187C/75.093C cv1@66.625C/75.468C gpu@70.375C/81.468C tj@70.375C/81.468C soc1@65.312C/72.906C cv2@63.093C/71.843C VDD_IN 11292mW/20742mW/29352mW VDD_CPU_GPU_CV 5680mW/12731mW/19267mW VDD_SOC 2482mW/3378mW/4226mW
08-10-2026 22:09:25 RAM 2685/15599MB (lfb 93x4MB) CPU [0%@729,0%@729,0%@729,0%@729,0%@729,0%@729,0%@729,0%@729] GR3D_FREQ 99% cv0@66.156C/76.968C cpu@70.218C/81.406C soc2@64.343C/73.562C soc0@67.093C/75.093C cv1@66.562C/75.468C gpu@70.468C/81.468C tj@70.468C/81.468C soc1@65.25C/72.906C cv2@62.968C/71.843C VDD_IN 11292mW/20713mW/29352mW VDD_CPU_GPU_CV 5680mW/12709mW/19267mW VDD_SOC 2482mW/3375mW/4226mW
08-10-2026 22:09:26 RAM 2685/15599MB (lfb 93x4MB) CPU [0%@729,0%@729,0%@729,0%@729,1%@729,0%@729,0%@729,0%@729] GR3D_FREQ 99% cv0@66.281C/76.968C cpu@70.281C/81.406C soc2@64.281C/73.562C soc0@66.906C/75.093C cv1@66.5C/75.468C gpu@70.312C/81.468C tj@70.312C/81.468C soc1@65.218C/72.906C cv2@63C/71.843C VDD_IN 11292mW/20684mW/29352mW VDD_CPU_GPU_CV 5680mW/12687mW/19267mW VDD_SOC 2482mW/3372mW/4226mW
08-10-2026 22:09:26 RAM 2685/15599MB (lfb 93x4MB) CPU [0%@729,0%@729,0%@729,0%@729,0%@729,0%@729,0%@729,0%@729] GR3D_FREQ 99% cv0@66.125C/76.968C cpu@70.218C/81.406C soc2@64.312C/73.562C soc0@67C/75.093C cv1@66.437C/75.468C gpu@70.218C/81.468C tj@70.218C/81.468C soc1@65.187C/72.906C cv2@63C/71.843C VDD_IN 11292mW/20655mW/29352mW VDD_CPU_GPU_CV 5680mW/12666mW/19267mW VDD_SOC 2482mW/3369mW/4226mW
08-10-2026 22:09:27 RAM 2685/15599MB (lfb 93x4MB) CPU [3%@729,0%@729,0%@729,0%@729,0%@729,0%@729,0%@729,0%@729] GR3D_FREQ 99% cv0@66.156C/76.968C cpu@70.062C/81.406C soc2@64.281C/73.562C soc0@66.937C/75.093C cv1@66.406C/75.468C gpu@70.187C/81.468C tj@70.187C/81.468C soc1@65.312C/72.906C cv2@62.906C/71.843C VDD_IN 11292mW/20626mW/29352mW VDD_CPU_GPU_CV 5680mW/12644mW/19267mW VDD_SOC 2482mW/3367mW/4226mW
08-10-2026 22:09:27 RAM 2685/15599MB (lfb 93x4MB) CPU [0%@729,1%@729,0%@729,0%@729,0%@729,0%@729,0%@729,0%@729] GR3D_FREQ 99% cv0@66.125C/76.968C cpu@70.031C/81.406C soc2@64.187C/73.562C soc0@66.968C/75.093C cv1@66.468C/75.468C gpu@70.093C/81.468C tj@70.093C/81.468C soc1@65.125C/72.906C cv2@62.812C/71.843C VDD_IN 11292mW/20597mW/29352mW VDD_CPU_GPU_CV 5680mW/12623mW/19267mW VDD_SOC 2482mW/3364mW/4226mW
08-10-2026 22:09:28 RAM 2685/15599MB (lfb 93x4MB) CPU [0%@729,0%@729,0%@729,0%@729,0%@729,0%@729,0%@729,0%@729] GR3D_FREQ 99% cv0@66C/76.968C cpu@70.156C/81.406C soc2@64.218C/73.562C soc0@66.937C/75.093C cv1@66.5C/75.468C gpu@70.031C/81.468C tj@70.156C/81.468C soc1@65.062C/72.906C cv2@62.843C/71.843C VDD_IN 11292mW/20568mW/29352mW VDD_CPU_GPU_CV 5689mW/12601mW/19267mW VDD_SOC 2482mW/3361mW/4226mW
08-10-2026 22:09:28 RAM 2685/15599MB (lfb 93x4MB) CPU [0%@729,0%@729,0%@729,1%@729,0%@729,0%@729,0%@729,0%@729] GR3D_FREQ 99% cv0@66.125C/76.968C cpu@70.25C/81.406C soc2@64.125C/73.562C soc0@66.781C/75.093C cv1@66.375C/75.468C gpu@70.156C/81.468C tj@70.25C/81.468C soc1@65.093C/72.906C cv2@62.812C/71.843C VDD_IN 11292mW/20540mW/29352mW VDD_CPU_GPU_CV 5689mW/12580mW/19267mW VDD_SOC 2482mW/3359mW/4226mW
08-10-2026 22:09:29 RAM 2685/15599MB (lfb 93x4MB) CPU [1%@729,0%@729,0%@729,0%@729,0%@729,0%@729,0%@729,0%@729] GR3D_FREQ 99% cv0@65.968C/76.968C cpu@70.031C/81.406C soc2@64.093C/73.562C soc0@66.843C/75.093C cv1@66.25C/75.468C gpu@70.375C/81.468C tj@70.375C/81.468C soc1@65.062C/72.906C cv2@62.812C/71.843C VDD_IN 11292mW/20512mW/29352mW VDD_CPU_GPU_CV 5680mW/12559mW/19267mW VDD_SOC 2482mW/3356mW/4226mW
08-10-2026 22:09:29 RAM 2685/15599MB (lfb 93x4MB) CPU [0%@729,0%@729,0%@729,0%@729,0%@729,0%@729,0%@729,0%@729] GR3D_FREQ 99% cv0@65.937C/76.968C cpu@69.906C/81.406C soc2@64.031C/73.562C soc0@66.718C/75.093C cv1@66.281C/75.468C gpu@70C/81.468C tj@70C/81.468C soc1@65.093C/72.906C cv2@62.75C/71.843C VDD_IN 11292mW/20484mW/29352mW VDD_CPU_GPU_CV 5689mW/12538mW/19267mW VDD_SOC 2482mW/3353mW/4226mW
08-10-2026 22:09:30 RAM 2685/15599MB (lfb 93x4MB) CPU [0%@729,0%@729,0%@729,0%@729,0%@729,0%@729,0%@729,0%@729] GR3D_FREQ 99% cv0@65.906C/76.968C cpu@70.031C/81.406C soc2@63.937C/73.562C soc0@66.656C/75.093C cv1@66.343C/75.468C gpu@70.25C/81.468C tj@70.25C/81.468C soc1@64.968C/72.906C cv2@62.656C/71.843C VDD_IN 11292mW/20456mW/29352mW VDD_CPU_GPU_CV 5680mW/12518mW/19267mW VDD_SOC 2482mW/3351mW/4226mW
08-10-2026 22:09:30 RAM 2685/15599MB (lfb 93x4MB) CPU [0%@729,1%@729,0%@729,0%@729,0%@729,0%@729,0%@729,0%@729] GR3D_FREQ 99% cv0@65.843C/76.968C cpu@70.062C/81.406C soc2@64.062C/73.562C soc0@66.75C/75.093C cv1@66.25C/75.468C gpu@70.125C/81.468C tj@70.125C/81.468C soc1@64.937C/72.906C cv2@62.656C/71.843C VDD_IN 11292mW/20428mW/29352mW VDD_CPU_GPU_CV 5689mW/12497mW/19267mW VDD_SOC 2482mW/3348mW/4226mW
08-10-2026 22:09:31 RAM 2685/15599MB (lfb 94x4MB) CPU [1%@729,0%@729,0%@729,1%@729,0%@729,0%@729,0%@729,0%@729] GR3D_FREQ 99% cv0@65.843C/76.968C cpu@69.906C/81.406C soc2@63.937C/73.562C soc0@66.75C/75.093C cv1@66.25C/75.468C gpu@70.218C/81.468C tj@70.218C/81.468C soc1@64.906C/72.906C cv2@62.687C/71.843C VDD_IN 11292mW/20401mW/29352mW VDD_CPU_GPU_CV 5689mW/12476mW/19267mW VDD_SOC 2482mW/3345mW/4226mW
08-10-2026 22:09:31 RAM 2685/15599MB (lfb 94x4MB) CPU [0%@729,0%@729,0%@729,0%@729,0%@729,0%@729,0%@729,0%@729] GR3D_FREQ 99% cv0@65.875C/76.968C cpu@69.875C/81.406C soc2@63.937C/73.562C soc0@66.656C/75.093C cv1@66.187C/75.468C gpu@70.031C/81.468C tj@70.031C/81.468C soc1@64.843C/72.906C cv2@62.625C/71.843C VDD_IN 11292mW/20373mW/29352mW VDD_CPU_GPU_CV 5689mW/12456mW/19267mW VDD_SOC 2482mW/3343mW/4226mW
08-10-2026 22:09:32 RAM 2685/15599MB (lfb 94x4MB) CPU [0%@729,0%@729,0%@729,0%@729,0%@729,0%@729,0%@729,0%@729] GR3D_FREQ 99% cv0@65.843C/76.968C cpu@69.812C/81.406C soc2@63.875C/73.562C soc0@66.625C/75.093C cv1@66.156C/75.468C gpu@69.843C/81.468C tj@69.843C/81.468C soc1@64.968C/72.906C cv2@62.531C/71.843C VDD_IN 11292mW/20346mW/29352mW VDD_CPU_GPU_CV 5689mW/12436mW/19267mW VDD_SOC 2482mW/3340mW/4226mW
08-10-2026 22:09:32 RAM 2685/15599MB (lfb 94x4MB) CPU [0%@729,0%@729,0%@729,0%@729,0%@729,0%@729,0%@729,0%@729] GR3D_FREQ 99% cv0@65.781C/76.968C cpu@70C/81.406C soc2@63.812C/73.562C soc0@66.531C/75.093C cv1@66.125C/75.468C gpu@70.031C/81.468C tj@70.031C/81.468C soc1@64.875C/72.906C cv2@62.531C/71.843C VDD_IN 11292mW/20319mW/29352mW VDD_CPU_GPU_CV 5680mW/12416mW/19267mW VDD_SOC 2482mW/3338mW/4226mW
08-10-2026 22:09:33 RAM 2684/15599MB (lfb 94x4MB) CPU [0%@729,1%@729,0%@729,0%@729,0%@729,0%@729,0%@729,0%@729] GR3D_FREQ 99% cv0@65.718C/76.968C cpu@69.718C/81.406C soc2@63.906C/73.562C soc0@66.625C/75.093C cv1@66.156C/75.468C gpu@69.812C/81.468C tj@69.812C/81.468C soc1@64.718C/72.906C cv2@62.468C/71.843C VDD_IN 11292mW/20292mW/29352mW VDD_CPU_GPU_CV 5680mW/12396mW/19267mW VDD_SOC 2482mW/3335mW/4226mW
08-10-2026 22:09:33 RAM 2684/15599MB (lfb 94x4MB) CPU [0%@729,3%@729,0%@729,0%@729,0%@729,0%@729,0%@729,0%@729] GR3D_FREQ 99% cv0@65.687C/76.968C cpu@69.687C/81.406C soc2@63.875C/73.562C soc0@66.593C/75.093C cv1@66.093C/75.468C gpu@69.843C/81.468C tj@69.843C/81.468C soc1@64.75C/72.906C cv2@62.5C/71.843C VDD_IN 11292mW/20266mW/29352mW VDD_CPU_GPU_CV 5689mW/12376mW/19267mW VDD_SOC 2482mW/3333mW/4226mW
08-10-2026 22:09:34 RAM 2684/15599MB (lfb 94x4MB) CPU [0%@729,0%@729,0%@729,0%@729,0%@729,0%@729,0%@729,0%@729] GR3D_FREQ 99% cv0@65.75C/76.968C cpu@69.687C/81.406C soc2@63.812C/73.562C soc0@66.468C/75.093C cv1@66.031C/75.468C gpu@69.781C/81.468C tj@69.781C/81.468C soc1@64.656C/72.906C cv2@62.5C/71.843C VDD_IN 11292mW/20239mW/29352mW VDD_CPU_GPU_CV 5680mW/12356mW/19267mW VDD_SOC 2482mW/3330mW/4226mW
08-10-2026 22:09:34 RAM 2684/15599MB (lfb 94x4MB) CPU [0%@729,0%@729,0%@729,0%@729,0%@729,0%@729,0%@729,0%@729] GR3D_FREQ 99% cv0@65.593C/76.968C cpu@69.75C/81.406C soc2@63.656C/73.562C soc0@66.437C/75.093C cv1@65.937C/75.468C gpu@69.718C/81.468C tj@69.75C/81.468C soc1@64.843C/72.906C cv2@62.375C/71.843C VDD_IN 11292mW/20213mW/29352mW VDD_CPU_GPU_CV 5680mW/12336mW/19267mW VDD_SOC 2482mW/3328mW/4226mW
08-10-2026 22:09:35 RAM 2684/15599MB (lfb 94x4MB) CPU [1%@729,0%@729,0%@729,0%@729,0%@729,0%@729,0%@729,0%@729] GR3D_FREQ 99% cv0@65.625C/76.968C cpu@69.625C/81.406C soc2@63.687C/73.562C soc0@66.281C/75.093C cv1@65.937C/75.468C gpu@69.906C/81.468C tj@69.906C/81.468C soc1@64.718C/72.906C cv2@62.375C/71.843C VDD_IN 11292mW/20186mW/29352mW VDD_CPU_GPU_CV 5680mW/12317mW/19267mW VDD_SOC 2482mW/3325mW/4226mW
08-10-2026 22:09:35 RAM 2684/15599MB (lfb 94x4MB) CPU [0%@729,0%@729,0%@729,0%@729,0%@729,0%@729,0%@729,0%@729] GR3D_FREQ 99% cv0@65.562C/76.968C cpu@69.687C/81.406C soc2@63.718C/73.562C soc0@66.5C/75.093C cv1@66C/75.468C gpu@69.656C/81.468C tj@69.687C/81.468C soc1@64.718C/72.906C cv2@62.343C/71.843C VDD_IN 11292mW/20160mW/29352mW VDD_CPU_GPU_CV 5680mW/12297mW/19267mW VDD_SOC 2482mW/3323mW/4226mW
08-10-2026 22:09:36 RAM 2684/15599MB (lfb 94x4MB) CPU [0%@729,1%@729,0%@729,0%@729,0%@729,0%@729,1%@729,0%@729] GR3D_FREQ 99% cv0@65.468C/76.968C cpu@69.75C/81.406C soc2@63.625C/73.562C soc0@66.437C/75.093C cv1@65.875C/75.468C gpu@69.843C/81.468C tj@69.843C/81.468C soc1@64.687C/72.906C cv2@62.281C/71.843C VDD_IN 11292mW/20134mW/29352mW VDD_CPU_GPU_CV 5680mW/12278mW/19267mW VDD_SOC 2482mW/3320mW/4226mW
08-10-2026 22:09:36 RAM 2684/15599MB (lfb 94x4MB) CPU [0%@729,0%@729,0%@729,0%@729,0%@729,0%@729,0%@729,0%@729] GR3D_FREQ 99% cv0@65.687C/76.968C cpu@69.531C/81.406C soc2@63.625C/73.562C soc0@66.406C/75.093C cv1@65.875C/75.468C gpu@69.687C/81.468C tj@69.687C/81.468C soc1@64.5C/72.906C cv2@62.312C/71.843C VDD_IN 11292mW/20109mW/29352mW VDD_CPU_GPU_CV 5680mW/12259mW/19267mW VDD_SOC 2482mW/3318mW/4226mW
08-10-2026 22:09:37 RAM 2684/15599MB (lfb 94x4MB) CPU [0%@729,0%@729,0%@729,0%@729,0%@729,0%@729,1%@729,0%@729] GR3D_FREQ 99% cv0@65.468C/76.968C cpu@69.531C/81.406C soc2@63.656C/73.562C soc0@66.281C/75.093C cv1@65.812C/75.468C gpu@69.781C/81.468C tj@69.781C/81.468C soc1@64.687C/72.906C cv2@62.25C/71.843C VDD_IN 11251mW/20083mW/29352mW VDD_CPU_GPU_CV 5680mW/12239mW/19267mW VDD_SOC 2482mW/3315mW/4226mW
08-10-2026 22:09:37 RAM 2684/15599MB (lfb 94x4MB) CPU [0%@729,0%@729,0%@729,0%@729,0%@729,0%@729,0%@729,0%@729] GR3D_FREQ 99% cv0@65.468C/76.968C cpu@69.468C/81.406C soc2@63.562C/73.562C soc0@66.281C/75.093C cv1@65.781C/75.468C gpu@69.625C/81.468C tj@69.625C/81.468C soc1@64.562C/72.906C cv2@62.156C/71.843C VDD_IN 11292mW/20057mW/29352mW VDD_CPU_GPU_CV 5680mW/12220mW/19267mW VDD_SOC 2482mW/3313mW/4226mW
08-10-2026 22:09:38 RAM 2684/15599MB (lfb 94x4MB) CPU [0%@729,0%@729,0%@729,0%@729,0%@729,0%@729,0%@729,0%@729] GR3D_FREQ 99% cv0@65.375C/76.968C cpu@69.593C/81.406C soc2@63.531C/73.562C soc0@66.343C/75.093C cv1@65.812C/75.468C gpu@69.531C/81.468C tj@69.593C/81.468C soc1@64.5C/72.906C cv2@62.125C/71.843C VDD_IN 11251mW/20032mW/29352mW VDD_CPU_GPU_CV 5689mW/12202mW/19267mW VDD_SOC 2482mW/3310mW/4226mW
08-10-2026 22:09:38 RAM 2684/15599MB (lfb 94x4MB) CPU [0%@729,0%@729,0%@729,0%@729,0%@729,0%@729,0%@729,0%@729] GR3D_FREQ 99% cv0@65.343C/76.968C cpu@69.437C/81.406C soc2@63.625C/73.562C soc0@66.187C/75.093C cv1@65.75C/75.468C gpu@69.593C/81.468C tj@69.593C/81.468C soc1@64.468C/72.906C cv2@62.093C/71.843C VDD_IN 11251mW/20007mW/29352mW VDD_CPU_GPU_CV 5689mW/12183mW/19267mW VDD_SOC 2482mW/3308mW/4226mW
08-10-2026 22:09:39 RAM 2684/15599MB (lfb 94x4MB) CPU [0%@729,0%@729,0%@729,0%@729,0%@729,0%@729,0%@729,0%@729] GR3D_FREQ 99% cv0@65.468C/76.968C cpu@69.5C/81.406C soc2@63.437C/73.562C soc0@66.218C/75.093C cv1@65.75C/75.468C gpu@69.5C/81.468C tj@69.5C/81.468C soc1@64.468C/72.906C cv2@62.187C/71.843C VDD_IN 11251mW/19982mW/29352mW VDD_CPU_GPU_CV 5680mW/12164mW/19267mW VDD_SOC 2482mW/3306mW/4226mW
08-10-2026 22:09:39 RAM 2684/15599MB (lfb 94x4MB) CPU [1%@729,1%@729,0%@729,0%@729,0%@729,0%@729,0%@729,0%@729] GR3D_FREQ 99% cv0@65.437C/76.968C cpu@69.375C/81.406C soc2@63.437C/73.562C soc0@66.156C/75.093C cv1@65.75C/75.468C gpu@69.406C/81.468C tj@69.406C/81.468C soc1@64.5C/72.906C cv2@62.156C/71.843C VDD_IN 11251mW/19957mW/29352mW VDD_CPU_GPU_CV 5680mW/12146mW/19267mW VDD_SOC 2482mW/3303mW/4226mW
08-10-2026 22:09:40 RAM 2684/15599MB (lfb 94x4MB) CPU [0%@729,1%@729,0%@729,0%@729,0%@729,0%@729,0%@729,0%@729] GR3D_FREQ 99% cv0@65.375C/76.968C cpu@69.343C/81.406C soc2@63.437C/73.562C soc0@66.093C/75.093C cv1@65.656C/75.468C gpu@69.437C/81.468C tj@69.437C/81.468C soc1@64.5C/72.906C cv2@62.031C/71.843C VDD_IN 11251mW/19932mW/29352mW VDD_CPU_GPU_CV 5680mW/12127mW/19267mW VDD_SOC 2482mW/3301mW/4226mW
08-10-2026 22:09:40 RAM 2684/15599MB (lfb 94x4MB) CPU [0%@729,0%@729,0%@729,0%@729,0%@729,0%@729,0%@729,0%@729] GR3D_FREQ 99% cv0@65.343C/76.968C cpu@69.281C/81.406C soc2@63.375C/73.562C soc0@66.187C/75.093C cv1@65.75C/75.468C gpu@69.312C/81.468C tj@69.312C/81.468C soc1@64.343C/72.906C cv2@62C/71.843C VDD_IN 11251mW/19907mW/29352mW VDD_CPU_GPU_CV 5680mW/12109mW/19267mW VDD_SOC 2482mW/3299mW/4226mW
08-10-2026 22:09:41 RAM 2684/15599MB (lfb 94x4MB) CPU [0%@729,0%@729,0%@729,0%@729,0%@729,0%@729,0%@729,0%@729] GR3D_FREQ 99% cv0@65.218C/76.968C cpu@69.5C/81.406C soc2@63.375C/73.562C soc0@66.156C/75.093C cv1@65.687C/75.468C gpu@69.531C/81.468C tj@69.531C/81.468C soc1@64.312C/72.906C cv2@62.031C/71.843C VDD_IN 11251mW/19882mW/29352mW VDD_CPU_GPU_CV 5680mW/12090mW/19267mW VDD_SOC 2482mW/3296mW/4226mW
08-10-2026 22:09:41 RAM 2684/15599MB (lfb 94x4MB) CPU [0%@729,0%@729,0%@729,0%@729,0%@729,0%@729,0%@729,0%@729] GR3D_FREQ 99% cv0@65.281C/76.968C cpu@69.312C/81.406C soc2@63.343C/73.562C soc0@66.062C/75.093C cv1@65.593C/75.468C gpu@69.281C/81.468C tj@69.312C/81.468C soc1@64.312C/72.906C cv2@62.062C/71.843C VDD_IN 11251mW/19858mW/29352mW VDD_CPU_GPU_CV 5680mW/12072mW/19267mW VDD_SOC 2482mW/3294mW/4226mW
08-10-2026 22:09:42 RAM 2684/15599MB (lfb 94x4MB) CPU [0%@729,0%@729,1%@729,0%@729,1%@729,0%@729,0%@729,0%@729] GR3D_FREQ 99% cv0@65.343C/76.968C cpu@69.312C/81.406C soc2@63.343C/73.562C soc0@65.937C/75.093C cv1@65.593C/75.468C gpu@69.375C/81.468C tj@69.375C/81.468C soc1@64.25C/72.906C cv2@61.937C/71.843C VDD_IN 11251mW/19834mW/29352mW VDD_CPU_GPU_CV 5689mW/12054mW/19267mW VDD_SOC 2482mW/3292mW/4226mW
08-10-2026 22:09:42 RAM 2684/15599MB (lfb 94x4MB) CPU [0%@729,1%@729,0%@729,0%@729,0%@729,1%@729,0%@729,0%@729] GR3D_FREQ 99% cv0@65.218C/76.968C cpu@69.156C/81.406C soc2@63.25C/73.562C soc0@66C/75.093C cv1@65.531C/75.468C gpu@69.437C/81.468C tj@69.437C/81.468C soc1@64.375C/72.906C cv2@61.875C/71.843C VDD_IN 11251mW/19809mW/29352mW VDD_CPU_GPU_CV 5640mW/12036mW/19267mW VDD_SOC 2482mW/3289mW/4226mW
08-10-2026 22:09:43 RAM 2684/15599MB (lfb 94x4MB) CPU [0%@729,0%@729,0%@729,0%@729,0%@729,0%@729,0%@729,0%@729] GR3D_FREQ 99% cv0@65.156C/76.968C cpu@69.281C/81.406C soc2@63.218C/73.562C soc0@66C/75.093C cv1@65.531C/75.468C gpu@69.5C/81.468C tj@69.5C/81.468C soc1@64.343C/72.906C cv2@61.875C/71.843C VDD_IN 11251mW/19785mW/29352mW VDD_CPU_GPU_CV 5689mW/12018mW/19267mW VDD_SOC 2482mW/3287mW/4226mW
08-10-2026 22:09:43 RAM 2684/15599MB (lfb 94x4MB) CPU [1%@729,0%@729,0%@729,0%@729,0%@729,0%@729,0%@729,0%@729] GR3D_FREQ 99% cv0@65.062C/76.968C cpu@69.437C/81.406C soc2@63.312C/73.562C soc0@66C/75.093C cv1@65.531C/75.468C gpu@69.281C/81.468C tj@69.437C/81.468C soc1@64.218C/72.906C cv2@61.812C/71.843C VDD_IN 11251mW/19761mW/29352mW VDD_CPU_GPU_CV 5640mW/12000mW/19267mW VDD_SOC 2482mW/3285mW/4226mW
08-10-2026 22:09:44 RAM 2684/15599MB (lfb 94x4MB) CPU [1%@729,0%@729,0%@729,0%@729,0%@729,0%@729,0%@729,0%@729] GR3D_FREQ 99% cv0@65.156C/76.968C cpu@69.218C/81.406C soc2@63.25C/73.562C soc0@65.968C/75.093C cv1@65.437C/75.468C gpu@69.25C/81.468C tj@69.25C/81.468C soc1@64.062C/72.906C cv2@61.875C/71.843C VDD_IN 11251mW/19738mW/29352mW VDD_CPU_GPU_CV 5648mW/11983mW/19267mW VDD_SOC 2482mW/3283mW/4226mW
08-10-2026 22:09:44 RAM 2684/15599MB (lfb 94x4MB) CPU [0%@729,0%@729,0%@729,0%@729,0%@729,0%@729,0%@729,0%@729] GR3D_FREQ 99% cv0@65.093C/76.968C cpu@69.093C/81.406C soc2@63.156C/73.562C soc0@65.875C/75.093C cv1@65.406C/75.468C gpu@69.281C/81.468C tj@69.281C/81.468C soc1@64.125C/72.906C cv2@61.875C/71.843C VDD_IN 11251mW/19714mW/29352mW VDD_CPU_GPU_CV 5640mW/11965mW/19267mW VDD_SOC 2482mW/3280mW/4226mW
08-10-2026 22:09:45 RAM 2684/15599MB (lfb 94x4MB) CPU [0%@729,0%@729,0%@729,0%@729,0%@729,0%@729,0%@729,0%@729] GR3D_FREQ 100% cv0@65.156C/76.968C cpu@69.093C/81.406C soc2@63.125C/73.562C soc0@65.843C/75.093C cv1@65.343C/75.468C gpu@69.156C/81.468C tj@69.156C/81.468C soc1@64.25C/72.906C cv2@61.781C/71.843C VDD_IN 11251mW/19691mW/29352mW VDD_CPU_GPU_CV 5640mW/11947mW/19267mW VDD_SOC 2482mW/3278mW/4226mW
08-10-2026 22:09:45 RAM 2684/15599MB (lfb 94x4MB) CPU [0%@729,0%@729,0%@729,0%@729,0%@729,0%@729,0%@729,0%@729] GR3D_FREQ 99% cv0@64.968C/76.968C cpu@68.937C/81.406C soc2@63.093C/73.562C soc0@65.937C/75.093C cv1@65.5C/75.468C gpu@69.312C/81.468C tj@69.312C/81.468C soc1@64.187C/72.906C cv2@61.75C/71.843C VDD_IN 11251mW/19667mW/29352mW VDD_CPU_GPU_CV 5640mW/11930mW/19267mW VDD_SOC 2482mW/3276mW/4226mW
08-10-2026 22:09:46 RAM 2684/15599MB (lfb 94x4MB) CPU [0%@729,1%@729,1%@729,1%@729,0%@729,0%@729,0%@729,0%@729] GR3D_FREQ 99% cv0@64.906C/76.968C cpu@69.093C/81.406C soc2@63.093C/73.562C soc0@65.906C/75.093C cv1@65.5C/75.468C gpu@69.093C/81.468C tj@69.093C/81.468C soc1@64.093C/72.906C cv2@61.718C/71.843C VDD_IN 11251mW/19644mW/29352mW VDD_CPU_GPU_CV 5640mW/11913mW/19267mW VDD_SOC 2482mW/3274mW/4226mW
08-10-2026 22:09:46 RAM 2684/15599MB (lfb 94x4MB) CPU [0%@729,0%@729,0%@729,0%@729,0%@729,0%@729,0%@729,0%@729] GR3D_FREQ 99% cv0@64.968C/76.968C cpu@69.093C/81.406C soc2@63.125C/73.562C soc0@65.812C/75.093C cv1@65.375C/75.468C gpu@69.375C/81.468C tj@69.375C/81.468C soc1@64.062C/72.906C cv2@61.781C/71.843C VDD_IN 11251mW/19621mW/29352mW VDD_CPU_GPU_CV 5648mW/11895mW/19267mW VDD_SOC 2482mW/3272mW/4226mW
08-10-2026 22:09:47 RAM 2684/15599MB (lfb 94x4MB) CPU [0%@729,1%@729,0%@729,0%@729,0%@729,0%@729,0%@729,0%@729] GR3D_FREQ 100% cv0@65C/76.968C cpu@68.937C/81.406C soc2@63C/73.562C soc0@65.812C/75.093C cv1@65.281C/75.468C gpu@69.218C/81.468C tj@69.218C/81.468C soc1@64.031C/72.906C cv2@61.75C/71.843C VDD_IN 11251mW/19598mW/29352mW VDD_CPU_GPU_CV 5648mW/11878mW/19267mW VDD_SOC 2482mW/3269mW/4226mW
08-10-2026 22:09:47 RAM 2684/15599MB (lfb 94x4MB) CPU [0%@729,0%@729,0%@729,0%@729,0%@729,0%@729,0%@729,0%@729] GR3D_FREQ 99% cv0@64.937C/76.968C cpu@68.906C/81.406C soc2@63C/73.562C soc0@65.75C/75.093C cv1@65.25C/75.468C gpu@69.062C/81.468C tj@69.062C/81.468C soc1@64.062C/72.906C cv2@61.656C/71.843C VDD_IN 11251mW/19575mW/29352mW VDD_CPU_GPU_CV 5640mW/11861mW/19267mW VDD_SOC 2482mW/3267mW/4226mW
08-10-2026 22:09:48 RAM 2684/15599MB (lfb 94x4MB) CPU [1%@729,0%@729,0%@729,0%@729,0%@729,0%@729,0%@729,0%@729] GR3D_FREQ 99% cv0@64.875C/76.968C cpu@68.843C/81.406C soc2@62.906C/73.562C soc0@65.781C/75.093C cv1@65.312C/75.468C gpu@69.125C/81.468C tj@69.125C/81.468C soc1@64.031C/72.906C cv2@61.562C/71.843C VDD_IN 11251mW/19552mW/29352mW VDD_CPU_GPU_CV 5648mW/11844mW/19267mW VDD_SOC 2482mW/3265mW/4226mW
08-10-2026 22:09:48 RAM 2684/15599MB (lfb 94x4MB) CPU [0%@729,0%@729,0%@729,0%@729,0%@729,0%@729,0%@729,0%@729] GR3D_FREQ 99% cv0@64.75C/76.968C cpu@69.031C/81.406C soc2@63C/73.562C soc0@65.781C/75.093C cv1@65.343C/75.468C gpu@68.968C/81.468C tj@69.031C/81.468C soc1@64C/72.906C cv2@61.593C/71.843C VDD_IN 11251mW/19530mW/29352mW VDD_CPU_GPU_CV 5640mW/11827mW/19267mW VDD_SOC 2482mW/3263mW/4226mW
08-10-2026 22:09:49 RAM 2684/15599MB (lfb 94x4MB) CPU [0%@729,0%@729,0%@729,0%@729,0%@729,0%@729,0%@729,0%@729] GR3D_FREQ 99% cv0@64.875C/76.968C cpu@68.875C/81.406C soc2@62.906C/73.562C soc0@65.687C/75.093C cv1@65.187C/75.468C gpu@68.968C/81.468C tj@68.968C/81.468C soc1@63.906C/72.906C cv2@61.625C/71.843C VDD_IN 11251mW/19507mW/29352mW VDD_CPU_GPU_CV 5640mW/11810mW/19267mW VDD_SOC 2482mW/3261mW/4226mW
08-10-2026 22:09:49 RAM 2684/15599MB (lfb 94x4MB) CPU [0%@729,1%@729,0%@729,0%@729,0%@729,0%@729,0%@729,0%@729] GR3D_FREQ 99% cv0@64.875C/76.968C cpu@68.843C/81.406C soc2@62.937C/73.562C soc0@65.593C/75.093C cv1@65.156C/75.468C gpu@69C/81.468C tj@69C/81.468C soc1@63.875C/72.906C cv2@61.687C/71.843C VDD_IN 11251mW/19485mW/29352mW VDD_CPU_GPU_CV 5648mW/11794mW/19267mW VDD_SOC 2482mW/3259mW/4226mW
08-10-2026 22:09:50 RAM 2684/15599MB (lfb 94x4MB) CPU [0%@729,0%@729,0%@729,0%@729,0%@729,0%@729,0%@729,0%@729] GR3D_FREQ 99% cv0@64.812C/76.968C cpu@68.812C/81.406C soc2@62.781C/73.562C soc0@65.531C/75.093C cv1@65.187C/75.468C gpu@68.968C/81.468C tj@68.968C/81.468C soc1@64C/72.906C cv2@61.5C/71.843C VDD_IN 11251mW/19462mW/29352mW VDD_CPU_GPU_CV 5640mW/11777mW/19267mW VDD_SOC 2482mW/3257mW/4226mW
08-10-2026 22:09:51 RAM 2684/15599MB (lfb 94x4MB) CPU [0%@729,0%@729,0%@729,0%@729,0%@729,0%@729,0%@729,0%@729] GR3D_FREQ 99% cv0@64.718C/76.968C cpu@69C/81.406C soc2@62.875C/73.562C soc0@65.656C/75.093C cv1@65.281C/75.468C gpu@69.125C/81.468C tj@69.125C/81.468C soc1@63.875C/72.906C cv2@61.406C/71.843C VDD_IN 11251mW/19440mW/29352mW VDD_CPU_GPU_CV 5640mW/11761mW/19267mW VDD_SOC 2482mW/3255mW/4226mW
08-10-2026 22:09:51 RAM 2684/15599MB (lfb 94x4MB) CPU [1%@729,0%@729,0%@729,0%@729,0%@729,0%@729,0%@729,0%@729] GR3D_FREQ 99% cv0@64.656C/76.968C cpu@68.718C/81.406C soc2@62.875C/73.562C soc0@65.625C/75.093C cv1@65.093C/75.468C gpu@68.812C/81.468C tj@68.812C/81.468C soc1@63.843C/72.906C cv2@61.375C/71.843C VDD_IN 11251mW/19418mW/29352mW VDD_CPU_GPU_CV 5640mW/11744mW/19267mW VDD_SOC 2482mW/3253mW/4226mW
08-10-2026 22:09:52 RAM 2684/15599MB (lfb 94x4MB) CPU [0%@729,0%@729,0%@729,0%@729,0%@729,0%@729,0%@729,0%@729] GR3D_FREQ 99% cv0@64.781C/76.968C cpu@68.875C/81.406C soc2@62.812C/73.562C soc0@65.562C/75.093C cv1@65.062C/75.468C gpu@68.968C/81.468C tj@68.968C/81.468C soc1@63.781C/72.906C cv2@61.5C/71.843C VDD_IN 11251mW/19396mW/29352mW VDD_CPU_GPU_CV 5648mW/11728mW/19267mW VDD_SOC 2482mW/3250mW/4226mW
08-10-2026 22:09:52 RAM 2684/15599MB (lfb 94x4MB) CPU [0%@729,0%@729,0%@729,0%@729,0%@729,0%@729,0%@729,0%@729] GR3D_FREQ 99% cv0@64.687C/76.968C cpu@68.75C/81.406C soc2@62.781C/73.562C soc0@65.406C/75.093C cv1@65.093C/75.468C gpu@68.906C/81.468C tj@68.906C/81.468C soc1@63.812C/72.906C cv2@61.375C/71.843C VDD_IN 11251mW/19375mW/29352mW VDD_CPU_GPU_CV 5648mW/11712mW/19267mW VDD_SOC 2482mW/3248mW/4226mW
08-10-2026 22:09:53 RAM 2684/15599MB (lfb 94x4MB) CPU [1%@729,0%@729,0%@729,0%@729,0%@729,0%@729,0%@729,0%@729] GR3D_FREQ 99% cv0@64.656C/76.968C cpu@68.687C/81.406C soc2@62.687C/73.562C soc0@65.375C/75.093C cv1@64.968C/75.468C gpu@68.968C/81.468C tj@68.968C/81.468C soc1@63.843C/72.906C cv2@61.375C/71.843C VDD_IN 11211mW/19353mW/29352mW VDD_CPU_GPU_CV 5640mW/11695mW/19267mW VDD_SOC 2482mW/3246mW/4226mW
08-10-2026 22:09:53 RAM 2684/15599MB (lfb 94x4MB) CPU [0%@729,0%@729,0%@729,0%@729,1%@729,0%@729,0%@729,0%@729] GR3D_FREQ 99% cv0@64.562C/76.968C cpu@68.656C/81.406C soc2@62.75C/73.562C soc0@65.5C/75.093C cv1@65.062C/75.468C gpu@68.812C/81.468C tj@68.812C/81.468C soc1@63.812C/72.906C cv2@61.312C/71.843C VDD_IN 11211mW/19331mW/29352mW VDD_CPU_GPU_CV 5640mW/11679mW/19267mW VDD_SOC 2482mW/3244mW/4226mW
08-10-2026 22:09:54 RAM 2684/15599MB (lfb 94x4MB) CPU [0%@729,0%@729,0%@729,0%@729,0%@729,0%@729,0%@729,0%@729] GR3D_FREQ 99% cv0@64.531C/76.968C cpu@68.781C/81.406C soc2@62.718C/73.562C soc0@65.437C/75.093C cv1@65.031C/75.468C gpu@68.75C/81.468C tj@68.781C/81.468C soc1@63.781C/72.906C cv2@61.312C/71.843C VDD_IN 11211mW/19310mW/29352mW VDD_CPU_GPU_CV 5648mW/11663mW/19267mW VDD_SOC 2482mW/3242mW/4226mW
08-10-2026 22:09:54 RAM 2684/15599MB (lfb 94x4MB) CPU [0%@729,0%@729,0%@729,0%@729,0%@729,0%@729,0%@729,0%@729] GR3D_FREQ 99% cv0@64.562C/76.968C cpu@68.812C/81.406C soc2@62.75C/73.562C soc0@65.406C/75.093C cv1@65.031C/75.468C gpu@68.781C/81.468C tj@68.812C/81.468C soc1@63.656C/72.906C cv2@61.406C/71.843C VDD_IN 11211mW/19288mW/29352mW VDD_CPU_GPU_CV 5648mW/11647mW/19267mW VDD_SOC 2482mW/3240mW/4226mW
08-10-2026 22:09:55 RAM 2684/15599MB (lfb 94x4MB) CPU [0%@729,0%@729,0%@729,0%@729,0%@729,0%@729,0%@729,0%@729] GR3D_FREQ 99% cv0@64.562C/76.968C cpu@68.593C/81.406C soc2@62.656C/73.562C soc0@65.375C/75.093C cv1@65.031C/75.468C gpu@68.687C/81.468C tj@68.687C/81.468C soc1@63.593C/72.906C cv2@61.343C/71.843C VDD_IN 11211mW/19267mW/29352mW VDD_CPU_GPU_CV 5640mW/11631mW/19267mW VDD_SOC 2482mW/3238mW/4226mW
08-10-2026 22:09:55 RAM 2684/15599MB (lfb 94x4MB) CPU [0%@729,0%@729,0%@729,1%@729,1%@729,0%@729,0%@729,0%@729] GR3D_FREQ 99% cv0@64.468C/76.968C cpu@68.531C/81.406C soc2@62.531C/73.562C soc0@65.312C/75.093C cv1@64.843C/75.468C gpu@68.687C/81.468C tj@68.687C/81.468C soc1@63.718C/72.906C cv2@61.281C/71.843C VDD_IN 11251mW/19246mW/29352mW VDD_CPU_GPU_CV 5640mW/11616mW/19267mW VDD_SOC 2482mW/3236mW/4226mW
08-10-2026 22:09:56 RAM 2684/15599MB (lfb 94x4MB) CPU [0%@729,0%@729,0%@729,0%@729,0%@729,0%@729,0%@729,0%@729] GR3D_FREQ 99% cv0@64.437C/76.968C cpu@68.531C/81.406C soc2@62.625C/73.562C soc0@65.468C/75.093C cv1@64.968C/75.468C gpu@68.625C/81.468C tj@68.625C/81.468C soc1@63.687C/72.906C cv2@61.218C/71.843C VDD_IN 11211mW/19225mW/29352mW VDD_CPU_GPU_CV 5640mW/11600mW/19267mW VDD_SOC 2482mW/3234mW/4226mW
08-10-2026 22:09:56 RAM 2684/15599MB (lfb 94x4MB) CPU [0%@729,0%@729,0%@729,0%@729,0%@729,0%@729,0%@729,0%@729] GR3D_FREQ 99% cv0@64.406C/76.968C cpu@68.687C/81.406C soc2@62.531C/73.562C soc0@65.406C/75.093C cv1@64.843C/75.468C gpu@68.5C/81.468C tj@68.687C/81.468C soc1@63.687C/72.906C cv2@61.25C/71.843C VDD_IN 11211mW/19204mW/29352mW VDD_CPU_GPU_CV 5640mW/11584mW/19267mW VDD_SOC 2482mW/3232mW/4226mW
08-10-2026 22:09:57 RAM 2684/15599MB (lfb 94x4MB) CPU [1%@729,0%@729,0%@729,0%@729,0%@729,0%@729,0%@729,0%@729] GR3D_FREQ 99% cv0@64.406C/76.968C cpu@68.468C/81.406C soc2@62.593C/73.562C soc0@65.281C/75.093C cv1@64.875C/75.468C gpu@68.593C/81.468C tj@68.593C/81.468C soc1@63.593C/72.906C cv2@61.218C/71.843C VDD_IN 11211mW/19183mW/29352mW VDD_CPU_GPU_CV 5648mW/11569mW/19267mW VDD_SOC 2482mW/3230mW/4226mW
08-10-2026 22:09:57 RAM 2684/15599MB (lfb 94x4MB) CPU [0%@729,1%@729,0%@729,0%@729,0%@729,0%@729,0%@729,0%@729] GR3D_FREQ 100% cv0@64.531C/76.968C cpu@68.593C/81.406C soc2@62.468C/73.562C soc0@65.25C/75.093C cv1@64.75C/75.468C gpu@68.875C/81.468C tj@68.875C/81.468C soc1@63.5C/72.906C cv2@61.25C/71.843C VDD_IN 11211mW/19162mW/29352mW VDD_CPU_GPU_CV 5640mW/11553mW/19267mW VDD_SOC 2482mW/3228mW/4226mW
08-10-2026 22:09:58 RAM 2684/15599MB (lfb 94x4MB) CPU [0%@729,0%@729,0%@729,0%@729,0%@729,0%@729,0%@729,0%@729] GR3D_FREQ 99% cv0@64.437C/76.968C cpu@68.468C/81.406C soc2@62.437C/73.562C soc0@65.156C/75.093C cv1@64.781C/75.468C gpu@68.687C/81.468C tj@68.687C/81.468C soc1@63.593C/72.906C cv2@61.187C/71.843C VDD_IN 11211mW/19141mW/29352mW VDD_CPU_GPU_CV 5648mW/11538mW/19267mW VDD_SOC 2482mW/3227mW/4226mW
08-10-2026 22:09:58 RAM 2684/15599MB (lfb 94x4MB) CPU [0%@729,1%@729,0%@729,0%@729,0%@729,0%@729,0%@729,0%@729] GR3D_FREQ 99% cv0@64.375C/76.968C cpu@68.312C/81.406C soc2@62.5C/73.562C soc0@65.125C/75.093C cv1@64.875C/75.468C gpu@68.625C/81.468C tj@68.75C/81.468C soc1@63.562C/72.906C cv2@61.156C/71.843C VDD_IN 11211mW/19121mW/29352mW VDD_CPU_GPU_CV 5648mW/11523mW/19267mW VDD_SOC 2482mW/3225mW/4226mW
08-10-2026 22:09:59 RAM 2684/15599MB (lfb 94x4MB) CPU [0%@729,0%@729,0%@729,0%@729,0%@729,0%@729,0%@729,0%@729] GR3D_FREQ 99% cv0@64.406C/76.968C cpu@68.312C/81.406C soc2@62.375C/73.562C soc0@65.218C/75.093C cv1@64.843C/75.468C gpu@68.593C/81.468C tj@68.593C/81.468C soc1@63.468C/72.906C cv2@60.968C/71.843C VDD_IN 11211mW/19100mW/29352mW VDD_CPU_GPU_CV 5640mW/11508mW/19267mW VDD_SOC 2482mW/3223mW/4226mW
08-10-2026 22:09:59 RAM 2684/15599MB (lfb 94x4MB) CPU [0%@729,1%@729,0%@729,0%@729,0%@729,0%@729,0%@729,0%@729] GR3D_FREQ 99% cv0@64.343C/76.968C cpu@68.562C/81.406C soc2@62.406C/73.562C soc0@65.187C/75.093C cv1@64.718C/75.468C gpu@68.562C/81.468C tj@68.562C/81.468C soc1@63.406C/72.906C cv2@60.968C/71.843C VDD_IN 11211mW/19080mW/29352mW VDD_CPU_GPU_CV 5648mW/11493mW/19267mW VDD_SOC 2482mW/3221mW/4226mW
08-10-2026 22:10:00 RAM 2684/15599MB (lfb 94x4MB) CPU [0%@729,0%@729,0%@729,0%@729,0%@729,0%@729,0%@729,0%@729] GR3D_FREQ 99% cv0@64.375C/76.968C cpu@68.343C/81.406C soc2@62.437C/73.562C soc0@65.218C/75.093C cv1@64.781C/75.468C gpu@68.468C/81.468C tj@68.468C/81.468C soc1@63.375C/72.906C cv2@61.156C/71.843C VDD_IN 11211mW/19060mW/29352mW VDD_CPU_GPU_CV 5640mW/11478mW/19267mW VDD_SOC 2482mW/3219mW/4226mW
08-10-2026 22:10:00 RAM 2684/15599MB (lfb 94x4MB) CPU [0%@729,0%@729,0%@729,0%@729,0%@729,0%@729,0%@729,0%@729] GR3D_FREQ 99% cv0@64.281C/76.968C cpu@68.468C/81.406C soc2@62.437C/73.562C soc0@65.062C/75.093C cv1@64.656C/75.468C gpu@68.437C/81.468C tj@68.468C/81.468C soc1@63.593C/72.906C cv2@60.968C/71.843C VDD_IN 11211mW/19040mW/29352mW VDD_CPU_GPU_CV 5640mW/11463mW/19267mW VDD_SOC 2482mW/3217mW/4226mW
08-10-2026 22:10:01 RAM 2684/15599MB (lfb 94x4MB) CPU [1%@729,0%@729,0%@729,0%@729,0%@729,0%@729,0%@729,0%@729] GR3D_FREQ 99% cv0@64.25C/76.968C cpu@68.312C/81.406C soc2@62.343C/73.562C soc0@65.031C/75.093C cv1@64.593C/75.468C gpu@68.312C/81.468C tj@68.312C/81.468C soc1@63.468C/72.906C cv2@60.937C/71.843C VDD_IN 11211mW/19020mW/29352mW VDD_CPU_GPU_CV 5640mW/11448mW/19267mW VDD_SOC 2482mW/3215mW/4226mW
08-10-2026 22:10:01 RAM 2684/15599MB (lfb 94x4MB) CPU [0%@729,0%@729,0%@729,1%@729,0%@729,0%@729,0%@729,0%@729] GR3D_FREQ 99% cv0@64.187C/76.968C cpu@68.406C/81.406C soc2@62.281C/73.562C soc0@65.125C/75.093C cv1@64.656C/75.468C gpu@68.625C/81.468C tj@68.625C/81.468C soc1@63.375C/72.906C cv2@60.875C/71.843C VDD_IN 11211mW/19000mW/29352mW VDD_CPU_GPU_CV 5640mW/11433mW/19267mW VDD_SOC 2482mW/3213mW/4226mW
08-10-2026 22:10:02 RAM 2684/15599MB (lfb 94x4MB) CPU [0%@729,0%@729,0%@729,0%@729,0%@729,0%@729,0%@729,0%@729] GR3D_FREQ 99% cv0@64.25C/76.968C cpu@68.5C/81.406C soc2@62.375C/73.562C soc0@65.156C/75.093C cv1@64.562C/75.468C gpu@68.312C/81.468C tj@68.5C/81.468C soc1@63.343C/72.906C cv2@60.875C/71.843C VDD_IN 11211mW/18980mW/29352mW VDD_CPU_GPU_CV 5640mW/11418mW/19267mW VDD_SOC 2482mW/3211mW/4226mW
08-10-2026 22:10:02 RAM 2684/15599MB (lfb 94x4MB) CPU [0%@729,0%@729,0%@729,0%@729,0%@729,0%@729,0%@729,0%@729] GR3D_FREQ 99% cv0@64.281C/76.968C cpu@68.281C/81.406C soc2@62.375C/73.562C soc0@65C/75.093C cv1@64.625C/75.468C gpu@68.406C/81.468C tj@68.406C/81.468C soc1@63.218C/72.906C cv2@60.968C/71.843C VDD_IN 11211mW/18960mW/29352mW VDD_CPU_GPU_CV 5640mW/11403mW/19267mW VDD_SOC 2482mW/3210mW/4226mW
08-10-2026 22:10:03 RAM 2684/15599MB (lfb 94x4MB) CPU [0%@729,0%@729,0%@729,0%@729,0%@729,0%@729,0%@729,0%@729] GR3D_FREQ 99% cv0@64.156C/76.968C cpu@68.125C/81.406C soc2@62.375C/73.562C soc0@64.906C/75.093C cv1@64.531C/75.468C gpu@68.437C/81.468C tj@68.437C/81.468C soc1@63.25C/72.906C cv2@60.875C/71.843C VDD_IN 11211mW/18941mW/29352mW VDD_CPU_GPU_CV 5640mW/11389mW/19267mW VDD_SOC 2482mW/3208mW/4226mW
08-10-2026 22:10:03 RAM 2684/15599MB (lfb 94x4MB) CPU [0%@729,0%@729,0%@729,0%@729,0%@729,0%@729,0%@729,0%@729] GR3D_FREQ 99% cv0@64.125C/76.968C cpu@68.187C/81.406C soc2@62.218C/73.562C soc0@65.125C/75.093C cv1@64.468C/75.468C gpu@68.468C/81.468C tj@68.468C/81.468C soc1@63.343C/72.906C cv2@60.875C/71.843C VDD_IN 11211mW/18921mW/29352mW VDD_CPU_GPU_CV 5640mW/11374mW/19267mW VDD_SOC 2482mW/3206mW/4226mW
08-10-2026 22:10:04 RAM 2684/15599MB (lfb 94x4MB) CPU [0%@729,1%@729,0%@729,0%@729,0%@729,0%@729,0%@729,0%@729] GR3D_FREQ 99% cv0@64.062C/76.968C cpu@68.125C/81.406C soc2@62.125C/73.562C soc0@64.968C/75.093C cv1@64.562C/75.468C gpu@68.406C/81.468C tj@68.406C/81.468C soc1@63.25C/72.906C cv2@60.812C/71.843C VDD_IN 11211mW/18902mW/29352mW VDD_CPU_GPU_CV 5648mW/11360mW/19267mW VDD_SOC 2482mW/3204mW/4226mW
08-10-2026 22:10:04 RAM 2684/15599MB (lfb 94x4MB) CPU [0%@729,0%@729,0%@729,1%@729,0%@729,0%@729,0%@729,0%@729] GR3D_FREQ 99% cv0@64C/76.968C cpu@68.281C/81.406C soc2@62.218C/73.562C soc0@64.968C/75.093C cv1@64.531C/75.468C gpu@68.187C/81.468C tj@68.281C/81.468C soc1@63.187C/72.906C cv2@60.718C/71.843C VDD_IN 11211mW/18882mW/29352mW VDD_CPU_GPU_CV 5640mW/11346mW/19267mW VDD_SOC 2482mW/3202mW/4226mW
08-10-2026 22:10:05 RAM 2684/15599MB (lfb 94x4MB) CPU [1%@729,1%@729,0%@729,0%@729,0%@729,0%@729,0%@729,1%@729] GR3D_FREQ 99% cv0@64.125C/76.968C cpu@68.281C/81.406C soc2@62.156C/73.562C soc0@64.875C/75.093C cv1@64.5C/75.468C gpu@68.25C/81.468C tj@68.281C/81.468C soc1@63.125C/72.906C cv2@60.812C/71.843C VDD_IN 11211mW/18863mW/29352mW VDD_CPU_GPU_CV 5640mW/11331mW/19267mW VDD_SOC 2482mW/3200mW/4226mW
08-10-2026 22:10:05 RAM 2684/15599MB (lfb 94x4MB) CPU [2%@729,0%@729,0%@729,0%@729,0%@729,0%@729,1%@729,0%@729] GR3D_FREQ 100% cv0@64.125C/76.968C cpu@68.187C/81.406C soc2@62.125C/73.562C soc0@64.843C/75.093C cv1@64.468C/75.468C gpu@68.156C/81.468C tj@68.187C/81.468C soc1@63.156C/72.906C cv2@60.812C/71.843C VDD_IN 11211mW/18844mW/29352mW VDD_CPU_GPU_CV 5648mW/11317mW/19267mW VDD_SOC 2482mW/3199mW/4226mW
08-10-2026 22:10:06 RAM 2684/15599MB (lfb 94x4MB) CPU [0%@729,1%@729,0%@729,0%@729,0%@729,0%@729,0%@729,0%@729] GR3D_FREQ 99% cv0@64.031C/76.968C cpu@68.031C/81.406C soc2@62.093C/73.562C soc0@64.843C/75.093C cv1@64.375C/75.468C gpu@68.187C/81.468C tj@68.187C/81.468C soc1@63.125C/72.906C cv2@60.718C/71.843C VDD_IN 11211mW/18825mW/29352mW VDD_CPU_GPU_CV 5648mW/11303mW/19267mW VDD_SOC 2482mW/3197mW/4226mW
08-10-2026 22:10:06 RAM 2684/15599MB (lfb 94x4MB) CPU [0%@729,0%@729,0%@729,0%@729,0%@729,0%@729,0%@729,0%@729] GR3D_FREQ 99% cv0@63.937C/76.968C cpu@68.031C/81.406C soc2@62.125C/73.562C soc0@64.968C/75.093C cv1@64.375C/75.468C gpu@68.187C/81.468C tj@68.187C/81.468C soc1@63.281C/72.906C cv2@60.687C/71.843C VDD_IN 11211mW/18806mW/29352mW VDD_CPU_GPU_CV 5640mW/11289mW/19267mW VDD_SOC 2482mW/3195mW/4226mW
08-10-2026 22:10:07 RAM 2684/15599MB (lfb 94x4MB) CPU [0%@729,1%@729,0%@729,0%@729,0%@729,0%@729,0%@729,0%@729] GR3D_FREQ 99% cv0@63.906C/76.968C cpu@68.25C/81.406C soc2@61.937C/73.562C soc0@64.843C/75.093C cv1@64.437C/75.468C gpu@68.125C/81.468C tj@68.25C/81.468C soc1@63.125C/72.906C cv2@60.625C/71.843C VDD_IN 11211mW/18787mW/29352mW VDD_CPU_GPU_CV 5648mW/11275mW/19267mW VDD_SOC 2482mW/3193mW/4226mW
08-10-2026 22:10:07 RAM 2684/15599MB (lfb 94x4MB) CPU [0%@729,0%@729,1%@729,0%@729,0%@729,0%@729,0%@729,0%@729] GR3D_FREQ 100% cv0@63.906C/76.968C cpu@68.156C/81.406C soc2@62.093C/73.562C soc0@64.843C/75.093C cv1@64.375C/75.468C gpu@68.156C/81.468C tj@68.156C/81.468C soc1@63C/72.906C cv2@60.75C/71.843C VDD_IN 11211mW/18768mW/29352mW VDD_CPU_GPU_CV 5640mW/11261mW/19267mW VDD_SOC 2482mW/3192mW/4226mW
08-10-2026 22:10:08 RAM 2684/15599MB (lfb 94x4MB) CPU [0%@729,0%@729,0%@729,0%@729,0%@729,0%@729,0%@729,0%@729] GR3D_FREQ 99% cv0@63.906C/76.968C cpu@68C/81.406C soc2@62C/73.562C soc0@64.812C/75.093C cv1@64.437C/75.468C gpu@68.031C/81.468C tj@68.031C/81.468C soc1@63.062C/72.906C cv2@60.687C/71.843C VDD_IN 11211mW/18750mW/29352mW VDD_CPU_GPU_CV 5640mW/11247mW/19267mW VDD_SOC 2482mW/3190mW/4226mW
08-10-2026 22:10:08 RAM 2684/15599MB (lfb 94x4MB) CPU [1%@729,0%@729,1%@729,0%@729,0%@729,0%@729,0%@729,0%@729] GR3D_FREQ 99% cv0@64C/76.968C cpu@67.968C/81.406C soc2@61.937C/73.562C soc0@64.718C/75.093C cv1@64.281C/75.468C gpu@68.062C/81.468C tj@68.062C/81.468C soc1@63C/72.906C cv2@60.593C/71.843C VDD_IN 11211mW/18731mW/29352mW VDD_CPU_GPU_CV 5648mW/11233mW/19267mW VDD_SOC 2482mW/3188mW/4226mW
08-10-2026 22:10:09 RAM 2684/15599MB (lfb 94x4MB) CPU [1%@729,1%@729,0%@729,0%@729,0%@729,0%@729,1%@729,0%@729] GR3D_FREQ 100% cv0@63.875C/76.968C cpu@67.937C/81.406C soc2@61.937C/73.562C soc0@64.906C/75.093C cv1@64.218C/75.468C gpu@67.968C/81.468C tj@67.968C/81.468C soc1@63.093C/72.906C cv2@60.562C/71.843C VDD_IN 11211mW/18713mW/29352mW VDD_CPU_GPU_CV 5648mW/11219mW/19267mW VDD_SOC 2482mW/3186mW/4226mW
08-10-2026 22:10:09 RAM 2684/15599MB (lfb 94x4MB) CPU [1%@729,0%@729,0%@729,1%@729,0%@729,0%@729,0%@729,0%@729] GR3D_FREQ 99% cv0@63.812C/76.968C cpu@67.812C/81.406C soc2@61.906C/73.562C soc0@64.875C/75.093C cv1@64.312C/75.468C gpu@68.156C/81.468C tj@68.156C/81.468C soc1@63.093C/72.906C cv2@60.531C/71.843C VDD_IN 11211mW/18694mW/29352mW VDD_CPU_GPU_CV 5648mW/11206mW/19267mW VDD_SOC 2482mW/3185mW/4226mW
08-10-2026 22:10:10 RAM 2684/15599MB (lfb 94x4MB) CPU [0%@729,0%@729,0%@729,0%@729,0%@729,0%@729,0%@729,0%@729] GR3D_FREQ 99% cv0@63.781C/76.968C cpu@67.968C/81.406C soc2@61.937C/73.562C soc0@64.687C/75.093C cv1@64.218C/75.468C gpu@67.968C/81.468C tj@67.968C/81.468C soc1@63C/72.906C cv2@60.5C/71.843C VDD_IN 11211mW/18676mW/29352mW VDD_CPU_GPU_CV 5648mW/11192mW/19267mW VDD_SOC 2482mW/3183mW/4226mW
08-10-2026 22:10:10 RAM 2684/15599MB (lfb 94x4MB) CPU [0%@729,0%@729,0%@729,0%@729,0%@729,0%@729,0%@729,0%@729] GR3D_FREQ 99% cv0@63.843C/76.968C cpu@67.968C/81.406C soc2@61.937C/73.562C soc0@64.656C/75.093C cv1@64.25C/75.468C gpu@68.093C/81.468C tj@68.093C/81.468C soc1@62.906C/72.906C cv2@60.562C/71.843C VDD_IN 11211mW/18658mW/29352mW VDD_CPU_GPU_CV 5640mW/11179mW/19267mW VDD_SOC 2482mW/3181mW/4226mW
08-10-2026 22:10:11 RAM 2684/15599MB (lfb 94x4MB) CPU [0%@729,0%@729,0%@729,0%@729,0%@729,0%@729,0%@729,0%@729] GR3D_FREQ 100% cv0@63.781C/76.968C cpu@67.875C/81.406C soc2@61.875C/73.562C soc0@64.625C/75.093C cv1@64.218C/75.468C gpu@68.062C/81.468C tj@68.062C/81.468C soc1@62.968C/72.906C cv2@60.593C/71.843C VDD_IN 11211mW/18640mW/29352mW VDD_CPU_GPU_CV 5648mW/11165mW/19267mW VDD_SOC 2482mW/3179mW/4226mW
08-10-2026 22:10:11 RAM 2684/15599MB (lfb 94x4MB) CPU [0%@729,0%@729,0%@729,0%@729,0%@729,0%@729,0%@729,0%@729] GR3D_FREQ 99% cv0@63.781C/76.968C cpu@67.843C/81.406C soc2@61.843C/73.562C soc0@64.562C/75.093C cv1@64.156C/75.468C gpu@68.093C/81.468C tj@68.093C/81.468C soc1@63C/72.906C cv2@60.468C/71.843C VDD_IN 11211mW/18622mW/29352mW VDD_CPU_GPU_CV 5648mW/11152mW/19267mW VDD_SOC 2482mW/3178mW/4226mW
08-10-2026 22:10:12 RAM 2684/15599MB (lfb 94x4MB) CPU [0%@729,0%@729,0%@729,0%@729,0%@729,0%@729,0%@729,0%@729] GR3D_FREQ 99% cv0@63.718C/76.968C cpu@67.843C/81.406C soc2@61.843C/73.562C soc0@64.75C/75.093C cv1@64.25C/75.468C gpu@67.968C/81.468C tj@67.968C/81.468C soc1@62.906C/72.906C cv2@60.437C/71.843C VDD_IN 11211mW/18604mW/29352mW VDD_CPU_GPU_CV 5640mW/11138mW/19267mW VDD_SOC 2482mW/3176mW/4226mW
08-10-2026 22:10:12 RAM 2684/15599MB (lfb 94x4MB) CPU [0%@729,0%@729,0%@729,0%@729,0%@729,0%@729,0%@729,0%@729] GR3D_FREQ 99% cv0@63.687C/76.968C cpu@67.968C/81.406C soc2@61.906C/73.562C soc0@64.625C/75.093C cv1@64.187C/75.468C gpu@67.937C/81.468C tj@67.968C/81.468C soc1@62.875C/72.906C cv2@60.406C/71.843C VDD_IN 11211mW/18586mW/29352mW VDD_CPU_GPU_CV 5648mW/11125mW/19267mW VDD_SOC 2482mW/3174mW/4226mW
08-10-2026 22:10:13 RAM 2684/15599MB (lfb 94x4MB) CPU [0%@729,0%@729,0%@729,0%@729,0%@729,0%@729,0%@729,0%@729] GR3D_FREQ 99% cv0@63.75C/76.968C cpu@67.875C/81.406C soc2@61.781C/73.562C soc0@64.5C/75.093C cv1@64.156C/75.468C gpu@67.906C/81.468C tj@67.906C/81.468C soc1@62.812C/72.906C cv2@60.468C/71.843C VDD_IN 11211mW/18568mW/29352mW VDD_CPU_GPU_CV 5608mW/11112mW/19267mW VDD_SOC 2482mW/3173mW/4226mW
08-10-2026 22:10:13 RAM 2684/15599MB (lfb 94x4MB) CPU [1%@729,0%@729,0%@729,0%@729,0%@729,0%@729,0%@729,0%@729] GR3D_FREQ 99% cv0@63.718C/76.968C cpu@67.75C/81.406C soc2@61.718C/73.562C soc0@64.531C/75.093C cv1@64.062C/75.468C gpu@67.843C/81.468C tj@67.843C/81.468C soc1@62.875C/72.906C cv2@60.406C/71.843C VDD_IN 11211mW/18550mW/29352mW VDD_CPU_GPU_CV 5648mW/11099mW/19267mW VDD_SOC 2482mW/3171mW/4226mW
08-10-2026 22:10:14 RAM 2684/15599MB (lfb 94x4MB) CPU [1%@729,0%@729,0%@729,0%@729,0%@729,0%@729,0%@729,0%@729] GR3D_FREQ 100% cv0@63.656C/76.968C cpu@67.687C/81.406C soc2@61.781C/73.562C soc0@64.406C/75.093C cv1@64.031C/75.468C gpu@68.093C/81.468C tj@68.093C/81.468C soc1@62.906C/72.906C cv2@60.375C/71.843C VDD_IN 11211mW/18533mW/29352mW VDD_CPU_GPU_CV 5599mW/11086mW/19267mW VDD_SOC 2482mW/3169mW/4226mW
08-10-2026 22:10:14 RAM 2684/15599MB (lfb 94x4MB) CPU [0%@729,0%@729,1%@729,1%@729,0%@729,0%@729,0%@729,0%@729] GR3D_FREQ 99% cv0@63.562C/76.968C cpu@67.875C/81.406C soc2@61.656C/73.562C soc0@64.625C/75.093C cv1@64.093C/75.468C gpu@67.812C/81.468C tj@67.875C/81.468C soc1@62.843C/72.906C cv2@60.375C/71.843C VDD_IN 11211mW/18515mW/29352mW VDD_CPU_GPU_CV 5599mW/11072mW/19267mW VDD_SOC 2482mW/3168mW/4226mW
08-10-2026 22:10:15 RAM 2684/15599MB (lfb 94x4MB) CPU [0%@729,0%@729,0%@729,0%@729,0%@729,0%@729,0%@729,0%@729] GR3D_FREQ 99% cv0@63.593C/76.968C cpu@67.562C/81.406C soc2@61.812C/73.562C soc0@64.437C/75.093C cv1@64.125C/75.468C gpu@67.968C/81.468C tj@67.968C/81.468C soc1@62.75C/72.906C cv2@60.312C/71.843C VDD_IN 11211mW/18498mW/29352mW VDD_CPU_GPU_CV 5608mW/11059mW/19267mW VDD_SOC 2482mW/3166mW/4226mW
08-10-2026 22:10:15 RAM 2684/15599MB (lfb 94x4MB) CPU [0%@729,0%@729,0%@729,0%@729,0%@729,0%@729,0%@729,0%@729] GR3D_FREQ 99% cv0@63.562C/76.968C cpu@67.75C/81.406C soc2@61.718C/73.562C soc0@64.437C/75.093C cv1@64.031C/75.468C gpu@67.687C/81.468C tj@67.75C/81.468C soc1@62.687C/72.906C cv2@60.343C/71.843C VDD_IN 11211mW/18481mW/29352mW VDD_CPU_GPU_CV 5608mW/11046mW/19267mW VDD_SOC 2482mW/3164mW/4226mW
08-10-2026 22:10:16 RAM 2684/15599MB (lfb 94x4MB) CPU [0%@729,0%@729,0%@729,0%@729,0%@729,0%@729,0%@729,0%@729] GR3D_FREQ 99% cv0@63.593C/76.968C cpu@67.687C/81.406C soc2@61.718C/73.562C soc0@64.375C/75.093C cv1@64C/75.468C gpu@67.937C/81.468C tj@67.937C/81.468C soc1@62.687C/72.906C cv2@60.343C/71.843C VDD_IN 11211mW/18463mW/29352mW VDD_CPU_GPU_CV 5599mW/11034mW/19267mW VDD_SOC 2482mW/3163mW/4226mW
08-10-2026 22:10:16 RAM 2684/15599MB (lfb 94x4MB) CPU [0%@729,0%@729,1%@729,0%@729,0%@729,0%@729,0%@729,0%@729] GR3D_FREQ 99% cv0@63.625C/76.968C cpu@67.593C/81.406C soc2@61.593C/73.562C soc0@64.406C/75.093C cv1@63.968C/75.468C gpu@67.875C/81.468C tj@67.875C/81.468C soc1@62.843C/72.906C cv2@60.312C/71.843C VDD_IN 11211mW/18446mW/29352mW VDD_CPU_GPU_CV 5640mW/11021mW/19267mW VDD_SOC 2482mW/3161mW/4226mW
08-10-2026 22:10:17 RAM 2684/15599MB (lfb 94x4MB) CPU [0%@729,0%@729,0%@729,0%@729,0%@729,0%@729,0%@729,0%@729] GR3D_FREQ 99% cv0@63.468C/76.968C cpu@67.562C/81.406C soc2@61.656C/73.562C soc0@64.343C/75.093C cv1@64.031C/75.468C gpu@67.875C/81.468C tj@67.875C/81.468C soc1@62.875C/72.906C cv2@60.218C/71.843C VDD_IN 11170mW/18429mW/29352mW VDD_CPU_GPU_CV 5599mW/11008mW/19267mW VDD_SOC 2442mW/3160mW/4226mW
08-10-2026 22:10:17 RAM 2684/15599MB (lfb 94x4MB) CPU [0%@729,0%@729,0%@729,1%@729,0%@729,0%@729,0%@729,0%@729] GR3D_FREQ 99% cv0@63.531C/76.968C cpu@67.687C/81.406C soc2@61.687C/73.562C soc0@64.406C/75.093C cv1@64.031C/75.468C gpu@67.75C/81.468C tj@67.75C/81.468C soc1@62.75C/72.906C cv2@60.156C/71.843C VDD_IN 11211mW/18412mW/29352mW VDD_CPU_GPU_CV 5599mW/10995mW/19267mW VDD_SOC 2482mW/3158mW/4226mW
08-10-2026 22:10:18 RAM 2684/15599MB (lfb 94x4MB) CPU [0%@729,0%@729,0%@729,0%@729,1%@729,0%@729,0%@729,0%@729] GR3D_FREQ 99% cv0@63.531C/76.968C cpu@67.718C/81.406C soc2@61.656C/73.562C soc0@64.406C/75.093C cv1@63.906C/75.468C gpu@67.75C/81.468C tj@67.75C/81.468C soc1@62.625C/72.906C cv2@60.25C/71.843C VDD_IN 11170mW/18395mW/29352mW VDD_CPU_GPU_CV 5599mW/10982mW/19267mW VDD_SOC 2442mW/3156mW/4226mW
08-10-2026 22:10:18 RAM 2684/15599MB (lfb 94x4MB) CPU [1%@729,0%@729,1%@729,0%@729,0%@729,0%@729,0%@729,0%@729] GR3D_FREQ 99% cv0@63.531C/76.968C cpu@67.5C/81.406C soc2@61.625C/73.562C soc0@64.343C/75.093C cv1@63.875C/75.468C gpu@67.75C/81.468C tj@67.75C/81.468C soc1@62.593C/72.906C cv2@60.218C/71.843C VDD_IN 11211mW/18378mW/29352mW VDD_CPU_GPU_CV 5608mW/10970mW/19267mW VDD_SOC 2482mW/3155mW/4226mW
08-10-2026 22:10:19 RAM 2684/15599MB (lfb 94x4MB) CPU [1%@729,0%@729,0%@729,0%@729,0%@729,0%@729,0%@729,0%@729] GR3D_FREQ 99% cv0@63.468C/76.968C cpu@67.5C/81.406C soc2@61.625C/73.562C soc0@64.25C/75.093C cv1@63.843C/75.468C gpu@67.593C/81.468C tj@67.593C/81.468C soc1@62.781C/72.906C cv2@60.187C/71.843C VDD_IN 11170mW/18361mW/29352mW VDD_CPU_GPU_CV 5608mW/10957mW/19267mW VDD_SOC 2442mW/3153mW/4226mW
08-10-2026 22:10:19 RAM 2684/15599MB (lfb 94x4MB) CPU [0%@729,0%@729,0%@729,0%@729,0%@729,0%@729,0%@729,0%@729] GR3D_FREQ 99% cv0@63.468C/76.968C cpu@67.5C/81.406C soc2@61.468C/73.562C soc0@64.218C/75.093C cv1@63.843C/75.468C gpu@67.562C/81.468C tj@67.562C/81.468C soc1@62.687C/72.906C cv2@60.125C/71.843C VDD_IN 11170mW/18344mW/29352mW VDD_CPU_GPU_CV 5608mW/10945mW/19267mW VDD_SOC 2442mW/3151mW/4226mW
08-10-2026 22:10:20 RAM 2684/15599MB (lfb 94x4MB) CPU [0%@729,0%@729,0%@729,0%@729,0%@729,0%@729,0%@729,0%@729] GR3D_FREQ 100% cv0@63.406C/76.968C cpu@67.656C/81.406C soc2@61.562C/73.562C soc0@64.375C/75.093C cv1@64C/75.468C gpu@67.593C/81.468C tj@67.656C/81.468C soc1@62.625C/72.906C cv2@60.062C/71.843C VDD_IN 11170mW/18328mW/29352mW VDD_CPU_GPU_CV 5599mW/10932mW/19267mW VDD_SOC 2442mW/3150mW/4226mW
08-10-2026 22:10:20 RAM 2684/15599MB (lfb 94x4MB) CPU [0%@729,0%@729,0%@729,0%@729,0%@729,0%@729,0%@729,0%@729] GR3D_FREQ 99% cv0@63.406C/76.968C cpu@67.562C/81.406C soc2@61.625C/73.562C soc0@64.25C/75.093C cv1@63.843C/75.468C gpu@67.656C/81.468C tj@67.656C/81.468C soc1@62.593C/72.906C cv2@60.031C/71.843C VDD_IN 11170mW/18311mW/29352mW VDD_CPU_GPU_CV 5599mW/10920mW/19267mW VDD_SOC 2482mW/3148mW/4226mW
08-10-2026 22:10:21 RAM 2684/15599MB (lfb 94x4MB) CPU [0%@729,0%@729,0%@729,0%@729,0%@729,0%@729,0%@729,0%@729] GR3D_FREQ 99% cv0@63.5C/76.968C cpu@67.531C/81.406C soc2@61.437C/73.562C soc0@64.218C/75.093C cv1@63.843C/75.468C gpu@67.718C/81.468C tj@67.718C/81.468C soc1@62.562C/72.906C cv2@60.125C/71.843C VDD_IN 11170mW/18294mW/29352mW VDD_CPU_GPU_CV 5599mW/10908mW/19267mW VDD_SOC 2442mW/3147mW/4226mW
08-10-2026 22:10:21 RAM 2684/15599MB (lfb 94x4MB) CPU [0%@729,0%@729,0%@729,1%@729,0%@729,0%@729,0%@729,0%@729] GR3D_FREQ 99% cv0@63.406C/76.968C cpu@67.437C/81.406C soc2@61.562C/73.562C soc0@64.25C/75.093C cv1@63.812C/75.468C gpu@67.531C/81.468C tj@67.531C/81.468C soc1@62.593C/72.906C cv2@60.125C/71.843C VDD_IN 11170mW/18278mW/29352mW VDD_CPU_GPU_CV 5599mW/10895mW/19267mW VDD_SOC 2442mW/3145mW/4226mW
08-10-2026 22:10:22 RAM 2684/15599MB (lfb 94x4MB) CPU [0%@729,0%@729,0%@729,0%@729,0%@729,0%@729,0%@729,0%@729] GR3D_FREQ 99% cv0@63.375C/76.968C cpu@67.625C/81.406C soc2@61.437C/73.562C soc0@64.156C/75.093C cv1@63.75C/75.468C gpu@67.656C/81.468C tj@67.656C/81.468C soc1@62.656C/72.906C cv2@60.031C/71.843C VDD_IN 11170mW/18261mW/29352mW VDD_CPU_GPU_CV 5608mW/10883mW/19267mW VDD_SOC 2442mW/3143mW/4226mW
08-10-2026 22:10:22 RAM 2684/15599MB (lfb 94x4MB) CPU [0%@729,2%@729,0%@729,0%@729,0%@729,0%@729,0%@729,0%@729] GR3D_FREQ 99% cv0@63.406C/76.968C cpu@67.406C/81.406C soc2@61.437C/73.562C soc0@64.25C/75.093C cv1@63.875C/75.468C gpu@67.625C/81.468C tj@67.625C/81.468C soc1@62.625C/72.906C cv2@60.031C/71.843C VDD_IN 11211mW/18245mW/29352mW VDD_CPU_GPU_CV 5640mW/10871mW/19267mW VDD_SOC 2442mW/3142mW/4226mW
08-10-2026 22:10:23 RAM 2684/15599MB (lfb 94x4MB) CPU [0%@729,0%@729,0%@729,0%@729,0%@729,0%@729,0%@729,0%@729] GR3D_FREQ 99% cv0@63.25C/76.968C cpu@67.5C/81.406C soc2@61.437C/73.562C soc0@64.25C/75.093C cv1@63.843C/75.468C gpu@67.718C/81.468C tj@67.718C/81.468C soc1@62.531C/72.906C cv2@60.031C/71.843C VDD_IN 11170mW/18229mW/29352mW VDD_CPU_GPU_CV 5599mW/10859mW/19267mW VDD_SOC 2442mW/3140mW/4226mW
08-10-2026 22:10:23 RAM 2684/15599MB (lfb 94x4MB) CPU [1%@729,0%@729,0%@729,0%@729,0%@729,0%@729,0%@729,0%@729] GR3D_FREQ 99% cv0@63.375C/76.968C cpu@67.437C/81.406C soc2@61.406C/73.562C soc0@64.156C/75.093C cv1@63.75C/75.468C gpu@67.437C/81.468C tj@67.437C/81.468C soc1@62.5C/72.906C cv2@60.031C/71.843C VDD_IN 11170mW/18213mW/29352mW VDD_CPU_GPU_CV 5599mW/10847mW/19267mW VDD_SOC 2442mW/3138mW/4226mW
08-10-2026 22:10:24 RAM 2684/15599MB (lfb 94x4MB) CPU [0%@729,0%@729,0%@729,0%@729,0%@729,0%@729,0%@729,0%@729] GR3D_FREQ 99% cv0@63.343C/76.968C cpu@67.375C/81.406C soc2@61.375C/73.562C soc0@64.062C/75.093C cv1@63.781C/75.468C gpu@67.437C/81.468C tj@67.437C/81.468C soc1@62.625C/72.906C cv2@59.968C/71.843C VDD_IN 11170mW/18197mW/29352mW VDD_CPU_GPU_CV 5608mW/10835mW/19267mW VDD_SOC 2442mW/3137mW/4226mW
08-10-2026 22:10:24 RAM 2684/15599MB (lfb 94x4MB) CPU [0%@729,0%@729,0%@729,0%@729,0%@729,1%@729,0%@729,0%@729] GR3D_FREQ 99% cv0@63.25C/76.968C cpu@67.375C/81.406C soc2@61.343C/73.562C soc0@64.093C/75.093C cv1@63.656C/75.468C gpu@67.343C/81.468C tj@67.375C/81.468C soc1@62.531C/72.906C cv2@59.906C/71.843C VDD_IN 11170mW/18181mW/29352mW VDD_CPU_GPU_CV 5608mW/10823mW/19267mW VDD_SOC 2442mW/3135mW/4226mW
08-10-2026 22:10:25 RAM 2684/15599MB (lfb 94x4MB) CPU [0%@729,0%@729,1%@729,0%@729,0%@729,0%@729,0%@729,0%@729] GR3D_FREQ 99% cv0@63.25C/76.968C cpu@67.437C/81.406C soc2@61.406C/73.562C soc0@64.093C/75.093C cv1@63.718C/75.468C gpu@67.406C/81.468C tj@67.437C/81.468C soc1@62.468C/72.906C cv2@59.906C/71.843C VDD_IN 11170mW/18165mW/29352mW VDD_CPU_GPU_CV 5599mW/10811mW/19267mW VDD_SOC 2442mW/3134mW/4226mW
08-10-2026 22:10:25 RAM 2684/15599MB (lfb 94x4MB) CPU [0%@729,1%@729,0%@729,0%@729,0%@729,0%@729,0%@729,0%@729] GR3D_FREQ 99% cv0@63.156C/76.968C cpu@67.562C/81.406C soc2@61.437C/73.562C soc0@64.062C/75.093C cv1@63.718C/75.468C gpu@67.343C/81.468C tj@67.562C/81.468C soc1@62.437C/72.906C cv2@59.906C/71.843C VDD_IN 11170mW/18149mW/29352mW VDD_CPU_GPU_CV 5599mW/10799mW/19267mW VDD_SOC 2442mW/3132mW/4226mW
08-10-2026 22:10:26 RAM 2684/15599MB (lfb 94x4MB) CPU [0%@729,0%@729,0%@729,0%@729,0%@729,0%@729,0%@729,0%@729] GR3D_FREQ 99% cv0@63.281C/76.968C cpu@67.25C/81.406C soc2@61.281C/73.562C soc0@63.968C/75.093C cv1@63.593C/75.468C gpu@67.531C/81.468C tj@67.531C/81.468C soc1@62.375C/72.906C cv2@59.906C/71.843C VDD_IN 11170mW/18133mW/29352mW VDD_CPU_GPU_CV 5608mW/10787mW/19267mW VDD_SOC 2442mW/3131mW/4226mW
08-10-2026 22:10:26 RAM 2684/15599MB (lfb 94x4MB) CPU [0%@729,1%@729,1%@729,0%@729,0%@729,0%@729,0%@729,0%@729] GR3D_FREQ 99% cv0@63.25C/76.968C cpu@67.281C/81.406C soc2@61.281C/73.562C soc0@63.968C/75.093C cv1@63.656C/75.468C gpu@67.687C/81.468C tj@67.687C/81.468C soc1@62.562C/72.906C cv2@59.937C/71.843C VDD_IN 11170mW/18117mW/29352mW VDD_CPU_GPU_CV 5599mW/10776mW/19267mW VDD_SOC 2442mW/3129mW/4226mW
08-10-2026 22:10:27 RAM 2684/15599MB (lfb 94x4MB) CPU [0%@729,1%@729,0%@729,0%@729,0%@729,0%@729,0%@729,0%@729] GR3D_FREQ 99% cv0@63.187C/76.968C cpu@67.343C/81.406C soc2@61.218C/73.562C soc0@63.937C/75.093C cv1@63.593C/75.468C gpu@67.531C/81.468C tj@67.531C/81.468C soc1@62.437C/72.906C cv2@59.875C/71.843C VDD_IN 11170mW/18101mW/29352mW VDD_CPU_GPU_CV 5608mW/10764mW/19267mW VDD_SOC 2442mW/3127mW/4226mW
08-10-2026 22:10:27 RAM 2684/15599MB (lfb 94x4MB) CPU [0%@729,0%@729,0%@729,0%@729,0%@729,0%@729,0%@729,0%@729] GR3D_FREQ 100% cv0@63.125C/76.968C cpu@67.5C/81.406C soc2@61.375C/73.562C soc0@64.125C/75.093C cv1@63.687C/75.468C gpu@67.406C/81.468C tj@67.5C/81.468C soc1@62.375C/72.906C cv2@59.812C/71.843C VDD_IN 11170mW/18086mW/29352mW VDD_CPU_GPU_CV 5599mW/10752mW/19267mW VDD_SOC 2442mW/3126mW/4226mW
08-10-2026 22:10:28 RAM 2684/15599MB (lfb 94x4MB) CPU [1%@729,0%@729,0%@729,0%@729,0%@729,0%@729,0%@729,0%@729] GR3D_FREQ 99% cv0@63.062C/76.968C cpu@67.312C/81.406C soc2@61.187C/73.562C soc0@63.968C/75.093C cv1@63.656C/75.468C gpu@67.437C/81.468C tj@67.437C/81.468C soc1@62.375C/72.906C cv2@59.812C/71.843C VDD_IN 11170mW/18070mW/29352mW VDD_CPU_GPU_CV 5608mW/10741mW/19267mW VDD_SOC 2442mW/3124mW/4226mW
08-10-2026 22:10:28 RAM 2684/15599MB (lfb 94x4MB) CPU [0%@729,0%@729,0%@729,0%@729,0%@729,0%@729,0%@729,0%@729] GR3D_FREQ 99% cv0@63.187C/76.968C cpu@67.312C/81.406C soc2@61.25C/73.562C soc0@63.937C/75.093C cv1@63.656C/75.468C gpu@67.343C/81.468C tj@67.343C/81.468C soc1@62.25C/72.906C cv2@59.906C/71.843C VDD_IN 11170mW/18055mW/29352mW VDD_CPU_GPU_CV 5608mW/10729mW/19267mW VDD_SOC 2442mW/3123mW/4226mW
08-10-2026 22:10:29 RAM 2684/15599MB (lfb 94x4MB) CPU [0%@729,0%@729,0%@729,1%@729,0%@729,0%@729,0%@729,0%@729] GR3D_FREQ 99% cv0@63.187C/76.968C cpu@67.125C/81.406C soc2@61.187C/73.562C soc0@63.906C/75.093C cv1@63.562C/75.468C gpu@67.312C/81.468C tj@67.437C/81.468C soc1@62.25C/72.906C cv2@59.75C/71.843C VDD_IN 11170mW/18039mW/29352mW VDD_CPU_GPU_CV 5608mW/10718mW/19267mW VDD_SOC 2442mW/3121mW/4226mW
08-10-2026 22:10:29 RAM 2684/15599MB (lfb 94x4MB) CPU [0%@729,0%@729,0%@729,0%@729,0%@729,0%@729,0%@729,0%@729] GR3D_FREQ 99% cv0@63.093C/76.968C cpu@67.093C/81.406C soc2@61.125C/73.562C soc0@63.937C/75.093C cv1@63.406C/75.468C gpu@67.343C/81.468C tj@67.343C/81.468C soc1@62.406C/72.906C cv2@59.843C/71.843C VDD_IN 11170mW/18024mW/29352mW VDD_CPU_GPU_CV 5599mW/10706mW/19267mW VDD_SOC 2442mW/3120mW/4226mW
08-10-2026 22:10:30 RAM 2684/15599MB (lfb 94x4MB) CPU [0%@729,0%@729,0%@729,1%@729,0%@729,0%@729,0%@729,0%@729] GR3D_FREQ 99% cv0@63.031C/76.968C cpu@67.093C/81.406C soc2@61.156C/73.562C soc0@64.125C/75.093C cv1@63.593C/75.468C gpu@67.125C/81.468C tj@67.125C/81.468C soc1@62.281C/72.906C cv2@59.75C/71.843C VDD_IN 11170mW/18009mW/29352mW VDD_CPU_GPU_CV 5599mW/10695mW/19267mW VDD_SOC 2442mW/3118mW/4226mW
08-10-2026 22:10:30 RAM 2684/15599MB (lfb 94x4MB) CPU [1%@729,0%@729,0%@729,0%@729,0%@729,0%@729,0%@729,0%@729] GR3D_FREQ 99% cv0@63.031C/76.968C cpu@67.281C/81.406C soc2@61.093C/73.562C soc0@63.937C/75.093C cv1@63.593C/75.468C gpu@67.312C/81.468C tj@67.312C/81.468C soc1@62.406C/72.906C cv2@59.718C/71.843C VDD_IN 11170mW/17994mW/29352mW VDD_CPU_GPU_CV 5608mW/10684mW/19267mW VDD_SOC 2442mW/3117mW/4226mW
08-10-2026 22:10:31 RAM 2684/15599MB (lfb 94x4MB) CPU [0%@729,0%@729,0%@729,0%@729,0%@729,0%@729,0%@729,0%@729] GR3D_FREQ 99% cv0@63.031C/76.968C cpu@67.156C/81.406C soc2@61.218C/73.562C soc0@63.968C/75.093C cv1@63.5C/75.468C gpu@67.281C/81.468C tj@67.281C/81.468C soc1@62.343C/72.906C cv2@59.812C/71.843C VDD_IN 11170mW/17979mW/29352mW VDD_CPU_GPU_CV 5608mW/10672mW/19267mW VDD_SOC 2442mW/3115mW/4226mW
08-10-2026 22:10:31 RAM 2684/15599MB (lfb 94x4MB) CPU [0%@729,0%@729,0%@729,0%@729,0%@729,0%@729,0%@729,0%@729] GR3D_FREQ 99% cv0@63C/76.968C cpu@67.156C/81.406C soc2@61.156C/73.562C soc0@63.875C/75.093C cv1@63.437C/75.468C gpu@67.406C/81.468C tj@67.406C/81.468C soc1@62.187C/72.906C cv2@59.75C/71.843C VDD_IN 11170mW/17963mW/29352mW VDD_CPU_GPU_CV 5608mW/10661mW/19267mW VDD_SOC 2442mW/3114mW/4226mW
08-10-2026 22:10:32 RAM 2684/15599MB (lfb 94x4MB) CPU [0%@729,0%@729,0%@729,0%@729,0%@729,0%@729,0%@729,0%@729] GR3D_FREQ 99% cv0@62.968C/76.968C cpu@67.093C/81.406C soc2@61.062C/73.562C soc0@63.843C/75.093C cv1@63.406C/75.468C gpu@67.187C/81.468C tj@67.187C/81.468C soc1@62.218C/72.906C cv2@59.718C/71.843C VDD_IN 11170mW/17948mW/29352mW VDD_CPU_GPU_CV 5608mW/10650mW/19267mW VDD_SOC 2442mW/3112mW/4226mW
08-10-2026 22:10:33 RAM 2684/15599MB (lfb 94x4MB) CPU [1%@729,0%@729,0%@729,0%@729,0%@729,0%@729,0%@729,0%@729] GR3D_FREQ 99% cv0@62.968C/76.968C cpu@67.25C/81.406C soc2@61.031C/73.562C soc0@63.937C/75.093C cv1@63.375C/75.468C gpu@67.343C/81.468C tj@67.343C/81.468C soc1@62.218C/72.906C cv2@59.656C/71.843C VDD_IN 11170mW/17934mW/29352mW VDD_CPU_GPU_CV 5608mW/10639mW/19267mW VDD_SOC 2442mW/3111mW/4226mW
08-10-2026 22:10:33 RAM 2684/15599MB (lfb 94x4MB) CPU [1%@729,0%@729,0%@729,0%@729,0%@729,0%@729,0%@729,1%@729] GR3D_FREQ 99% cv0@62.875C/76.968C cpu@67.062C/81.406C soc2@61.093C/73.562C soc0@63.875C/75.093C cv1@63.437C/75.468C gpu@67.25C/81.468C tj@67.25C/81.468C soc1@62.25C/72.906C cv2@59.593C/71.843C VDD_IN 11170mW/17919mW/29352mW VDD_CPU_GPU_CV 5599mW/10628mW/19267mW VDD_SOC 2442mW/3109mW/4226mW
08-10-2026 22:10:34 RAM 2684/15599MB (lfb 94x4MB) CPU [0%@729,0%@729,0%@729,0%@729,0%@729,0%@729,0%@729,0%@729] GR3D_FREQ 99% cv0@62.937C/76.968C cpu@67.062C/81.406C soc2@61.062C/73.562C soc0@63.812C/75.093C cv1@63.437C/75.468C gpu@67.343C/81.468C tj@67.343C/81.468C soc1@62.125C/72.906C cv2@59.718C/71.843C VDD_IN 11170mW/17904mW/29352mW VDD_CPU_GPU_CV 5608mW/10617mW/19267mW VDD_SOC 2442mW/3108mW/4226mW
08-10-2026 22:10:34 RAM 2684/15599MB (lfb 94x4MB) CPU [0%@729,0%@729,0%@729,0%@729,0%@729,0%@729,0%@729,0%@729] GR3D_FREQ 99% cv0@62.937C/76.968C cpu@67.062C/81.406C soc2@61.031C/73.562C soc0@63.781C/75.093C cv1@63.312C/75.468C gpu@67.218C/81.468C tj@67.218C/81.468C soc1@62.062C/72.906C cv2@59.718C/71.843C VDD_IN 11170mW/17889mW/29352mW VDD_CPU_GPU_CV 5608mW/10606mW/19267mW VDD_SOC 2442mW/3106mW/4226mW
08-10-2026 22:10:35 RAM 2684/15599MB (lfb 94x4MB) CPU [0%@729,0%@729,0%@729,0%@729,0%@729,0%@729,0%@729,0%@729] GR3D_FREQ 99% cv0@62.937C/76.968C cpu@67.031C/81.406C soc2@61.031C/73.562C soc0@63.781C/75.093C cv1@63.312C/75.468C gpu@67.062C/81.468C tj@67.062C/81.468C soc1@62C/72.906C cv2@59.687C/71.843C VDD_IN 11170mW/17874mW/29352mW VDD_CPU_GPU_CV 5608mW/10595mW/19267mW VDD_SOC 2442mW/3105mW/4226mW
08-10-2026 22:10:35 RAM 2684/15599MB (lfb 94x4MB) CPU [0%@729,0%@729,0%@729,0%@729,0%@729,0%@729,0%@729,0%@729] GR3D_FREQ 99% cv0@62.906C/76.968C cpu@66.906C/81.406C soc2@60.968C/73.562C soc0@63.812C/75.093C cv1@63.343C/75.468C gpu@67.125C/81.468C tj@67.125C/81.468C soc1@62.218C/72.906C cv2@59.562C/71.843C VDD_IN 11170mW/17860mW/29352mW VDD_CPU_GPU_CV 5599mW/10584mW/19267mW VDD_SOC 2442mW/3104mW/4226mW
08-10-2026 22:10:36 RAM 2684/15599MB (lfb 94x4MB) CPU [0%@729,0%@729,0%@729,0%@729,0%@729,0%@729,0%@729,0%@729] GR3D_FREQ 99% cv0@62.812C/76.968C cpu@67.062C/81.406C soc2@61.062C/73.562C soc0@63.718C/75.093C cv1@63.437C/75.468C gpu@67.093C/81.468C tj@67.093C/81.468C soc1@62.156C/72.906C cv2@59.531C/71.843C VDD_IN 11170mW/17845mW/29352mW VDD_CPU_GPU_CV 5599mW/10573mW/19267mW VDD_SOC 2442mW/3102mW/4226mW
08-10-2026 22:10:36 RAM 2684/15599MB (lfb 94x4MB) CPU [0%@729,1%@729,0%@729,0%@729,0%@729,0%@729,0%@729,0%@729] GR3D_FREQ 99% cv0@62.781C/76.968C cpu@67C/81.406C soc2@61C/73.562C soc0@63.781C/75.093C cv1@63.343C/75.468C gpu@67C/81.468C tj@67C/81.468C soc1@62.125C/72.906C cv2@59.593C/71.843C VDD_IN 11170mW/17831mW/29352mW VDD_CPU_GPU_CV 5608mW/10563mW/19267mW VDD_SOC 2442mW/3101mW/4226mW
08-10-2026 22:10:37 RAM 2684/15599MB (lfb 94x4MB) CPU [0%@729,0%@729,0%@729,0%@729,0%@729,0%@729,0%@729,0%@729] GR3D_FREQ 99% cv0@62.906C/76.968C cpu@66.906C/81.406C soc2@60.937C/73.562C soc0@63.687C/75.093C cv1@63.281C/75.468C gpu@67C/81.468C tj@67C/81.468C soc1@62.093C/72.906C cv2@59.593C/71.843C VDD_IN 11170mW/17816mW/29352mW VDD_CPU_GPU_CV 5608mW/10552mW/19267mW VDD_SOC 2442mW/3099mW/4226mW
08-10-2026 22:10:37 RAM 2684/15599MB (lfb 94x4MB) CPU [0%@729,0%@729,1%@729,0%@729,0%@729,0%@729,0%@729,0%@729] GR3D_FREQ 99% cv0@62.812C/76.968C cpu@66.906C/81.406C soc2@60.906C/73.562C soc0@63.812C/75.093C cv1@63.187C/75.468C gpu@67.031C/81.468C tj@67.031C/81.468C soc1@62C/72.906C cv2@59.5C/71.843C VDD_IN 11170mW/17802mW/29352mW VDD_CPU_GPU_CV 5608mW/10541mW/19267mW VDD_SOC 2442mW/3098mW/4226mW
08-10-2026 22:10:38 RAM 2684/15599MB (lfb 94x4MB) CPU [1%@729,0%@729,0%@729,0%@729,0%@729,0%@729,0%@729,0%@729] GR3D_FREQ 100% cv0@62.843C/76.968C cpu@66.875C/81.406C soc2@60.906C/73.562C soc0@63.687C/75.093C cv1@63.218C/75.468C gpu@67.218C/81.468C tj@67.218C/81.468C soc1@62.125C/72.906C cv2@59.468C/71.843C VDD_IN 11170mW/17788mW/29352mW VDD_CPU_GPU_CV 5608mW/10531mW/19267mW VDD_SOC 2442mW/3096mW/4226mW
08-10-2026 22:10:38 RAM 2684/15599MB (lfb 94x4MB) CPU [0%@729,0%@729,0%@729,1%@729,0%@729,0%@729,0%@729,0%@729] GR3D_FREQ 99% cv0@62.781C/76.968C cpu@67C/81.406C soc2@60.843C/73.562C soc0@63.687C/75.093C cv1@63.312C/75.468C gpu@66.937C/81.468C tj@67C/81.468C soc1@62.093C/72.906C cv2@59.468C/71.843C VDD_IN 11170mW/17774mW/29352mW VDD_CPU_GPU_CV 5608mW/10520mW/19267mW VDD_SOC 2442mW/3095mW/4226mW
08-10-2026 22:10:39 RAM 2684/15599MB (lfb 94x4MB) CPU [0%@729,0%@729,0%@729,0%@729,0%@729,0%@729,0%@729,0%@729] GR3D_FREQ 99% cv0@62.687C/76.968C cpu@66.906C/81.406C soc2@60.968C/73.562C soc0@63.625C/75.093C cv1@63.187C/75.468C gpu@67.093C/81.468C tj@67.093C/81.468C soc1@61.937C/72.906C cv2@59.5C/71.843C VDD_IN 11170mW/17759mW/29352mW VDD_CPU_GPU_CV 5608mW/10509mW/19267mW VDD_SOC 2442mW/3094mW/4226mW
08-10-2026 22:10:39 RAM 2684/15599MB (lfb 94x4MB) CPU [0%@729,0%@729,0%@729,0%@729,0%@729,0%@729,0%@729,0%@729] GR3D_FREQ 99% cv0@62.906C/76.968C cpu@66.968C/81.406C soc2@60.937C/73.562C soc0@63.625C/75.093C cv1@63.187C/75.468C gpu@67.031C/81.468C tj@67.031C/81.468C soc1@62.031C/72.906C cv2@59.5C/71.843C VDD_IN 11170mW/17745mW/29352mW VDD_CPU_GPU_CV 5599mW/10499mW/19267mW VDD_SOC 2442mW/3092mW/4226mW
08-10-2026 22:10:40 RAM 2684/15599MB (lfb 94x4MB) CPU [0%@729,0%@729,0%@729,0%@729,0%@729,0%@729,0%@729,1%@729] GR3D_FREQ 100% cv0@62.781C/76.968C cpu@66.843C/81.406C soc2@60.875C/73.562C soc0@63.562C/75.093C cv1@63.156C/75.468C gpu@67.093C/81.468C tj@67.093C/81.468C soc1@61.937C/72.906C cv2@59.437C/71.843C VDD_IN 11170mW/17731mW/29352mW VDD_CPU_GPU_CV 5599mW/10488mW/19267mW VDD_SOC 2442mW/3091mW/4226mW
08-10-2026 22:10:40 RAM 2684/15599MB (lfb 94x4MB) CPU [0%@729,0%@729,0%@729,0%@729,0%@729,0%@729,0%@729,0%@729] GR3D_FREQ 99% cv0@62.781C/76.968C cpu@67C/81.406C soc2@60.843C/73.562C soc0@63.531C/75.093C cv1@63.156C/75.468C gpu@66.968C/81.468C tj@66.968C/81.468C soc1@62.093C/72.906C cv2@59.437C/71.843C VDD_IN 11170mW/17717mW/29352mW VDD_CPU_GPU_CV 5608mW/10478mW/19267mW VDD_SOC 2442mW/3089mW/4226mW
08-10-2026 22:10:41 RAM 2684/15599MB (lfb 94x4MB) CPU [0%@729,0%@729,1%@729,0%@729,0%@729,0%@729,0%@729,0%@729] GR3D_FREQ 99% cv0@62.625C/76.968C cpu@66.812C/81.406C soc2@60.812C/73.562C soc0@63.687C/75.093C cv1@63.187C/75.468C gpu@66.968C/81.468C tj@66.968C/81.468C soc1@62C/72.906C cv2@59.375C/71.843C VDD_IN 11129mW/17703mW/29352mW VDD_CPU_GPU_CV 5608mW/10468mW/19267mW VDD_SOC 2442mW/3088mW/4226mW
08-10-2026 22:10:41 RAM 2684/15599MB (lfb 94x4MB) CPU [0%@729,0%@729,0%@729,0%@729,0%@729,0%@729,0%@729,0%@729] GR3D_FREQ 99% cv0@62.562C/76.968C cpu@66.906C/81.406C soc2@60.843C/73.562C soc0@63.531C/75.093C cv1@63.218C/75.468C gpu@66.906C/81.468C tj@66.906C/81.468C soc1@61.937C/72.906C cv2@59.437C/71.843C VDD_IN 11170mW/17689mW/29352mW VDD_CPU_GPU_CV 5599mW/10457mW/19267mW VDD_SOC 2442mW/3087mW/4226mW
08-10-2026 22:10:42 RAM 2684/15599MB (lfb 94x4MB) CPU [0%@729,0%@729,0%@729,0%@729,0%@729,0%@729,0%@729,0%@729] GR3D_FREQ 99% cv0@62.687C/76.968C cpu@66.75C/81.406C soc2@60.781C/73.562C soc0@63.562C/75.093C cv1@63.125C/75.468C gpu@66.843C/81.468C tj@66.906C/81.468C soc1@61.937C/72.906C cv2@59.5C/71.843C VDD_IN 11170mW/17676mW/29352mW VDD_CPU_GPU_CV 5608mW/10447mW/19267mW VDD_SOC 2442mW/3085mW/4226mW
08-10-2026 22:10:42 RAM 2684/15599MB (lfb 94x4MB) CPU [0%@729,0%@729,0%@729,0%@729,0%@729,0%@729,1%@729,0%@729] GR3D_FREQ 99% cv0@62.656C/76.968C cpu@66.75C/81.406C soc2@60.812C/73.562C soc0@63.468C/75.093C cv1@63.031C/75.468C gpu@67.125C/81.468C tj@67.125C/81.468C soc1@61.937C/72.906C cv2@59.437C/71.843C VDD_IN 11129mW/17662mW/29352mW VDD_CPU_GPU_CV 5599mW/10437mW/19267mW VDD_SOC 2442mW/3084mW/4226mW
08-10-2026 22:10:43 RAM 2684/15599MB (lfb 94x4MB) CPU [1%@729,0%@729,1%@729,0%@729,0%@729,0%@729,0%@729,0%@729] GR3D_FREQ 99% cv0@62.687C/76.968C cpu@66.625C/81.406C soc2@60.812C/73.562C soc0@63.437C/75.093C cv1@63.031C/75.468C gpu@66.875C/81.468C tj@66.875C/81.468C soc1@62C/72.906C cv2@59.375C/71.843C VDD_IN 11170mW/17648mW/29352mW VDD_CPU_GPU_CV 5599mW/10427mW/19267mW VDD_SOC 2442mW/3083mW/4226mW
08-10-2026 22:10:43 RAM 2684/15599MB (lfb 94x4MB) CPU [0%@729,0%@729,0%@729,0%@729,0%@729,0%@729,0%@729,0%@729] GR3D_FREQ 99% cv0@62.531C/76.968C cpu@66.906C/81.406C soc2@60.75C/73.562C soc0@63.562C/75.093C cv1@63.187C/75.468C gpu@67.156C/81.468C tj@67.156C/81.468C soc1@61.968C/72.906C cv2@59.281C/71.843C VDD_IN 11170mW/17634mW/29352mW VDD_CPU_GPU_CV 5599mW/10416mW/19267mW VDD_SOC 2442mW/3081mW/4226mW
08-10-2026 22:10:44 RAM 2684/15599MB (lfb 94x4MB) CPU [0%@729,1%@729,0%@729,0%@729,0%@729,0%@729,0%@729,0%@729] GR3D_FREQ 99% cv0@62.531C/76.968C cpu@66.875C/81.406C soc2@60.718C/73.562C soc0@63.468C/75.093C cv1@63.125C/75.468C gpu@66.937C/81.468C tj@66.937C/81.468C soc1@61.843C/72.906C cv2@59.312C/71.843C VDD_IN 11129mW/17621mW/29352mW VDD_CPU_GPU_CV 5599mW/10406mW/19267mW VDD_SOC 2442mW/3080mW/4226mW
08-10-2026 22:10:44 RAM 2684/15599MB (lfb 94x4MB) CPU [0%@1267,0%@1267,0%@1267,1%@1267,0%@729,0%@729,0%@729,0%@729] GR3D_FREQ 99% cv0@62.687C/76.968C cpu@66.687C/81.406C soc2@60.718C/73.562C soc0@63.406C/75.093C cv1@63.031C/75.468C gpu@67.062C/81.468C tj@67.062C/81.468C soc1@61.906C/72.906C cv2@59.343C/71.843C VDD_IN 11170mW/17607mW/29352mW VDD_CPU_GPU_CV 5608mW/10396mW/19267mW VDD_SOC 2442mW/3079mW/4226mW
08-10-2026 22:10:45 RAM 2684/15599MB (lfb 94x4MB) CPU [0%@729,0%@729,0%@729,0%@729,0%@729,0%@729,0%@729,0%@729] GR3D_FREQ 99% cv0@62.593C/76.968C cpu@66.656C/81.406C soc2@60.656C/73.562C soc0@63.437C/75.093C cv1@63.062C/75.468C gpu@66.875C/81.468C tj@66.875C/81.468C soc1@61.906C/72.906C cv2@59.343C/71.843C VDD_IN 11129mW/17594mW/29352mW VDD_CPU_GPU_CV 5599mW/10386mW/19267mW VDD_SOC 2442mW/3077mW/4226mW
08-10-2026 22:10:45 RAM 2684/15599MB (lfb 94x4MB) CPU [0%@729,0%@729,0%@729,0%@729,0%@729,0%@729,0%@729,0%@729] GR3D_FREQ 100% cv0@62.562C/76.968C cpu@66.718C/81.406C soc2@60.687C/73.562C soc0@63.406C/75.093C cv1@63.031C/75.468C gpu@66.812C/81.468C tj@67.031C/81.468C soc1@61.968C/72.906C cv2@59.25C/71.843C VDD_IN 11129mW/17580mW/29352mW VDD_CPU_GPU_CV 5599mW/10376mW/19267mW VDD_SOC 2442mW/3076mW/4226mW
08-10-2026 22:10:46 RAM 2684/15599MB (lfb 94x4MB) CPU [0%@729,0%@729,1%@729,0%@729,0%@729,0%@729,0%@729,0%@729] GR3D_FREQ 99% cv0@62.562C/76.968C cpu@66.906C/81.406C soc2@60.593C/73.562C soc0@63.468C/75.093C cv1@63.093C/75.468C gpu@66.906C/81.468C tj@66.906C/81.468C soc1@62.031C/72.906C cv2@59.281C/71.843C VDD_IN 11129mW/17567mW/29352mW VDD_CPU_GPU_CV 5608mW/10366mW/19267mW VDD_SOC 2442mW/3075mW/4226mW
08-10-2026 22:10:46 RAM 2684/15599MB (lfb 94x4MB) CPU [0%@729,1%@729,0%@729,0%@729,0%@729,0%@729,0%@729,0%@729] GR3D_FREQ 99% cv0@62.593C/76.968C cpu@66.687C/81.406C soc2@60.718C/73.562C soc0@63.437C/75.093C cv1@63.093C/75.468C gpu@66.812C/81.468C tj@66.812C/81.468C soc1@61.812C/72.906C cv2@59.281C/71.843C VDD_IN 11129mW/17553mW/29352mW VDD_CPU_GPU_CV 5599mW/10356mW/19267mW VDD_SOC 2442mW/3073mW/4226mW
08-10-2026 22:10:47 RAM 2684/15599MB (lfb 94x4MB) CPU [1%@729,0%@729,1%@729,0%@729,0%@729,0%@729,0%@729,0%@729] GR3D_FREQ 99% cv0@62.687C/76.968C cpu@66.812C/81.406C soc2@60.625C/73.562C soc0@63.437C/75.093C cv1@63.093C/75.468C gpu@66.875C/81.468C tj@66.875C/81.468C soc1@61.781C/72.906C cv2@59.343C/71.843C VDD_IN 11129mW/17540mW/29352mW VDD_CPU_GPU_CV 5608mW/10346mW/19267mW VDD_SOC 2442mW/3072mW/4226mW
08-10-2026 22:10:47 RAM 2684/15599MB (lfb 94x4MB) CPU [2%@729,0%@729,0%@729,1%@729,0%@729,0%@729,0%@729,0%@729] GR3D_FREQ 99% cv0@62.687C/76.968C cpu@66.656C/81.406C soc2@60.656C/73.562C soc0@63.468C/75.093C cv1@63.062C/75.468C gpu@66.781C/81.468C tj@66.781C/81.468C soc1@61.812C/72.906C cv2@59.312C/71.843C VDD_IN 11129mW/17527mW/29352mW VDD_CPU_GPU_CV 5608mW/10337mW/19267mW VDD_SOC 2442mW/3071mW/4226mW
08-10-2026 22:10:48 RAM 2684/15599MB (lfb 94x4MB) CPU [0%@729,0%@729,0%@729,0%@729,0%@729,0%@729,0%@729,0%@729] GR3D_FREQ 99% cv0@62.562C/76.968C cpu@66.656C/81.406C soc2@60.687C/73.562C soc0@63.437C/75.093C cv1@63.031C/75.468C gpu@66.812C/81.468C tj@66.812C/81.468C soc1@61.968C/72.906C cv2@59.343C/71.843C VDD_IN 11129mW/17513mW/29352mW VDD_CPU_GPU_CV 5599mW/10327mW/19267mW VDD_SOC 2442mW/3069mW/4226mW
08-10-2026 22:10:48 RAM 2684/15599MB (lfb 94x4MB) CPU [0%@729,0%@729,1%@729,0%@729,0%@729,0%@729,0%@729,0%@729] GR3D_FREQ 99% cv0@62.593C/76.968C cpu@66.687C/81.406C soc2@60.718C/73.562C soc0@63.406C/75.093C cv1@63.187C/75.468C gpu@66.75C/81.468C tj@66.75C/81.468C soc1@61.875C/72.906C cv2@59.343C/71.843C VDD_IN 11129mW/17500mW/29352mW VDD_CPU_GPU_CV 5608mW/10317mW/19267mW VDD_SOC 2442mW/3068mW/4226mW
08-10-2026 22:10:49 RAM 2684/15599MB (lfb 94x4MB) CPU [0%@729,0%@729,1%@729,0%@729,0%@729,0%@729,0%@729,0%@729] GR3D_FREQ 99% cv0@62.593C/76.968C cpu@66.812C/81.406C soc2@60.625C/73.562C soc0@63.562C/75.093C cv1@63.187C/75.468C gpu@66.656C/81.468C tj@66.812C/81.468C soc1@61.843C/72.906C cv2@59.281C/71.843C VDD_IN 11129mW/17487mW/29352mW VDD_CPU_GPU_CV 5599mW/10307mW/19267mW VDD_SOC 2442mW/3067mW/4226mW
08-10-2026 22:10:49 RAM 2684/15599MB (lfb 94x4MB) CPU [0%@729,0%@729,0%@729,0%@729,0%@729,0%@729,0%@729,0%@729] GR3D_FREQ 99% cv0@62.593C/76.968C cpu@66.906C/81.406C soc2@60.75C/73.562C soc0@63.562C/75.093C cv1@63.093C/75.468C gpu@66.906C/81.468C tj@66.906C/81.468C soc1@61.875C/72.906C cv2@59.25C/71.843C VDD_IN 11129mW/17474mW/29352mW VDD_CPU_GPU_CV 5608mW/10298mW/19267mW VDD_SOC 2442mW/3066mW/4226mW
08-10-2026 22:10:50 RAM 2684/15599MB (lfb 94x4MB) CPU [0%@729,0%@729,1%@729,0%@729,0%@729,0%@729,0%@729,0%@729] GR3D_FREQ 99% cv0@62.656C/76.968C cpu@66.843C/81.406C soc2@60.656C/73.562C soc0@63.531C/75.093C cv1@63.156C/75.468C gpu@66.843C/81.468C tj@66.843C/81.468C soc1@61.812C/72.906C cv2@59.437C/71.843C VDD_IN 11129mW/17461mW/29352mW VDD_CPU_GPU_CV 5608mW/10288mW/19267mW VDD_SOC 2442mW/3064mW/4226mW
08-10-2026 22:10:50 RAM 2684/15599MB (lfb 94x4MB) CPU [0%@729,0%@729,0%@729,0%@729,0%@729,0%@729,0%@729,0%@729] GR3D_FREQ 99% cv0@62.687C/76.968C cpu@66.656C/81.406C soc2@60.656C/73.562C soc0@63.468C/75.093C cv1@63.093C/75.468C gpu@67C/81.468C tj@67C/81.468C soc1@62.031C/72.906C cv2@59.437C/71.843C VDD_IN 11129mW/17448mW/29352mW VDD_CPU_GPU_CV 5608mW/10279mW/19267mW VDD_SOC 2442mW/3063mW/4226mW
08-10-2026 22:10:51 RAM 2684/15599MB (lfb 94x4MB) CPU [0%@729,0%@729,0%@729,0%@729,0%@729,0%@729,0%@729,0%@729] GR3D_FREQ 100% cv0@62.718C/76.968C cpu@66.718C/81.406C soc2@60.781C/73.562C soc0@63.5C/75.093C cv1@63C/75.468C gpu@67C/81.468C tj@66.812C/81.468C soc1@61.968C/72.906C cv2@59.375C/71.843C VDD_IN 11129mW/17435mW/29352mW VDD_CPU_GPU_CV 5608mW/10269mW/19267mW VDD_SOC 2442mW/3062mW/4226mW
08-10-2026 22:10:51 RAM 2684/15599MB (lfb 94x4MB) CPU [0%@729,0%@729,1%@729,0%@729,0%@729,0%@729,0%@729,0%@729] GR3D_FREQ 99% cv0@62.625C/76.968C cpu@66.968C/81.406C soc2@60.718C/73.562C soc0@63.593C/75.093C cv1@63.187C/75.468C gpu@66.968C/81.468C tj@66.968C/81.468C soc1@61.812C/72.906C cv2@59.406C/71.843C VDD_IN 11170mW/17423mW/29352mW VDD_CPU_GPU_CV 5599mW/10260mW/19267mW VDD_SOC 2442mW/3060mW/4226mW
08-10-2026 22:10:52 RAM 2684/15599MB (lfb 94x4MB) CPU [1%@729,0%@729,0%@729,0%@729,0%@729,0%@729,0%@729,0%@729] GR3D_FREQ 99% cv0@62.625C/76.968C cpu@66.781C/81.406C soc2@60.781C/73.562C soc0@63.531C/75.093C cv1@63.156C/75.468C gpu@67.031C/81.468C tj@67.031C/81.468C soc1@61.937C/72.906C cv2@59.406C/71.843C VDD_IN 11129mW/17410mW/29352mW VDD_CPU_GPU_CV 5608mW/10250mW/19267mW VDD_SOC 2442mW/3059mW/4226mW
08-10-2026 22:10:52 RAM 2684/15599MB (lfb 94x4MB) CPU [0%@729,0%@729,0%@729,0%@729,0%@729,0%@729,0%@729,0%@729] GR3D_FREQ 99% cv0@62.718C/76.968C cpu@66.906C/81.406C soc2@60.75C/73.562C soc0@63.531C/75.093C cv1@63.125C/75.468C gpu@66.906C/81.468C tj@66.906C/81.468C soc1@61.968C/72.906C cv2@59.406C/71.843C VDD_IN 11129mW/17397mW/29352mW VDD_CPU_GPU_CV 5608mW/10241mW/19267mW VDD_SOC 2442mW/3058mW/4226mW
08-10-2026 22:10:53 RAM 2684/15599MB (lfb 94x4MB) CPU [0%@729,0%@729,0%@729,0%@729,0%@729,0%@729,0%@729,0%@729] GR3D_FREQ 99% cv0@62.687C/76.968C cpu@66.906C/81.406C soc2@60.906C/73.562C soc0@63.531C/75.093C cv1@63.062C/75.468C gpu@66.937C/81.468C tj@66.937C/81.468C soc1@62.031C/72.906C cv2@59.406C/71.843C VDD_IN 11129mW/17384mW/29352mW VDD_CPU_GPU_CV 5599mW/10231mW/19267mW VDD_SOC 2442mW/3057mW/4226mW
08-10-2026 22:10:53 RAM 2684/15599MB (lfb 94x4MB) CPU [0%@729,0%@729,0%@729,0%@729,0%@729,0%@729,0%@729,0%@729] GR3D_FREQ 99% cv0@62.718C/76.968C cpu@66.718C/81.406C soc2@60.812C/73.562C soc0@63.531C/75.093C cv1@63.156C/75.468C gpu@66.906C/81.468C tj@66.906C/81.468C soc1@61.968C/72.906C cv2@59.343C/71.843C VDD_IN 11170mW/17372mW/29352mW VDD_CPU_GPU_CV 5599mW/10222mW/19267mW VDD_SOC 2442mW/3055mW/4226mW
08-10-2026 22:10:54 RAM 2684/15599MB (lfb 94x4MB) CPU [0%@729,0%@729,0%@729,0%@729,0%@729,0%@729,0%@729,0%@729] GR3D_FREQ 99% cv0@62.718C/76.968C cpu@66.75C/81.406C soc2@60.781C/73.562C soc0@63.656C/75.093C cv1@63.312C/75.468C gpu@66.812C/81.468C tj@66.812C/81.468C soc1@62C/72.906C cv2@59.468C/71.843C VDD_IN 11170mW/17359mW/29352mW VDD_CPU_GPU_CV 5599mW/10213mW/19267mW VDD_SOC 2442mW/3054mW/4226mW
08-10-2026 22:10:54 RAM 2684/15599MB (lfb 94x4MB) CPU [0%@729,0%@729,1%@729,0%@729,0%@729,0%@729,0%@729,0%@729] GR3D_FREQ 99% cv0@62.593C/76.968C cpu@66.906C/81.406C soc2@60.781C/73.562C soc0@63.625C/75.093C cv1@63.156C/75.468C gpu@66.843C/81.468C tj@66.906C/81.468C soc1@61.875C/72.906C cv2@59.343C/71.843C VDD_IN 11170mW/17347mW/29352mW VDD_CPU_GPU_CV 5608mW/10203mW/19267mW VDD_SOC 2442mW/3053mW/4226mW
08-10-2026 22:10:55 RAM 2684/15599MB (lfb 94x4MB) CPU [0%@729,0%@729,0%@729,0%@729,0%@729,0%@729,0%@729,0%@729] GR3D_FREQ 99% cv0@62.687C/76.968C cpu@66.781C/81.406C soc2@60.875C/73.562C soc0@63.531C/75.093C cv1@63.125C/75.468C gpu@66.875C/81.468C tj@66.875C/81.468C soc1@61.781C/72.906C cv2@59.437C/71.843C VDD_IN 11129mW/17334mW/29352mW VDD_CPU_GPU_CV 5608mW/10194mW/19267mW VDD_SOC 2442mW/3052mW/4226mW
08-10-2026 22:10:55 RAM 2684/15599MB (lfb 94x4MB) CPU [0%@729,0%@729,0%@729,0%@729,0%@729,0%@729,0%@729,0%@729] GR3D_FREQ 99% cv0@62.75C/76.968C cpu@66.906C/81.406C soc2@60.843C/73.562C soc0@63.5C/75.093C cv1@63.125C/75.468C gpu@66.968C/81.468C tj@66.968C/81.468C soc1@61.906C/72.906C cv2@59.406C/71.843C VDD_IN 11170mW/17322mW/29352mW VDD_CPU_GPU_CV 5608mW/10185mW/19267mW VDD_SOC 2442mW/3051mW/4226mW
08-10-2026 22:10:56 RAM 2684/15599MB (lfb 94x4MB) CPU [0%@729,0%@729,0%@729,0%@729,0%@729,0%@729,0%@729,0%@729] GR3D_FREQ 99% cv0@62.625C/76.968C cpu@66.656C/81.406C soc2@60.781C/73.562C soc0@63.437C/75.093C cv1@63.125C/75.468C gpu@67.062C/81.468C tj@67.062C/81.468C soc1@61.937C/72.906C cv2@59.375C/71.843C VDD_IN 11170mW/17310mW/29352mW VDD_CPU_GPU_CV 5608mW/10176mW/19267mW VDD_SOC 2442mW/3049mW/4226mW
08-10-2026 22:10:56 RAM 2684/15599MB (lfb 94x4MB) CPU [0%@729,1%@729,0%@729,0%@729,0%@729,0%@729,0%@729,0%@729] GR3D_FREQ 99% cv0@62.625C/76.968C cpu@66.875C/81.406C soc2@60.781C/73.562C soc0@63.531C/75.093C cv1@63.187C/75.468C gpu@66.968C/81.468C tj@66.968C/81.468C soc1@61.968C/72.906C cv2@59.281C/71.843C VDD_IN 11170mW/17297mW/29352mW VDD_CPU_GPU_CV 5599mW/10167mW/19267mW VDD_SOC 2442mW/3048mW/4226mW
08-10-2026 22:10:57 RAM 2684/15599MB (lfb 94x4MB) CPU [1%@729,0%@729,1%@729,0%@729,0%@729,0%@729,0%@729,0%@729] GR3D_FREQ 99% cv0@62.625C/76.968C cpu@66.906C/81.406C soc2@60.75C/73.562C soc0@63.531C/75.093C cv1@63.093C/75.468C gpu@66.906C/81.468C tj@66.906C/81.468C soc1@61.812C/72.906C cv2@59.343C/71.843C VDD_IN 11129mW/17285mW/29352mW VDD_CPU_GPU_CV 5599mW/10158mW/19267mW VDD_SOC 2442mW/3047mW/4226mW
08-10-2026 22:10:57 RAM 2684/15599MB (lfb 94x4MB) CPU [0%@729,0%@729,0%@729,0%@729,0%@729,0%@729,0%@729,0%@729] GR3D_FREQ 99% cv0@62.625C/76.968C cpu@66.875C/81.406C soc2@60.687C/73.562C soc0@63.531C/75.093C cv1@63.125C/75.468C gpu@66.968C/81.468C tj@66.968C/81.468C soc1@61.812C/72.906C cv2@59.437C/71.843C VDD_IN 11170mW/17273mW/29352mW VDD_CPU_GPU_CV 5599mW/10148mW/19267mW VDD_SOC 2442mW/3046mW/4226mW
08-10-2026 22:10:58 RAM 2684/15599MB (lfb 94x4MB) CPU [0%@729,0%@729,0%@729,0%@729,0%@729,0%@729,0%@729,0%@729] GR3D_FREQ 99% cv0@62.687C/76.968C cpu@66.687C/81.406C soc2@60.75C/73.562C soc0@63.437C/75.093C cv1@63.031C/75.468C gpu@66.968C/81.468C tj@66.968C/81.468C soc1@61.781C/72.906C cv2@59.406C/71.843C VDD_IN 11129mW/17261mW/29352mW VDD_CPU_GPU_CV 5608mW/10139mW/19267mW VDD_SOC 2442mW/3044mW/4226mW
08-10-2026 22:10:58 RAM 2684/15599MB (lfb 94x4MB) CPU [0%@729,0%@729,0%@729,0%@729,0%@729,0%@729,0%@729,0%@729] GR3D_FREQ 99% cv0@62.562C/76.968C cpu@66.687C/81.406C soc2@60.687C/73.562C soc0@63.437C/75.093C cv1@63.062C/75.468C gpu@66.843C/81.468C tj@66.843C/81.468C soc1@62C/72.906C cv2@59.343C/71.843C VDD_IN 11170mW/17249mW/29352mW VDD_CPU_GPU_CV 5599mW/10130mW/19267mW VDD_SOC 2442mW/3043mW/4226mW
08-10-2026 22:10:59 RAM 2684/15599MB (lfb 94x4MB) CPU [1%@729,0%@729,0%@729,0%@729,0%@729,0%@729,0%@729,0%@729] GR3D_FREQ 99% cv0@62.593C/76.968C cpu@66.625C/81.406C soc2@60.75C/73.562C soc0@63.593C/75.093C cv1@63.062C/75.468C gpu@66.875C/81.468C tj@66.875C/81.468C soc1@61.875C/72.906C cv2@59.312C/71.843C VDD_IN 11129mW/17237mW/29352mW VDD_CPU_GPU_CV 5608mW/10122mW/19267mW VDD_SOC 2442mW/3042mW/4226mW
08-10-2026 22:10:59 RAM 2684/15599MB (lfb 94x4MB) CPU [0%@729,0%@729,0%@729,0%@729,0%@729,0%@729,0%@729,0%@729] GR3D_FREQ 99% cv0@62.593C/76.968C cpu@66.812C/81.406C soc2@60.75C/73.562C soc0@63.531C/75.093C cv1@63.093C/75.468C gpu@66.843C/81.468C tj@66.843C/81.468C soc1@61.843C/72.906C cv2@59.312C/71.843C VDD_IN 11170mW/17225mW/29352mW VDD_CPU_GPU_CV 5608mW/10113mW/19267mW VDD_SOC 2442mW/3041mW/4226mW
08-10-2026 22:11:00 RAM 2684/15599MB (lfb 94x4MB) CPU [0%@729,1%@729,0%@729,0%@729,0%@729,0%@729,0%@729,0%@729] GR3D_FREQ 99% cv0@62.687C/76.968C cpu@66.843C/81.406C soc2@60.75C/73.562C soc0@63.531C/75.093C cv1@63.062C/75.468C gpu@67.031C/81.468C tj@66.875C/81.468C soc1@61.843C/72.906C cv2@59.437C/71.843C VDD_IN 11129mW/17213mW/29352mW VDD_CPU_GPU_CV 5599mW/10104mW/19267mW VDD_SOC 2442mW/3040mW/4226mW
08-10-2026 22:11:00 RAM 2684/15599MB (lfb 94x4MB) CPU [0%@729,0%@729,0%@729,0%@729,0%@729,0%@729,0%@729,0%@729] GR3D_FREQ 99% cv0@62.687C/76.968C cpu@66.718C/81.406C soc2@60.75C/73.562C soc0@63.531C/75.093C cv1@63.125C/75.468C gpu@66.843C/81.468C tj@66.843C/81.468C soc1@61.906C/72.906C cv2@59.406C/71.843C VDD_IN 11170mW/17201mW/29352mW VDD_CPU_GPU_CV 5599mW/10095mW/19267mW VDD_SOC 2442mW/3039mW/4226mW
08-10-2026 22:11:01 RAM 2684/15599MB (lfb 94x4MB) CPU [0%@729,0%@729,0%@729,0%@729,0%@729,1%@729,0%@729,0%@729] GR3D_FREQ 100% cv0@62.625C/76.968C cpu@66.718C/81.406C soc2@60.75C/73.562C soc0@63.468C/75.093C cv1@63.125C/75.468C gpu@67.093C/81.468C tj@67.093C/81.468C soc1@61.843C/72.906C cv2@59.375C/71.843C VDD_IN 11129mW/17189mW/29352mW VDD_CPU_GPU_CV 5608mW/10086mW/19267mW VDD_SOC 2442mW/3037mW/4226mW
08-10-2026 22:11:01 RAM 2684/15599MB (lfb 94x4MB) CPU [1%@729,0%@729,0%@729,0%@729,0%@729,0%@729,0%@729,0%@729] GR3D_FREQ 99% cv0@62.593C/76.968C cpu@66.75C/81.406C soc2@60.781C/73.562C soc0@63.718C/75.093C cv1@63.093C/75.468C gpu@66.843C/81.468C tj@66.843C/81.468C soc1@62C/72.906C cv2@59.343C/71.843C VDD_IN 11170mW/17177mW/29352mW VDD_CPU_GPU_CV 5599mW/10077mW/19267mW VDD_SOC 2442mW/3036mW/4226mW
08-10-2026 22:11:02 RAM 2684/15599MB (lfb 94x4MB) CPU [0%@729,0%@729,0%@729,0%@729,0%@729,0%@729,0%@729,0%@729] GR3D_FREQ 99% cv0@62.625C/76.968C cpu@66.906C/81.406C soc2@60.843C/73.562C soc0@63.625C/75.093C cv1@63.187C/75.468C gpu@67.125C/81.468C tj@67.125C/81.468C soc1@61.937C/72.906C cv2@59.281C/71.843C VDD_IN 11129mW/17165mW/29352mW VDD_CPU_GPU_CV 5608mW/10069mW/19267mW VDD_SOC 2442mW/3035mW/4226mW
08-10-2026 22:11:02 RAM 2684/15599MB (lfb 94x4MB) CPU [0%@729,3%@729,0%@729,0%@729,0%@729,0%@729,0%@729,0%@729] GR3D_FREQ 99% cv0@62.625C/76.968C cpu@66.843C/81.406C soc2@60.843C/73.562C soc0@63.5C/75.093C cv1@63.187C/75.468C gpu@66.968C/81.468C tj@67.031C/81.468C soc1@61.906C/72.906C cv2@59.375C/71.843C VDD_IN 11170mW/17154mW/29352mW VDD_CPU_GPU_CV 5599mW/10060mW/19267mW VDD_SOC 2442mW/3034mW/4226mW
08-10-2026 22:11:03 RAM 2684/15599MB (lfb 94x4MB) CPU [0%@729,1%@729,0%@729,0%@729,0%@729,0%@729,0%@729,0%@729] GR3D_FREQ 99% cv0@62.718C/76.968C cpu@66.812C/81.406C soc2@60.875C/73.562C soc0@63.5C/75.093C cv1@63.093C/75.468C gpu@67.093C/81.468C tj@67.093C/81.468C soc1@61.937C/72.906C cv2@59.437C/71.843C VDD_IN 11170mW/17142mW/29352mW VDD_CPU_GPU_CV 5599mW/10051mW/19267mW VDD_SOC 2442mW/3033mW/4226mW
08-10-2026 22:11:03 RAM 2684/15599MB (lfb 94x4MB) CPU [0%@729,0%@729,0%@729,0%@729,0%@729,0%@729,0%@729,0%@729] GR3D_FREQ 99% cv0@62.718C/76.968C cpu@66.781C/81.406C soc2@60.75C/73.562C soc0@63.531C/75.093C cv1@63.093C/75.468C gpu@66.875C/81.468C tj@66.875C/81.468C soc1@61.937C/72.906C cv2@59.468C/71.843C VDD_IN 11170mW/17130mW/29352mW VDD_CPU_GPU_CV 5608mW/10043mW/19267mW VDD_SOC 2442mW/3032mW/4226mW
08-10-2026 22:11:04 RAM 2684/15599MB (lfb 94x4MB) CPU [0%@729,0%@729,0%@729,0%@729,0%@729,0%@729,0%@729,0%@729] GR3D_FREQ 99% cv0@62.687C/76.968C cpu@67C/81.406C soc2@60.781C/73.562C soc0@63.531C/75.093C cv1@63.125C/75.468C gpu@66.875C/81.468C tj@66.875C/81.468C soc1@62.031C/72.906C cv2@59.375C/71.843C VDD_IN 11170mW/17119mW/29352mW VDD_CPU_GPU_CV 5599mW/10034mW/19267mW VDD_SOC 2442mW/3030mW/4226mW
08-10-2026 22:11:04 RAM 2684/15599MB (lfb 94x4MB) CPU [0%@729,0%@729,0%@729,0%@729,0%@729,0%@729,0%@729,0%@729] GR3D_FREQ 99% cv0@62.687C/76.968C cpu@66.75C/81.406C soc2@60.781C/73.562C soc0@63.625C/75.093C cv1@63.218C/75.468C gpu@67C/81.468C tj@67C/81.468C soc1@62.062C/72.906C cv2@59.375C/71.843C VDD_IN 11170mW/17107mW/29352mW VDD_CPU_GPU_CV 5608mW/10025mW/19267mW VDD_SOC 2442mW/3029mW/4226mW
08-10-2026 22:11:05 RAM 2684/15599MB (lfb 94x4MB) CPU [0%@729,0%@729,0%@729,0%@729,0%@729,0%@729,0%@729,0%@729] GR3D_FREQ 99% cv0@62.625C/76.968C cpu@66.906C/81.406C soc2@60.906C/73.562C soc0@63.562C/75.093C cv1@63.187C/75.468C gpu@66.906C/81.468C tj@66.906C/81.468C soc1@61.937C/72.906C cv2@59.343C/71.843C VDD_IN 11170mW/17096mW/29352mW VDD_CPU_GPU_CV 5599mW/10017mW/19267mW VDD_SOC 2442mW/3028mW/4226mW
08-10-2026 22:11:05 RAM 2684/15599MB (lfb 94x4MB) CPU [0%@729,0%@729,0%@729,0%@729,0%@729,0%@729,0%@729,0%@729] GR3D_FREQ 99% cv0@62.812C/76.968C cpu@66.906C/81.406C soc2@60.781C/73.562C soc0@63.531C/75.093C cv1@63.156C/75.468C gpu@66.875C/81.468C tj@66.906C/81.468C soc1@61.843C/72.906C cv2@59.531C/71.843C VDD_IN 11129mW/17084mW/29352mW VDD_CPU_GPU_CV 5599mW/10008mW/19267mW VDD_SOC 2442mW/3027mW/4226mW
08-10-2026 22:11:06 RAM 2684/15599MB (lfb 94x4MB) CPU [1%@729,0%@729,0%@729,0%@729,0%@729,0%@729,0%@729,0%@729] GR3D_FREQ 99% cv0@62.687C/76.968C cpu@66.781C/81.406C soc2@60.875C/73.562C soc0@63.5C/75.093C cv1@63.187C/75.468C gpu@66.875C/81.468C tj@66.875C/81.468C soc1@61.843C/72.906C cv2@59.406C/71.843C VDD_IN 11129mW/17073mW/29352mW VDD_CPU_GPU_CV 5599mW/10000mW/19267mW VDD_SOC 2442mW/3026mW/4226mW
08-10-2026 22:11:06 RAM 2684/15599MB (lfb 94x4MB) CPU [0%@729,0%@729,0%@729,0%@729,0%@729,0%@729,0%@729,0%@729] GR3D_FREQ 99% cv0@62.656C/76.968C cpu@66.687C/81.406C soc2@60.781C/73.562C soc0@63.5C/75.093C cv1@63.093C/75.468C gpu@66.875C/81.468C tj@66.875C/81.468C soc1@62.031C/72.906C cv2@59.375C/71.843C VDD_IN 11129mW/17061mW/29352mW VDD_CPU_GPU_CV 5599mW/9991mW/19267mW VDD_SOC 2442mW/3025mW/4226mW
08-10-2026 22:11:07 RAM 2684/15599MB (lfb 94x4MB) CPU [0%@729,0%@729,0%@729,0%@729,0%@729,0%@729,0%@729,0%@729] GR3D_FREQ 99% cv0@62.625C/76.968C cpu@66.718C/81.406C soc2@60.75C/73.562C soc0@63.625C/75.093C cv1@63.187C/75.468C gpu@67.031C/81.468C tj@67.031C/81.468C soc1@61.937C/72.906C cv2@59.375C/71.843C VDD_IN 11129mW/17050mW/29352mW VDD_CPU_GPU_CV 5599mW/9983mW/19267mW VDD_SOC 2442mW/3024mW/4226mW
08-10-2026 22:11:07 RAM 2684/15599MB (lfb 94x4MB) CPU [1%@729,0%@729,0%@729,0%@729,0%@729,0%@729,0%@729,0%@729] GR3D_FREQ 99% cv0@62.593C/76.968C cpu@66.906C/81.406C soc2@60.75C/73.562C soc0@63.5C/75.093C cv1@63.125C/75.468C gpu@66.843C/81.468C tj@66.906C/81.468C soc1@61.843C/72.906C cv2@59.312C/71.843C VDD_IN 11129mW/17039mW/29352mW VDD_CPU_GPU_CV 5599mW/9975mW/19267mW VDD_SOC 2442mW/3023mW/4226mW
08-10-2026 22:11:08 RAM 2684/15599MB (lfb 94x4MB) CPU [0%@729,0%@729,1%@729,0%@729,0%@729,0%@729,0%@729,0%@729] GR3D_FREQ 100% cv0@62.687C/76.968C cpu@66.75C/81.406C soc2@60.812C/73.562C soc0@63.5C/75.093C cv1@63.031C/75.468C gpu@66.937C/81.468C tj@66.937C/81.468C soc1@61.906C/72.906C cv2@59.437C/71.843C VDD_IN 11129mW/17028mW/29352mW VDD_CPU_GPU_CV 5599mW/9966mW/19267mW VDD_SOC 2442mW/3021mW/4226mW
08-10-2026 22:11:08 RAM 2684/15599MB (lfb 94x4MB) CPU [0%@729,0%@729,0%@729,0%@729,0%@729,0%@729,0%@729,0%@729] GR3D_FREQ 99% cv0@62.656C/76.968C cpu@66.781C/81.406C soc2@60.781C/73.562C soc0@63.406C/75.093C cv1@62.968C/75.468C gpu@66.875C/81.468C tj@66.875C/81.468C soc1@61.75C/72.906C cv2@59.375C/71.843C VDD_IN 11129mW/17016mW/29352mW VDD_CPU_GPU_CV 5608mW/9958mW/19267mW VDD_SOC 2442mW/3020mW/4226mW
08-10-2026 22:11:09 RAM 2684/15599MB (lfb 94x4MB) CPU [0%@729,1%@729,0%@729,0%@729,0%@729,0%@729,0%@729,0%@729] GR3D_FREQ 99% cv0@62.656C/76.968C cpu@66.656C/81.406C soc2@60.687C/73.562C soc0@63.437C/75.093C cv1@62.968C/75.468C gpu@66.937C/81.468C tj@66.937C/81.468C soc1@61.937C/72.906C cv2@59.375C/71.843C VDD_IN 11129mW/17005mW/29352mW VDD_CPU_GPU_CV 5599mW/9950mW/19267mW VDD_SOC 2442mW/3019mW/4226mW
08-10-2026 22:11:09 RAM 2684/15599MB (lfb 94x4MB) CPU [0%@729,0%@729,0%@729,0%@729,0%@729,0%@729,0%@729,0%@729] GR3D_FREQ 99% cv0@62.562C/76.968C cpu@66.875C/81.406C soc2@60.625C/73.562C soc0@63.343C/75.093C cv1@63.062C/75.468C gpu@66.875C/81.468C tj@66.875C/81.468C soc1@61.968C/72.906C cv2@59.312C/71.843C VDD_IN 11129mW/16994mW/29352mW VDD_CPU_GPU_CV 5608mW/9941mW/19267mW VDD_SOC 2442mW/3018mW/4226mW
08-10-2026 22:11:10 RAM 2684/15599MB (lfb 94x4MB) CPU [0%@729,0%@729,0%@729,0%@729,0%@729,0%@729,0%@729,0%@729] GR3D_FREQ 99% cv0@62.468C/76.968C cpu@66.625C/81.406C soc2@60.687C/73.562C soc0@63.468C/75.093C cv1@63.031C/75.468C gpu@66.937C/81.468C tj@66.937C/81.468C soc1@61.812C/72.906C cv2@59.187C/71.843C VDD_IN 11129mW/16983mW/29352mW VDD_CPU_GPU_CV 5608mW/9933mW/19267mW VDD_SOC 2442mW/3017mW/4226mW
08-10-2026 22:11:10 RAM 2684/15599MB (lfb 94x4MB) CPU [3%@729,0%@729,0%@729,0%@729,0%@729,0%@729,0%@729,0%@729] GR3D_FREQ 99% cv0@62.593C/76.968C cpu@66.812C/81.406C soc2@60.781C/73.562C soc0@63.468C/75.093C cv1@63.062C/75.468C gpu@66.875C/81.468C tj@66.875C/81.468C soc1@61.781C/72.906C cv2@59.312C/71.843C VDD_IN 11129mW/16972mW/29352mW VDD_CPU_GPU_CV 5599mW/9925mW/19267mW VDD_SOC 2442mW/3016mW/4226mW
08-10-2026 22:11:11 RAM 2684/15599MB (lfb 94x4MB) CPU [0%@729,0%@729,0%@729,0%@729,0%@729,0%@729,0%@729,0%@729] GR3D_FREQ 99% cv0@62.593C/76.968C cpu@66.593C/81.406C soc2@60.718C/73.562C soc0@63.375C/75.093C cv1@62.906C/75.468C gpu@66.812C/81.468C tj@66.812C/81.468C soc1@61.687C/72.906C cv2@59.343C/71.843C VDD_IN 11129mW/16961mW/29352mW VDD_CPU_GPU_CV 5599mW/9917mW/19267mW VDD_SOC 2442mW/3015mW/4226mW
08-10-2026 22:11:11 RAM 2684/15599MB (lfb 94x4MB) CPU [0%@729,0%@729,0%@729,0%@729,0%@729,0%@729,0%@729,0%@729] GR3D_FREQ 99% cv0@62.562C/76.968C cpu@66.718C/81.406C soc2@60.687C/73.562C soc0@63.218C/75.093C cv1@62.906C/75.468C gpu@67.093C/81.468C tj@66.843C/81.468C soc1@61.937C/72.906C cv2@59.25C/71.843C VDD_IN 11129mW/16950mW/29352mW VDD_CPU_GPU_CV 5608mW/9909mW/19267mW VDD_SOC 2442mW/3014mW/4226mW
08-10-2026 22:11:12 RAM 2684/15599MB (lfb 94x4MB) CPU [0%@729,0%@729,0%@729,0%@729,0%@729,0%@729,0%@729,0%@729] GR3D_FREQ 99% cv0@62.531C/76.968C cpu@66.593C/81.406C soc2@60.625C/73.562C soc0@63.468C/75.093C cv1@63.093C/75.468C gpu@66.718C/81.468C tj@66.718C/81.468C soc1@61.968C/72.906C cv2@59.281C/71.843C VDD_IN 11129mW/16939mW/29352mW VDD_CPU_GPU_CV 5608mW/9901mW/19267mW VDD_SOC 2442mW/3013mW/4226mW
08-10-2026 22:11:12 RAM 2684/15599MB (lfb 94x4MB) CPU [0%@729,0%@729,0%@729,0%@729,0%@729,0%@729,0%@729,0%@729] GR3D_FREQ 99% cv0@62.437C/76.968C cpu@66.843C/81.406C soc2@60.656C/73.562C soc0@63.437C/75.093C cv1@63.031C/75.468C gpu@66.968C/81.468C tj@66.968C/81.468C soc1@61.843C/72.906C cv2@59.187C/71.843C VDD_IN 11129mW/16928mW/29352mW VDD_CPU_GPU_CV 5608mW/9893mW/19267mW VDD_SOC 2442mW/3012mW/4226mW
08-10-2026 22:11:13 RAM 2684/15599MB (lfb 94x4MB) CPU [0%@729,0%@729,0%@729,0%@729,0%@729,0%@729,0%@729,0%@729] GR3D_FREQ 99% cv0@62.656C/76.968C cpu@66.812C/81.406C soc2@60.625C/73.562C soc0@63.406C/75.093C cv1@63C/75.468C gpu@66.906C/81.468C tj@66.906C/81.468C soc1@61.843C/72.906C cv2@59.406C/71.843C VDD_IN 11129mW/16917mW/29352mW VDD_CPU_GPU_CV 5599mW/9885mW/19267mW VDD_SOC 2442mW/3011mW/4226mW
08-10-2026 22:11:13 RAM 2684/15599MB (lfb 94x4MB) CPU [0%@729,0%@729,0%@729,0%@729,0%@729,0%@729,0%@729,0%@729] GR3D_FREQ 99% cv0@62.562C/76.968C cpu@66.687C/81.406C soc2@60.687C/73.562C soc0@63.375C/75.093C cv1@62.968C/75.468C gpu@67C/81.468C tj@67C/81.468C soc1@61.75C/72.906C cv2@59.312C/71.843C VDD_IN 11129mW/16906mW/29352mW VDD_CPU_GPU_CV 5608mW/9877mW/19267mW VDD_SOC 2442mW/3010mW/4226mW
08-10-2026 22:11:14 RAM 2684/15599MB (lfb 94x4MB) CPU [0%@729,0%@729,0%@729,0%@729,0%@729,0%@729,0%@729,0%@729] GR3D_FREQ 99% cv0@62.531C/76.968C cpu@66.687C/81.406C soc2@60.625C/73.562C soc0@63.343C/75.093C cv1@63C/75.468C gpu@66.875C/81.468C tj@66.875C/81.468C soc1@62C/72.906C cv2@59.25C/71.843C VDD_IN 11129mW/16895mW/29352mW VDD_CPU_GPU_CV 5608mW/9869mW/19267mW VDD_SOC 2442mW/3009mW/4226mW
08-10-2026 22:11:14 RAM 2684/15599MB (lfb 94x4MB) CPU [1%@729,0%@729,0%@729,0%@729,0%@729,0%@729,0%@729,0%@729] GR3D_FREQ 99% cv0@62.531C/76.968C cpu@66.625C/81.406C soc2@60.687C/73.562C soc0@63.5C/75.093C cv1@63.062C/75.468C gpu@66.781C/81.468C tj@66.781C/81.468C soc1@61.875C/72.906C cv2@59.25C/71.843C VDD_IN 11129mW/16885mW/29352mW VDD_CPU_GPU_CV 5608mW/9861mW/19267mW VDD_SOC 2442mW/3007mW/4226mW
08-10-2026 22:11:15 RAM 2684/15599MB (lfb 94x4MB) CPU [1%@729,1%@729,0%@729,0%@729,0%@729,0%@729,0%@729,0%@729] GR3D_FREQ 99% cv0@62.531C/76.968C cpu@66.906C/81.406C soc2@60.75C/73.562C soc0@63.531C/75.093C cv1@63.093C/75.468C gpu@66.968C/81.468C tj@66.968C/81.468C soc1@61.781C/72.906C cv2@59.25C/71.843C VDD_IN 11129mW/16874mW/29352mW VDD_CPU_GPU_CV 5599mW/9853mW/19267mW VDD_SOC 2442mW/3006mW/4226mW
08-10-2026 22:11:15 RAM 2684/15599MB (lfb 94x4MB) CPU [0%@729,0%@729,0%@729,0%@729,0%@729,0%@729,0%@729,0%@729] GR3D_FREQ 99% cv0@62.5C/76.968C cpu@66.75C/81.406C soc2@60.687C/73.562C soc0@63.5C/75.093C cv1@63.062C/75.468C gpu@66.875C/81.468C tj@66.875C/81.468C soc1@61.843C/72.906C cv2@59.343C/71.843C VDD_IN 11129mW/16863mW/29352mW VDD_CPU_GPU_CV 5599mW/9845mW/19267mW VDD_SOC 2442mW/3005mW/4226mW
08-10-2026 22:11:16 RAM 2684/15599MB (lfb 94x4MB) CPU [0%@729,0%@729,0%@729,0%@729,0%@729,0%@729,0%@729,0%@729] GR3D_FREQ 99% cv0@62.687C/76.968C cpu@66.75C/81.406C soc2@60.718C/73.562C soc0@63.437C/75.093C cv1@62.937C/75.468C gpu@66.906C/81.468C tj@66.906C/81.468C soc1@61.75C/72.906C cv2@59.312C/71.843C VDD_IN 11129mW/16853mW/29352mW VDD_CPU_GPU_CV 5608mW/9837mW/19267mW VDD_SOC 2442mW/3004mW/4226mW
08-10-2026 22:11:17 RAM 2684/15599MB (lfb 94x4MB) CPU [0%@729,0%@729,1%@729,0%@729,0%@729,0%@729,0%@729,0%@729] GR3D_FREQ 99% cv0@62.625C/76.968C cpu@66.687C/81.406C soc2@60.781C/73.562C soc0@63.437C/75.093C cv1@62.968C/75.468C gpu@66.781C/81.468C tj@66.781C/81.468C soc1@61.937C/72.906C cv2@59.343C/71.843C VDD_IN 11129mW/16842mW/29352mW VDD_CPU_GPU_CV 5599mW/9829mW/19267mW VDD_SOC 2442mW/3003mW/4226mW
08-10-2026 22:11:17 RAM 2684/15599MB (lfb 94x4MB) CPU [0%@729,0%@729,1%@729,0%@729,0%@729,0%@729,0%@729,0%@729] GR3D_FREQ 99% cv0@62.562C/76.968C cpu@66.656C/81.406C soc2@60.687C/73.562C soc0@63.343C/75.093C cv1@62.968C/75.468C gpu@66.843C/81.468C tj@66.843C/81.468C soc1@61.937C/72.906C cv2@59.343C/71.843C VDD_IN 11129mW/16832mW/29352mW VDD_CPU_GPU_CV 5608mW/9821mW/19267mW VDD_SOC 2442mW/3002mW/4226mW
08-10-2026 22:11:18 RAM 2684/15599MB (lfb 94x4MB) CPU [0%@729,0%@729,0%@729,0%@729,0%@729,0%@729,0%@729,0%@729] GR3D_FREQ 99% cv0@62.593C/76.968C cpu@66.687C/81.406C soc2@60.718C/73.562C soc0@63.5C/75.093C cv1@63.125C/75.468C gpu@66.843C/81.468C tj@66.843C/81.468C soc1@61.843C/72.906C cv2@59.312C/71.843C VDD_IN 11129mW/16821mW/29352mW VDD_CPU_GPU_CV 5608mW/9814mW/19267mW VDD_SOC 2442mW/3001mW/4226mW
08-10-2026 22:11:18 RAM 2684/15599MB (lfb 94x4MB) CPU [0%@729,1%@729,0%@729,0%@729,0%@729,0%@729,0%@729,0%@729] GR3D_FREQ 99% cv0@62.593C/76.968C cpu@66.812C/81.406C soc2@60.718C/73.562C soc0@63.5C/75.093C cv1@63.062C/75.468C gpu@66.843C/81.468C tj@66.843C/81.468C soc1@61.781C/72.906C cv2@59.281C/71.843C VDD_IN 11129mW/16811mW/29352mW VDD_CPU_GPU_CV 5608mW/9806mW/19267mW VDD_SOC 2442mW/3000mW/4226mW
08-10-2026 22:11:19 RAM 2684/15599MB (lfb 94x4MB) CPU [0%@729,0%@729,0%@729,0%@729,0%@729,0%@729,0%@729,0%@729] GR3D_FREQ 99% cv0@62.718C/76.968C cpu@66.75C/81.406C soc2@60.718C/73.562C soc0@63.562C/75.093C cv1@63.031C/75.468C gpu@67.062C/81.468C tj@67.062C/81.468C soc1@61.812C/72.906C cv2@59.437C/71.843C VDD_IN 11129mW/16800mW/29352mW VDD_CPU_GPU_CV 5599mW/9798mW/19267mW VDD_SOC 2442mW/2999mW/4226mW
08-10-2026 22:11:19 RAM 2684/15599MB (lfb 94x4MB) CPU [0%@729,0%@729,0%@729,0%@729,0%@729,0%@729,0%@729,0%@729] GR3D_FREQ 99% cv0@62.656C/76.968C cpu@66.906C/81.406C soc2@60.812C/73.562C soc0@63.437C/75.093C cv1@63.093C/75.468C gpu@66.843C/81.468C tj@66.906C/81.468C soc1@62.031C/72.906C cv2@59.343C/71.843C VDD_IN 11170mW/16790mW/29352mW VDD_CPU_GPU_CV 5599mW/9791mW/19267mW VDD_SOC 2442mW/2998mW/4226mW
08-10-2026 22:11:20 RAM 2684/15599MB (lfb 94x4MB) CPU [0%@729,0%@729,0%@729,0%@729,0%@729,0%@729,0%@729,0%@729] GR3D_FREQ 99% cv0@62.625C/76.968C cpu@66.718C/81.406C soc2@60.718C/73.562C soc0@63.5C/75.093C cv1@63.062C/75.468C gpu@67C/81.468C tj@67C/81.468C soc1@62C/72.906C cv2@59.406C/71.843C VDD_IN 11129mW/16780mW/29352mW VDD_CPU_GPU_CV 5599mW/9783mW/19267mW VDD_SOC 2442mW/2997mW/4226mW
08-10-2026 22:11:20 RAM 2684/15599MB (lfb 94x4MB) CPU [1%@729,0%@729,0%@729,0%@729,0%@729,0%@729,0%@729,0%@729] GR3D_FREQ 99% cv0@62.625C/76.968C cpu@66.906C/81.406C soc2@60.781C/73.562C soc0@63.562C/75.093C cv1@63.156C/75.468C gpu@66.937C/81.468C tj@66.875C/81.468C soc1@61.968C/72.906C cv2@59.375C/71.843C VDD_IN 11170mW/16769mW/29352mW VDD_CPU_GPU_CV 5608mW/9775mW/19267mW VDD_SOC 2442mW/2996mW/4226mW
08-10-2026 22:11:21 RAM 2684/15599MB (lfb 94x4MB) CPU [0%@729,0%@729,1%@729,0%@729,0%@729,0%@729,0%@729,0%@729] GR3D_FREQ 99% cv0@62.625C/76.968C cpu@66.937C/81.406C soc2@60.843C/73.562C soc0@63.531C/75.093C cv1@63.156C/75.468C gpu@67.062C/81.468C tj@67.062C/81.468C soc1@61.968C/72.906C cv2@59.343C/71.843C VDD_IN 11129mW/16759mW/29352mW VDD_CPU_GPU_CV 5599mW/9768mW/19267mW VDD_SOC 2442mW/2995mW/4226mW
08-10-2026 22:11:21 RAM 2684/15599MB (lfb 94x4MB) CPU [0%@729,0%@729,0%@729,0%@729,0%@729,0%@729,0%@729,0%@729] GR3D_FREQ 99% cv0@62.718C/76.968C cpu@66.781C/81.406C soc2@60.781C/73.562C soc0@63.437C/75.093C cv1@63.062C/75.468C gpu@66.937C/81.468C tj@66.937C/81.468C soc1@61.968C/72.906C cv2@59.531C/71.843C VDD_IN 11170mW/16749mW/29352mW VDD_CPU_GPU_CV 5608mW/9760mW/19267mW VDD_SOC 2442mW/2994mW/4226mW
08-10-2026 22:11:22 RAM 2684/15599MB (lfb 94x4MB) CPU [0%@729,0%@729,0%@729,1%@729,0%@729,0%@729,0%@729,0%@729] GR3D_FREQ 99% cv0@62.687C/76.968C cpu@66.75C/81.406C soc2@60.843C/73.562C soc0@63.468C/75.093C cv1@63.062C/75.468C gpu@67.062C/81.468C tj@67.062C/81.468C soc1@61.843C/72.906C cv2@59.437C/71.843C VDD_IN 11129mW/16739mW/29352mW VDD_CPU_GPU_CV 5608mW/9753mW/19267mW VDD_SOC 2442mW/2993mW/4226mW
08-10-2026 22:11:22 RAM 2684/15599MB (lfb 94x4MB) CPU [0%@729,0%@729,0%@729,0%@729,0%@729,0%@729,0%@729,0%@729] GR3D_FREQ 99% cv0@62.718C/76.968C cpu@66.687C/81.406C soc2@60.781C/73.562C soc0@63.5C/75.093C cv1@63.156C/75.468C gpu@66.875C/81.468C tj@66.875C/81.468C soc1@62.093C/72.906C cv2@59.375C/71.843C VDD_IN 11170mW/16729mW/29352mW VDD_CPU_GPU_CV 5599mW/9745mW/19267mW VDD_SOC 2442mW/2992mW/4226mW
08-10-2026 22:11:23 RAM 2684/15599MB (lfb 94x4MB) CPU [0%@729,1%@729,1%@729,0%@729,0%@729,0%@729,0%@729,0%@729] GR3D_FREQ 99% cv0@62.625C/76.968C cpu@66.781C/81.406C soc2@60.812C/73.562C soc0@63.687C/75.093C cv1@63.312C/75.468C gpu@66.937C/81.468C tj@66.937C/81.468C soc1@61.937C/72.906C cv2@59.437C/71.843C VDD_IN 11129mW/16718mW/29352mW VDD_CPU_GPU_CV 5608mW/9738mW/19267mW VDD_SOC 2442mW/2991mW/4226mW
08-10-2026 22:11:23 RAM 2684/15599MB (lfb 94x4MB) CPU [0%@729,1%@729,0%@729,0%@729,0%@729,0%@729,0%@729,0%@729] GR3D_FREQ 99% cv0@62.687C/76.968C cpu@66.906C/81.406C soc2@60.906C/73.562C soc0@63.656C/75.093C cv1@63.187C/75.468C gpu@66.875C/81.468C tj@66.875C/81.468C soc1@61.937C/72.906C cv2@59.406C/71.843C VDD_IN 11170mW/16708mW/29352mW VDD_CPU_GPU_CV 5599mW/9730mW/19267mW VDD_SOC 2442mW/2990mW/4226mW
08-10-2026 22:11:24 RAM 2684/15599MB (lfb 94x4MB) CPU [0%@729,0%@729,1%@729,0%@729,0%@729,0%@729,0%@729,0%@729] GR3D_FREQ 99% cv0@62.656C/76.968C cpu@66.906C/81.406C soc2@60.781C/73.562C soc0@63.468C/75.093C cv1@63.187C/75.468C gpu@66.937C/81.468C tj@66.937C/81.468C soc1@61.906C/72.906C cv2@59.468C/71.843C VDD_IN 11129mW/16698mW/29352mW VDD_CPU_GPU_CV 5599mW/9723mW/19267mW VDD_SOC 2442mW/2989mW/4226mW
08-10-2026 22:11:24 RAM 2684/15599MB (lfb 94x4MB) CPU [3%@729,1%@729,0%@729,0%@729,0%@729,0%@729,0%@729,0%@729] GR3D_FREQ 99% cv0@62.781C/76.968C cpu@66.75C/81.406C soc2@60.781C/73.562C soc0@63.531C/75.093C cv1@63.156C/75.468C gpu@66.875C/81.468C tj@66.875C/81.468C soc1@61.906C/72.906C cv2@59.406C/71.843C VDD_IN 11170mW/16688mW/29352mW VDD_CPU_GPU_CV 5599mW/9715mW/19267mW VDD_SOC 2442mW/2988mW/4226mW
08-10-2026 22:11:25 RAM 2684/15599MB (lfb 94x4MB) CPU [1%@729,0%@729,0%@729,0%@729,0%@729,0%@729,0%@729,0%@729] GR3D_FREQ 99% cv0@62.718C/76.968C cpu@66.687C/81.406C soc2@60.75C/73.562C soc0@63.468C/75.093C cv1@63.187C/75.468C gpu@66.781C/81.468C tj@66.843C/81.468C soc1@61.843C/72.906C cv2@59.437C/71.843C VDD_IN 11170mW/16679mW/29352mW VDD_CPU_GPU_CV 5608mW/9708mW/19267mW VDD_SOC 2442mW/2987mW/4226mW
08-10-2026 22:11:25 RAM 2684/15599MB (lfb 94x4MB) CPU [0%@729,0%@729,0%@729,0%@729,0%@729,0%@729,0%@729,0%@729] GR3D_FREQ 99% cv0@62.625C/76.968C cpu@66.718C/81.406C soc2@60.781C/73.562C soc0@63.656C/75.093C cv1@63.125C/75.468C gpu@67.093C/81.468C tj@67.093C/81.468C soc1@61.906C/72.906C cv2@59.281C/71.843C VDD_IN 11170mW/16669mW/29352mW VDD_CPU_GPU_CV 5608mW/9700mW/19267mW VDD_SOC 2442mW/2986mW/4226mW
08-10-2026 22:11:26 RAM 2684/15599MB (lfb 94x4MB) CPU [0%@729,0%@729,1%@729,0%@729,0%@729,0%@729,0%@729,0%@729] GR3D_FREQ 99% cv0@62.625C/76.968C cpu@66.906C/81.406C soc2@60.781C/73.562C soc0@63.593C/75.093C cv1@63.187C/75.468C gpu@67C/81.468C tj@67C/81.468C soc1@61.812C/72.906C cv2@59.312C/71.843C VDD_IN 11129mW/16659mW/29352mW VDD_CPU_GPU_CV 5599mW/9693mW/19267mW VDD_SOC 2442mW/2985mW/4226mW
08-10-2026 22:11:26 RAM 2684/15599MB (lfb 94x4MB) CPU [0%@729,0%@729,0%@729,0%@729,0%@729,0%@729,0%@729,0%@729] GR3D_FREQ 99% cv0@62.625C/76.968C cpu@66.781C/81.406C soc2@60.75C/73.562C soc0@63.5C/75.093C cv1@63.093C/75.468C gpu@66.875C/81.468C tj@67.093C/81.468C soc1@61.812C/72.906C cv2@59.437C/71.843C VDD_IN 11129mW/16649mW/29352mW VDD_CPU_GPU_CV 5608mW/9686mW/19267mW VDD_SOC 2442mW/2984mW/4226mW
08-10-2026 22:11:27 RAM 2684/15599MB (lfb 94x4MB) CPU [0%@729,0%@729,0%@729,0%@729,0%@729,0%@729,0%@729,0%@729] GR3D_FREQ 99% cv0@62.625C/76.968C cpu@66.781C/81.406C soc2@60.718C/73.562C soc0@63.468C/75.093C cv1@63C/75.468C gpu@66.937C/81.468C tj@66.937C/81.468C soc1@61.781C/72.906C cv2@59.343C/71.843C VDD_IN 11129mW/16639mW/29352mW VDD_CPU_GPU_CV 5608mW/9679mW/19267mW VDD_SOC 2442mW/2983mW/4226mW
08-10-2026 22:11:27 RAM 2684/15599MB (lfb 94x4MB) CPU [0%@729,0%@729,1%@729,0%@729,0%@729,0%@729,0%@729,0%@729] GR3D_FREQ 99% cv0@62.687C/76.968C cpu@66.687C/81.406C soc2@60.687C/73.562C soc0@63.375C/75.093C cv1@63.062C/75.468C gpu@66.812C/81.468C tj@66.812C/81.468C soc1@61.781C/72.906C cv2@59.375C/71.843C VDD_IN 11129mW/16629mW/29352mW VDD_CPU_GPU_CV 5599mW/9671mW/19267mW VDD_SOC 2442mW/2982mW/4226mW
08-10-2026 22:11:28 RAM 2684/15599MB (lfb 94x4MB) CPU [0%@729,0%@729,0%@729,0%@729,0%@729,0%@729,0%@729,0%@729] GR3D_FREQ 99% cv0@62.625C/76.968C cpu@66.687C/81.406C soc2@60.718C/73.562C soc0@63.437C/75.093C cv1@62.937C/75.468C gpu@66.875C/81.468C tj@66.875C/81.468C soc1@61.875C/72.906C cv2@59.281C/71.843C VDD_IN 11129mW/16619mW/29352mW VDD_CPU_GPU_CV 5608mW/9664mW/19267mW VDD_SOC 2442mW/2981mW/4226mW
08-10-2026 22:11:28 RAM 2684/15599MB (lfb 94x4MB) CPU [0%@729,0%@729,0%@729,0%@729,0%@729,0%@729,0%@729,0%@729] GR3D_FREQ 99% cv0@62.562C/76.968C cpu@66.593C/81.406C soc2@60.593C/73.562C soc0@63.437C/75.093C cv1@63.125C/75.468C gpu@66.75C/81.468C tj@66.75C/81.468C soc1@61.843C/72.906C cv2@59.218C/71.843C VDD_IN 11129mW/16610mW/29352mW VDD_CPU_GPU_CV 5608mW/9657mW/19267mW VDD_SOC 2442mW/2980mW/4226mW
08-10-2026 22:11:29 RAM 2684/15599MB (lfb 94x4MB) CPU [0%@729,0%@729,0%@729,0%@729,0%@729,0%@729,0%@729,0%@729] GR3D_FREQ 99% cv0@62.562C/76.968C cpu@66.687C/81.406C soc2@60.625C/73.562C soc0@63.437C/75.093C cv1@63.093C/75.468C gpu@66.75C/81.468C tj@66.75C/81.468C soc1@61.687C/72.906C cv2@59.218C/71.843C VDD_IN 11129mW/16600mW/29352mW VDD_CPU_GPU_CV 5608mW/9650mW/19267mW VDD_SOC 2442mW/2979mW/4226mW
08-10-2026 22:11:29 RAM 2684/15599MB (lfb 94x4MB) CPU [3%@729,0%@729,3%@729,0%@729,0%@729,0%@729,0%@729,0%@729] GR3D_FREQ 99% cv0@62.625C/76.968C cpu@66.781C/81.406C soc2@60.687C/73.562C soc0@63.375C/75.093C cv1@63C/75.468C gpu@66.812C/81.468C tj@66.812C/81.468C soc1@61.781C/72.906C cv2@59.375C/71.843C VDD_IN 11129mW/16590mW/29352mW VDD_CPU_GPU_CV 5608mW/9643mW/19267mW VDD_SOC 2442mW/2978mW/4226mW
08-10-2026 22:11:30 RAM 2684/15599MB (lfb 94x4MB) CPU [0%@729,0%@729,0%@729,0%@729,0%@729,0%@729,0%@729,0%@729] GR3D_FREQ 99% cv0@62.625C/76.968C cpu@66.687C/81.406C soc2@60.656C/73.562C soc0@63.375C/75.093C cv1@62.937C/75.468C gpu@66.718C/81.468C tj@66.718C/81.468C soc1@61.781C/72.906C cv2@59.312C/71.843C VDD_IN 11129mW/16581mW/29352mW VDD_CPU_GPU_CV 5599mW/9635mW/19267mW VDD_SOC 2442mW/2978mW/4226mW
08-10-2026 22:11:30 RAM 2684/15599MB (lfb 94x4MB) CPU [0%@729,0%@729,0%@729,0%@729,0%@729,0%@729,0%@729,0%@729] GR3D_FREQ 99% cv0@62.437C/76.968C cpu@66.593C/81.406C soc2@60.718C/73.562C soc0@63.312C/75.093C cv1@62.906C/75.468C gpu@66.812C/81.468C tj@66.812C/81.468C soc1@61.937C/72.906C cv2@59.312C/71.843C VDD_IN 11129mW/16571mW/29352mW VDD_CPU_GPU_CV 5599mW/9628mW/19267mW VDD_SOC 2442mW/2977mW/4226mW
08-10-2026 22:11:31 RAM 2684/15599MB (lfb 94x4MB) CPU [0%@729,0%@729,1%@729,0%@729,0%@729,1%@729,0%@729,0%@729] GR3D_FREQ 99% cv0@62.562C/76.968C cpu@66.593C/81.406C soc2@60.562C/73.562C soc0@63.5C/75.093C cv1@63C/75.468C gpu@66.656C/81.468C tj@66.656C/81.468C soc1@61.781C/72.906C cv2@59.281C/71.843C VDD_IN 11129mW/16562mW/29352mW VDD_CPU_GPU_CV 5608mW/9621mW/19267mW VDD_SOC 2442mW/2976mW/4226mW
08-10-2026 22:11:31 RAM 2684/15599MB (lfb 94x4MB) CPU [0%@729,0%@729,1%@729,0%@729,0%@729,0%@729,0%@729,0%@729] GR3D_FREQ 99% cv0@62.531C/76.968C cpu@66.718C/81.406C soc2@60.718C/73.562C soc0@63.406C/75.093C cv1@63C/75.468C gpu@66.906C/81.468C tj@66.906C/81.468C soc1@61.718C/72.906C cv2@59.156C/71.843C VDD_IN 11129mW/16552mW/29352mW VDD_CPU_GPU_CV 5608mW/9614mW/19267mW VDD_SOC 2442mW/2975mW/4226mW
08-10-2026 22:11:32 RAM 2684/15599MB (lfb 94x4MB) CPU [0%@729,0%@729,0%@729,0%@729,0%@729,0%@729,0%@729,0%@729] GR3D_FREQ 99% cv0@62.593C/76.968C cpu@66.625C/81.406C soc2@60.625C/73.562C soc0@63.406C/75.093C cv1@63C/75.468C gpu@66.718C/81.468C tj@66.718C/81.468C soc1@61.687C/72.906C cv2@59.187C/71.843C VDD_IN 11129mW/16543mW/29352mW VDD_CPU_GPU_CV 5608mW/9607mW/19267mW VDD_SOC 2442mW/2974mW/4226mW
08-10-2026 22:11:32 RAM 2683/15599MB (lfb 94x4MB) CPU [0%@729,1%@729,0%@729,0%@729,0%@729,0%@729,0%@729,0%@729] GR3D_FREQ 99% cv0@62.562C/76.968C cpu@66.718C/81.406C soc2@60.687C/73.562C soc0@63.437C/75.093C cv1@62.937C/75.468C gpu@66.968C/81.468C tj@66.968C/81.468C soc1@61.75C/72.906C cv2@59.343C/71.843C VDD_IN 11129mW/16533mW/29352mW VDD_CPU_GPU_CV 5608mW/9600mW/19267mW VDD_SOC 2442mW/2973mW/4226mW
08-10-2026 22:11:33 RAM 2683/15599MB (lfb 94x4MB) CPU [0%@729,0%@729,0%@729,0%@729,0%@729,0%@729,0%@729,0%@729] GR3D_FREQ 99% cv0@62.5C/76.968C cpu@66.656C/81.406C soc2@60.625C/73.562C soc0@63.375C/75.093C cv1@62.937C/75.468C gpu@66.843C/81.468C tj@66.843C/81.468C soc1@61.875C/72.906C cv2@59.281C/71.843C VDD_IN 11129mW/16524mW/29352mW VDD_CPU_GPU_CV 5599mW/9593mW/19267mW VDD_SOC 2442mW/2972mW/4226mW
08-10-2026 22:11:33 RAM 2683/15599MB (lfb 94x4MB) CPU [1%@729,0%@729,0%@729,0%@729,0%@729,0%@729,0%@729,0%@729] GR3D_FREQ 100% cv0@62.531C/76.968C cpu@66.718C/81.406C soc2@60.656C/73.562C soc0@63.343C/75.093C cv1@62.968C/75.468C gpu@66.906C/81.468C tj@66.906C/81.468C soc1@61.843C/72.906C cv2@59.312C/71.843C VDD_IN 11129mW/16514mW/29352mW VDD_CPU_GPU_CV 5608mW/9586mW/19267mW VDD_SOC 2442mW/2971mW/4226mW
08-10-2026 22:11:34 RAM 2683/15599MB (lfb 94x4MB) CPU [0%@729,0%@729,0%@729,1%@729,0%@729,0%@729,0%@729,0%@729] GR3D_FREQ 99% cv0@62.5C/76.968C cpu@66.656C/81.406C soc2@60.718C/73.562C soc0@63.5C/75.093C cv1@63C/75.468C gpu@66.812C/81.468C tj@66.812C/81.468C soc1@61.812C/72.906C cv2@59.281C/71.843C VDD_IN 11129mW/16505mW/29352mW VDD_CPU_GPU_CV 5608mW/9579mW/19267mW VDD_SOC 2442mW/2970mW/4226mW
08-10-2026 22:11:34 RAM 2683/15599MB (lfb 94x4MB) CPU [0%@729,0%@729,0%@729,0%@729,0%@729,0%@729,0%@729,0%@729] GR3D_FREQ 99% cv0@62.625C/76.968C cpu@66.75C/81.406C soc2@60.687C/73.562C soc0@63.437C/75.093C cv1@62.968C/75.468C gpu@66.75C/81.468C tj@66.75C/81.468C soc1@61.781C/72.906C cv2@59.343C/71.843C VDD_IN 11129mW/16496mW/29352mW VDD_CPU_GPU_CV 5608mW/9573mW/19267mW VDD_SOC 2442mW/2969mW/4226mW
08-10-2026 22:11:35 RAM 2683/15599MB (lfb 94x4MB) CPU [0%@729,0%@729,1%@729,0%@729,0%@729,0%@729,0%@729,0%@729] GR3D_FREQ 99% cv0@62.625C/76.968C cpu@66.656C/81.406C soc2@60.718C/73.562C soc0@63.468C/75.093C cv1@62.968C/75.468C gpu@66.906C/81.468C tj@66.906C/81.468C soc1@61.781C/72.906C cv2@59.312C/71.843C VDD_IN 11129mW/16486mW/29352mW VDD_CPU_GPU_CV 5608mW/9566mW/19267mW VDD_SOC 2442mW/2968mW/4226mW
08-10-2026 22:11:35 RAM 2683/15599MB (lfb 94x4MB) CPU [0%@729,0%@729,1%@729,0%@729,0%@729,0%@729,0%@729,0%@729] GR3D_FREQ 99% cv0@62.562C/76.968C cpu@66.718C/81.406C soc2@60.656C/73.562C soc0@63.375C/75.093C cv1@63C/75.468C gpu@66.843C/81.468C tj@66.843C/81.468C soc1@61.937C/72.906C cv2@59.312C/71.843C VDD_IN 11129mW/16477mW/29352mW VDD_CPU_GPU_CV 5599mW/9559mW/19267mW VDD_SOC 2442mW/2967mW/4226mW
08-10-2026 22:11:36 RAM 2683/15599MB (lfb 94x4MB) CPU [0%@729,0%@729,0%@729,0%@729,0%@729,0%@729,0%@729,0%@729] GR3D_FREQ 99% cv0@62.531C/76.968C cpu@66.687C/81.406C soc2@60.75C/73.562C soc0@63.437C/75.093C cv1@63.031C/75.468C gpu@66.718C/81.468C tj@66.718C/81.468C soc1@61.875C/72.906C cv2@59.281C/71.843C VDD_IN 11129mW/16468mW/29352mW VDD_CPU_GPU_CV 5599mW/9552mW/19267mW VDD_SOC 2442mW/2966mW/4226mW
08-10-2026 22:11:36 RAM 2683/15599MB (lfb 94x4MB) CPU [0%@729,1%@729,0%@729,0%@729,0%@729,0%@729,0%@729,0%@729] GR3D_FREQ 99% cv0@62.656C/76.968C cpu@66.75C/81.406C soc2@60.843C/73.562C soc0@63.5C/75.093C cv1@63.187C/75.468C gpu@66.843C/81.468C tj@66.843C/81.468C soc1@61.843C/72.906C cv2@59.281C/71.843C VDD_IN 11129mW/16459mW/29352mW VDD_CPU_GPU_CV 5608mW/9545mW/19267mW VDD_SOC 2442mW/2966mW/4226mW
08-10-2026 22:11:37 RAM 2683/15599MB (lfb 94x4MB) CPU [0%@729,0%@729,0%@729,0%@729,0%@729,0%@729,0%@729,0%@729] GR3D_FREQ 99% cv0@62.562C/76.968C cpu@66.843C/81.406C soc2@60.781C/73.562C soc0@63.5C/75.093C cv1@63.125C/75.468C gpu@66.812C/81.468C tj@66.843C/81.468C soc1@61.875C/72.906C cv2@59.375C/71.843C VDD_IN 11129mW/16449mW/29352mW VDD_CPU_GPU_CV 5599mW/9538mW/19267mW VDD_SOC 2442mW/2965mW/4226mW
08-10-2026 22:11:37 RAM 2683/15599MB (lfb 94x4MB) CPU [0%@729,0%@729,0%@729,0%@729,0%@729,0%@729,0%@729,0%@729] GR3D_FREQ 99% cv0@62.718C/76.968C cpu@66.812C/81.406C soc2@60.718C/73.562C soc0@63.5C/75.093C cv1@63C/75.468C gpu@66.968C/81.468C tj@66.968C/81.468C soc1@61.75C/72.906C cv2@59.406C/71.843C VDD_IN 11129mW/16440mW/29352mW VDD_CPU_GPU_CV 5608mW/9532mW/19267mW VDD_SOC 2442mW/2964mW/4226mW
08-10-2026 22:11:38 RAM 2683/15599MB (lfb 94x4MB) CPU [1%@729,0%@729,0%@729,0%@729,0%@729,0%@729,0%@729,0%@729] GR3D_FREQ 99% cv0@62.625C/76.968C cpu@66.718C/81.406C soc2@60.687C/73.562C soc0@63.5C/75.093C cv1@63.031C/75.468C gpu@67.156C/81.468C tj@67.156C/81.468C soc1@61.968C/72.906C cv2@59.375C/71.843C VDD_IN 11129mW/16431mW/29352mW VDD_CPU_GPU_CV 5599mW/9525mW/19267mW VDD_SOC 2442mW/2963mW/4226mW
08-10-2026 22:11:38 RAM 2683/15599MB (lfb 94x4MB) CPU [1%@729,0%@729,0%@729,0%@729,1%@729,0%@729,0%@729,0%@729] GR3D_FREQ 99% cv0@62.625C/76.968C cpu@66.687C/81.406C soc2@60.781C/73.562C soc0@63.437C/75.093C cv1@63.093C/75.468C gpu@67C/81.468C tj@67C/81.468C soc1@61.937C/72.906C cv2@59.375C/71.843C VDD_IN 11170mW/16422mW/29352mW VDD_CPU_GPU_CV 5599mW/9518mW/19267mW VDD_SOC 2442mW/2962mW/4226mW
08-10-2026 22:11:39 RAM 2683/15599MB (lfb 94x4MB) CPU [0%@729,0%@729,0%@729,0%@729,0%@729,0%@729,0%@729,0%@729] GR3D_FREQ 99% cv0@62.562C/76.968C cpu@66.968C/81.406C soc2@60.75C/73.562C soc0@63.5C/75.093C cv1@63.218C/75.468C gpu@66.843C/81.468C tj@66.968C/81.468C soc1@61.937C/72.906C cv2@59.312C/71.843C VDD_IN 11129mW/16413mW/29352mW VDD_CPU_GPU_CV 5608mW/9511mW/19267mW VDD_SOC 2442mW/2961mW/4226mW
08-10-2026 22:11:39 RAM 2683/15599MB (lfb 94x4MB) CPU [0%@729,1%@729,0%@729,0%@729,0%@729,0%@729,0%@729,0%@729] GR3D_FREQ 99% cv0@62.625C/76.968C cpu@66.843C/81.406C soc2@60.875C/73.562C soc0@63.5C/75.093C cv1@63.093C/75.468C gpu@67C/81.468C tj@67C/81.468C soc1@61.781C/72.906C cv2@59.312C/71.843C VDD_IN 11170mW/16404mW/29352mW VDD_CPU_GPU_CV 5608mW/9505mW/19267mW VDD_SOC 2442mW/2960mW/4226mW
08-10-2026 22:11:40 RAM 2683/15599MB (lfb 94x4MB) CPU [0%@729,0%@729,0%@729,0%@729,0%@729,0%@729,0%@729,0%@729] GR3D_FREQ 99% cv0@62.75C/76.968C cpu@66.937C/81.406C soc2@60.75C/73.562C soc0@63.531C/75.093C cv1@63.156C/75.468C gpu@66.906C/81.468C tj@66.937C/81.468C soc1@61.812C/72.906C cv2@59.437C/71.843C VDD_IN 11170mW/16395mW/29352mW VDD_CPU_GPU_CV 5608mW/9498mW/19267mW VDD_SOC 2442mW/2959mW/4226mW
08-10-2026 22:11:40 RAM 2683/15599MB (lfb 94x4MB) CPU [0%@729,0%@729,0%@729,0%@729,0%@729,0%@729,0%@729,0%@729] GR3D_FREQ 99% cv0@62.718C/76.968C cpu@66.812C/81.406C soc2@60.812C/73.562C soc0@63.5C/75.093C cv1@63.093C/75.468C gpu@66.875C/81.468C tj@66.875C/81.468C soc1@62.062C/72.906C cv2@59.437C/71.843C VDD_IN 11170mW/16386mW/29352mW VDD_CPU_GPU_CV 5599mW/9492mW/19267mW VDD_SOC 2442mW/2958mW/4226mW
08-10-2026 22:11:41 RAM 2683/15599MB (lfb 94x4MB) CPU [0%@729,0%@729,0%@729,0%@729,0%@729,0%@729,0%@729,0%@729] GR3D_FREQ 99% cv0@62.687C/76.968C cpu@66.968C/81.406C soc2@60.781C/73.562C soc0@63.468C/75.093C cv1@63.062C/75.468C gpu@66.875C/81.468C tj@66.875C/81.468C soc1@61.937C/72.906C cv2@59.406C/71.843C VDD_IN 11129mW/16377mW/29352mW VDD_CPU_GPU_CV 5608mW/9485mW/19267mW VDD_SOC 2442mW/2958mW/4226mW
08-10-2026 22:11:41 RAM 2683/15599MB (lfb 94x4MB) CPU [0%@729,0%@729,0%@729,0%@729,0%@729,0%@729,0%@729,0%@729] GR3D_FREQ 99% cv0@62.656C/76.968C cpu@66.781C/81.406C soc2@60.843C/73.562C soc0@63.625C/75.093C cv1@63.187C/75.468C gpu@66.875C/81.468C tj@66.875C/81.468C soc1@61.968C/72.906C cv2@59.406C/71.843C VDD_IN 11170mW/16369mW/29352mW VDD_CPU_GPU_CV 5599mW/9478mW/19267mW VDD_SOC 2442mW/2957mW/4226mW
08-10-2026 22:11:42 RAM 2683/15599MB (lfb 94x4MB) CPU [0%@729,0%@729,0%@729,0%@729,0%@729,0%@729,0%@729,0%@729] GR3D_FREQ 99% cv0@62.625C/76.968C cpu@66.875C/81.406C soc2@60.906C/73.562C soc0@63.593C/75.093C cv1@63.156C/75.468C gpu@67.156C/81.468C tj@67.156C/81.468C soc1@61.906C/72.906C cv2@59.437C/71.843C VDD_IN 11129mW/16360mW/29352mW VDD_CPU_GPU_CV 5599mW/9472mW/19267mW VDD_SOC 2442mW/2956mW/4226mW
08-10-2026 22:11:42 RAM 2683/15599MB (lfb 94x4MB) CPU [1%@729,1%@729,0%@729,0%@729,0%@729,0%@729,0%@729,0%@729] GR3D_FREQ 99% cv0@62.781C/76.968C cpu@66.75C/81.406C soc2@60.812C/73.562C soc0@63.5C/75.093C cv1@63.062C/75.468C gpu@66.875C/81.468C tj@66.968C/81.468C soc1@61.906C/72.906C cv2@59.406C/71.843C VDD_IN 11170mW/16351mW/29352mW VDD_CPU_GPU_CV 5599mW/9465mW/19267mW VDD_SOC 2442mW/2955mW/4226mW
08-10-2026 22:11:43 RAM 2683/15599MB (lfb 94x4MB) CPU [0%@729,0%@729,0%@729,0%@729,0%@729,0%@729,0%@729,0%@729] GR3D_FREQ 99% cv0@62.718C/76.968C cpu@66.875C/81.406C soc2@60.812C/73.562C soc0@63.562C/75.093C cv1@63.125C/75.468C gpu@67.156C/81.468C tj@67.156C/81.468C soc1@62.031C/72.906C cv2@59.437C/71.843C VDD_IN 11129mW/16342mW/29352mW VDD_CPU_GPU_CV 5608mW/9459mW/19267mW VDD_SOC 2442mW/2954mW/4226mW
08-10-2026 22:11:43 RAM 2683/15599MB (lfb 94x4MB) CPU [0%@729,1%@729,0%@729,0%@729,0%@729,0%@729,0%@729,0%@729] GR3D_FREQ 99% cv0@62.687C/76.968C cpu@66.781C/81.406C soc2@60.781C/73.562C soc0@63.437C/75.093C cv1@63.093C/75.468C gpu@67.062C/81.468C tj@67.062C/81.468C soc1@62C/72.906C cv2@59.406C/71.843C VDD_IN 11170mW/16333mW/29352mW VDD_CPU_GPU_CV 5599mW/9452mW/19267mW VDD_SOC 2442mW/2953mW/4226mW
08-10-2026 22:11:44 RAM 2683/15599MB (lfb 94x4MB) CPU [0%@729,0%@729,0%@729,0%@729,0%@729,0%@729,0%@729,0%@729] GR3D_FREQ 99% cv0@62.625C/76.968C cpu@66.906C/81.406C soc2@60.843C/73.562C soc0@63.562C/75.093C cv1@63.187C/75.468C gpu@67.187C/81.468C tj@67.187C/81.468C soc1@61.937C/72.906C cv2@59.375C/71.843C VDD_IN 11129mW/16325mW/29352mW VDD_CPU_GPU_CV 5608mW/9446mW/19267mW VDD_SOC 2442mW/2952mW/4226mW
08-10-2026 22:11:44 RAM 2683/15599MB (lfb 94x4MB) CPU [1%@729,1%@729,0%@729,0%@729,0%@729,0%@729,0%@729,0%@729] GR3D_FREQ 99% cv0@62.656C/76.968C cpu@67.031C/81.406C soc2@60.843C/73.562C soc0@63.5C/75.093C cv1@63.187C/75.468C gpu@67.062C/81.468C tj@67.062C/81.468C soc1@61.906C/72.906C cv2@59.375C/71.843C VDD_IN 11170mW/16316mW/29352mW VDD_CPU_GPU_CV 5608mW/9439mW/19267mW VDD_SOC 2442mW/2951mW/4226mW
08-10-2026 22:11:45 RAM 2683/15599MB (lfb 94x4MB) CPU [0%@729,0%@729,0%@729,0%@729,0%@729,0%@729,0%@729,0%@729] GR3D_FREQ 99% cv0@62.812C/76.968C cpu@66.812C/81.406C soc2@60.781C/73.562C soc0@63.5C/75.093C cv1@63.093C/75.468C gpu@67.093C/81.468C tj@67.093C/81.468C soc1@61.812C/72.906C cv2@59.437C/71.843C VDD_IN 11129mW/16307mW/29352mW VDD_CPU_GPU_CV 5599mW/9433mW/19267mW VDD_SOC 2442mW/2951mW/4226mW
08-10-2026 22:11:45 RAM 2683/15599MB (lfb 94x4MB) CPU [0%@729,0%@729,0%@729,0%@729,0%@729,0%@729,0%@729,0%@729] GR3D_FREQ 99% cv0@62.75C/76.968C cpu@66.906C/81.406C soc2@60.781C/73.562C soc0@63.468C/75.093C cv1@63.093C/75.468C gpu@66.937C/81.468C tj@66.937C/81.468C soc1@61.718C/72.906C cv2@59.375C/71.843C VDD_IN 11170mW/16299mW/29352mW VDD_CPU_GPU_CV 5608mW/9427mW/19267mW VDD_SOC 2442mW/2950mW/4226mW
08-10-2026 22:11:46 RAM 2683/15599MB (lfb 94x4MB) CPU [0%@729,0%@729,0%@729,0%@729,0%@729,0%@729,0%@729,0%@729] GR3D_FREQ 99% cv0@62.718C/76.968C cpu@66.718C/81.406C soc2@60.718C/73.562C soc0@63.437C/75.093C cv1@63C/75.468C gpu@66.875C/81.468C tj@66.875C/81.468C soc1@61.968C/72.906C cv2@59.343C/71.843C VDD_IN 11129mW/16290mW/29352mW VDD_CPU_GPU_CV 5608mW/9420mW/19267mW VDD_SOC 2442mW/2949mW/4226mW
08-10-2026 22:11:46 RAM 2683/15599MB (lfb 94x4MB) CPU [0%@729,2%@729,0%@729,0%@729,0%@729,0%@729,0%@729,0%@729] GR3D_FREQ 99% cv0@62.593C/76.968C cpu@66.906C/81.406C soc2@60.718C/73.562C soc0@63.468C/75.093C cv1@63.187C/75.468C gpu@66.906C/81.468C tj@66.906C/81.468C soc1@61.906C/72.906C cv2@59.343C/71.843C VDD_IN 11170mW/16282mW/29352mW VDD_CPU_GPU_CV 5608mW/9414mW/19267mW VDD_SOC 2442mW/2948mW/4226mW
08-10-2026 22:11:47 RAM 2683/15599MB (lfb 94x4MB) CPU [0%@729,0%@729,0%@729,0%@729,0%@729,0%@729,0%@729,0%@729] GR3D_FREQ 99% cv0@62.5C/76.968C cpu@66.687C/81.406C soc2@60.781C/73.562C soc0@63.562C/75.093C cv1@63.125C/75.468C gpu@66.781C/81.468C tj@66.781C/81.468C soc1@61.781C/72.906C cv2@59.343C/71.843C VDD_IN 11129mW/16273mW/29352mW VDD_CPU_GPU_CV 5599mW/9407mW/19267mW VDD_SOC 2442mW/2947mW/4226mW
08-10-2026 22:11:47 RAM 2683/15599MB (lfb 94x4MB) CPU [1%@729,0%@729,0%@729,1%@729,0%@729,0%@729,0%@729,0%@729] GR3D_FREQ 99% cv0@62.593C/76.968C cpu@66.75C/81.406C soc2@60.718C/73.562C soc0@63.437C/75.093C cv1@63.031C/75.468C gpu@66.781C/81.468C tj@66.781C/81.468C soc1@61.843C/72.906C cv2@59.406C/71.843C VDD_IN 11170mW/16265mW/29352mW VDD_CPU_GPU_CV 5599mW/9401mW/19267mW VDD_SOC 2442mW/2946mW/4226mW
08-10-2026 22:11:48 RAM 2683/15599MB (lfb 94x4MB) CPU [0%@729,0%@729,0%@729,1%@729,0%@729,0%@729,0%@729,0%@729] GR3D_FREQ 99% cv0@62.687C/76.968C cpu@66.656C/81.406C soc2@60.687C/73.562C soc0@63.437C/75.093C cv1@63.093C/75.468C gpu@66.812C/81.468C tj@66.812C/81.468C soc1@61.75C/72.906C cv2@59.375C/71.843C VDD_IN 11129mW/16256mW/29352mW VDD_CPU_GPU_CV 5599mW/9395mW/19267mW VDD_SOC 2442mW/2946mW/4226mW
08-10-2026 22:11:48 RAM 2683/15599MB (lfb 94x4MB) CPU [0%@729,0%@729,0%@729,0%@729,0%@729,0%@729,0%@729,0%@729] GR3D_FREQ 99% cv0@62.562C/76.968C cpu@66.718C/81.406C soc2@60.625C/73.562C soc0@63.406C/75.093C cv1@62.968C/75.468C gpu@66.812C/81.468C tj@66.812C/81.468C soc1@61.968C/72.906C cv2@59.281C/71.843C VDD_IN 11129mW/16248mW/29352mW VDD_CPU_GPU_CV 5608mW/9389mW/19267mW VDD_SOC 2442mW/2945mW/4226mW
08-10-2026 22:11:49 RAM 2683/15599MB (lfb 94x4MB) CPU [0%@729,0%@729,0%@729,0%@729,0%@729,1%@729,0%@729,0%@729] GR3D_FREQ 99% cv0@62.593C/76.968C cpu@66.656C/81.406C soc2@60.687C/73.562C soc0@63.437C/75.093C cv1@63C/75.468C gpu@66.937C/81.468C tj@66.937C/81.468C soc1@61.875C/72.906C cv2@59.281C/71.843C VDD_IN 11129mW/16239mW/29352mW VDD_CPU_GPU_CV 5608mW/9382mW/19267mW VDD_SOC 2442mW/2944mW/4226mW
08-10-2026 22:11:49 RAM 2683/15599MB (lfb 94x4MB) CPU [0%@729,0%@729,0%@729,0%@729,0%@729,0%@729,0%@729,0%@729] GR3D_FREQ 99% cv0@62.625C/76.968C cpu@66.875C/81.406C soc2@60.781C/73.562C soc0@63.562C/75.093C cv1@63.062C/75.468C gpu@66.718C/81.468C tj@66.875C/81.468C soc1@61.906C/72.906C cv2@59.281C/71.843C VDD_IN 11129mW/16231mW/29352mW VDD_CPU_GPU_CV 5608mW/9376mW/19267mW VDD_SOC 2442mW/2943mW/4226mW
08-10-2026 22:11:50 RAM 2683/15599MB (lfb 94x4MB) CPU [0%@729,0%@729,0%@729,0%@729,0%@729,0%@729,0%@729,0%@729] GR3D_FREQ 99% cv0@62.5C/76.968C cpu@66.843C/81.406C soc2@60.718C/73.562C soc0@63.437C/75.093C cv1@63.093C/75.468C gpu@67C/81.468C tj@67C/81.468C soc1@61.781C/72.906C cv2@59.281C/71.843C VDD_IN 11129mW/16222mW/29352mW VDD_CPU_GPU_CV 5599mW/9370mW/19267mW VDD_SOC 2442mW/2942mW/4226mW
08-10-2026 22:11:50 RAM 2683/15599MB (lfb 94x4MB) CPU [0%@729,0%@729,0%@729,0%@729,0%@729,0%@729,0%@729,0%@729] GR3D_FREQ 99% cv0@62.656C/76.968C cpu@66.781C/81.406C soc2@60.75C/73.562C soc0@63.437C/75.093C cv1@63.062C/75.468C gpu@66.875C/81.468C tj@66.875C/81.468C soc1@61.812C/72.906C cv2@59.406C/71.843C VDD_IN 11129mW/16214mW/29352mW VDD_CPU_GPU_CV 5608mW/9364mW/19267mW VDD_SOC 2442mW/2941mW/4226mW
08-10-2026 22:11:51 RAM 2683/15599MB (lfb 94x4MB) CPU [1%@729,0%@729,0%@729,0%@729,0%@729,0%@729,0%@729,0%@729] GR3D_FREQ 99% cv0@62.593C/76.968C cpu@66.718C/81.406C soc2@60.718C/73.562C soc0@63.437C/75.093C cv1@62.937C/75.468C gpu@67.031C/81.468C tj@67.031C/81.468C soc1@61.875C/72.906C cv2@59.25C/71.843C VDD_IN 11129mW/16206mW/29352mW VDD_CPU_GPU_CV 5608mW/9357mW/19267mW VDD_SOC 2442mW/2941mW/4226mW
08-10-2026 22:11:51 RAM 2683/15599MB (lfb 94x4MB) CPU [0%@729,0%@729,0%@729,0%@729,0%@729,0%@729,0%@729,0%@729] GR3D_FREQ 99% cv0@62.593C/76.968C cpu@66.656C/81.406C soc2@60.718C/73.562C soc0@63.531C/75.093C cv1@62.968C/75.468C gpu@66.875C/81.468C tj@66.875C/81.468C soc1@61.906C/72.906C cv2@59.312C/71.843C VDD_IN 11129mW/16197mW/29352mW VDD_CPU_GPU_CV 5599mW/9351mW/19267mW VDD_SOC 2442mW/2940mW/4226mW
08-10-2026 22:11:52 RAM 2683/15599MB (lfb 94x4MB) CPU [1%@729,0%@729,0%@729,0%@729,0%@729,0%@729,0%@729,0%@729] GR3D_FREQ 99% cv0@62.625C/76.968C cpu@66.625C/81.406C soc2@60.687C/73.562C soc0@63.531C/75.093C cv1@63.093C/75.468C gpu@66.875C/81.468C tj@66.875C/81.468C soc1@61.812C/72.906C cv2@59.312C/71.843C VDD_IN 11129mW/16189mW/29352mW VDD_CPU_GPU_CV 5608mW/9345mW/19267mW VDD_SOC 2442mW/2939mW/4226mW
08-10-2026 22:11:52 RAM 2683/15599MB (lfb 94x4MB) CPU [0%@729,0%@729,0%@729,1%@729,0%@729,0%@729,0%@729,0%@729] GR3D_FREQ 99% cv0@62.562C/76.968C cpu@66.781C/81.406C soc2@60.781C/73.562C soc0@63.437C/75.093C cv1@63.125C/75.468C gpu@66.906C/81.468C tj@66.906C/81.468C soc1@61.875C/72.906C cv2@59.406C/71.843C VDD_IN 11129mW/16181mW/29352mW VDD_CPU_GPU_CV 5608mW/9339mW/19267mW VDD_SOC 2442mW/2938mW/4226mW
08-10-2026 22:11:53 RAM 2683/15599MB (lfb 94x4MB) CPU [0%@729,0%@729,0%@729,0%@729,0%@729,0%@729,0%@729,0%@729] GR3D_FREQ 99% cv0@62.656C/76.968C cpu@66.843C/81.406C soc2@60.812C/73.562C soc0@63.437C/75.093C cv1@63.093C/75.468C gpu@66.875C/81.468C tj@66.875C/81.468C soc1@61.781C/72.906C cv2@59.375C/71.843C VDD_IN 11129mW/16172mW/29352mW VDD_CPU_GPU_CV 5608mW/9333mW/19267mW VDD_SOC 2442mW/2937mW/4226mW
08-10-2026 22:11:53 RAM 2683/15599MB (lfb 94x4MB) CPU [0%@729,0%@729,0%@729,1%@729,0%@729,0%@729,0%@729,0%@729] GR3D_FREQ 99% cv0@62.625C/76.968C cpu@66.718C/81.406C soc2@60.781C/73.562C soc0@63.468C/75.093C cv1@63C/75.468C gpu@67.125C/81.468C tj@67.125C/81.468C soc1@61.812C/72.906C cv2@59.406C/71.843C VDD_IN 11129mW/16164mW/29352mW VDD_CPU_GPU_CV 5608mW/9327mW/19267mW VDD_SOC 2442mW/2937mW/4226mW
08-10-2026 22:11:54 RAM 2683/15599MB (lfb 94x4MB) CPU [0%@729,1%@729,0%@729,0%@729,0%@729,0%@729,0%@729,0%@729] GR3D_FREQ 99% cv0@62.562C/76.968C cpu@66.687C/81.406C soc2@60.625C/73.562C soc0@63.593C/75.093C cv1@63C/75.468C gpu@66.843C/81.468C tj@66.843C/81.468C soc1@61.906C/72.906C cv2@59.375C/71.843C VDD_IN 11170mW/16156mW/29352mW VDD_CPU_GPU_CV 5608mW/9321mW/19267mW VDD_SOC 2442mW/2936mW/4226mW
08-10-2026 22:11:54 RAM 2683/15599MB (lfb 94x4MB) CPU [0%@729,0%@729,0%@729,0%@729,0%@729,0%@729,0%@729,0%@729] GR3D_FREQ 99% cv0@62.531C/76.968C cpu@66.656C/81.406C soc2@60.75C/73.562C soc0@63.593C/75.093C cv1@63.156C/75.468C gpu@67.062C/81.468C tj@67.062C/81.468C soc1@61.875C/72.906C cv2@59.218C/71.843C VDD_IN 11170mW/16148mW/29352mW VDD_CPU_GPU_CV 5608mW/9315mW/19267mW VDD_SOC 2442mW/2935mW/4226mW
08-10-2026 22:11:55 RAM 2683/15599MB (lfb 94x4MB) CPU [0%@729,1%@729,0%@729,0%@729,0%@729,0%@729,0%@729,0%@729] GR3D_FREQ 100% cv0@62.562C/76.968C cpu@66.906C/81.406C soc2@60.718C/73.562C soc0@63.5C/75.093C cv1@63.062C/75.468C gpu@66.968C/81.468C tj@66.968C/81.468C soc1@61.906C/72.906C cv2@59.312C/71.843C VDD_IN 11129mW/16140mW/29352mW VDD_CPU_GPU_CV 5599mW/9309mW/19267mW VDD_SOC 2442mW/2934mW/4226mW
08-10-2026 22:11:55 RAM 2683/15599MB (lfb 94x4MB) CPU [0%@729,0%@729,1%@729,0%@729,0%@729,0%@729,0%@729,0%@729] GR3D_FREQ 99% cv0@62.656C/76.968C cpu@66.718C/81.406C soc2@60.687C/73.562C soc0@63.468C/75.093C cv1@62.968C/75.468C gpu@67.093C/81.468C tj@67.093C/81.468C soc1@61.812C/72.906C cv2@59.312C/71.843C VDD_IN 11129mW/16132mW/29352mW VDD_CPU_GPU_CV 5608mW/9303mW/19267mW VDD_SOC 2442mW/2933mW/4226mW
08-10-2026 22:11:56 RAM 2683/15599MB (lfb 94x4MB) CPU [0%@729,0%@729,0%@729,0%@729,0%@729,0%@729,0%@729,0%@729] GR3D_FREQ 99% cv0@62.593C/76.968C cpu@66.718C/81.406C soc2@60.656C/73.562C soc0@63.437C/75.093C cv1@63C/75.468C gpu@66.937C/81.468C tj@66.937C/81.468C soc1@61.75C/72.906C cv2@59.343C/71.843C VDD_IN 11170mW/16124mW/29352mW VDD_CPU_GPU_CV 5599mW/9297mW/19267mW VDD_SOC 2442mW/2933mW/4226mW
08-10-2026 22:11:56 RAM 2683/15599MB (lfb 94x4MB) CPU [1%@729,0%@729,0%@729,0%@729,0%@729,0%@729,0%@729,0%@729] GR3D_FREQ 99% cv0@62.531C/76.968C cpu@66.718C/81.406C soc2@60.718C/73.562C soc0@63.406C/75.093C cv1@63.062C/75.468C gpu@66.875C/81.468C tj@66.875C/81.468C soc1@61.968C/72.906C cv2@59.375C/71.843C VDD_IN 11170mW/16116mW/29352mW VDD_CPU_GPU_CV 5608mW/9291mW/19267mW VDD_SOC 2442mW/2932mW/4226mW
08-10-2026 22:11:57 RAM 2683/15599MB (lfb 94x4MB) CPU [0%@729,0%@729,0%@729,0%@729,0%@729,0%@729,0%@729,1%@729] GR3D_FREQ 99% cv0@62.531C/76.968C cpu@66.906C/81.406C soc2@60.687C/73.562C soc0@63.562C/75.093C cv1@63.156C/75.468C gpu@66.906C/81.468C tj@66.906C/81.468C soc1@61.812C/72.906C cv2@59.312C/71.843C VDD_IN 11129mW/16108mW/29352mW VDD_CPU_GPU_CV 5608mW/9285mW/19267mW VDD_SOC 2442mW/2931mW/4226mW
08-10-2026 22:11:57 RAM 2683/15599MB (lfb 94x4MB) CPU [0%@729,0%@729,0%@729,0%@729,0%@729,0%@729,0%@729,0%@729] GR3D_FREQ 99% cv0@62.562C/76.968C cpu@66.718C/81.406C soc2@60.75C/73.562C soc0@63.468C/75.093C cv1@63.062C/75.468C gpu@66.875C/81.468C tj@66.875C/81.468C soc1@61.843C/72.906C cv2@59.343C/71.843C VDD_IN 11129mW/16100mW/29352mW VDD_CPU_GPU_CV 5608mW/9279mW/19267mW VDD_SOC 2442mW/2930mW/4226mW
08-10-2026 22:11:58 RAM 2683/15599MB (lfb 94x4MB) CPU [0%@729,0%@729,0%@729,0%@729,0%@729,0%@729,0%@729,0%@729] GR3D_FREQ 99% cv0@62.75C/76.968C cpu@66.843C/81.406C soc2@60.781C/73.562C soc0@63.531C/75.093C cv1@63.062C/75.468C gpu@66.875C/81.468C tj@66.875C/81.468C soc1@61.75C/72.906C cv2@59.343C/71.843C VDD_IN 11170mW/16092mW/29352mW VDD_CPU_GPU_CV 5608mW/9273mW/19267mW VDD_SOC 2442mW/2929mW/4226mW
08-10-2026 22:11:58 RAM 2683/15599MB (lfb 94x4MB) CPU [3%@729,0%@729,1%@729,0%@729,0%@729,1%@729,0%@729,0%@729] GR3D_FREQ 99% cv0@62.687C/76.968C cpu@66.75C/81.406C soc2@60.656C/73.562C soc0@63.468C/75.093C cv1@63C/75.468C gpu@66.875C/81.468C tj@66.875C/81.468C soc1@61.843C/72.906C cv2@59.375C/71.843C VDD_IN 11129mW/16084mW/29352mW VDD_CPU_GPU_CV 5608mW/9267mW/19267mW VDD_SOC 2442mW/2929mW/4226mW
08-10-2026 22:11:59 RAM 2683/15599MB (lfb 94x4MB) CPU [0%@729,1%@729,1%@729,0%@729,0%@729,0%@729,0%@729,0%@729] GR3D_FREQ 99% cv0@62.593C/76.968C cpu@66.781C/81.406C soc2@60.687C/73.562C soc0@63.437C/75.093C cv1@62.937C/75.468C gpu@66.812C/81.468C tj@66.812C/81.468C soc1@61.937C/72.906C cv2@59.406C/71.843C VDD_IN 11170mW/16076mW/29352mW VDD_CPU_GPU_CV 5599mW/9261mW/19267mW VDD_SOC 2442mW/2928mW/4226mW
08-10-2026 22:12:00 RAM 2683/15599MB (lfb 94x4MB) CPU [0%@729,0%@729,0%@729,0%@729,0%@729,0%@729,0%@729,0%@729] GR3D_FREQ 99% cv0@62.687C/76.968C cpu@66.656C/81.406C soc2@60.687C/73.562C soc0@63.656C/75.093C cv1@63.125C/75.468C gpu@67.031C/81.468C tj@67.031C/81.468C soc1@61.906C/72.906C cv2@59.312C/71.843C VDD_IN 11170mW/16068mW/29352mW VDD_CPU_GPU_CV 5608mW/9256mW/19267mW VDD_SOC 2442mW/2927mW/4226mW
08-10-2026 22:12:00 RAM 2683/15599MB (lfb 94x4MB) CPU [0%@729,1%@729,0%@729,0%@729,0%@729,0%@729,0%@729,0%@729] GR3D_FREQ 99% cv0@62.593C/76.968C cpu@66.906C/81.406C soc2@60.781C/73.562C soc0@63.5C/75.093C cv1@63.093C/75.468C gpu@66.875C/81.468C tj@66.906C/81.468C soc1@61.843C/72.906C cv2@59.281C/71.843C VDD_IN 11170mW/16060mW/29352mW VDD_CPU_GPU_CV 5599mW/9250mW/19267mW VDD_SOC 2442mW/2926mW/4226mW
08-10-2026 22:12:01 RAM 2683/15599MB (lfb 94x4MB) CPU [0%@729,0%@729,0%@729,0%@729,0%@729,0%@729,0%@729,0%@729] GR3D_FREQ 99% cv0@62.781C/76.968C cpu@66.906C/81.406C soc2@60.75C/73.562C soc0@63.437C/75.093C cv1@63.156C/75.468C gpu@67.031C/81.468C tj@67.031C/81.468C soc1@61.781C/72.906C cv2@59.406C/71.843C VDD_IN 11129mW/16052mW/29352mW VDD_CPU_GPU_CV 5599mW/9244mW/19267mW VDD_SOC 2442mW/2926mW/4226mW
08-10-2026 22:12:01 RAM 2683/15599MB (lfb 94x4MB) CPU [1%@729,0%@729,1%@729,0%@729,0%@729,0%@729,0%@729,0%@729] GR3D_FREQ 99% cv0@62.687C/76.968C cpu@66.843C/81.406C soc2@60.718C/73.562C soc0@63.468C/75.093C cv1@63.125C/75.468C gpu@66.875C/81.468C tj@66.875C/81.468C soc1@61.812C/72.906C cv2@59.437C/71.843C VDD_IN 11170mW/16045mW/29352mW VDD_CPU_GPU_CV 5599mW/9238mW/19267mW VDD_SOC 2442mW/2925mW/4226mW
08-10-2026 22:12:02 RAM 2683/15599MB (lfb 94x4MB) CPU [0%@729,0%@729,1%@729,0%@729,0%@729,0%@729,0%@729,0%@729] GR3D_FREQ 99% cv0@62.687C/76.968C cpu@66.656C/81.406C soc2@60.781C/73.562C soc0@63.437C/75.093C cv1@63.093C/75.468C gpu@67.062C/81.468C tj@67.062C/81.468C soc1@61.968C/72.906C cv2@59.375C/71.843C VDD_IN 11170mW/16037mW/29352mW VDD_CPU_GPU_CV 5608mW/9232mW/19267mW VDD_SOC 2442mW/2924mW/4226mW
08-10-2026 22:12:02 RAM 2683/15599MB (lfb 94x4MB) CPU [0%@729,0%@729,0%@729,0%@729,0%@729,0%@729,0%@729,0%@729] GR3D_FREQ 99% cv0@62.656C/76.968C cpu@66.812C/81.406C soc2@60.687C/73.562C soc0@63.5C/75.093C cv1@63.093C/75.468C gpu@66.968C/81.468C tj@66.968C/81.468C soc1@61.906C/72.906C cv2@59.375C/71.843C VDD_IN 11170mW/16029mW/29352mW VDD_CPU_GPU_CV 5599mW/9227mW/19267mW VDD_SOC 2442mW/2923mW/4226mW
08-10-2026 22:12:03 RAM 2683/15599MB (lfb 94x4MB) CPU [0%@729,0%@729,0%@729,0%@729,0%@729,0%@729,0%@729,0%@729] GR3D_FREQ 99% cv0@62.562C/76.968C cpu@66.937C/81.406C soc2@60.781C/73.562C soc0@63.625C/75.093C cv1@63.187C/75.468C gpu@67.093C/81.468C tj@67.093C/81.468C soc1@61.906C/72.906C cv2@59.343C/71.843C VDD_IN 11170mW/16022mW/29352mW VDD_CPU_GPU_CV 5608mW/9221mW/19267mW VDD_SOC 2442mW/2922mW/4226mW
08-10-2026 22:12:03 RAM 2683/15599MB (lfb 94x4MB) CPU [0%@729,0%@729,1%@729,0%@729,0%@729,0%@729,0%@729,0%@729] GR3D_FREQ 100% cv0@62.625C/76.968C cpu@66.75C/81.406C soc2@60.812C/73.562C soc0@63.531C/75.093C cv1@63.125C/75.468C gpu@67C/81.468C tj@67C/81.468C soc1@61.875C/72.906C cv2@59.406C/71.843C VDD_IN 11170mW/16014mW/29352mW VDD_CPU_GPU_CV 5599mW/9215mW/19267mW VDD_SOC 2442mW/2922mW/4226mW
08-10-2026 22:12:04 RAM 2683/15599MB (lfb 94x4MB) CPU [0%@729,0%@729,0%@729,0%@729,0%@729,0%@729,0%@729,0%@729] GR3D_FREQ 99% cv0@62.781C/76.968C cpu@66.843C/81.406C soc2@60.75C/73.562C soc0@63.562C/75.093C cv1@63.093C/75.468C gpu@66.843C/81.468C tj@66.843C/81.468C soc1@61.781C/72.906C cv2@59.437C/71.843C VDD_IN 11170mW/16006mW/29352mW VDD_CPU_GPU_CV 5599mW/9209mW/19267mW VDD_SOC 2442mW/2921mW/4226mW
08-10-2026 22:12:04 RAM 2683/15599MB (lfb 94x4MB) CPU [0%@729,1%@729,0%@729,0%@729,0%@729,0%@729,0%@729,0%@729] GR3D_FREQ 99% cv0@62.625C/76.968C cpu@66.781C/81.406C soc2@60.781C/73.562C soc0@63.406C/75.093C cv1@63.093C/75.468C gpu@66.906C/81.468C tj@66.906C/81.468C soc1@62.062C/72.906C cv2@59.343C/71.843C VDD_IN 11170mW/15999mW/29352mW VDD_CPU_GPU_CV 5608mW/9204mW/19267mW VDD_SOC 2442mW/2920mW/4226mW
08-10-2026 22:12:05 RAM 2683/15599MB (lfb 94x4MB) CPU [0%@729,0%@729,0%@729,0%@729,0%@729,0%@729,0%@729,0%@729] GR3D_FREQ 99% cv0@62.687C/76.968C cpu@66.937C/81.406C soc2@60.687C/73.562C soc0@63.468C/75.093C cv1@63.093C/75.468C gpu@66.906C/81.468C tj@66.937C/81.468C soc1@61.968C/72.906C cv2@59.375C/71.843C VDD_IN 11129mW/15991mW/29352mW VDD_CPU_GPU_CV 5608mW/9198mW/19267mW VDD_SOC 2442mW/2919mW/4226mW
08-10-2026 22:12:05 RAM 2683/15599MB (lfb 94x4MB) CPU [0%@729,0%@729,0%@729,0%@729,0%@729,0%@729,0%@729,0%@729] GR3D_FREQ 99% cv0@62.625C/76.968C cpu@66.718C/81.406C soc2@60.718C/73.562C soc0@63.593C/75.093C cv1@63.125C/75.468C gpu@66.875C/81.468C tj@66.875C/81.468C soc1@61.812C/72.906C cv2@59.312C/71.843C VDD_IN 11170mW/15983mW/29352mW VDD_CPU_GPU_CV 5599mW/9193mW/19267mW VDD_SOC 2442mW/2919mW/4226mW
08-10-2026 22:12:06 RAM 2683/15599MB (lfb 94x4MB) CPU [1%@729,0%@729,0%@729,0%@729,0%@729,0%@729,0%@729,0%@729] GR3D_FREQ 99% cv0@62.656C/76.968C cpu@66.812C/81.406C soc2@60.812C/73.562C soc0@63.531C/75.093C cv1@63.062C/75.468C gpu@66.875C/81.468C tj@66.875C/81.468C soc1@61.906C/72.906C cv2@59.312C/71.843C VDD_IN 11170mW/15976mW/29352mW VDD_CPU_GPU_CV 5599mW/9187mW/19267mW VDD_SOC 2442mW/2918mW/4226mW
08-10-2026 22:12:06 RAM 2684/15599MB (lfb 94x4MB) CPU [0%@729,0%@729,0%@729,0%@729,0%@729,0%@729,0%@729,0%@729] GR3D_FREQ 99% cv0@62.687C/76.968C cpu@66.718C/81.406C soc2@60.718C/73.562C soc0@63.5C/75.093C cv1@63.125C/75.468C gpu@66.843C/81.468C tj@66.843C/81.468C soc1@61.812C/72.906C cv2@59.437C/71.843C VDD_IN 11129mW/15968mW/29352mW VDD_CPU_GPU_CV 5599mW/9181mW/19267mW VDD_SOC 2442mW/2917mW/4226mW
08-10-2026 22:12:07 RAM 2684/15599MB (lfb 94x4MB) CPU [0%@729,0%@729,0%@729,0%@729,0%@729,0%@729,0%@729,0%@729] GR3D_FREQ 99% cv0@62.718C/76.968C cpu@66.812C/81.406C soc2@60.75C/73.562C soc0@63.5C/75.093C cv1@63.031C/75.468C gpu@67.062C/81.468C tj@67.062C/81.468C soc1@61.906C/72.906C cv2@59.375C/71.843C VDD_IN 11129mW/15961mW/29352mW VDD_CPU_GPU_CV 5599mW/9176mW/19267mW VDD_SOC 2442mW/2916mW/4226mW
08-10-2026 22:12:07 RAM 2684/15599MB (lfb 94x4MB) CPU [0%@729,0%@729,0%@729,0%@729,0%@729,1%@729,0%@729,0%@729] GR3D_FREQ 99% cv0@62.625C/76.968C cpu@66.718C/81.406C soc2@60.75C/73.562C soc0@63.406C/75.093C cv1@63.031C/75.468C gpu@67.125C/81.468C tj@67.125C/81.468C soc1@61.937C/72.906C cv2@59.312C/71.843C VDD_IN 11170mW/15953mW/29352mW VDD_CPU_GPU_CV 5608mW/9170mW/19267mW VDD_SOC 2442mW/2916mW/4226mW
08-10-2026 22:12:08 RAM 2684/15599MB (lfb 94x4MB) CPU [0%@729,0%@729,0%@729,0%@729,0%@729,0%@729,0%@729,0%@729] GR3D_FREQ 99% cv0@62.625C/76.968C cpu@66.906C/81.406C soc2@60.718C/73.562C soc0@63.625C/75.093C cv1@63.218C/75.468C gpu@67.062C/81.468C tj@67.062C/81.468C soc1@61.906C/72.906C cv2@59.343C/71.843C VDD_IN 11129mW/15946mW/29352mW VDD_CPU_GPU_CV 5608mW/9165mW/19267mW VDD_SOC 2442mW/2915mW/4226mW
08-10-2026 22:12:08 RAM 2684/15599MB (lfb 94x4MB) CPU [0%@729,0%@729,1%@729,0%@729,0%@729,0%@729,0%@729,0%@729] GR3D_FREQ 99% cv0@62.593C/76.968C cpu@66.968C/81.406C soc2@60.843C/73.562C soc0@63.468C/75.093C cv1@63.093C/75.468C gpu@66.937C/81.468C tj@66.968C/81.468C soc1@61.843C/72.906C cv2@59.312C/71.843C VDD_IN 11170mW/15938mW/29352mW VDD_CPU_GPU_CV 5608mW/9159mW/19267mW VDD_SOC 2442mW/2914mW/4226mW
08-10-2026 22:12:09 RAM 2684/15599MB (lfb 94x4MB) CPU [1%@729,0%@729,0%@729,0%@729,0%@729,0%@729,0%@729,0%@729] GR3D_FREQ 99% cv0@62.718C/76.968C cpu@66.687C/81.406C soc2@60.75C/73.562C soc0@63.531C/75.093C cv1@63.093C/75.468C gpu@67.031C/81.468C tj@67.031C/81.468C soc1@61.781C/72.906C cv2@59.437C/71.843C VDD_IN 11170mW/15931mW/29352mW VDD_CPU_GPU_CV 5608mW/9154mW/19267mW VDD_SOC 2442mW/2914mW/4226mW
08-10-2026 22:12:09 RAM 2684/15599MB (lfb 94x4MB) CPU [0%@729,0%@729,0%@729,0%@729,0%@729,0%@729,0%@729,0%@729] GR3D_FREQ 99% cv0@62.656C/76.968C cpu@66.75C/81.406C soc2@60.75C/73.562C soc0@63.5C/75.093C cv1@63C/75.468C gpu@66.906C/81.468C tj@66.906C/81.468C soc1@61.968C/72.906C cv2@59.437C/71.843C VDD_IN 11170mW/15924mW/29352mW VDD_CPU_GPU_CV 5608mW/9148mW/19267mW VDD_SOC 2442mW/2913mW/4226mW
08-10-2026 22:12:10 RAM 2684/15599MB (lfb 94x4MB) CPU [0%@729,0%@729,0%@729,0%@729,0%@729,0%@729,0%@729,0%@729] GR3D_FREQ 99% cv0@62.625C/76.968C cpu@66.687C/81.406C soc2@60.781C/73.562C soc0@63.468C/75.093C cv1@63.031C/75.468C gpu@66.875C/81.468C tj@66.875C/81.468C soc1@61.875C/72.906C cv2@59.343C/71.843C VDD_IN 11170mW/15916mW/29352mW VDD_CPU_GPU_CV 5599mW/9143mW/19267mW VDD_SOC 2442mW/2912mW/4226mW
08-10-2026 22:12:10 RAM 2684/15599MB (lfb 94x4MB) CPU [1%@729,0%@729,0%@729,0%@729,0%@729,0%@729,0%@729,0%@729] GR3D_FREQ 99% cv0@62.562C/76.968C cpu@66.906C/81.406C soc2@60.75C/73.562C soc0@63.562C/75.093C cv1@63.187C/75.468C gpu@66.875C/81.468C tj@66.906C/81.468C soc1@61.843C/72.906C cv2@59.281C/71.843C VDD_IN 11170mW/15909mW/29352mW VDD_CPU_GPU_CV 5608mW/9137mW/19267mW VDD_SOC 2442mW/2911mW/4226mW
08-10-2026 22:12:11 RAM 2684/15599MB (lfb 94x4MB) CPU [0%@729,1%@729,0%@729,0%@729,0%@729,0%@729,0%@729,0%@729] GR3D_FREQ 99% cv0@62.5C/76.968C cpu@66.843C/81.406C soc2@60.781C/73.562C soc0@63.5C/75.093C cv1@63.125C/75.468C gpu@66.843C/81.468C tj@66.843C/81.468C soc1@61.843C/72.906C cv2@59.281C/71.843C VDD_IN 11129mW/15901mW/29352mW VDD_CPU_GPU_CV 5599mW/9132mW/19267mW VDD_SOC 2442mW/2911mW/4226mW
08-10-2026 22:12:11 RAM 2684/15599MB (lfb 94x4MB) CPU [0%@729,1%@729,0%@729,0%@729,0%@729,0%@729,0%@729,0%@729] GR3D_FREQ 99% cv0@62.718C/76.968C cpu@66.75C/81.406C soc2@60.718C/73.562C soc0@63.468C/75.093C cv1@63.031C/75.468C gpu@67.031C/81.468C tj@67.031C/81.468C soc1@61.843C/72.906C cv2@59.437C/71.843C VDD_IN 11129mW/15894mW/29352mW VDD_CPU_GPU_CV 5608mW/9126mW/19267mW VDD_SOC 2442mW/2910mW/4226mW
08-10-2026 22:12:12 RAM 2684/15599MB (lfb 94x4MB) CPU [0%@729,1%@729,1%@729,0%@729,0%@729,0%@729,0%@729,0%@729] GR3D_FREQ 100% cv0@62.625C/76.968C cpu@66.718C/81.406C soc2@60.687C/73.562C soc0@63.437C/75.093C cv1@63C/75.468C gpu@66.875C/81.468C tj@66.875C/81.468C soc1@61.75C/72.906C cv2@59.312C/71.843C VDD_IN 11129mW/15887mW/29352mW VDD_CPU_GPU_CV 5608mW/9121mW/19267mW VDD_SOC 2442mW/2909mW/4226mW
08-10-2026 22:12:12 RAM 2684/15599MB (lfb 94x4MB) CPU [0%@729,0%@729,0%@729,0%@729,0%@729,0%@729,0%@729,0%@729] GR3D_FREQ 99% cv0@62.593C/76.968C cpu@66.593C/81.406C soc2@60.718C/73.562C soc0@63.437C/75.093C cv1@62.968C/75.468C gpu@67.031C/81.468C tj@67.031C/81.468C soc1@61.843C/72.906C cv2@59.343C/71.843C VDD_IN 11129mW/15879mW/29352mW VDD_CPU_GPU_CV 5608mW/9115mW/19267mW VDD_SOC 2442mW/2908mW/4226mW
08-10-2026 22:12:13 RAM 2684/15599MB (lfb 94x4MB) CPU [0%@729,0%@729,0%@729,0%@729,0%@729,0%@729,0%@729,0%@729] GR3D_FREQ 100% cv0@62.687C/76.968C cpu@66.656C/81.406C soc2@60.687C/73.562C soc0@63.562C/75.093C cv1@63.093C/75.468C gpu@66.937C/81.468C tj@66.937C/81.468C soc1@61.906C/72.906C cv2@59.281C/71.843C VDD_IN 11129mW/15872mW/29352mW VDD_CPU_GPU_CV 5608mW/9110mW/19267mW VDD_SOC 2442mW/2908mW/4226mW
08-10-2026 22:12:13 RAM 2684/15599MB (lfb 94x4MB) CPU [0%@729,0%@729,0%@729,0%@729,0%@729,0%@729,0%@729,0%@729] GR3D_FREQ 99% cv0@62.562C/76.968C cpu@66.843C/81.406C soc2@60.781C/73.562C soc0@63.562C/75.093C cv1@63.062C/75.468C gpu@66.875C/81.468C tj@66.875C/81.468C soc1@61.812C/72.906C cv2@59.281C/71.843C VDD_IN 11129mW/15865mW/29352mW VDD_CPU_GPU_CV 5599mW/9105mW/19267mW VDD_SOC 2442mW/2907mW/4226mW
08-10-2026 22:12:14 RAM 2684/15599MB (lfb 94x4MB) CPU [0%@729,0%@729,0%@729,0%@729,0%@729,0%@729,0%@729,0%@729] GR3D_FREQ 99% cv0@62.656C/76.968C cpu@66.687C/81.406C soc2@60.75C/73.562C soc0@63.437C/75.093C cv1@63.031C/75.468C gpu@66.875C/81.468C tj@66.875C/81.468C soc1@61.781C/72.906C cv2@59.406C/71.843C VDD_IN 11129mW/15858mW/29352mW VDD_CPU_GPU_CV 5599mW/9099mW/19267mW VDD_SOC 2442mW/2906mW/4226mW
08-10-2026 22:12:14 RAM 2684/15599MB (lfb 94x4MB) CPU [0%@729,0%@729,1%@729,0%@729,0%@729,0%@729,0%@729,0%@729] GR3D_FREQ 99% cv0@62.625C/76.968C cpu@66.75C/81.406C soc2@60.812C/73.562C soc0@63.437C/75.093C cv1@63.031C/75.468C gpu@66.781C/81.468C tj@66.781C/81.468C soc1@61.75C/72.906C cv2@59.375C/71.843C VDD_IN 11129mW/15850mW/29352mW VDD_CPU_GPU_CV 5608mW/9094mW/19267mW VDD_SOC 2442mW/2906mW/4226mW
08-10-2026 22:12:15 RAM 2684/15599MB (lfb 94x4MB) CPU [0%@729,0%@729,0%@729,0%@729,0%@729,0%@729,0%@729,0%@729] GR3D_FREQ 99% cv0@62.593C/76.968C cpu@66.687C/81.406C soc2@60.687C/73.562C soc0@63.468C/75.093C cv1@63C/75.468C gpu@66.781C/81.468C tj@66.781C/81.468C soc1@61.843C/72.906C cv2@59.343C/71.843C VDD_IN 11129mW/15843mW/29352mW VDD_CPU_GPU_CV 5599mW/9089mW/19267mW VDD_SOC 2442mW/2905mW/4226mW
08-10-2026 22:12:15 RAM 2684/15599MB (lfb 94x4MB) CPU [1%@729,0%@729,0%@729,0%@729,0%@729,0%@729,0%@729,0%@729] GR3D_FREQ 99% cv0@62.625C/76.968C cpu@66.875C/81.406C soc2@60.656C/73.562C soc0@63.593C/75.093C cv1@63.187C/75.468C gpu@66.875C/81.468C tj@66.875C/81.468C soc1@61.843C/72.906C cv2@59.375C/71.843C VDD_IN 11129mW/15836mW/29352mW VDD_CPU_GPU_CV 5608mW/9083mW/19267mW VDD_SOC 2442mW/2904mW/4226mW
08-10-2026 22:12:16 RAM 2684/15599MB (lfb 94x4MB) CPU [0%@729,0%@729,0%@729,0%@729,0%@729,0%@729,0%@729,0%@729] GR3D_FREQ 99% cv0@62.593C/76.968C cpu@66.968C/81.406C soc2@60.781C/73.562C soc0@63.468C/75.093C cv1@63.093C/75.468C gpu@66.875C/81.468C tj@66.968C/81.468C soc1@61.781C/72.906C cv2@59.281C/71.843C VDD_IN 11129mW/15829mW/29352mW VDD_CPU_GPU_CV 5608mW/9078mW/19267mW VDD_SOC 2442mW/2903mW/4226mW
08-10-2026 22:12:16 RAM 2684/15599MB (lfb 94x4MB) CPU [0%@729,0%@729,1%@729,0%@729,0%@729,0%@729,0%@729,0%@729] GR3D_FREQ 99% cv0@62.656C/76.968C cpu@66.781C/81.406C soc2@60.718C/73.562C soc0@63.5C/75.093C cv1@63.062C/75.468C gpu@67.093C/81.468C tj@67.093C/81.468C soc1@61.843C/72.906C cv2@59.375C/71.843C VDD_IN 11170mW/15822mW/29352mW VDD_CPU_GPU_CV 5608mW/9073mW/19267mW VDD_SOC 2442mW/2903mW/4226mW
08-10-2026 22:12:17 RAM 2684/15599MB (lfb 94x4MB) CPU [0%@729,0%@729,0%@729,0%@729,0%@729,0%@729,0%@729,0%@729] GR3D_FREQ 99% cv0@62.718C/76.968C cpu@66.75C/81.406C soc2@60.75C/73.562C soc0@63.437C/75.093C cv1@63.031C/75.468C gpu@66.812C/81.468C tj@66.812C/81.468C soc1@61.812C/72.906C cv2@59.343C/71.843C VDD_IN 11129mW/15815mW/29352mW VDD_CPU_GPU_CV 5608mW/9067mW/19267mW VDD_SOC 2442mW/2902mW/4226mW
08-10-2026 22:12:17 RAM 2684/15599MB (lfb 94x4MB) CPU [0%@729,0%@729,0%@729,0%@729,0%@729,0%@729,0%@729,0%@729] GR3D_FREQ 99% cv0@62.656C/76.968C cpu@66.718C/81.406C soc2@60.718C/73.562C soc0@63.437C/75.093C cv1@63.031C/75.468C gpu@66.968C/81.468C tj@66.968C/81.468C soc1@61.906C/72.906C cv2@59.312C/71.843C VDD_IN 11170mW/15808mW/29352mW VDD_CPU_GPU_CV 5599mW/9062mW/19267mW VDD_SOC 2442mW/2901mW/4226mW
08-10-2026 22:12:18 RAM 2684/15599MB (lfb 94x4MB) CPU [0%@729,0%@729,0%@729,0%@729,0%@729,0%@729,0%@729,0%@729] GR3D_FREQ 99% cv0@62.625C/76.968C cpu@66.812C/81.406C soc2@60.75C/73.562C soc0@63.593C/75.093C cv1@63.156C/75.468C gpu@66.968C/81.468C tj@66.968C/81.468C soc1@61.968C/72.906C cv2@59.375C/71.843C VDD_IN 11170mW/15801mW/29352mW VDD_CPU_GPU_CV 5599mW/9057mW/19267mW VDD_SOC 2442mW/2901mW/4226mW
08-10-2026 22:12:18 RAM 2684/15599MB (lfb 94x4MB) CPU [0%@729,0%@729,1%@729,0%@729,0%@729,0%@729,0%@729,0%@729] GR3D_FREQ 99% cv0@62.562C/76.968C cpu@66.843C/81.406C soc2@60.781C/73.562C soc0@63.5C/75.093C cv1@63.125C/75.468C gpu@66.968C/81.468C tj@66.968C/81.468C soc1@61.843C/72.906C cv2@59.343C/71.843C VDD_IN 11129mW/15794mW/29352mW VDD_CPU_GPU_CV 5608mW/9052mW/19267mW VDD_SOC 2442mW/2900mW/4226mW
08-10-2026 22:12:19 RAM 2684/15599MB (lfb 94x4MB) CPU [0%@729,0%@729,0%@729,0%@729,0%@729,0%@729,0%@729,0%@729] GR3D_FREQ 99% cv0@62.687C/76.968C cpu@66.906C/81.406C soc2@60.812C/73.562C soc0@63.5C/75.093C cv1@63.125C/75.468C gpu@66.937C/81.468C tj@66.937C/81.468C soc1@61.843C/72.906C cv2@59.406C/71.843C VDD_IN 11129mW/15787mW/29352mW VDD_CPU_GPU_CV 5608mW/9047mW/19267mW VDD_SOC 2442mW/2899mW/4226mW
08-10-2026 22:12:19 RAM 2684/15599MB (lfb 94x4MB) CPU [0%@729,0%@729,0%@729,0%@729,0%@729,0%@729,1%@729,0%@729] GR3D_FREQ 99% cv0@62.687C/76.968C cpu@66.75C/81.406C soc2@60.687C/73.562C soc0@63.468C/75.093C cv1@63.125C/75.468C gpu@66.875C/81.468C tj@66.875C/81.468C soc1@61.812C/72.906C cv2@59.437C/71.843C VDD_IN 11170mW/15780mW/29352mW VDD_CPU_GPU_CV 5599mW/9041mW/19267mW VDD_SOC 2442mW/2899mW/4226mW
08-10-2026 22:12:20 RAM 2684/15599MB (lfb 94x4MB) CPU [1%@729,0%@729,0%@729,0%@729,0%@729,0%@729,0%@729,0%@729] GR3D_FREQ 99% cv0@62.625C/76.968C cpu@66.656C/81.406C soc2@60.718C/73.562C soc0@63.437C/75.093C cv1@63.031C/75.468C gpu@66.906C/81.468C tj@66.906C/81.468C soc1@62C/72.906C cv2@59.375C/71.843C VDD_IN 11170mW/15773mW/29352mW VDD_CPU_GPU_CV 5599mW/9036mW/19267mW VDD_SOC 2442mW/2898mW/4226mW
08-10-2026 22:12:20 RAM 2684/15599MB (lfb 94x4MB) CPU [0%@729,0%@729,0%@729,0%@729,0%@729,0%@729,0%@729,0%@729] GR3D_FREQ 99% cv0@62.593C/76.968C cpu@66.656C/81.406C soc2@60.75C/73.562C soc0@63.5C/75.093C cv1@63.187C/75.468C gpu@66.843C/81.468C tj@66.843C/81.468C soc1@61.843C/72.906C cv2@59.281C/71.843C VDD_IN 11170mW/15766mW/29352mW VDD_CPU_GPU_CV 5608mW/9031mW/19267mW VDD_SOC 2442mW/2897mW/4226mW
08-10-2026 22:12:21 RAM 2684/15599MB (lfb 94x4MB) CPU [0%@729,0%@729,0%@729,0%@729,0%@729,1%@729,0%@729,0%@729] GR3D_FREQ 99% cv0@62.593C/76.968C cpu@66.906C/81.406C soc2@60.812C/73.562C soc0@63.531C/75.093C cv1@63.125C/75.468C gpu@66.781C/81.468C tj@66.906C/81.468C soc1@61.875C/72.906C cv2@59.281C/71.843C VDD_IN 11129mW/15759mW/29352mW VDD_CPU_GPU_CV 5608mW/9026mW/19267mW VDD_SOC 2442mW/2897mW/4226mW
08-10-2026 22:12:21 RAM 2684/15599MB (lfb 94x4MB) CPU [0%@729,0%@729,0%@729,0%@729,0%@729,0%@729,0%@729,0%@729] GR3D_FREQ 99% cv0@62.687C/76.968C cpu@66.718C/81.406C soc2@60.75C/73.562C soc0@63.468C/75.093C cv1@63.093C/75.468C gpu@66.75C/81.468C tj@66.75C/81.468C soc1@61.781C/72.906C cv2@59.437C/71.843C VDD_IN 11170mW/15752mW/29352mW VDD_CPU_GPU_CV 5599mW/9021mW/19267mW VDD_SOC 2442mW/2896mW/4226mW
08-10-2026 22:12:22 RAM 2684/15599MB (lfb 94x4MB) CPU [0%@729,0%@729,0%@729,0%@729,0%@729,0%@729,0%@729,0%@729] GR3D_FREQ 99% cv0@62.593C/76.968C cpu@66.718C/81.406C soc2@60.656C/73.562C soc0@63.468C/75.093C cv1@63.125C/75.468C gpu@66.843C/81.468C tj@66.843C/81.468C soc1@61.75C/72.906C cv2@59.343C/71.843C VDD_IN 11129mW/15745mW/29352mW VDD_CPU_GPU_CV 5608mW/9016mW/19267mW VDD_SOC 2442mW/2895mW/4226mW
08-10-2026 22:12:22 RAM 2684/15599MB (lfb 94x4MB) CPU [0%@729,0%@729,0%@729,0%@729,0%@729,0%@729,1%@729,0%@729] GR3D_FREQ 99% cv0@62.718C/76.968C cpu@66.656C/81.406C soc2@60.718C/73.562C soc0@63.437C/75.093C cv1@63.031C/75.468C gpu@67C/81.468C tj@67C/81.468C soc1@62C/72.906C cv2@59.312C/71.843C VDD_IN 11170mW/15738mW/29352mW VDD_CPU_GPU_CV 5599mW/9011mW/19267mW VDD_SOC 2442mW/2895mW/4226mW
08-10-2026 22:12:23 RAM 2684/15599MB (lfb 94x4MB) CPU [0%@729,0%@729,0%@729,0%@729,0%@729,0%@729,0%@729,0%@729] GR3D_FREQ 99% cv0@62.593C/76.968C cpu@66.906C/81.406C soc2@60.656C/73.562C soc0@63.531C/75.093C cv1@63.156C/75.468C gpu@67.062C/81.468C tj@67.062C/81.468C soc1@61.906C/72.906C cv2@59.25C/71.843C VDD_IN 11129mW/15731mW/29352mW VDD_CPU_GPU_CV 5599mW/9006mW/19267mW VDD_SOC 2442mW/2894mW/4226mW
08-10-2026 22:12:23 RAM 2684/15599MB (lfb 94x4MB) CPU [0%@729,1%@729,0%@729,0%@729,0%@729,0%@729,0%@729,0%@729] GR3D_FREQ 99% cv0@62.562C/76.968C cpu@66.625C/81.406C soc2@60.75C/73.562C soc0@63.5C/75.093C cv1@63.125C/75.468C gpu@66.937C/81.468C tj@66.937C/81.468C soc1@61.75C/72.906C cv2@59.281C/71.843C VDD_IN 11170mW/15725mW/29352mW VDD_CPU_GPU_CV 5599mW/9001mW/19267mW VDD_SOC 2442mW/2893mW/4226mW
08-10-2026 22:12:24 RAM 2684/15599MB (lfb 94x4MB) CPU [0%@729,0%@729,0%@729,0%@729,0%@729,0%@729,0%@729,0%@729] GR3D_FREQ 99% cv0@62.687C/76.968C cpu@66.718C/81.406C soc2@60.718C/73.562C soc0@63.437C/75.093C cv1@63.031C/75.468C gpu@66.906C/81.468C tj@66.906C/81.468C soc1@61.812C/72.906C cv2@59.375C/71.843C VDD_IN 11129mW/15718mW/29352mW VDD_CPU_GPU_CV 5599mW/8996mW/19267mW VDD_SOC 2442mW/2893mW/4226mW
08-10-2026 22:12:24 RAM 2684/15599MB (lfb 94x4MB) CPU [1%@729,0%@729,0%@729,0%@729,0%@729,0%@729,0%@729,0%@729] GR3D_FREQ 99% cv0@62.656C/76.968C cpu@66.656C/81.406C soc2@60.718C/73.562C soc0@63.406C/75.093C cv1@63.031C/75.468C gpu@67C/81.468C tj@67C/81.468C soc1@61.843C/72.906C cv2@59.343C/71.843C VDD_IN 11170mW/15711mW/29352mW VDD_CPU_GPU_CV 5608mW/8990mW/19267mW VDD_SOC 2442mW/2892mW/4226mW
08-10-2026 22:12:25 RAM 2684/15599MB (lfb 94x4MB) CPU [0%@729,0%@729,0%@729,0%@729,0%@729,0%@729,1%@729,0%@729] GR3D_FREQ 99% cv0@62.625C/76.968C cpu@66.968C/81.406C soc2@60.75C/73.562C soc0@63.5C/75.093C cv1@63.031C/75.468C gpu@66.937C/81.468C tj@66.937C/81.468C soc1@62C/72.906C cv2@59.343C/71.843C VDD_IN 11129mW/15704mW/29352mW VDD_CPU_GPU_CV 5599mW/8985mW/19267mW VDD_SOC 2442mW/2891mW/4226mW
08-10-2026 22:12:25 RAM 2684/15599MB (lfb 94x4MB) CPU [0%@729,0%@729,1%@729,0%@729,0%@729,0%@729,0%@729,0%@729] GR3D_FREQ 99% cv0@62.562C/76.968C cpu@66.718C/81.406C soc2@60.625C/73.562C soc0@63.562C/75.093C cv1@63.187C/75.468C gpu@66.875C/81.468C tj@66.875C/81.468C soc1@61.937C/72.906C cv2@59.343C/71.843C VDD_IN 11170mW/15698mW/29352mW VDD_CPU_GPU_CV 5599mW/8980mW/19267mW VDD_SOC 2442mW/2891mW/4226mW
08-10-2026 22:12:26 RAM 2684/15599MB (lfb 94x4MB) CPU [0%@729,0%@729,0%@729,0%@729,0%@729,0%@729,0%@729,0%@729] GR3D_FREQ 99% cv0@62.593C/76.968C cpu@66.812C/81.406C soc2@60.843C/73.562C soc0@63.437C/75.093C cv1@63.156C/75.468C gpu@66.906C/81.468C tj@66.906C/81.468C soc1@61.937C/72.906C cv2@59.25C/71.843C VDD_IN 11170mW/15691mW/29352mW VDD_CPU_GPU_CV 5608mW/8975mW/19267mW VDD_SOC 2442mW/2890mW/4226mW
08-10-2026 22:12:26 RAM 2684/15599MB (lfb 94x4MB) CPU [0%@729,1%@729,0%@729,0%@729,0%@729,0%@729,0%@729,0%@729] GR3D_FREQ 99% cv0@62.531C/76.968C cpu@66.843C/81.406C soc2@60.718C/73.562C soc0@63.437C/75.093C cv1@63.125C/75.468C gpu@66.843C/81.468C tj@66.843C/81.468C soc1@61.781C/72.906C cv2@59.281C/71.843C VDD_IN 11170mW/15684mW/29352mW VDD_CPU_GPU_CV 5608mW/8971mW/19267mW VDD_SOC 2442mW/2889mW/4226mW
08-10-2026 22:12:27 RAM 2685/15599MB (lfb 94x4MB) CPU [0%@729,0%@729,4%@729,3%@729,0%@729,4%@729,0%@729,1%@729] GR3D_FREQ 99% cv0@62.687C/76.968C cpu@66.843C/81.406C soc2@60.656C/73.562C soc0@63.437C/75.093C cv1@63.156C/75.468C gpu@66.875C/81.468C tj@66.875C/81.468C soc1@61.812C/72.906C cv2@59.343C/71.843C VDD_IN 11251mW/15678mW/29352mW VDD_CPU_GPU_CV 5640mW/8966mW/19267mW VDD_SOC 2442mW/2889mW/4226mW
08-10-2026 22:12:27 RAM 2687/15599MB (lfb 94x4MB) CPU [5%@729,4%@729,1%@729,6%@729,1%@729,5%@729,5%@729,2%@729] GR3D_FREQ 99% cv0@62.625C/76.968C cpu@66.656C/81.406C soc2@60.718C/73.562C soc0@63.343C/75.093C cv1@63.031C/75.468C gpu@66.875C/81.468C tj@66.875C/81.468C soc1@61.781C/72.906C cv2@59.343C/71.843C VDD_IN 11292mW/15671mW/29352mW VDD_CPU_GPU_CV 5680mW/8961mW/19267mW VDD_SOC 2442mW/2888mW/4226mW
08-10-2026 22:12:28 RAM 2686/15599MB (lfb 94x4MB) CPU [0%@729,0%@729,0%@729,0%@729,0%@729,0%@729,0%@729,0%@729] GR3D_FREQ 99% cv0@62.625C/76.968C cpu@66.781C/81.406C soc2@60.687C/73.562C soc0@63.406C/75.093C cv1@62.968C/75.468C gpu@67.031C/81.468C tj@67.031C/81.468C soc1@61.875C/72.906C cv2@59.25C/71.843C VDD_IN 11170mW/15665mW/29352mW VDD_CPU_GPU_CV 5640mW/8956mW/19267mW VDD_SOC 2442mW/2887mW/4226mW
08-10-2026 22:12:28 RAM 2686/15599MB (lfb 94x4MB) CPU [1%@729,0%@729,0%@729,0%@729,0%@729,0%@729,0%@729,0%@729] GR3D_FREQ 99% cv0@62.562C/76.968C cpu@66.906C/81.406C soc2@60.687C/73.562C soc0@63.437C/75.093C cv1@63.093C/75.468C gpu@66.75C/81.468C tj@66.906C/81.468C soc1@61.906C/72.906C cv2@59.312C/71.843C VDD_IN 11170mW/15658mW/29352mW VDD_CPU_GPU_CV 5599mW/8951mW/19267mW VDD_SOC 2442mW/2887mW/4226mW
08-10-2026 22:12:29 RAM 2686/15599MB (lfb 94x4MB) CPU [0%@729,0%@729,0%@729,0%@729,0%@729,0%@729,0%@729,0%@729] GR3D_FREQ 99% cv0@62.531C/76.968C cpu@66.718C/81.406C soc2@60.687C/73.562C soc0@63.437C/75.093C cv1@63.125C/75.468C gpu@67C/81.468C tj@67C/81.468C soc1@61.843C/72.906C cv2@59.281C/71.843C VDD_IN 11129mW/15652mW/29352mW VDD_CPU_GPU_CV 5608mW/8946mW/19267mW VDD_SOC 2442mW/2886mW/4226mW
08-10-2026 22:12:29 RAM 2686/15599MB (lfb 94x4MB) CPU [0%@729,0%@729,0%@729,0%@729,0%@729,0%@729,0%@729,0%@729] GR3D_FREQ 99% cv0@62.687C/76.968C cpu@66.718C/81.406C soc2@60.718C/73.562C soc0@63.437C/75.093C cv1@63.093C/75.468C gpu@66.906C/81.468C tj@66.906C/81.468C soc1@61.812C/72.906C cv2@59.343C/71.843C VDD_IN 11170mW/15645mW/29352mW VDD_CPU_GPU_CV 5599mW/8941mW/19267mW VDD_SOC 2442mW/2885mW/4226mW
08-10-2026 22:12:30 RAM 2686/15599MB (lfb 94x4MB) CPU [0%@729,0%@729,0%@729,0%@729,0%@729,0%@729,0%@729,0%@729] GR3D_FREQ 99% cv0@62.625C/76.968C cpu@66.718C/81.406C soc2@60.75C/73.562C soc0@63.343C/75.093C cv1@62.968C/75.468C gpu@67C/81.468C tj@67C/81.468C soc1@61.812C/72.906C cv2@59.343C/71.843C VDD_IN 11129mW/15638mW/29352mW VDD_CPU_GPU_CV 5599mW/8936mW/19267mW VDD_SOC 2442mW/2885mW/4226mW
08-10-2026 22:12:30 RAM 2686/15599MB (lfb 94x4MB) CPU [0%@729,0%@729,0%@729,0%@729,0%@729,0%@729,0%@729,0%@729] GR3D_FREQ 99% cv0@62.593C/76.968C cpu@66.656C/81.406C soc2@60.75C/73.562C soc0@63.375C/75.093C cv1@63.062C/75.468C gpu@66.875C/81.468C tj@66.875C/81.468C soc1@61.968C/72.906C cv2@59.312C/71.843C VDD_IN 11129mW/15632mW/29352mW VDD_CPU_GPU_CV 5599mW/8932mW/19267mW VDD_SOC 2442mW/2884mW/4226mW
08-10-2026 22:12:31 RAM 2686/15599MB (lfb 94x4MB) CPU [0%@729,0%@729,1%@729,0%@729,0%@729,0%@729,0%@729,0%@729] GR3D_FREQ 99% cv0@62.593C/76.968C cpu@66.718C/81.406C soc2@60.687C/73.562C soc0@63.593C/75.093C cv1@63.125C/75.468C gpu@66.875C/81.468C tj@66.875C/81.468C soc1@61.875C/72.906C cv2@59.312C/71.843C VDD_IN 11129mW/15625mW/29352mW VDD_CPU_GPU_CV 5608mW/8927mW/19267mW VDD_SOC 2442mW/2883mW/4226mW
08-10-2026 22:12:31 RAM 2686/15599MB (lfb 94x4MB) CPU [0%@729,0%@729,0%@729,0%@729,0%@729,0%@729,0%@729,0%@729] GR3D_FREQ 99% cv0@62.562C/76.968C cpu@66.906C/81.406C soc2@60.75C/73.562C soc0@63.437C/75.093C cv1@63.125C/75.468C gpu@66.937C/81.468C tj@66.937C/81.468C soc1@61.843C/72.906C cv2@59.281C/71.843C VDD_IN 11129mW/15619mW/29352mW VDD_CPU_GPU_CV 5599mW/8922mW/19267mW VDD_SOC 2442mW/2883mW/4226mW
08-10-2026 22:12:32 RAM 2686/15599MB (lfb 94x4MB) CPU [3%@729,1%@729,0%@729,0%@729,0%@729,0%@729,0%@729,0%@729] GR3D_FREQ 99% cv0@62.718C/76.968C cpu@66.75C/81.406C soc2@60.687C/73.562C soc0@63.468C/75.093C cv1@63.031C/75.468C gpu@66.875C/81.468C tj@66.906C/81.468C soc1@61.812C/72.906C cv2@59.343C/71.843C VDD_IN 11129mW/15612mW/29352mW VDD_CPU_GPU_CV 5608mW/8917mW/19267mW VDD_SOC 2442mW/2882mW/4226mW
08-10-2026 22:12:32 RAM 2686/15599MB (lfb 94x4MB) CPU [0%@729,0%@729,1%@729,1%@729,0%@729,1%@729,0%@729,0%@729] GR3D_FREQ 99% cv0@62.656C/76.968C cpu@66.718C/81.406C soc2@60.781C/73.562C soc0@63.5C/75.093C cv1@63.031C/75.468C gpu@66.812C/81.468C tj@66.812C/81.468C soc1@61.937C/72.906C cv2@59.281C/71.843C VDD_IN 11129mW/15606mW/29352mW VDD_CPU_GPU_CV 5599mW/8912mW/19267mW VDD_SOC 2442mW/2881mW/4226mW
08-10-2026 22:12:33 RAM 2687/15599MB (lfb 94x4MB) CPU [0%@729,0%@729,0%@729,0%@729,0%@729,0%@729,0%@729,0%@729] GR3D_FREQ 99% cv0@62.656C/76.968C cpu@66.625C/81.406C soc2@60.687C/73.562C soc0@63.437C/75.093C cv1@63C/75.468C gpu@66.843C/81.468C tj@66.843C/81.468C soc1@61.875C/72.906C cv2@59.281C/71.843C VDD_IN 11129mW/15599mW/29352mW VDD_CPU_GPU_CV 5599mW/8907mW/19267mW VDD_SOC 2442mW/2881mW/4226mW
08-10-2026 22:12:33 RAM 2687/15599MB (lfb 94x4MB) CPU [0%@729,2%@729,6%@729,2%@729,1%@1574,0%@1574,0%@1574,9%@1574] GR3D_FREQ 99% cv0@62.625C/76.968C cpu@66.937C/81.406C soc2@60.718C/73.562C soc0@63.625C/75.093C cv1@63.187C/75.468C gpu@66.875C/81.468C tj@66.875C/81.468C soc1@61.875C/72.906C cv2@59.281C/71.843C VDD_IN 11251mW/15593mW/29352mW VDD_CPU_GPU_CV 5680mW/8903mW/19267mW VDD_SOC 2442mW/2880mW/4226mW
08-10-2026 22:12:34 RAM 2686/15599MB (lfb 93x4MB) CPU [2%@729,1%@729,2%@729,4%@729,0%@729,0%@729,1%@729,1%@729] GR3D_FREQ 0% cv0@62.437C/76.968C cpu@66.812C/81.406C soc2@60.625C/73.562C soc0@63.437C/75.093C cv1@63.125C/75.468C gpu@65.562C/81.468C tj@66.812C/81.468C soc1@61.875C/72.906C cv2@59.25C/71.843C VDD_IN 8697mW/15583mW/29352mW VDD_CPU_GPU_CV 3215mW/8895mW/19267mW VDD_SOC 2446mW/2880mW/4226mW
08-10-2026 22:12:34 RAM 2686/15599MB (lfb 93x4MB) CPU [0%@729,0%@729,0%@729,0%@729,0%@729,0%@729,0%@729,0%@729] GR3D_FREQ 0% cv0@62.5C/76.968C cpu@66.5C/81.406C soc2@60.468C/73.562C soc0@63.375C/75.093C cv1@62.937C/75.468C gpu@64.906C/81.468C tj@66.5C/81.468C soc1@61.906C/72.906C cv2@59.281C/71.843C VDD_IN 6982mW/15571mW/29352mW VDD_CPU_GPU_CV 1589mW/8884mW/19267mW VDD_SOC 2449mW/2879mW/4226mW
08-10-2026 22:12:35 RAM 2686/15599MB (lfb 93x4MB) CPU [2%@729,1%@729,1%@729,1%@729,1%@729,5%@729,1%@729,6%@729] GR3D_FREQ 0% cv0@62.406C/76.968C cpu@66.437C/81.406C soc2@60.375C/73.562C soc0@63.312C/75.093C cv1@62.781C/75.468C gpu@65C/81.468C tj@66.437C/81.468C soc1@61.75C/72.906C cv2@59.125C/71.843C VDD_IN 6543mW/15558mW/29352mW VDD_CPU_GPU_CV 1143mW/8873mW/19267mW VDD_SOC 2449mW/2878mW/4226mW
08-10-2026 22:12:35 RAM 2686/15599MB (lfb 93x4MB) CPU [0%@729,0%@729,0%@729,0%@729,0%@729,0%@729,0%@729,0%@729] GR3D_FREQ 0% cv0@62.218C/76.968C cpu@66.25C/81.406C soc2@60.25C/73.562C soc0@63.25C/75.093C cv1@62.75C/75.468C gpu@64.906C/81.468C tj@66.25C/81.468C soc1@61.875C/72.906C cv2@58.968C/71.843C VDD_IN 6338mW/15545mW/29352mW VDD_CPU_GPU_CV 979mW/8862mW/19267mW VDD_SOC 2409mW/2878mW/4226mW
08-10-2026 22:12:36 RAM 2686/15599MB (lfb 93x4MB) CPU [0%@729,0%@729,2%@729,3%@729,0%@729,0%@729,0%@729,0%@729] GR3D_FREQ 0% cv0@62.156C/76.968C cpu@66.156C/81.406C soc2@60.218C/73.562C soc0@63.25C/75.093C cv1@62.843C/75.468C gpu@64.843C/81.468C tj@66.156C/81.468C soc1@61.718C/72.906C cv2@58.906C/71.843C VDD_IN 6257mW/15531mW/29352mW VDD_CPU_GPU_CV 939mW/8850mW/19267mW VDD_SOC 2409mW/2877mW/4226mW
08-10-2026 22:12:36 RAM 2686/15599MB (lfb 93x4MB) CPU [0%@729,0%@729,0%@729,0%@729,0%@729,0%@729,0%@729,0%@729] GR3D_FREQ 0% cv0@62.062C/76.968C cpu@66.093C/81.406C soc2@60.187C/73.562C soc0@63.156C/75.093C cv1@62.812C/75.468C gpu@64.687C/81.468C tj@66.093C/81.468C soc1@61.656C/72.906C cv2@58.843C/71.843C VDD_IN 6257mW/15518mW/29352mW VDD_CPU_GPU_CV 898mW/8839mW/19267mW VDD_SOC 2409mW/2876mW/4226mW
08-10-2026 22:12:37 RAM 2557/15599MB (lfb 91x4MB) CPU [0%@729,0%@729,12%@729,0%@729,0%@729,0%@729,0%@729,0%@729] GR3D_FREQ 0% cv0@62C/76.968C cpu@66.125C/81.406C soc2@60.031C/73.562C soc0@63.031C/75.093C cv1@62.687C/75.468C gpu@64.531C/81.468C tj@66.125C/81.468C soc1@61.562C/72.906C cv2@58.968C/71.843C VDD_IN 6297mW/15505mW/29352mW VDD_CPU_GPU_CV 898mW/8828mW/19267mW VDD_SOC 2449mW/2876mW/4226mW
08-10-2026 22:12:37 RAM 2557/15599MB (lfb 91x4MB) CPU [0%@729,0%@729,0%@729,0%@729,0%@729,0%@729,0%@729,0%@729] GR3D_FREQ 0% cv0@62.093C/76.968C cpu@65.968C/81.406C soc2@60.062C/73.562C soc0@62.968C/75.093C cv1@62.625C/75.468C gpu@64.531C/81.468C tj@65.968C/81.468C soc1@61.468C/72.906C cv2@58.906C/71.843C VDD_IN 6257mW/15492mW/29352mW VDD_CPU_GPU_CV 898mW/8816mW/19267mW VDD_SOC 2409mW/2875mW/4226mW
08-10-2026 22:12:38 RAM 2557/15599MB (lfb 91x4MB) CPU [5%@729,0%@729,0%@729,0%@729,0%@729,0%@729,0%@729,0%@729] GR3D_FREQ 0% cv0@62.031C/76.968C cpu@66.031C/81.406C soc2@60C/73.562C soc0@62.937C/75.093C cv1@62.468C/75.468C gpu@64.5C/81.468C tj@66.031C/81.468C soc1@61.468C/72.906C cv2@58.812C/71.843C VDD_IN 6257mW/15478mW/29352mW VDD_CPU_GPU_CV 898mW/8805mW/19267mW VDD_SOC 2409mW/2874mW/4226mW
08-10-2026 22:12:38 RAM 2557/15599MB (lfb 91x4MB) CPU [0%@729,0%@729,0%@729,0%@729,0%@729,0%@729,0%@729,0%@729] GR3D_FREQ 0% cv0@61.906C/76.968C cpu@65.875C/81.406C soc2@59.906C/73.562C soc0@63.031C/75.093C cv1@62.468C/75.468C gpu@64.437C/81.468C tj@65.875C/81.468C soc1@61.5C/72.906C cv2@58.75C/71.843C VDD_IN 6257mW/15465mW/29352mW VDD_CPU_GPU_CV 898mW/8794mW/19267mW VDD_SOC 2449mW/2874mW/4226mW
08-10-2026 22:12:39 RAM 2557/15599MB (lfb 91x4MB) CPU [0%@729,1%@729,0%@729,0%@729,0%@729,0%@729,0%@729,0%@729] GR3D_FREQ 0% cv0@61.843C/76.968C cpu@66.031C/81.406C soc2@59.968C/73.562C soc0@62.968C/75.093C cv1@62.562C/75.468C gpu@64.375C/81.468C tj@66.031C/81.468C soc1@61.468C/72.906C cv2@58.687C/71.843C VDD_IN 6216mW/15452mW/29352mW VDD_CPU_GPU_CV 898mW/8783mW/19267mW VDD_SOC 2409mW/2873mW/4226mW
08-10-2026 22:12:39 RAM 2557/15599MB (lfb 91x4MB) CPU [0%@729,0%@729,0%@729,0%@729,0%@729,0%@729,0%@729,0%@729] GR3D_FREQ 0% cv0@61.812C/76.968C cpu@66.062C/81.406C soc2@59.843C/73.562C soc0@62.906C/75.093C cv1@62.468C/75.468C gpu@64.531C/81.468C tj@66.062C/81.468C soc1@61.437C/72.906C cv2@58.718C/71.843C VDD_IN 6216mW/15439mW/29352mW VDD_CPU_GPU_CV 898mW/8771mW/19267mW VDD_SOC 2409mW/2872mW/4226mW
08-10-2026 22:12:40 RAM 2557/15599MB (lfb 91x4MB) CPU [0%@729,0%@729,0%@729,0%@729,0%@729,0%@729,0%@729,0%@729] GR3D_FREQ 0% cv0@61.906C/76.968C cpu@65.906C/81.406C soc2@59.843C/73.562C soc0@62.812C/75.093C cv1@62.375C/75.468C gpu@64.218C/81.468C tj@65.906C/81.468C soc1@61.375C/72.906C cv2@58.718C/71.843C VDD_IN 6216mW/15426mW/29352mW VDD_CPU_GPU_CV 898mW/8760mW/19267mW VDD_SOC 2409mW/2872mW/4226mW
08-10-2026 22:12:40 RAM 2557/15599MB (lfb 91x4MB) CPU [0%@729,0%@729,0%@729,0%@729,0%@729,0%@729,0%@729,0%@729] GR3D_FREQ 0% cv0@61.875C/76.968C cpu@65.656C/81.406C soc2@59.781C/73.562C soc0@62.75C/75.093C cv1@62.375C/75.468C gpu@64.437C/81.468C tj@65.656C/81.468C soc1@61.312C/72.906C cv2@58.593C/71.843C VDD_IN 6216mW/15413mW/29352mW VDD_CPU_GPU_CV 898mW/8749mW/19267mW VDD_SOC 2409mW/2871mW/4226mW
08-10-2026 22:12:41 RAM 2557/15599MB (lfb 91x4MB) CPU [0%@729,0%@729,0%@729,0%@729,0%@729,0%@729,0%@729,0%@729] GR3D_FREQ 0% cv0@61.75C/76.968C cpu@65.75C/81.406C soc2@59.718C/73.562C soc0@62.687C/75.093C cv1@62.312C/75.468C gpu@64.25C/81.468C tj@65.75C/81.468C soc1@61.437C/72.906C cv2@58.531C/71.843C VDD_IN 6216mW/15400mW/29352mW VDD_CPU_GPU_CV 898mW/8738mW/19267mW VDD_SOC 2412mW/2870mW/4226mW
08-10-2026 22:12:41 RAM 2558/15599MB (lfb 91x4MB) CPU [0%@729,0%@729,2%@729,5%@729,0%@1497,7%@1497,0%@1497,0%@1497] GR3D_FREQ 0% cv0@61.687C/76.968C cpu@65.656C/81.406C soc2@59.625C/73.562C soc0@62.781C/75.093C cv1@62.312C/75.468C gpu@64.343C/81.468C tj@65.656C/81.468C soc1@61.406C/72.906C cv2@58.531C/71.843C VDD_IN 6338mW/15387mW/29352mW VDD_CPU_GPU_CV 939mW/8727mW/19267mW VDD_SOC 2449mW/2870mW/4226mW
