08-11-2026 00:05:59 RAM 2512/15599MB (lfb 535x4MB) CPU [0%@729,0%@729,0%@729,1%@729,0%@729,0%@729,0%@729,0%@729] GR3D_FREQ 0% cv0@50.031C/50.031C cpu@53.843C/53.843C soc2@47.875C/47.875C soc0@50.75C/50.75C cv1@50.531C/50.531C gpu@52.625C/52.625C tj@53.843C/53.843C soc1@49.625C/49.625C cv2@47.468C/47.468C VDD_IN 5961mW/5961mW/5961mW VDD_CPU_GPU_CV 775mW/775mW/775mW VDD_SOC 2368mW/2368mW/2368mW
08-11-2026 00:05:59 RAM 2543/15599MB (lfb 535x4MB) CPU [0%@1036,0%@1036,0%@1036,0%@1036,4%@1984,0%@1984,0%@1984,4%@1984] GR3D_FREQ 0% cv0@50.468C/50.468C cpu@54.312C/54.312C soc2@47.812C/47.875C soc0@50.593C/50.75C cv1@50.531C/50.531C gpu@52.312C/52.625C tj@54.312C/54.312C soc1@49.593C/49.625C cv2@47.656C/47.656C VDD_IN 6083mW/6022mW/6083mW VDD_CPU_GPU_CV 857mW/816mW/857mW VDD_SOC 2368mW/2368mW/2368mW
08-11-2026 00:06:00 RAM 4590/15599MB (lfb 535x4MB) CPU [3%@1984,0%@1984,90%@1984,0%@1984,8%@1881,0%@1881,49%@1881,44%@1881] GR3D_FREQ 27% cv0@50.531C/50.531C cpu@54.875C/54.875C soc2@47.968C/47.968C soc0@50.625C/50.75C cv1@50.687C/50.687C gpu@53.406C/53.406C tj@54.875C/54.875C soc1@49.562C/49.625C cv2@47.625C/47.656C VDD_IN 9865mW/7303mW/9865mW VDD_CPU_GPU_CV 2605mW/1412mW/2605mW VDD_SOC 3179mW/2638mW/3179mW
08-11-2026 00:06:01 RAM 6144/15599MB (lfb 535x4MB) CPU [1%@1984,0%@1984,100%@1984,0%@1984,0%@1984,0%@1984,0%@1984,96%@1984] GR3D_FREQ 32% cv0@50.593C/50.593C cpu@54.906C/54.906C soc2@48.218C/48.218C soc0@50.656C/50.75C cv1@50.812C/50.812C gpu@53.562C/53.562C tj@54.906C/54.906C soc1@49.843C/49.843C cv2@47.718C/47.718C VDD_IN 12048mW/8489mW/12048mW VDD_CPU_GPU_CV 3611mW/1962mW/3611mW VDD_SOC 3704mW/2905mW/3704mW
08-11-2026 00:06:01 RAM 6301/15599MB (lfb 535x4MB) CPU [0%@1984,0%@1984,94%@1984,0%@1984,0%@1984,0%@1984,1%@1984,92%@1984] GR3D_FREQ 18% cv0@50.562C/50.593C cpu@54.937C/54.937C soc2@48.156C/48.218C soc0@50.875C/50.875C cv1@50.843C/50.843C gpu@52.937C/53.562C tj@54.937C/54.937C soc1@49.781C/49.843C cv2@47.718C/47.718C VDD_IN 9988mW/8789mW/12048mW VDD_CPU_GPU_CV 3373mW/2244mW/3611mW VDD_SOC 2853mW/2894mW/3704mW
08-11-2026 00:06:02 RAM 6427/15599MB (lfb 535x4MB) CPU [0%@1984,0%@1984,90%@1984,0%@1984,0%@1984,0%@1984,0%@1984,92%@1984] GR3D_FREQ 11% cv0@50.5C/50.593C cpu@54.781C/54.937C soc2@48.187C/48.218C soc0@50.781C/50.875C cv1@50.875C/50.875C gpu@52.906C/53.562C tj@54.781C/54.937C soc1@49.75C/49.843C cv2@47.75C/47.75C VDD_IN 9172mW/8853mW/12048mW VDD_CPU_GPU_CV 3215mW/2406mW/3611mW VDD_SOC 2568mW/2840mW/3704mW
08-11-2026 00:06:02 RAM 10467/15599MB (lfb 122x4MB) CPU [1%@1984,0%@1984,100%@1984,0%@1984,0%@1984,0%@1984,0%@1984,98%@1984] GR3D_FREQ 40% cv0@50.687C/50.687C cpu@55.25C/55.25C soc2@48.156C/48.218C soc0@50.718C/50.875C cv1@50.906C/50.906C gpu@53.468C/53.562C tj@55.25C/55.25C soc1@49.656C/49.843C cv2@47.812C/47.812C VDD_IN 10762mW/9126mW/12048mW VDD_CPU_GPU_CV 3291mW/2532mW/3611mW VDD_SOC 3174mW/2888mW/3704mW
08-11-2026 00:06:03 RAM 12018/15599MB (lfb 8x4MB) CPU [0%@1984,0%@1984,100%@1984,0%@1984,0%@1984,0%@1984,1%@1984,100%@1984] GR3D_FREQ 43% cv0@50.781C/50.781C cpu@55.25C/55.25C soc2@48.375C/48.375C soc0@50.812C/50.875C cv1@50.968C/50.968C gpu@53.625C/53.625C tj@55.25C/55.25C soc1@49.687C/49.843C cv2@47.843C/47.843C VDD_IN 12658mW/9567mW/12658mW VDD_CPU_GPU_CV 3895mW/2703mW/3895mW VDD_SOC 3738mW/2994mW/3738mW
08-11-2026 00:06:03 RAM 12113/15599MB (lfb 1x4MB) CPU [1%@729,0%@729,68%@729,0%@729,0%@729,0%@729,1%@729,24%@729] GR3D_FREQ 99% cv0@50.937C/50.937C cpu@54.843C/55.25C soc2@48.75C/48.75C soc0@51.031C/51.031C cv1@51.062C/51.062C gpu@57.968C/57.968C tj@57.968C/57.968C soc1@49.906C/49.906C cv2@47.843C/47.843C VDD_IN 22853mW/11043mW/22853mW VDD_CPU_GPU_CV 12279mW/3767mW/12279mW VDD_SOC 4482mW/3159mW/4482mW
08-11-2026 00:06:04 RAM 12145/15599MB (lfb 2x1MB) CPU [0%@729,0%@729,70%@729,0%@729,0%@1984,0%@1984,0%@1984,100%@1984] GR3D_FREQ 99% cv0@51.281C/51.281C cpu@55.531C/55.531C soc2@49.406C/49.406C soc0@51.5C/51.5C cv1@51.531C/51.531C gpu@61.031C/61.031C tj@61.031C/61.031C soc1@50C/50C cv2@48.156C/48.156C VDD_IN 28179mW/12757mW/28179mW VDD_CPU_GPU_CV 16693mW/5059mW/16693mW VDD_SOC 4830mW/3326mW/4830mW
08-11-2026 00:06:04 RAM 12200/15599MB (lfb 2x1MB) CPU [0%@1190,0%@1190,73%@1190,0%@1190,0%@1984,0%@1984,0%@1984,100%@1984] GR3D_FREQ 99% cv0@51.562C/51.562C cpu@56.218C/56.218C soc2@49.843C/49.843C soc0@51.875C/51.875C cv1@51.687C/51.687C gpu@61.937C/61.937C tj@61.937C/61.937C soc1@50.25C/50.25C cv2@48.437C/48.437C VDD_IN 30030mW/14327mW/30030mW VDD_CPU_GPU_CV 18311mW/6264mW/18311mW VDD_SOC 4943mW/3473mW/4943mW
08-11-2026 00:06:05 RAM 12248/15599MB (lfb 3x1MB) CPU [0%@883,0%@883,30%@883,0%@883,0%@1984,0%@1984,0%@1984,100%@1984] GR3D_FREQ 99% cv0@52.031C/52.031C cpu@56.343C/56.343C soc2@50.125C/50.125C soc0@52.062C/52.062C cv1@51.968C/51.968C gpu@61C/61.937C tj@61C/61.937C soc1@50.343C/50.343C cv2@48.75C/48.75C VDD_IN 29064mW/15555mW/30030mW VDD_CPU_GPU_CV 17224mW/7177mW/18311mW VDD_SOC 5064mW/3606mW/5064mW
08-11-2026 00:06:05 RAM 12247/15599MB (lfb 3x1MB) CPU [0%@1984,0%@1984,100%@1984,0%@1984,0%@1984,0%@1984,1%@1984,100%@1984] GR3D_FREQ 99% cv0@52.25C/52.25C cpu@56.656C/56.656C soc2@50.343C/50.343C soc0@52.312C/52.312C cv1@52.093C/52.093C gpu@60.156C/61.937C tj@60.156C/61.937C soc1@50.5C/50.5C cv2@48.875C/48.875C VDD_IN 28420mW/16545mW/30030mW VDD_CPU_GPU_CV 16054mW/7860mW/18311mW VDD_SOC 5305mW/3737mW/5305mW
08-11-2026 00:06:06 RAM 12247/15599MB (lfb 3x1MB) CPU [0%@1984,0%@1984,100%@1984,0%@1984,0%@1984,0%@1984,0%@1984,100%@1984] GR3D_FREQ 99% cv0@52.437C/52.437C cpu@56.906C/56.906C soc2@50.593C/50.593C soc0@52.593C/52.593C cv1@52.437C/52.437C gpu@60.437C/61.937C tj@60.437C/61.937C soc1@50.937C/50.937C cv2@49.156C/49.156C VDD_IN 28340mW/17387mW/30030mW VDD_CPU_GPU_CV 15894mW/8434mW/18311mW VDD_SOC 5345mW/3852mW/5345mW
08-11-2026 00:06:06 RAM 12247/15599MB (lfb 3x1MB) CPU [0%@1984,0%@1984,100%@1984,0%@1984,0%@1984,0%@1984,0%@1984,100%@1984] GR3D_FREQ 99% cv0@52.562C/52.562C cpu@57.468C/57.468C soc2@50.812C/50.812C soc0@52.906C/52.906C cv1@52.75C/52.75C gpu@60.875C/61.937C tj@60.875C/61.937C soc1@50.968C/50.968C cv2@49.281C/49.281C VDD_IN 28219mW/18109mW/30030mW VDD_CPU_GPU_CV 15654mW/8915mW/18311mW VDD_SOC 5394mW/3954mW/5394mW
08-11-2026 00:06:07 RAM 12247/15599MB (lfb 3x1MB) CPU [1%@1984,0%@1984,100%@1984,0%@1984,0%@1984,0%@1984,0%@1984,100%@1984] GR3D_FREQ 99% cv0@52.843C/52.843C cpu@57.375C/57.468C soc2@51.031C/51.031C soc0@53C/53C cv1@52.843C/52.843C gpu@61C/61.937C tj@61C/61.937C soc1@51.093C/51.093C cv2@49.562C/49.562C VDD_IN 28340mW/18749mW/30030mW VDD_CPU_GPU_CV 15774mW/9344mW/18311mW VDD_SOC 5385mW/4044mW/5394mW
08-11-2026 00:06:07 RAM 12247/15599MB (lfb 3x1MB) CPU [0%@1984,1%@1984,100%@1984,0%@1984,0%@1984,0%@1984,0%@1984,100%@1984] GR3D_FREQ 99% cv0@53C/53C cpu@57.656C/57.656C soc2@51.125C/51.125C soc0@53.093C/53.093C cv1@53C/53C gpu@61.437C/61.937C tj@61.437C/61.937C soc1@51.25C/51.25C cv2@49.687C/49.687C VDD_IN 28259mW/19308mW/30030mW VDD_CPU_GPU_CV 15734mW/9720mW/18311mW VDD_SOC 5434mW/4126mW/5434mW
08-11-2026 00:06:08 RAM 12247/15599MB (lfb 3x1MB) CPU [0%@1984,0%@1984,100%@1984,0%@1984,0%@1984,0%@1984,0%@1984,100%@1984] GR3D_FREQ 99% cv0@53.156C/53.156C cpu@57.687C/57.687C soc2@51.25C/51.25C soc0@53.25C/53.25C cv1@53.187C/53.187C gpu@61.375C/61.937C tj@61.375C/61.937C soc1@51.531C/51.531C cv2@49.781C/49.781C VDD_IN 28138mW/19799mW/30030mW VDD_CPU_GPU_CV 15614mW/10047mW/18311mW VDD_SOC 5434mW/4198mW/5434mW
08-11-2026 00:06:08 RAM 12247/15599MB (lfb 3x1MB) CPU [0%@1984,0%@1984,100%@1984,0%@1984,0%@1984,0%@1984,0%@1984,100%@1984] GR3D_FREQ 99% cv0@53.281C/53.281C cpu@58.187C/58.187C soc2@51.437C/51.437C soc0@53.687C/53.687C cv1@53.437C/53.437C gpu@61.468C/61.937C tj@61.468C/61.937C soc1@51.656C/51.656C cv2@49.875C/49.875C VDD_IN 28299mW/20246mW/30030mW VDD_CPU_GPU_CV 15774mW/10349mW/18311mW VDD_SOC 5385mW/4261mW/5434mW
08-11-2026 00:06:09 RAM 12247/15599MB (lfb 3x1MB) CPU [0%@1984,0%@1984,100%@1984,0%@1984,0%@1984,0%@1984,0%@1984,100%@1984] GR3D_FREQ 99% cv0@53.562C/53.562C cpu@58.125C/58.187C soc2@51.656C/51.656C soc0@53.656C/53.687C cv1@53.562C/53.562C gpu@61.687C/61.937C tj@61.687C/61.937C soc1@51.781C/51.781C cv2@50.187C/50.187C VDD_IN 28259mW/20647mW/30030mW VDD_CPU_GPU_CV 15694mW/10616mW/18311mW VDD_SOC 5425mW/4319mW/5434mW
08-11-2026 00:06:09 RAM 12247/15599MB (lfb 3x1MB) CPU [0%@1984,0%@1984,100%@1984,1%@1984,0%@1984,0%@1984,0%@1984,100%@1984] GR3D_FREQ 99% cv0@53.687C/53.687C cpu@58.218C/58.218C soc2@51.781C/51.781C soc0@53.812C/53.812C cv1@53.625C/53.625C gpu@61.875C/61.937C tj@61.875C/61.937C soc1@51.875C/51.875C cv2@50.218C/50.218C VDD_IN 28380mW/21015mW/30030mW VDD_CPU_GPU_CV 15814mW/10864mW/18311mW VDD_SOC 5385mW/4370mW/5434mW
08-11-2026 00:06:10 RAM 12247/15599MB (lfb 3x1MB) CPU [0%@1984,0%@1984,100%@1984,0%@1984,0%@1984,0%@1984,0%@1984,100%@1984] GR3D_FREQ 99% cv0@53.781C/53.781C cpu@58.468C/58.468C soc2@51.937C/51.937C soc0@54.031C/54.031C cv1@53.843C/53.843C gpu@62.156C/62.156C tj@62.156C/62.156C soc1@52.125C/52.125C cv2@50.312C/50.312C VDD_IN 28340mW/21348mW/30030mW VDD_CPU_GPU_CV 15734mW/11085mW/18311mW VDD_SOC 5425mW/4418mW/5434mW
08-11-2026 00:06:10 RAM 12247/15599MB (lfb 3x1MB) CPU [0%@1984,0%@1984,100%@1984,0%@1984,0%@1984,0%@1984,0%@1984,100%@1984] GR3D_FREQ 99% cv0@53.906C/53.906C cpu@58.625C/58.625C soc2@52.093C/52.093C soc0@54.125C/54.125C cv1@54.156C/54.156C gpu@62.468C/62.468C tj@62.468C/62.468C soc1@52.343C/52.343C cv2@50.562C/50.562C VDD_IN 28340mW/21652mW/30030mW VDD_CPU_GPU_CV 15694mW/11285mW/18311mW VDD_SOC 5425mW/4461mW/5434mW
08-11-2026 00:06:11 RAM 12247/15599MB (lfb 3x1MB) CPU [0%@1984,0%@1984,100%@1984,0%@1984,0%@1984,0%@1984,0%@1984,100%@1984] GR3D_FREQ 99% cv0@54.062C/54.062C cpu@58.843C/58.843C soc2@52.25C/52.25C soc0@54.343C/54.343C cv1@54.125C/54.156C gpu@62.656C/62.656C tj@62.656C/62.656C soc1@52.437C/52.437C cv2@50.687C/50.687C VDD_IN 28420mW/21934mW/30030mW VDD_CPU_GPU_CV 15814mW/11474mW/18311mW VDD_SOC 5425mW/4502mW/5434mW
08-11-2026 00:06:11 RAM 12247/15599MB (lfb 3x1MB) CPU [0%@1984,0%@1984,100%@1984,0%@1984,0%@1984,0%@1984,0%@1984,100%@1984] GR3D_FREQ 99% cv0@54.218C/54.218C cpu@58.875C/58.875C soc2@52.312C/52.312C soc0@54.531C/54.531C cv1@54.312C/54.312C gpu@62.5C/62.656C tj@62.5C/62.656C soc1@52.531C/52.531C cv2@50.75C/50.75C VDD_IN 28380mW/22192mW/30030mW VDD_CPU_GPU_CV 15734mW/11644mW/18311mW VDD_SOC 5425mW/4539mW/5434mW
08-11-2026 00:06:12 RAM 12247/15599MB (lfb 3x1MB) CPU [0%@1984,0%@1984,100%@1984,1%@1984,29%@1984,0%@1984,1%@1984,100%@1984] GR3D_FREQ 99% cv0@55.093C/55.093C cpu@59.781C/59.781C soc2@52.625C/52.625C soc0@54.718C/54.718C cv1@54.625C/54.625C gpu@61.875C/62.656C tj@61.875C/62.656C soc1@52.687C/52.687C cv2@50.875C/50.875C VDD_IN 28622mW/22439mW/30030mW VDD_CPU_GPU_CV 15934mW/11809mW/18311mW VDD_SOC 5425mW/4573mW/5434mW
08-11-2026 00:06:12 RAM 11452/15599MB (lfb 15x4MB) CPU [27%@1984,0%@1984,100%@1984,0%@1984,74%@1984,0%@1984,76%@1984,100%@1984] GR3D_FREQ 99% cv0@55.031C/55.093C cpu@59.968C/59.968C soc2@53.125C/53.125C soc0@54.875C/54.875C cv1@54.937C/54.937C gpu@64.843C/64.843C tj@64.843C/64.843C soc1@52.906C/52.906C cv2@51.062C/51.062C VDD_IN 32113mW/22797mW/32113mW VDD_CPU_GPU_CV 19315mW/12087mW/19315mW VDD_SOC 5417mW/4604mW/5434mW
08-11-2026 00:06:13 RAM 9082/15599MB (lfb 15x4MB) CPU [100%@1984,0%@1984,100%@1984,0%@1984,0%@1984,0%@1984,17%@1984,100%@1984] GR3D_FREQ 99% cv0@55.187C/55.187C cpu@60.125C/60.125C soc2@53.5C/53.5C soc0@55.125C/55.125C cv1@55.093C/55.093C gpu@65.687C/65.687C tj@65.687C/65.687C soc1@53.031C/53.031C cv2@51.343C/51.343C VDD_IN 33707mW/23187mW/33707mW VDD_CPU_GPU_CV 20990mW/12405mW/20990mW VDD_SOC 5328mW/4630mW/5434mW
08-11-2026 00:06:13 RAM 8432/15599MB (lfb 33x4MB) CPU [100%@1984,88%@1984,13%@1984,0%@1984,0%@1984,0%@1984,0%@1984,100%@1984] GR3D_FREQ 99% cv0@56.156C/56.156C cpu@60.593C/60.593C soc2@54C/54C soc0@55.375C/55.375C cv1@55.281C/55.281C gpu@65.656C/65.687C tj@65.656C/65.687C soc1@53.25C/53.25C cv2@51.718C/51.718C VDD_IN 33627mW/23547mW/33707mW VDD_CPU_GPU_CV 20990mW/12701mW/20990mW VDD_SOC 5288mW/4652mW/5434mW
08-11-2026 00:06:14 RAM 9200/15599MB (lfb 32x4MB) CPU [100%@1984,100%@1984,0%@1984,0%@1984,0%@1984,0%@1984,0%@1984,100%@1984] GR3D_FREQ 99% cv0@56.312C/56.312C cpu@60.843C/60.843C soc2@54.156C/54.156C soc0@55.562C/55.562C cv1@55.468C/55.468C gpu@66C/66C tj@66C/66C soc1@53.656C/53.656C cv2@51.875C/51.875C VDD_IN 34068mW/23898mW/34068mW VDD_CPU_GPU_CV 20990mW/12978mW/20990mW VDD_SOC 5528mW/4682mW/5528mW
08-11-2026 00:06:14 RAM 9251/15599MB (lfb 32x4MB) CPU [100%@1984,69%@1984,0%@1984,0%@1984,0%@1984,0%@1984,0%@1984,100%@1984] GR3D_FREQ 99% cv0@56.437C/56.437C cpu@60.843C/60.843C soc2@54.218C/54.218C soc0@55.812C/55.812C cv1@55.75C/55.75C gpu@65.656C/66C tj@65.656C/66C soc1@53.718C/53.718C cv2@52.031C/52.031C VDD_IN 32756mW/24184mW/34068mW VDD_CPU_GPU_CV 20309mW/13214mW/20990mW VDD_SOC 5128mW/4696mW/5528mW
08-11-2026 00:06:15 RAM 9298/15599MB (lfb 32x4MB) CPU [100%@1984,68%@1984,0%@1984,0%@1984,0%@1984,0%@1984,0%@1984,100%@1984] GR3D_FREQ 99% cv0@56.593C/56.593C cpu@61.187C/61.187C soc2@54.531C/54.531C soc0@56.093C/56.093C cv1@55.937C/55.937C gpu@65.75C/66C tj@65.75C/66C soc1@53.937C/53.937C cv2@52.156C/52.156C VDD_IN 32233mW/24435mW/34068mW VDD_CPU_GPU_CV 19951mW/13425mW/20990mW VDD_SOC 4975mW/4705mW/5528mW
08-11-2026 00:06:15 RAM 9346/15599MB (lfb 32x4MB) CPU [100%@1984,68%@1984,0%@1984,1%@1984,0%@1984,1%@1984,0%@1984,100%@1984] GR3D_FREQ 99% cv0@56.906C/56.906C cpu@61.343C/61.343C soc2@54.656C/54.656C soc0@56.187C/56.187C cv1@56.031C/56.031C gpu@65.843C/66C tj@65.843C/66C soc1@54.031C/54.031C cv2@52.343C/52.343C VDD_IN 32153mW/24669mW/34068mW VDD_CPU_GPU_CV 20189mW/13630mW/20990mW VDD_SOC 4895mW/4711mW/5528mW
08-11-2026 00:06:16 RAM 11356/15599MB (lfb 20x4MB) CPU [100%@1984,98%@1984,0%@1984,0%@1984,0%@1984,0%@1984,0%@1984,100%@1984] GR3D_FREQ 99% cv0@57C/57C cpu@61.562C/61.562C soc2@54.843C/54.843C soc0@56.375C/56.375C cv1@56.25C/56.25C gpu@66.5C/66.5C tj@66.5C/66.5C soc1@54.187C/54.187C cv2@52.656C/52.656C VDD_IN 33667mW/24934mW/34068mW VDD_CPU_GPU_CV 21070mW/13849mW/21070mW VDD_SOC 5288mW/4728mW/5528mW
08-11-2026 00:06:16 RAM 12127/15599MB (lfb 3x4MB) CPU [100%@1984,100%@1984,0%@1984,0%@1984,1%@1984,0%@1984,0%@1984,100%@1984] GR3D_FREQ 99% cv0@57.156C/57.156C cpu@61.75C/61.75C soc2@55.156C/55.156C soc0@56.593C/56.593C cv1@56.531C/56.531C gpu@66.25C/66.5C tj@66.25C/66.5C soc1@54.531C/54.531C cv2@52.687C/52.687C VDD_IN 33587mW/25181mW/34068mW VDD_CPU_GPU_CV 20593mW/14041mW/21070mW VDD_SOC 5528mW/4750mW/5528mW
08-11-2026 00:06:17 RAM 12168/15599MB (lfb 1x4MB) CPU [100%@1984,64%@1984,0%@1984,0%@1984,0%@1984,0%@1984,0%@1984,100%@1984] GR3D_FREQ 99% cv0@57.156C/57.156C cpu@61.812C/61.812C soc2@55.218C/55.218C soc0@56.906C/56.906C cv1@56.718C/56.718C gpu@66.031C/66.5C tj@66.031C/66.5C soc1@54.625C/54.625C cv2@52.812C/52.812C VDD_IN 32193mW/25376mW/34068mW VDD_CPU_GPU_CV 19911mW/14204mW/21070mW VDD_SOC 5136mW/4761mW/5528mW
08-11-2026 00:06:17 RAM 12275/15599MB (lfb 4x1MB) CPU [100%@1984,52%@1984,0%@1984,0%@1984,0%@1984,0%@1984,4%@1984,100%@1984] GR3D_FREQ 99% cv0@57C/57.156C cpu@61.937C/61.937C soc2@55.343C/55.343C soc0@57.031C/57.031C cv1@56.843C/56.843C gpu@66.5C/66.5C tj@66.5C/66.5C soc1@54.812C/54.812C cv2@52.968C/52.968C VDD_IN 31510mW/25541mW/34068mW VDD_CPU_GPU_CV 19593mW/14350mW/21070mW VDD_SOC 4975mW/4767mW/5528mW
08-11-2026 00:06:18 RAM 12286/15599MB (lfb 2x512kB) CPU [100%@1984,26%@1984,2%@1984,0%@1984,42%@1984,0%@1984,0%@1984,100%@1984] GR3D_FREQ 99% cv0@58.406C/58.406C cpu@62.812C/62.812C soc2@55.437C/55.437C soc0@57.031C/57.031C cv1@57.093C/57.093C gpu@65.312C/66.5C tj@65.312C/66.5C soc1@54.875C/54.875C cv2@53.125C/53.125C VDD_IN 30473mW/25671mW/34068mW VDD_CPU_GPU_CV 18351mW/14455mW/21070mW VDD_SOC 5064mW/4775mW/5528mW
08-11-2026 00:06:18 RAM 12282/15599MB (lfb 3x1MB) CPU [100%@1984,100%@1984,0%@1984,0%@1984,100%@1984,0%@1984,1%@1984,100%@1984] GR3D_FREQ 99% cv0@58.687C/58.687C cpu@62.875C/62.875C soc2@55.625C/55.625C soc0@57.187C/57.187C cv1@57.375C/57.375C gpu@65.156C/66.5C tj@65.156C/66.5C soc1@55C/55C cv2@53.281C/53.281C VDD_IN 30312mW/25790mW/34068mW VDD_CPU_GPU_CV 17833mW/14542mW/21070mW VDD_SOC 5265mW/4787mW/5528mW
08-11-2026 00:06:19 RAM 12281/15599MB (lfb 4x1MB) CPU [100%@1984,100%@1984,0%@1984,0%@1984,100%@1984,0%@1984,0%@1984,100%@1984] GR3D_FREQ 99% cv0@58.781C/58.781C cpu@63.25C/63.25C soc2@55.75C/55.75C soc0@57.437C/57.437C cv1@57.593C/57.593C gpu@65.281C/66.5C tj@65.281C/66.5C soc1@55.343C/55.343C cv2@53.468C/53.468C VDD_IN 30192mW/25900mW/34068mW VDD_CPU_GPU_CV 17595mW/14618mW/21070mW VDD_SOC 5305mW/4800mW/5528mW
08-11-2026 00:06:19 RAM 12276/15599MB (lfb 9x1MB) CPU [100%@1984,100%@1984,0%@1984,0%@1984,100%@1984,0%@1984,0%@1984,100%@1984] GR3D_FREQ 99% cv0@58.906C/58.906C cpu@63.218C/63.25C soc2@56.031C/56.031C soc0@57.5C/57.5C cv1@57.781C/57.781C gpu@65.187C/66.5C tj@65.187C/66.5C soc1@55.437C/55.437C cv2@53.531C/53.531C VDD_IN 30071mW/26002mW/34068mW VDD_CPU_GPU_CV 17463mW/14688mW/21070mW VDD_SOC 5345mW/4813mW/5528mW
08-11-2026 00:06:20 RAM 12275/15599MB (lfb 9x1MB) CPU [100%@1984,100%@1984,1%@1984,0%@1984,100%@1984,0%@1984,0%@1984,100%@1984] GR3D_FREQ 99% cv0@59.125C/59.125C cpu@63.437C/63.437C soc2@56.062C/56.062C soc0@57.562C/57.562C cv1@57.843C/57.843C gpu@65.281C/66.5C tj@65.281C/66.5C soc1@55.593C/55.593C cv2@53.781C/53.781C VDD_IN 30192mW/26102mW/34068mW VDD_CPU_GPU_CV 17555mW/14756mW/21070mW VDD_SOC 5345mW/4826mW/5528mW
08-11-2026 00:06:20 RAM 12270/15599MB (lfb 12x1MB) CPU [100%@1984,100%@1984,0%@1984,0%@1984,100%@1984,0%@1984,0%@1984,100%@1984] GR3D_FREQ 99% cv0@59.343C/59.343C cpu@63.5C/63.5C soc2@56.218C/56.218C soc0@57.656C/57.656C cv1@58C/58C gpu@65.593C/66.5C tj@65.593C/66.5C soc1@55.687C/55.687C cv2@53.843C/53.843C VDD_IN 30151mW/26196mW/34068mW VDD_CPU_GPU_CV 17475mW/14819mW/21070mW VDD_SOC 5345mW/4838mW/5528mW
08-11-2026 00:06:21 RAM 12266/15599MB (lfb 2x2MB) CPU [100%@1984,100%@1984,1%@1984,0%@1984,100%@1984,0%@1984,5%@1984,100%@1984] GR3D_FREQ 99% cv0@59.375C/59.375C cpu@63.75C/63.75C soc2@56.343C/56.343C soc0@57.875C/57.875C cv1@58.218C/58.218C gpu@64.875C/66.5C tj@64.593C/66.5C soc1@55.875C/55.875C cv2@54.062C/54.062C VDD_IN 30030mW/26283mW/34068mW VDD_CPU_GPU_CV 17304mW/14876mW/21070mW VDD_SOC 5385mW/4851mW/5528mW
08-11-2026 00:06:21 RAM 10830/15599MB (lfb 4x4MB) CPU [100%@1984,100%@1984,0%@1984,0%@1984,100%@1984,0%@1984,100%@1984,100%@1984] GR3D_FREQ 99% cv0@59.531C/59.531C cpu@64.093C/64.093C soc2@56.375C/56.375C soc0@57.937C/57.937C cv1@58.281C/58.281C gpu@64C/66.5C tj@64.093C/66.5C soc1@56.156C/56.156C cv2@54.093C/54.093C VDD_IN 28622mW/26335mW/34068mW VDD_CPU_GPU_CV 15055mW/14879mW/21070mW VDD_SOC 5827mW/4872mW/5827mW
08-11-2026 00:06:22 RAM 8433/15599MB (lfb 111x4MB) CPU [100%@1984,100%@1984,0%@1984,0%@1984,100%@1984,28%@1984,9%@1984,71%@1984] GR3D_FREQ 98% cv0@59.781C/59.781C cpu@64.062C/64.093C soc2@56.531C/56.531C soc0@58.125C/58.125C cv1@58.781C/58.781C gpu@64.312C/66.5C tj@64.312C/66.5C soc1@56.25C/56.25C cv2@54.187C/54.187C VDD_IN 28062mW/26373mW/34068mW VDD_CPU_GPU_CV 14297mW/14867mW/21070mW VDD_SOC 5917mW/4895mW/5917mW
08-11-2026 00:06:22 RAM 8498/15599MB (lfb 111x4MB) CPU [100%@1984,100%@1984,0%@1984,0%@1984,100%@1984,98%@1984,0%@1984,0%@1984] GR3D_FREQ 98% cv0@59.812C/59.812C cpu@64.531C/64.531C soc2@56.687C/56.687C soc0@58.125C/58.125C cv1@58.875C/58.875C gpu@64C/66.5C tj@64.531C/66.5C soc1@56.312C/56.312C cv2@54.312C/54.312C VDD_IN 27457mW/26396mW/34068mW VDD_CPU_GPU_CV 13600mW/14840mW/21070mW VDD_SOC 5998mW/4919mW/5998mW
08-11-2026 00:06:23 RAM 9266/15599MB (lfb 112x4MB) CPU [100%@1984,100%@1984,0%@1984,0%@1984,100%@1984,88%@1984,1%@1984,0%@1984] GR3D_FREQ 99% cv0@59.906C/59.906C cpu@64.062C/64.531C soc2@56.656C/56.687C soc0@58.281C/58.281C cv1@58.812C/58.875C gpu@64.25C/66.5C tj@64.25C/66.5C soc1@56.375C/56.375C cv2@54.468C/54.468C VDD_IN 26974mW/26408mW/34068mW VDD_CPU_GPU_CV 13240mW/14807mW/21070mW VDD_SOC 5957mW/4940mW/5998mW
08-11-2026 00:06:23 RAM 8399/15599MB (lfb 114x4MB) CPU [100%@1984,100%@1984,0%@1984,0%@1984,100%@1984,100%@1984,76%@1984,0%@1984] GR3D_FREQ 0% cv0@59.718C/59.906C cpu@64.156C/64.531C soc2@56.375C/56.687C soc0@58.125C/58.281C cv1@58.968C/58.968C gpu@60.937C/66.5C tj@64.156C/66.5C soc1@56.468C/56.468C cv2@54.406C/54.468C VDD_IN 16555mW/26207mW/34068mW VDD_CPU_GPU_CV 7672mW/14661mW/21070mW VDD_SOC 3773mW/4916mW/5998mW
08-11-2026 00:06:24 RAM 5435/15599MB (lfb 315x4MB) CPU [100%@1984,94%@1984,1%@1984,4%@1984,100%@1984,100%@1984,54%@1984,1%@1984] GR3D_FREQ 1% cv0@59.156C/59.906C cpu@63.812C/64.531C soc2@56.062C/56.687C soc0@57.937C/58.281C cv1@58.781C/58.968C gpu@60.468C/66.5C tj@63.812C/66.5C soc1@56.562C/56.562C cv2@54.218C/54.468C VDD_IN 12984mW/25942mW/34068mW VDD_CPU_GPU_CV 5914mW/14486mW/21070mW VDD_SOC 2966mW/4877mW/5998mW
08-11-2026 00:06:24 RAM 7708/15599MB (lfb 315x4MB) CPU [100%@1984,0%@1984,90%@1984,8%@1984,100%@1984,100%@1984,100%@1984,0%@1984] GR3D_FREQ 38% cv0@58.875C/59.906C cpu@64.125C/64.531C soc2@55.843C/56.687C soc0@57.875C/58.281C cv1@58.687C/58.968C gpu@60.718C/66.5C tj@64.125C/66.5C soc1@56.468C/56.562C cv2@54.125C/54.468C VDD_IN 14224mW/25712mW/34068mW VDD_CPU_GPU_CV 5874mW/14317mW/21070mW VDD_SOC 3535mW/4851mW/5998mW
08-11-2026 00:06:25 RAM 9137/15599MB (lfb 307x4MB) CPU [100%@1984,0%@1984,100%@1984,0%@1984,100%@1984,74%@1984,100%@1984,0%@1984] GR3D_FREQ 99% cv0@58.625C/59.906C cpu@63.437C/64.531C soc2@56C/56.687C soc0@57.781C/58.281C cv1@58.343C/58.968C gpu@64.812C/66.5C tj@64.812C/66.5C soc1@56.375C/56.562C cv2@54.125C/54.468C VDD_IN 20782mW/25618mW/34068mW VDD_CPU_GPU_CV 10788mW/14249mW/21070mW VDD_SOC 4206mW/4839mW/5998mW
08-11-2026 00:06:25 RAM 9194/15599MB (lfb 307x4MB) CPU [100%@1984,1%@1984,66%@1984,0%@1984,100%@1984,0%@1984,100%@1984,47%@1984] GR3D_FREQ 99% cv0@58.968C/59.906C cpu@63.75C/64.531C soc2@56.343C/56.687C soc0@58.031C/58.281C cv1@58.468C/58.968C gpu@66.343C/66.5C tj@66.343C/66.5C soc1@56.468C/56.562C cv2@54.343C/54.468C VDD_IN 29185mW/25685mW/34068mW VDD_CPU_GPU_CV 17714mW/14315mW/21070mW VDD_SOC 4702mW/4836mW/5998mW
08-11-2026 00:06:26 RAM 9239/15599MB (lfb 305x4MB) CPU [100%@1984,0%@1984,68%@1984,0%@1984,100%@1984,0%@1984,100%@1984,100%@1984] GR3D_FREQ 99% cv0@59.343C/59.906C cpu@64.125C/64.531C soc2@56.75C/56.75C soc0@58.343C/58.343C cv1@58.593C/58.968C gpu@67.312C/67.312C tj@67.312C/67.312C soc1@56.5C/56.562C cv2@54.562C/54.562C VDD_IN 32153mW/25805mW/34068mW VDD_CPU_GPU_CV 20189mW/14423mW/21070mW VDD_SOC 4775mW/4835mW/5998mW
08-11-2026 00:06:26 RAM 9297/15599MB (lfb 305x4MB) CPU [100%@1984,0%@1984,68%@1984,0%@1984,100%@1984,0%@1984,100%@1984,100%@1984] GR3D_FREQ 99% cv0@59.468C/59.906C cpu@64.593C/64.593C soc2@57.062C/57.062C soc0@58.531C/58.531C cv1@58.843C/58.968C gpu@67.343C/67.343C tj@67.343C/67.343C soc1@56.875C/56.875C cv2@54.781C/54.781C VDD_IN 32957mW/25935mW/34068mW VDD_CPU_GPU_CV 20871mW/14541mW/21070mW VDD_SOC 4815mW/4835mW/5998mW
08-11-2026 00:06:27 RAM 11294/15599MB (lfb 119x4MB) CPU [100%@1984,3%@1984,100%@1984,0%@1984,100%@1984,0%@1984,100%@1984,100%@1984] GR3D_FREQ 99% cv0@59.625C/59.906C cpu@64.5C/64.593C soc2@57.312C/57.312C soc0@58.968C/58.968C cv1@59.25C/59.25C gpu@67.5C/67.5C tj@67.5C/67.5C soc1@57C/57C cv2@54.843C/54.843C VDD_IN 32917mW/26059mW/34068mW VDD_CPU_GPU_CV 20673mW/14650mW/21070mW VDD_SOC 5056mW/4838mW/5998mW
08-11-2026 00:06:27 RAM 12065/15599MB (lfb 9x4MB) CPU [100%@1984,0%@1984,100%@1984,0%@1984,100%@1984,0%@1984,100%@1984,100%@1984] GR3D_FREQ 99% cv0@59.875C/59.906C cpu@64.906C/64.906C soc2@57.562C/57.562C soc0@59.031C/59.031C cv1@59.312C/59.312C gpu@66.812C/67.5C tj@66.812C/67.5C soc1@57.093C/57.093C cv2@55.031C/55.031C VDD_IN 32475mW/26172mW/34068mW VDD_CPU_GPU_CV 19991mW/14744mW/21070mW VDD_SOC 5216mW/4845mW/5998mW
08-11-2026 00:06:28 RAM 12109/15599MB (lfb 4x4MB) CPU [100%@1984,0%@1984,63%@1984,0%@1984,100%@1984,0%@1984,100%@1984,100%@1984] GR3D_FREQ 99% cv0@60.218C/60.218C cpu@64.937C/64.937C soc2@57.687C/57.687C soc0@59.218C/59.218C cv1@59.468C/59.468C gpu@67.625C/67.625C tj@67.625C/67.625C soc1@57.187C/57.187C cv2@55.281C/55.281C VDD_IN 32033mW/26273mW/34068mW VDD_CPU_GPU_CV 20395mW/14841mW/21070mW VDD_SOC 5016mW/4848mW/5998mW
08-11-2026 00:06:28 RAM 12212/15599MB (lfb 1x4MB) CPU [100%@1984,0%@1984,52%@1984,0%@1984,100%@1984,0%@1984,100%@1984,100%@1984] GR3D_FREQ 99% cv0@60.281C/60.281C cpu@65.187C/65.187C soc2@57.781C/57.781C soc0@59.343C/59.343C cv1@59.718C/59.718C gpu@68.25C/68.25C tj@68.25C/68.25C soc1@57.593C/57.593C cv2@55.562C/55.562C VDD_IN 31941mW/26369mW/34068mW VDD_CPU_GPU_CV 20792mW/14942mW/21070mW VDD_SOC 4943mW/4850mW/5998mW
08-11-2026 00:06:29 RAM 12231/15599MB (lfb 1x4MB) CPU [100%@1984,86%@1984,21%@1984,0%@1984,13%@1984,0%@1984,100%@1984,100%@1984] GR3D_FREQ 99% cv0@60.437C/60.437C cpu@64.937C/65.187C soc2@58.031C/58.031C soc0@59.656C/59.656C cv1@59.75C/59.75C gpu@67.187C/68.25C tj@67.187C/68.25C soc1@57.718C/57.718C cv2@55.562C/55.562C VDD_IN 31108mW/26448mW/34068mW VDD_CPU_GPU_CV 19593mW/15020mW/21070mW VDD_SOC 5024mW/4853mW/5998mW
08-11-2026 00:06:29 RAM 12231/15599MB (lfb 1x4MB) CPU [100%@1984,100%@1984,100%@1984,0%@1984,0%@1984,0%@1984,100%@1984,100%@1984] GR3D_FREQ 99% cv0@60.5C/60.5C cpu@65.25C/65.25C soc2@58.281C/58.281C soc0@59.656C/59.656C cv1@59.937C/59.937C gpu@67.125C/68.25C tj@67.125C/68.25C soc1@57.781C/57.781C cv2@55.656C/55.656C VDD_IN 30988mW/26522mW/34068mW VDD_CPU_GPU_CV 18789mW/15081mW/21070mW VDD_SOC 5224mW/4859mW/5998mW
08-11-2026 00:06:30 RAM 12233/15599MB (lfb 1x4MB) CPU [47%@1984,100%@1984,100%@1984,67%@1984,54%@1984,1%@1984,100%@1984,100%@1984] GR3D_FREQ 99% cv0@61.031C/61.031C cpu@66.187C/66.187C soc2@58.187C/58.281C soc0@59.75C/59.75C cv1@60.218C/60.218C gpu@67.156C/68.25C tj@67.156C/68.25C soc1@57.875C/57.875C cv2@55.75C/55.75C VDD_IN 30907mW/26593mW/34068mW VDD_CPU_GPU_CV 18510mW/15137mW/21070mW VDD_SOC 5216mW/4864mW/5998mW
08-11-2026 00:06:30 RAM 12233/15599MB (lfb 1x4MB) CPU [0%@1984,100%@1984,100%@1984,100%@1984,100%@1984,0%@1984,100%@1984,100%@1984] GR3D_FREQ 99% cv0@61.281C/61.281C cpu@66.062C/66.187C soc2@58.281C/58.281C soc0@59.937C/59.937C cv1@60.437C/60.437C gpu@66.875C/68.25C tj@66.875C/68.25C soc1@58.031C/58.031C cv2@56.031C/56.031C VDD_IN 30675mW/26658mW/34068mW VDD_CPU_GPU_CV 18311mW/15187mW/21070mW VDD_SOC 5184mW/4869mW/5998mW
08-11-2026 00:06:31 RAM 12232/15599MB (lfb 1x4MB) CPU [0%@1984,100%@1984,100%@1984,100%@1984,100%@1984,0%@1984,100%@1984,100%@1984] GR3D_FREQ 99% cv0@61.375C/61.375C cpu@66.031C/66.187C soc2@58.312C/58.312C soc0@60.031C/60.031C cv1@60.437C/60.437C gpu@67C/68.25C tj@67C/68.25C soc1@58.25C/58.25C cv2@56.062C/56.062C VDD_IN 30634mW/26720mW/34068mW VDD_CPU_GPU_CV 18271mW/15235mW/21070mW VDD_SOC 5184mW/4874mW/5998mW
08-11-2026 00:06:31 RAM 12232/15599MB (lfb 1x4MB) CPU [0%@1984,100%@1984,100%@1984,100%@1984,100%@1984,0%@1984,100%@1984,100%@1984] GR3D_FREQ 99% cv0@61.468C/61.468C cpu@66.218C/66.218C soc2@58.437C/58.437C soc0@60.093C/60.093C cv1@60.562C/60.562C gpu@66.875C/68.25C tj@66.875C/68.25C soc1@58.312C/58.312C cv2@56.187C/56.187C VDD_IN 30514mW/26778mW/34068mW VDD_CPU_GPU_CV 18152mW/15280mW/21070mW VDD_SOC 5184mW/4879mW/5998mW
08-11-2026 00:06:32 RAM 12231/15599MB (lfb 1x4MB) CPU [1%@1984,100%@1984,100%@1984,100%@1984,100%@1984,0%@1984,100%@1984,100%@1984] GR3D_FREQ 99% cv0@61.531C/61.531C cpu@66.562C/66.562C soc2@58.625C/58.625C soc0@60.25C/60.25C cv1@60.75C/60.75C gpu@66.843C/68.25C tj@66.843C/68.25C soc1@58.312C/58.312C cv2@56.25C/56.25C VDD_IN 30473mW/26834mW/34068mW VDD_CPU_GPU_CV 18152mW/15324mW/21070mW VDD_SOC 5184mW/4884mW/5998mW
08-11-2026 00:06:32 RAM 12231/15599MB (lfb 1x4MB) CPU [0%@1984,100%@1984,100%@1984,100%@1984,100%@1984,0%@1984,100%@1984,100%@1984] GR3D_FREQ 99% cv0@61.656C/61.656C cpu@66.625C/66.625C soc2@58.75C/58.75C soc0@60.375C/60.375C cv1@60.875C/60.875C gpu@67.625C/68.25C tj@67.625C/68.25C soc1@58.468C/58.468C cv2@56.531C/56.531C VDD_IN 30634mW/26891mW/34068mW VDD_CPU_GPU_CV 18232mW/15367mW/21070mW VDD_SOC 5184mW/4888mW/5998mW
08-11-2026 00:06:33 RAM 12230/15599MB (lfb 1x4MB) CPU [0%@1984,100%@1984,100%@1984,100%@1984,100%@1984,0%@1984,100%@1984,100%@1984] GR3D_FREQ 99% cv0@61.937C/61.937C cpu@66.5C/66.625C soc2@58.843C/58.843C soc0@60.5C/60.5C cv1@60.968C/60.968C gpu@67.437C/68.25C tj@67.437C/68.25C soc1@58.625C/58.625C cv2@56.593C/56.593C VDD_IN 30836mW/26949mW/34068mW VDD_CPU_GPU_CV 18431mW/15412mW/21070mW VDD_SOC 5216mW/4893mW/5998mW
08-11-2026 00:06:33 RAM 12230/15599MB (lfb 1x4MB) CPU [1%@1984,100%@1984,100%@1984,100%@1984,100%@1984,0%@1984,100%@1984,100%@1984] GR3D_FREQ 99% cv0@61.937C/61.937C cpu@66.75C/66.75C soc2@58.906C/58.906C soc0@60.718C/60.718C cv1@61.062C/61.062C gpu@67.312C/68.25C tj@67.312C/68.25C soc1@58.812C/58.812C cv2@56.687C/56.687C VDD_IN 30706mW/27004mW/34068mW VDD_CPU_GPU_CV 18391mW/15455mW/21070mW VDD_SOC 5224mW/4898mW/5998mW
08-11-2026 00:06:34 RAM 12229/15599MB (lfb 1x4MB) CPU [0%@1984,100%@1984,100%@1984,100%@1984,100%@1984,0%@1984,100%@1984,100%@1984] GR3D_FREQ 99% cv0@62C/62C cpu@66.718C/66.75C soc2@59.156C/59.156C soc0@60.875C/60.875C cv1@61.281C/61.281C gpu@68C/68.25C tj@68C/68.25C soc1@58.875C/58.875C cv2@56.718C/56.718C VDD_IN 30715mW/27057mW/34068mW VDD_CPU_GPU_CV 18351mW/15497mW/21070mW VDD_SOC 5184mW/4902mW/5998mW
08-11-2026 00:06:34 RAM 12229/15599MB (lfb 1x4MB) CPU [1%@1984,100%@1984,100%@1984,100%@1984,100%@1984,0%@1984,100%@1984,100%@1984] GR3D_FREQ 99% cv0@62.156C/62.156C cpu@67.062C/67.062C soc2@59.281C/59.281C soc0@60.812C/60.875C cv1@61.375C/61.375C gpu@67.718C/68.25C tj@67.718C/68.25C soc1@58.968C/58.968C cv2@57C/57C VDD_IN 30876mW/27110mW/34068mW VDD_CPU_GPU_CV 18431mW/15538mW/21070mW VDD_SOC 5216mW/4906mW/5998mW
08-11-2026 00:06:35 RAM 12226/15599MB (lfb 1x4MB) CPU [0%@1984,100%@1984,100%@1984,100%@1984,100%@1984,0%@1984,100%@1984,100%@1984] GR3D_FREQ 99% cv0@62.25C/62.25C cpu@67.125C/67.125C soc2@59.312C/59.312C soc0@60.843C/60.875C cv1@61.343C/61.375C gpu@67.812C/68.25C tj@67.812C/68.25C soc1@59.093C/59.093C cv2@57C/57C VDD_IN 30634mW/27159mW/34068mW VDD_CPU_GPU_CV 18351mW/15577mW/21070mW VDD_SOC 5184mW/4910mW/5998mW
08-11-2026 00:06:35 RAM 12226/15599MB (lfb 1x4MB) CPU [0%@1984,100%@1984,100%@1984,100%@1984,100%@1984,0%@1984,100%@1984,100%@1984] GR3D_FREQ 99% cv0@62.468C/62.468C cpu@67.437C/67.437C soc2@59.406C/59.406C soc0@61.093C/61.093C cv1@61.562C/61.562C gpu@67.781C/68.25C tj@67.781C/68.25C soc1@59.25C/59.25C cv2@57.093C/57.093C VDD_IN 30827mW/27210mW/34068mW VDD_CPU_GPU_CV 18470mW/15617mW/21070mW VDD_SOC 5216mW/4914mW/5998mW
08-11-2026 00:06:36 RAM 12226/15599MB (lfb 1x4MB) CPU [64%@1984,100%@1984,100%@1984,100%@1984,100%@1984,16%@1984,100%@1984,100%@1984] GR3D_FREQ 99% cv0@62.687C/62.687C cpu@67.531C/67.531C soc2@59.718C/59.718C soc0@61.187C/61.187C cv1@62C/62C gpu@67.718C/68.25C tj@67.718C/68.25C soc1@59.343C/59.343C cv2@57.25C/57.25C VDD_IN 30554mW/27255mW/34068mW VDD_CPU_GPU_CV 18311mW/15653mW/21070mW VDD_SOC 5144mW/4918mW/5998mW
08-11-2026 00:06:36 RAM 11952/15599MB (lfb 62x4MB) CPU [21%@1984,100%@1984,100%@1984,100%@1984,100%@1984,100%@1984,100%@1984,100%@1984] GR3D_FREQ 99% cv0@62.781C/62.781C cpu@67.781C/67.781C soc2@59.875C/59.875C soc0@61.375C/61.375C cv1@62.187C/62.187C gpu@68.562C/68.562C tj@68.562C/68.562C soc1@59.562C/59.562C cv2@57.343C/57.343C VDD_IN 30836mW/27303mW/34068mW VDD_CPU_GPU_CV 18749mW/15694mW/21070mW VDD_SOC 5064mW/4919mW/5998mW
08-11-2026 00:06:37 RAM 11401/15599MB (lfb 82x4MB) CPU [78%@1984,100%@1984,100%@1984,100%@1984,100%@1984,100%@1984,100%@1984,100%@1984] GR3D_FREQ 99% cv0@62.843C/62.843C cpu@67.906C/67.906C soc2@59.906C/59.906C soc0@61.593C/61.593C cv1@62.218C/62.218C gpu@68.937C/68.937C tj@68.937C/68.937C soc1@59.593C/59.593C cv2@57.656C/57.656C VDD_IN 31550mW/27358mW/34068mW VDD_CPU_GPU_CV 19872mW/15749mW/21070mW VDD_SOC 4815mW/4918mW/5998mW
08-11-2026 00:06:37 RAM 8609/15599MB (lfb 90x4MB) CPU [0%@1984,100%@1984,100%@1984,100%@1984,100%@1984,100%@1984,100%@1984,100%@1984] GR3D_FREQ 99% cv0@63C/63C cpu@67.875C/67.906C soc2@60C/60C soc0@61.593C/61.593C cv1@62.281C/62.281C gpu@69.187C/69.187C tj@69.187C/69.187C soc1@59.687C/59.687C cv2@57.687C/57.687C VDD_IN 32033mW/27419mW/34068mW VDD_CPU_GPU_CV 20428mW/15810mW/21070mW VDD_SOC 4775mW/4916mW/5998mW
08-11-2026 00:06:38 RAM 8356/15599MB (lfb 101x4MB) CPU [14%@1984,100%@1984,83%@1984,100%@1984,100%@1984,100%@1984,100%@1984,100%@1984] GR3D_FREQ 99% cv0@63.125C/63.125C cpu@67.937C/67.937C soc2@60.125C/60.125C soc0@61.656C/61.656C cv1@62.406C/62.406C gpu@68.937C/69.187C tj@68.937C/69.187C soc1@59.812C/59.812C cv2@57.812C/57.812C VDD_IN 31872mW/27476mW/34068mW VDD_CPU_GPU_CV 20229mW/15867mW/21070mW VDD_SOC 4855mW/4915mW/5998mW
08-11-2026 00:06:38 RAM 9122/15599MB (lfb 101x4MB) CPU [1%@1984,100%@1984,100%@1984,100%@1984,100%@1984,100%@1984,100%@1984,100%@1984] GR3D_FREQ 99% cv0@63.218C/63.218C cpu@67.968C/67.968C soc2@60.218C/60.218C soc0@61.843C/61.843C cv1@62.437C/62.437C gpu@68.843C/69.187C tj@68.843C/69.187C soc1@59.968C/59.968C cv2@57.937C/57.937C VDD_IN 31832mW/27531mW/34068mW VDD_CPU_GPU_CV 19832mW/15917mW/21070mW VDD_SOC 4975mW/4916mW/5998mW
08-11-2026 00:06:39 RAM 9171/15599MB (lfb 101x4MB) CPU [3%@1984,100%@1984,70%@1984,100%@1984,100%@1984,100%@1984,100%@1984,100%@1984] GR3D_FREQ 99% cv0@63.406C/63.406C cpu@68.375C/68.375C soc2@60.437C/60.437C soc0@62C/62C cv1@62.75C/62.75C gpu@69.187C/69.187C tj@69.187C/69.187C soc1@60.093C/60.093C cv2@57.937C/57.937C VDD_IN 31681mW/27583mW/34068mW VDD_CPU_GPU_CV 19911mW/15967mW/21070mW VDD_SOC 4735mW/4914mW/5998mW
08-11-2026 00:06:39 RAM 9218/15599MB (lfb 101x4MB) CPU [0%@1984,100%@1984,73%@1984,100%@1984,100%@1984,100%@1984,100%@1984,100%@1984] GR3D_FREQ 99% cv0@63.656C/63.656C cpu@68.375C/68.375C soc2@60.468C/60.468C soc0@62.093C/62.093C cv1@62.843C/62.843C gpu@69.312C/69.312C tj@69.312C/69.312C soc1@60.187C/60.187C cv2@58.125C/58.125C VDD_IN 31721mW/27634mW/34068mW VDD_CPU_GPU_CV 19991mW/16017mW/21070mW VDD_SOC 4574mW/4910mW/5998mW
08-11-2026 00:06:40 RAM 9265/15599MB (lfb 101x4MB) CPU [0%@1984,100%@1984,72%@1984,100%@1984,100%@1984,100%@1984,100%@1984,100%@1984] GR3D_FREQ 99% cv0@63.656C/63.656C cpu@68.468C/68.468C soc2@60.593C/60.593C soc0@62.187C/62.187C cv1@62.781C/62.843C gpu@69.468C/69.468C tj@69.468C/69.468C soc1@60.218C/60.218C cv2@58.312C/58.312C VDD_IN 31560mW/27682mW/34068mW VDD_CPU_GPU_CV 19991mW/16065mW/21070mW VDD_SOC 4534mW/4905mW/5998mW
08-11-2026 00:06:40 RAM 11291/15599MB (lfb 95x4MB) CPU [1%@1984,100%@1984,92%@1984,100%@1984,100%@1984,100%@1984,100%@1984,100%@1984] GR3D_FREQ 99% cv0@63.687C/63.687C cpu@68.437C/68.468C soc2@60.687C/60.687C soc0@62.25C/62.25C cv1@62.937C/62.937C gpu@69.75C/69.75C tj@69.75C/69.75C soc1@60.468C/60.468C cv2@58.375C/58.375C VDD_IN 31963mW/27734mW/34068mW VDD_CPU_GPU_CV 20229mW/16115mW/21070mW VDD_SOC 4694mW/4903mW/5998mW
08-11-2026 00:06:41 RAM 11740/15599MB (lfb 93x4MB) CPU [0%@1984,100%@1984,100%@1984,100%@1984,100%@1984,100%@1984,100%@1984,100%@1984] GR3D_FREQ 99% cv0@63.781C/63.781C cpu@68.843C/68.843C soc2@60.718C/60.718C soc0@62.531C/62.531C cv1@63.187C/63.187C gpu@69.906C/69.906C tj@69.906C/69.906C soc1@60.593C/60.593C cv2@58.437C/58.437C VDD_IN 31872mW/27783mW/34068mW VDD_CPU_GPU_CV 19752mW/16159mW/21070mW VDD_SOC 5016mW/4904mW/5998mW
08-11-2026 00:06:41 RAM 12081/15599MB (lfb 15x4MB) CPU [0%@1984,100%@1984,80%@1984,100%@1984,100%@1984,100%@1984,100%@1984,100%@1984] GR3D_FREQ 99% cv0@64.031C/64.031C cpu@68.781C/68.843C soc2@60.937C/60.937C soc0@62.5C/62.531C cv1@63.25C/63.25C gpu@69.937C/69.937C tj@69.937C/69.937C soc1@60.687C/60.687C cv2@58.468C/58.468C VDD_IN 31751mW/27830mW/34068mW VDD_CPU_GPU_CV 20070mW/16205mW/21070mW VDD_SOC 4855mW/4903mW/5998mW
08-11-2026 00:06:42 RAM 12127/15599MB (lfb 13x4MB) CPU [48%@1984,100%@1984,98%@1984,100%@1984,100%@1984,100%@1984,100%@1984,100%@1984] GR3D_FREQ 99% cv0@64.187C/64.187C cpu@68.968C/68.968C soc2@61.125C/61.125C soc0@62.562C/62.562C cv1@63.375C/63.375C gpu@69.718C/69.937C tj@69.718C/69.937C soc1@60.687C/60.687C cv2@58.625C/58.625C VDD_IN 31761mW/27875mW/34068mW VDD_CPU_GPU_CV 19991mW/16249mW/21070mW VDD_SOC 4574mW/4900mW/5998mW
08-11-2026 00:06:42 RAM 12213/15599MB (lfb 4x4MB) CPU [35%@1984,100%@1984,100%@1984,100%@1984,100%@1984,100%@1984,100%@1984,100%@1984] GR3D_FREQ 99% cv0@64.343C/64.343C cpu@69.093C/69.093C soc2@61.125C/61.125C soc0@62.656C/62.656C cv1@63.406C/63.406C gpu@69.906C/69.937C tj@69.906C/69.937C soc1@60.75C/60.75C cv2@58.812C/58.812C VDD_IN 31600mW/27918mW/34068mW VDD_CPU_GPU_CV 19919mW/16291mW/21070mW VDD_SOC 4534mW/4895mW/5998mW
08-11-2026 00:06:43 RAM 12224/15599MB (lfb 4x4MB) CPU [54%@1984,100%@1984,100%@1984,100%@1984,100%@1984,100%@1984,100%@1984,100%@1984] GR3D_FREQ 99% cv0@64.625C/64.625C cpu@69.312C/69.312C soc2@61.437C/61.437C soc0@62.687C/62.687C cv1@63.593C/63.593C gpu@69.187C/69.937C tj@69.312C/69.937C soc1@60.843C/60.843C cv2@58.937C/58.937C VDD_IN 30997mW/27953mW/34068mW VDD_CPU_GPU_CV 19275mW/16325mW/21070mW VDD_SOC 4855mW/4895mW/5998mW
08-11-2026 00:06:43 RAM 12224/15599MB (lfb 4x4MB) CPU [100%@1984,100%@1984,100%@1984,100%@1984,100%@1984,100%@1984,100%@1984,100%@1984] GR3D_FREQ 99% cv0@64.875C/64.875C cpu@69.406C/69.406C soc2@61.562C/61.562C soc0@62.812C/62.812C cv1@63.687C/63.687C gpu@69.406C/69.937C tj@69.406C/69.937C soc1@61C/61C cv2@59.062C/59.062C VDD_IN 31068mW/27988mW/34068mW VDD_CPU_GPU_CV 19037mW/16355mW/21070mW VDD_SOC 5016mW/4896mW/5998mW
08-11-2026 00:06:44 RAM 12224/15599MB (lfb 4x4MB) CPU [100%@1984,100%@1984,100%@1984,100%@1984,100%@1984,100%@1984,100%@1984,100%@1984] GR3D_FREQ 99% cv0@64.875C/64.875C cpu@69.531C/69.531C soc2@61.656C/61.656C soc0@62.906C/62.906C cv1@63.812C/63.812C gpu@69.593C/69.937C tj@69.593C/69.937C soc1@60.968C/61C cv2@59.125C/59.125C VDD_IN 31037mW/28022mW/34068mW VDD_CPU_GPU_CV 18918mW/16384mW/21070mW VDD_SOC 5064mW/4898mW/5998mW
08-11-2026 00:06:45 RAM 11374/15599MB (lfb 20x4MB) CPU [100%@1984,100%@1984,100%@1984,100%@1984,100%@1984,100%@1984,100%@1984,100%@1984] GR3D_FREQ 98% cv0@65.125C/65.125C cpu@69.906C/69.906C soc2@61.781C/61.781C soc0@62.937C/62.937C cv1@64C/64C gpu@69.125C/69.937C tj@69.906C/69.937C soc1@61.125C/61.125C cv2@59.125C/59.125C VDD_IN 31309mW/28058mW/34068mW VDD_CPU_GPU_CV 18271mW/16404mW/21070mW VDD_SOC 5577mW/4906mW/5998mW
08-11-2026 00:06:45 RAM 9133/15599MB (lfb 105x4MB) CPU [100%@1984,100%@1984,100%@1984,100%@1984,100%@1984,100%@1984,100%@1984,96%@1984] GR3D_FREQ 99% cv0@65.125C/65.125C cpu@69.906C/69.906C soc2@61.781C/61.781C soc0@63.218C/63.218C cv1@64.031C/64.031C gpu@69.281C/69.937C tj@69.906C/69.937C soc1@61.343C/61.343C cv2@59.343C/59.343C VDD_IN 31188mW/28092mW/34068mW VDD_CPU_GPU_CV 17555mW/16417mW/21070mW VDD_SOC 5858mW/4916mW/5998mW
08-11-2026 00:06:46 RAM 8489/15599MB (lfb 118x4MB) CPU [98%@1984,100%@1984,100%@1984,100%@1984,100%@1984,100%@1984,100%@1984,100%@1984] GR3D_FREQ 99% cv0@65.156C/65.156C cpu@70C/70C soc2@61.906C/61.906C soc0@63.093C/63.218C cv1@64.218C/64.218C gpu@68.906C/69.937C tj@70C/70C soc1@61.406C/61.406C cv2@59.375C/59.375C VDD_IN 30947mW/28123mW/34068mW VDD_CPU_GPU_CV 17316mW/16427mW/21070mW VDD_SOC 5898mW/4927mW/5998mW
08-11-2026 00:06:46 RAM 8835/15599MB (lfb 118x4MB) CPU [100%@1984,100%@1984,100%@1984,100%@1984,100%@1984,100%@1984,100%@1984,100%@1984] GR3D_FREQ 99% cv0@65.218C/65.218C cpu@70.375C/70.375C soc2@61.937C/61.937C soc0@63.281C/63.281C cv1@64.406C/64.406C gpu@68.812C/69.937C tj@70.281C/70.281C soc1@61.468C/61.468C cv2@59.437C/59.437C VDD_IN 30867mW/28152mW/34068mW VDD_CPU_GPU_CV 16878mW/16431mW/21070mW VDD_SOC 6099mW/4939mW/6099mW
08-11-2026 00:06:47 RAM 9477/15599MB (lfb 118x4MB) CPU [84%@1984,100%@1984,100%@1984,100%@1984,100%@1984,100%@1984,100%@1984,100%@1984] GR3D_FREQ 98% cv0@65.343C/65.343C cpu@70.218C/70.375C soc2@62C/62C soc0@63.187C/63.281C cv1@64.343C/64.406C gpu@68.906C/69.937C tj@70.218C/70.281C soc1@61.562C/61.562C cv2@59.531C/59.531C VDD_IN 30071mW/28172mW/34068mW VDD_CPU_GPU_CV 16507mW/16432mW/21070mW VDD_SOC 5868mW/4949mW/6099mW
08-11-2026 00:06:47 RAM 9530/15599MB (lfb 118x4MB) CPU [71%@1984,100%@1984,100%@1984,100%@1984,100%@1984,100%@1984,100%@1984,100%@1984] GR3D_FREQ 99% cv0@65.437C/65.437C cpu@70.25C/70.375C soc2@62.125C/62.125C soc0@63.468C/63.468C cv1@64.468C/64.468C gpu@69.406C/69.937C tj@70.25C/70.281C soc1@61.593C/61.593C cv2@59.562C/59.562C VDD_IN 30393mW/28195mW/34068mW VDD_CPU_GPU_CV 17025mW/16438mW/21070mW VDD_SOC 5747mW/4957mW/6099mW
08-11-2026 00:06:48 RAM 8541/15599MB (lfb 118x4MB) CPU [96%@1984,100%@1984,100%@1984,100%@1984,100%@1984,100%@1984,100%@1984,100%@1984] GR3D_FREQ 0% cv0@65.437C/65.437C cpu@70.031C/70.375C soc2@61.906C/62.125C soc0@63.093C/63.468C cv1@64.312C/64.468C gpu@66.187C/69.937C tj@70.031C/70.281C soc1@61.687C/61.687C cv2@59.562C/59.562C VDD_IN 20296mW/28114mW/34068mW VDD_CPU_GPU_CV 11311mW/16385mW/21070mW VDD_SOC 3802mW/4945mW/6099mW
08-11-2026 00:06:48 RAM 7716/15599MB (lfb 233x4MB) CPU [100%@1984,100%@1984,100%@1984,100%@1984,100%@1984,100%@1984,100%@1984,100%@1984] GR3D_FREQ 61% cv0@65.156C/65.437C cpu@69.875C/70.375C soc2@61.593C/62.125C soc0@63.062C/63.468C cv1@64.281C/64.468C gpu@65.687C/69.937C tj@69.875C/70.281C soc1@61.593C/61.687C cv2@59.406C/59.562C VDD_IN 16433mW/27995mW/34068mW VDD_CPU_GPU_CV 8642mW/16306mW/21070mW VDD_SOC 3286mW/4928mW/6099mW
08-11-2026 00:06:49 RAM 8520/15599MB (lfb 229x4MB) CPU [100%@1984,100%@1984,100%@1984,100%@1984,100%@1984,100%@1984,100%@1984,100%@1984] GR3D_FREQ 20% cv0@64.781C/65.437C cpu@69.968C/70.375C soc2@61.406C/62.125C soc0@62.875C/63.468C cv1@64.062C/64.468C gpu@65.656C/69.937C tj@69.968C/70.281C soc1@61.5C/61.687C cv2@59.218C/59.562C VDD_IN 15890mW/27873mW/34068mW VDD_CPU_GPU_CV 8197mW/16225mW/21070mW VDD_SOC 3246mW/4911mW/6099mW
08-11-2026 00:06:49 RAM 9887/15599MB (lfb 138x4MB) CPU [100%@1984,100%@1984,100%@1984,100%@1984,100%@1984,100%@1984,100%@1984,100%@1984] GR3D_FREQ 99% cv0@64.375C/65.437C cpu@69.25C/70.375C soc2@61.281C/62.125C soc0@62.843C/63.468C cv1@63.812C/64.468C gpu@68.625C/69.937C tj@69.25C/70.281C soc1@61.468C/61.687C cv2@59.187C/59.562C VDD_IN 23217mW/27826mW/34068mW VDD_CPU_GPU_CV 13483mW/16197mW/21070mW VDD_SOC 4078mW/4903mW/6099mW
08-11-2026 00:06:50 RAM 10139/15599MB (lfb 90x4MB) CPU [100%@1984,100%@1984,100%@1984,100%@1984,100%@1984,100%@1984,100%@1984,100%@1984] GR3D_FREQ 99% cv0@64.656C/65.437C cpu@69.5C/70.375C soc2@61.562C/62.125C soc0@62.968C/63.468C cv1@63.906C/64.468C gpu@69.593C/69.937C tj@69.593C/70.281C soc1@61.437C/61.687C cv2@59.25C/59.562C VDD_IN 29386mW/27841mW/34068mW VDD_CPU_GPU_CV 17902mW/16214mW/21070mW VDD_SOC 4782mW/4902mW/6099mW
08-11-2026 00:06:50 RAM 10170/15599MB (lfb 87x4MB) CPU [100%@1984,100%@1984,100%@1984,100%@1984,100%@1984,100%@1984,100%@1984,100%@1984] GR3D_FREQ 99% cv0@64.875C/65.437C cpu@69.687C/70.375C soc2@61.75C/62.125C soc0@63.156C/63.468C cv1@64.031C/64.468C gpu@70.093C/70.093C tj@70.093C/70.281C soc1@61.5C/61.687C cv2@59.343C/59.562C VDD_IN 30795mW/27870mW/34068mW VDD_CPU_GPU_CV 19386mW/16245mW/21070mW VDD_SOC 4622mW/4899mW/6099mW
08-11-2026 00:06:51 RAM 10193/15599MB (lfb 83x4MB) CPU [100%@1984,100%@1984,100%@1984,100%@1984,100%@1984,98%@1984,100%@1984,100%@1984] GR3D_FREQ 99% cv0@65.218C/65.437C cpu@69.656C/70.375C soc2@61.968C/62.125C soc0@63.218C/63.468C cv1@64.125C/64.468C gpu@70.156C/70.156C tj@70.156C/70.281C soc1@61.531C/61.687C cv2@59.531C/59.562C VDD_IN 31520mW/27906mW/34068mW VDD_CPU_GPU_CV 20070mW/16282mW/21070mW VDD_SOC 4534mW/4895mW/6099mW
08-11-2026 00:06:51 RAM 10219/15599MB (lfb 83x4MB) CPU [100%@1984,100%@1984,100%@1984,100%@1984,100%@1984,100%@1984,100%@1984,100%@1984] GR3D_FREQ 99% cv0@65.312C/65.437C cpu@69.781C/70.375C soc2@62.062C/62.125C soc0@63.406C/63.468C cv1@64.25C/64.468C gpu@70.406C/70.406C tj@70.406C/70.406C soc1@61.593C/61.687C cv2@59.625C/59.625C VDD_IN 31641mW/27942mW/34068mW VDD_CPU_GPU_CV 20309mW/16321mW/21070mW VDD_SOC 4494mW/4892mW/6099mW
08-11-2026 00:06:52 RAM 10242/15599MB (lfb 83x4MB) CPU [100%@1984,100%@1984,100%@1984,100%@1984,100%@1984,100%@1984,100%@1984,100%@1984] GR3D_FREQ 99% cv0@65.343C/65.437C cpu@69.875C/70.375C soc2@62.218C/62.218C soc0@63.562C/63.562C cv1@64.312C/64.468C gpu@70.375C/70.406C tj@70.375C/70.406C soc1@61.656C/61.687C cv2@59.781C/59.781C VDD_IN 31681mW/27977mW/34068mW VDD_CPU_GPU_CV 20229mW/16358mW/21070mW VDD_SOC 4494mW/4888mW/6099mW
08-11-2026 00:06:52 RAM 10257/15599MB (lfb 83x4MB) CPU [100%@1984,100%@1984,100%@1984,100%@1984,100%@1984,100%@1984,100%@1984,100%@1984] GR3D_FREQ 99% cv0@65.312C/65.437C cpu@69.906C/70.375C soc2@62.343C/62.343C soc0@63.562C/63.562C cv1@64.312C/64.468C gpu@70.75C/70.75C tj@70.75C/70.75C soc1@61.937C/61.937C cv2@59.843C/59.843C VDD_IN 31721mW/28013mW/34068mW VDD_CPU_GPU_CV 20269mW/16395mW/21070mW VDD_SOC 4494mW/4884mW/6099mW
08-11-2026 00:06:53 RAM 11504/15599MB (lfb 11x4MB) CPU [100%@1984,100%@1984,100%@1984,100%@1984,100%@1984,100%@1984,100%@1984,100%@1984] GR3D_FREQ 99% cv0@65.375C/65.437C cpu@70.156C/70.375C soc2@62.343C/62.343C soc0@63.75C/63.75C cv1@64.5C/64.5C gpu@70.531C/70.75C tj@70.531C/70.75C soc1@62C/62C cv2@59.906C/59.906C VDD_IN 31842mW/28048mW/34068mW VDD_CPU_GPU_CV 19911mW/16428mW/21070mW VDD_SOC 4815mW/4883mW/6099mW
08-11-2026 00:06:53 RAM 12264/15599MB (lfb 13x2MB) CPU [100%@1984,100%@1984,100%@1984,100%@1984,100%@1984,100%@1984,100%@1984,100%@1984] GR3D_FREQ 99% cv0@65.437C/65.437C cpu@70.218C/70.375C soc2@62.343C/62.343C soc0@63.875C/63.875C cv1@64.625C/64.625C gpu@70.593C/70.75C tj@70.593C/70.75C soc1@62.093C/62.093C cv2@59.937C/59.937C VDD_IN 31882mW/28084mW/34068mW VDD_CPU_GPU_CV 19872mW/16460mW/21070mW VDD_SOC 4895mW/4884mW/6099mW
08-11-2026 00:06:54 RAM 12241/15599MB (lfb 17x2MB) CPU [100%@1984,100%@1984,100%@1984,100%@1984,100%@1984,100%@1984,96%@1984,100%@1984] GR3D_FREQ 99% cv0@65.562C/65.562C cpu@70.125C/70.375C soc2@62.593C/62.593C soc0@63.781C/63.875C cv1@64.718C/64.718C gpu@70.718C/70.75C tj@70.718C/70.75C soc1@62.062C/62.093C cv2@60.093C/60.093C VDD_IN 31520mW/28115mW/34068mW VDD_CPU_GPU_CV 20070mW/16493mW/21070mW VDD_SOC 4614mW/4881mW/6099mW
08-11-2026 00:06:54 RAM 12247/15599MB (lfb 18x2MB) CPU [100%@1984,100%@1984,100%@1984,100%@1984,100%@1984,100%@1984,100%@1984,100%@1984] GR3D_FREQ 99% cv0@65.625C/65.625C cpu@70.375C/70.375C soc2@62.531C/62.593C soc0@64.125C/64.125C cv1@64.781C/64.781C gpu@70.593C/70.75C tj@70.593C/70.75C soc1@62.125C/62.125C cv2@60.156C/60.156C VDD_IN 31278mW/28144mW/34068mW VDD_CPU_GPU_CV 19951mW/16524mW/21070mW VDD_SOC 4454mW/4877mW/6099mW
08-11-2026 00:06:55 RAM 12285/15599MB (lfb 18x2MB) CPU [100%@1984,100%@1984,100%@1984,100%@1984,100%@1984,100%@1984,100%@1984,100%@1984] GR3D_FREQ 99% cv0@65.562C/65.625C cpu@70.218C/70.375C soc2@62.75C/62.75C soc0@64.031C/64.125C cv1@64.812C/64.812C gpu@70.781C/70.781C tj@70.781C/70.781C soc1@62.25C/62.25C cv2@60.093C/60.156C VDD_IN 31198mW/28172mW/34068mW VDD_CPU_GPU_CV 20030mW/16556mW/21070mW VDD_SOC 4454mW/4873mW/6099mW
08-11-2026 00:06:55 RAM 12338/15599MB (lfb 3x4MB) CPU [100%@1984,100%@1984,100%@1984,100%@1984,100%@1984,100%@1984,100%@1984,100%@1984] GR3D_FREQ 99% cv0@65.812C/65.812C cpu@70.5C/70.5C soc2@62.843C/62.843C soc0@64.031C/64.125C cv1@64.843C/64.843C gpu@70.593C/70.781C tj@70.593C/70.781C soc1@62.187C/62.25C cv2@60.187C/60.187C VDD_IN 31278mW/28199mW/34068mW VDD_CPU_GPU_CV 19872mW/16586mW/21070mW VDD_SOC 4494mW/4870mW/6099mW
08-11-2026 00:06:56 RAM 12349/15599MB (lfb 8x4MB) CPU [100%@1984,100%@1984,100%@1984,100%@1984,100%@1984,100%@1984,100%@1984,100%@1984] GR3D_FREQ 99% cv0@65.968C/65.968C cpu@70.593C/70.593C soc2@62.843C/62.843C soc0@64.25C/64.25C cv1@65.125C/65.125C gpu@70.218C/70.781C tj@70.593C/70.781C soc1@62.468C/62.468C cv2@60.343C/60.343C VDD_IN 31077mW/28225mW/34068mW VDD_CPU_GPU_CV 19077mW/16608mW/21070mW VDD_SOC 4935mW/4871mW/6099mW
08-11-2026 00:06:56 RAM 12348/15599MB (lfb 8x4MB) CPU [100%@1984,100%@1984,100%@1984,100%@1984,100%@1984,100%@1984,100%@1984,100%@1984] GR3D_FREQ 99% cv0@66.062C/66.062C cpu@70.906C/70.906C soc2@62.906C/62.906C soc0@64.281C/64.281C cv1@65.156C/65.156C gpu@70.343C/70.781C tj@70.906C/70.906C soc1@62.406C/62.468C cv2@60.406C/60.406C VDD_IN 31077mW/28250mW/34068mW VDD_CPU_GPU_CV 18948mW/16628mW/21070mW VDD_SOC 5056mW/4872mW/6099mW
08-11-2026 00:06:57 RAM 12348/15599MB (lfb 7x4MB) CPU [100%@1984,100%@1984,100%@1984,100%@1984,100%@1984,100%@1984,100%@1984,100%@1984] GR3D_FREQ 99% cv0@66.312C/66.312C cpu@70.875C/70.906C soc2@63.031C/63.031C soc0@64.312C/64.312C cv1@65.156C/65.156C gpu@70.437C/70.781C tj@70.875C/70.906C soc1@62.468C/62.468C cv2@60.437C/60.437C VDD_IN 30988mW/28274mW/34068mW VDD_CPU_GPU_CV 18868mW/16648mW/21070mW VDD_SOC 5096mW/4874mW/6099mW
08-11-2026 00:06:57 RAM 12340/15599MB (lfb 7x4MB) CPU [100%@1984,100%@1984,100%@1984,100%@1984,100%@1984,100%@1984,100%@1984,100%@1984] GR3D_FREQ 99% cv0@66.25C/66.312C cpu@70.968C/70.968C soc2@63.031C/63.031C soc0@64.406C/64.406C cv1@65.25C/65.25C gpu@70.562C/70.781C tj@70.968C/70.968C soc1@62.531C/62.531C cv2@60.5C/60.5C VDD_IN 31108mW/28298mW/34068mW VDD_CPU_GPU_CV 18918mW/16667mW/21070mW VDD_SOC 5096mW/4876mW/6099mW
08-11-2026 00:06:58 RAM 12328/15599MB (lfb 8x4MB) CPU [100%@1984,100%@1984,100%@1984,100%@1984,100%@1984,100%@1984,100%@1984,100%@1984] GR3D_FREQ 99% cv0@66.468C/66.468C cpu@71.031C/71.031C soc2@63.125C/63.125C soc0@64.375C/64.406C cv1@65.312C/65.312C gpu@70.718C/70.781C tj@71.031C/71.031C soc1@62.531C/62.531C cv2@60.812C/60.812C VDD_IN 31158mW/28323mW/34068mW VDD_CPU_GPU_CV 18759mW/16685mW/21070mW VDD_SOC 5136mW/4878mW/6099mW
08-11-2026 00:06:58 RAM 12328/15599MB (lfb 8x4MB) CPU [100%@1984,100%@1984,100%@1984,100%@1984,100%@1984,100%@1984,100%@1984,100%@1984] GR3D_FREQ 99% cv0@66.5C/66.5C cpu@71.093C/71.093C soc2@63.187C/63.187C soc0@64.5C/64.5C cv1@65.312C/65.312C gpu@70.687C/70.781C tj@71.093C/71.093C soc1@62.593C/62.593C cv2@60.781C/60.812C VDD_IN 31158mW/28347mW/34068mW VDD_CPU_GPU_CV 18798mW/16703mW/21070mW VDD_SOC 5096mW/4880mW/6099mW
08-11-2026 00:06:59 RAM 12325/15599MB (lfb 8x4MB) CPU [100%@1984,100%@1984,100%@1984,100%@1984,100%@1984,100%@1984,100%@1984,100%@1984] GR3D_FREQ 99% cv0@66.406C/66.5C cpu@70.875C/71.093C soc2@63.312C/63.312C soc0@64.437C/64.5C cv1@65.406C/65.406C gpu@70.687C/70.781C tj@70.875C/71.093C soc1@62.875C/62.875C cv2@60.781C/60.812C VDD_IN 31158mW/28370mW/34068mW VDD_CPU_GPU_CV 18957mW/16722mW/21070mW VDD_SOC 5136mW/4882mW/6099mW
08-11-2026 00:06:59 RAM 12317/15599MB (lfb 8x4MB) CPU [100%@1984,100%@1984,100%@1984,100%@1984,100%@1984,100%@1984,100%@1984,100%@1984] GR3D_FREQ 99% cv0@66.5C/66.5C cpu@71.125C/71.125C soc2@63.25C/63.312C soc0@64.718C/64.718C cv1@65.593C/65.593C gpu@70.781C/70.781C tj@71.125C/71.125C soc1@62.843C/62.875C cv2@60.781C/60.812C VDD_IN 31229mW/28394mW/34068mW VDD_CPU_GPU_CV 19077mW/16742mW/21070mW VDD_SOC 5136mW/4884mW/6099mW
08-11-2026 00:07:00 RAM 12308/15599MB (lfb 8x4MB) CPU [100%@1984,100%@1984,100%@1984,100%@1984,100%@1984,100%@1984,100%@1984,100%@1984] GR3D_FREQ 99% cv0@66.5C/66.5C cpu@71.343C/71.343C soc2@63.375C/63.375C soc0@64.656C/64.718C cv1@65.687C/65.687C gpu@70.875C/70.875C tj@71.343C/71.343C soc1@62.843C/62.875C cv2@60.875C/60.875C VDD_IN 31188mW/28417mW/34068mW VDD_CPU_GPU_CV 18997mW/16760mW/21070mW VDD_SOC 5136mW/4886mW/6099mW
08-11-2026 00:07:00 RAM 12308/15599MB (lfb 8x4MB) CPU [100%@1984,100%@1984,100%@1984,100%@1984,100%@1984,100%@1984,100%@1984,100%@1984] GR3D_FREQ 99% cv0@66.656C/66.656C cpu@71.437C/71.437C soc2@63.468C/63.468C soc0@64.75C/64.75C cv1@65.75C/65.75C gpu@71.031C/71.031C tj@71.437C/71.437C soc1@62.875C/62.875C cv2@61.031C/61.031C VDD_IN 31108mW/28439mW/34068mW VDD_CPU_GPU_CV 18918mW/16778mW/21070mW VDD_SOC 5136mW/4888mW/6099mW
08-11-2026 00:07:01 RAM 12299/15599MB (lfb 8x4MB) CPU [100%@1984,100%@1984,100%@1984,100%@1984,100%@1984,100%@1984,100%@1984,100%@1984] GR3D_FREQ 99% cv0@66.687C/66.687C cpu@71.312C/71.437C soc2@63.562C/63.562C soc0@64.812C/64.812C cv1@65.687C/65.75C gpu@71.187C/71.187C tj@71.312C/71.437C soc1@62.906C/62.906C cv2@60.968C/61.031C VDD_IN 31108mW/28461mW/34068mW VDD_CPU_GPU_CV 19028mW/16796mW/21070mW VDD_SOC 5136mW/4891mW/6099mW
08-11-2026 00:07:01 RAM 12299/15599MB (lfb 8x4MB) CPU [100%@1984,100%@1984,100%@1984,100%@1984,100%@1984,100%@1984,100%@1984,100%@1984] GR3D_FREQ 99% cv0@66.687C/66.687C cpu@71.468C/71.468C soc2@63.593C/63.593C soc0@64.812C/64.812C cv1@65.718C/65.75C gpu@71.218C/71.218C tj@71.468C/71.468C soc1@62.937C/62.937C cv2@61.156C/61.156C VDD_IN 30988mW/28481mW/34068mW VDD_CPU_GPU_CV 18908mW/16813mW/21070mW VDD_SOC 5136mW/4892mW/6099mW
08-11-2026 00:07:02 RAM 12291/15599MB (lfb 8x4MB) CPU [100%@1984,100%@1984,100%@1984,100%@1984,100%@1984,100%@1984,100%@1984,100%@1984] GR3D_FREQ 99% cv0@66.937C/66.937C cpu@71.562C/71.562C soc2@63.625C/63.625C soc0@64.875C/64.875C cv1@65.75C/65.75C gpu@71.156C/71.218C tj@71.562C/71.562C soc1@63.031C/63.031C cv2@61.156C/61.156C VDD_IN 31117mW/28502mW/34068mW VDD_CPU_GPU_CV 18957mW/16830mW/21070mW VDD_SOC 5136mW/4894mW/6099mW
08-11-2026 00:07:02 RAM 12291/15599MB (lfb 8x4MB) CPU [100%@1984,100%@1984,100%@1984,100%@1984,100%@1984,100%@1984,100%@1984,100%@1984] GR3D_FREQ 99% cv0@66.937C/66.937C cpu@71.5C/71.562C soc2@63.687C/63.687C soc0@64.875C/64.875C cv1@65.781C/65.781C gpu@71.343C/71.343C tj@71.5C/71.562C soc1@63.062C/63.062C cv2@61.343C/61.343C VDD_IN 31077mW/28523mW/34068mW VDD_CPU_GPU_CV 18838mW/16846mW/21070mW VDD_SOC 5136mW/4896mW/6099mW
08-11-2026 00:07:03 RAM 12141/15599MB (lfb 10x4MB) CPU [100%@1984,100%@1984,100%@1984,100%@1984,100%@1984,100%@1984,100%@1984,100%@1984] GR3D_FREQ 99% cv0@66.718C/66.937C cpu@71.468C/71.562C soc2@63.625C/63.687C soc0@65.031C/65.031C cv1@65.968C/65.968C gpu@71.5C/71.5C tj@71.5C/71.562C soc1@63.156C/63.156C cv2@61.156C/61.343C VDD_IN 31198mW/28544mW/34068mW VDD_CPU_GPU_CV 19187mW/16865mW/21070mW VDD_SOC 5016mW/4897mW/6099mW
08-11-2026 00:07:03 RAM 11440/15599MB (lfb 10x4MB) CPU [100%@1984,100%@1984,100%@1984,100%@1984,100%@1984,100%@1984,100%@1984,100%@1984] GR3D_FREQ 99% cv0@66.687C/66.937C cpu@71.343C/71.562C soc2@63.75C/63.75C soc0@65.062C/65.062C cv1@65.812C/65.968C gpu@71.906C/71.906C tj@71.906C/71.906C soc1@63.156C/63.156C cv2@61.343C/61.343C VDD_IN 31349mW/28566mW/34068mW VDD_CPU_GPU_CV 19872mW/16888mW/21070mW VDD_SOC 4694mW/4896mW/6099mW
08-11-2026 00:07:04 RAM 9573/15599MB (lfb 148x4MB) CPU [100%@1984,100%@1984,100%@1984,100%@1984,100%@1984,100%@1984,100%@1984,100%@1984] GR3D_FREQ 99% cv0@66.812C/66.937C cpu@71.375C/71.562C soc2@63.781C/63.781C soc0@65.156C/65.156C cv1@65.812C/65.968C gpu@72.218C/72.218C tj@72.218C/72.218C soc1@63.218C/63.218C cv2@61.375C/61.375C VDD_IN 31631mW/28590mW/34068mW VDD_CPU_GPU_CV 20150mW/16913mW/21070mW VDD_SOC 4694mW/4894mW/6099mW
08-11-2026 00:07:04 RAM 8353/15599MB (lfb 161x4MB) CPU [100%@1984,100%@1984,100%@1984,100%@1984,100%@1984,100%@1984,100%@1984,100%@1984] GR3D_FREQ 99% cv0@66.75C/66.937C cpu@71.343C/71.562C soc2@63.875C/63.875C soc0@65.281C/65.281C cv1@66C/66C gpu@72.25C/72.25C tj@72.25C/72.25C soc1@63.25C/63.25C cv2@61.468C/61.468C VDD_IN 31560mW/28612mW/34068mW VDD_CPU_GPU_CV 20189mW/16939mW/21070mW VDD_SOC 4614mW/4892mW/6099mW
08-11-2026 00:07:05 RAM 9218/15599MB (lfb 161x4MB) CPU [100%@1984,100%@1984,100%@1984,100%@1984,100%@1984,100%@1984,100%@1984,100%@1984] GR3D_FREQ 99% cv0@66.75C/66.937C cpu@71.343C/71.562C soc2@63.875C/63.875C soc0@65.343C/65.343C cv1@66C/66C gpu@71.937C/72.25C tj@71.937C/72.25C soc1@63.312C/63.312C cv2@61.375C/61.468C VDD_IN 31278mW/28633mW/34068mW VDD_CPU_GPU_CV 19991mW/16962mW/21070mW VDD_SOC 4574mW/4890mW/6099mW
08-11-2026 00:07:05 RAM 9217/15599MB (lfb 161x4MB) CPU [100%@1984,100%@1984,100%@1984,100%@1984,100%@1984,100%@1984,100%@1984,100%@1984] GR3D_FREQ 99% cv0@66.812C/66.937C cpu@71.718C/71.718C soc2@63.906C/63.906C soc0@65.312C/65.343C cv1@66.031C/66.031C gpu@72.281C/72.281C tj@72.281C/72.281C soc1@63.375C/63.375C cv2@61.5C/61.5C VDD_IN 31952mW/28658mW/34068mW VDD_CPU_GPU_CV 20150mW/16986mW/21070mW VDD_SOC 4895mW/4890mW/6099mW
08-11-2026 00:07:06 RAM 9609/15599MB (lfb 161x4MB) CPU [100%@1984,100%@1984,100%@1984,100%@1984,100%@1984,100%@1984,100%@1984,100%@1984] GR3D_FREQ 99% cv0@67C/67C cpu@71.625C/71.718C soc2@63.968C/63.968C soc0@65.375C/65.375C cv1@66.062C/66.062C gpu@72.281C/72.281C tj@72.281C/72.281C soc1@63.5C/63.5C cv2@61.687C/61.687C VDD_IN 31912mW/28682mW/34068mW VDD_CPU_GPU_CV 20030mW/17009mW/21070mW VDD_SOC 4855mW/4889mW/6099mW
08-11-2026 00:07:06 RAM 9636/15599MB (lfb 161x4MB) CPU [100%@1984,100%@1984,100%@1984,100%@1984,100%@1984,100%@1984,100%@1984,100%@1984] GR3D_FREQ 99% cv0@67.062C/67.062C cpu@71.562C/71.718C soc2@64.093C/64.093C soc0@65.5C/65.5C cv1@66.093C/66.093C gpu@72.343C/72.343C tj@72.343C/72.343C soc1@63.593C/63.593C cv2@61.562C/61.687C VDD_IN 31681mW/28705mW/34068mW VDD_CPU_GPU_CV 20070mW/17032mW/21070mW VDD_SOC 4614mW/4887mW/6099mW
08-11-2026 00:07:07 RAM 9656/15599MB (lfb 161x4MB) CPU [100%@1984,100%@1984,100%@1984,100%@1984,100%@1984,100%@1984,100%@1984,100%@1984] GR3D_FREQ 99% cv0@67.125C/67.125C cpu@71.687C/71.718C soc2@64.156C/64.156C soc0@65.531C/65.531C cv1@66.343C/66.343C gpu@72.437C/72.437C tj@72.437C/72.437C soc1@63.593C/63.593C cv2@61.687C/61.687C VDD_IN 31600mW/28726mW/34068mW VDD_CPU_GPU_CV 20229mW/17056mW/21070mW VDD_SOC 4534mW/4885mW/6099mW
08-11-2026 00:07:07 RAM 9687/15599MB (lfb 161x4MB) CPU [100%@1984,100%@1984,100%@1984,100%@1984,100%@1984,100%@1984,100%@1984,100%@1984] GR3D_FREQ 99% cv0@67.156C/67.156C cpu@71.812C/71.812C soc2@64.125C/64.156C soc0@65.593C/65.593C cv1@66.312C/66.343C gpu@72.156C/72.437C tj@72.156C/72.437C soc1@63.593C/63.593C cv2@61.843C/61.843C VDD_IN 31480mW/28746mW/34068mW VDD_CPU_GPU_CV 20030mW/17077mW/21070mW VDD_SOC 4494mW/4882mW/6099mW
08-11-2026 00:07:08 RAM 9718/15599MB (lfb 161x4MB) CPU [100%@1984,100%@1984,100%@1984,100%@1984,100%@1984,100%@1984,100%@1984,100%@1984] GR3D_FREQ 99% cv0@67.343C/67.343C cpu@71.75C/71.812C soc2@64.25C/64.25C soc0@65.625C/65.625C cv1@66.312C/66.343C gpu@72.531C/72.531C tj@72.531C/72.531C soc1@63.625C/63.625C cv2@61.937C/61.937C VDD_IN 31600mW/28767mW/34068mW VDD_CPU_GPU_CV 20309mW/17101mW/21070mW VDD_SOC 4494mW/4879mW/6099mW
08-11-2026 00:07:08 RAM 9741/15599MB (lfb 161x4MB) CPU [100%@1984,100%@1984,100%@1984,100%@1984,100%@1984,100%@1984,100%@1984,100%@1984] GR3D_FREQ 99% cv0@67.281C/67.343C cpu@71.812C/71.812C soc2@64.343C/64.343C soc0@65.781C/65.781C cv1@66.468C/66.468C gpu@72.312C/72.531C tj@72.312C/72.531C soc1@63.75C/63.75C cv2@61.843C/61.937C VDD_IN 31560mW/28788mW/34068mW VDD_CPU_GPU_CV 20229mW/17124mW/21070mW VDD_SOC 4494mW/4876mW/6099mW
08-11-2026 00:07:09 RAM 10530/15599MB (lfb 145x4MB) CPU [100%@1984,100%@1984,100%@1984,100%@1984,100%@1984,100%@1984,100%@1984,100%@1984] GR3D_FREQ 99% cv0@67.281C/67.343C cpu@71.906C/71.906C soc2@64.375C/64.375C soc0@65.781C/65.781C cv1@66.5C/66.5C gpu@72.718C/72.718C tj@72.718C/72.718C soc1@63.781C/63.781C cv2@61.875C/61.937C VDD_IN 31641mW/28808mW/34068mW VDD_CPU_GPU_CV 20150mW/17145mW/21070mW VDD_SOC 4534mW/4874mW/6099mW
08-11-2026 00:07:09 RAM 10901/15599MB (lfb 162x4MB) CPU [100%@1984,100%@1984,100%@1984,100%@1984,100%@1984,100%@1984,100%@1984,100%@1984] GR3D_FREQ 22% cv0@67.687C/67.687C cpu@72.593C/72.593C soc2@64.468C/64.468C soc0@65.781C/65.781C cv1@66.625C/66.625C gpu@70.406C/72.718C tj@72.593C/72.718C soc1@63.812C/63.812C cv2@62.187C/62.187C VDD_IN 28788mW/28808mW/34068mW VDD_CPU_GPU_CV 17703mW/17149mW/21070mW VDD_SOC 4548mW/4871mW/6099mW
08-11-2026 00:07:10 RAM 9894/15599MB (lfb 219x4MB) CPU [100%@1984,100%@1984,100%@1984,100%@1984,100%@1984,100%@1984,100%@1984,100%@1984] GR3D_FREQ 0% cv0@67.593C/67.687C cpu@72.375C/72.593C soc2@64.218C/64.468C soc0@65.718C/65.781C cv1@66.562C/66.625C gpu@68.468C/72.718C tj@72.375C/72.718C soc1@63.875C/63.875C cv2@61.906C/62.187C VDD_IN 19648mW/28743mW/34068mW VDD_CPU_GPU_CV 10989mW/17106mW/21070mW VDD_SOC 3646mW/4863mW/6099mW
08-11-2026 00:07:10 RAM 8373/15599MB (lfb 260x4MB) CPU [100%@1984,100%@1984,100%@1984,100%@1984,100%@1984,100%@1984,100%@1984,100%@1984] GR3D_FREQ 1% cv0@67.531C/67.687C cpu@71.843C/72.593C soc2@63.843C/64.468C soc0@65.437C/65.781C cv1@66.468C/66.625C gpu@67.875C/72.718C tj@71.843C/72.718C soc1@63.812C/63.875C cv2@61.875C/62.187C VDD_IN 15483mW/28650mW/34068mW VDD_CPU_GPU_CV 8615mW/17046mW/21070mW VDD_SOC 2921mW/4849mW/6099mW
08-11-2026 00:07:11 RAM 9561/15599MB (lfb 261x4MB) CPU [100%@1984,100%@1984,100%@1984,100%@1984,100%@1984,100%@1984,100%@1984,100%@1984] GR3D_FREQ 99% cv0@67.437C/67.687C cpu@72C/72.593C soc2@63.75C/64.468C soc0@65.187C/65.781C cv1@66.218C/66.625C gpu@69.468C/72.718C tj@72C/72.718C soc1@63.781C/63.875C cv2@61.75C/62.187C VDD_IN 18056mW/28576mW/34068mW VDD_CPU_GPU_CV 9959mW/16996mW/21070mW VDD_SOC 3484mW/4839mW/6099mW
08-11-2026 00:07:11 RAM 9561/15599MB (lfb 261x4MB) CPU [100%@1984,100%@1984,100%@1984,100%@1984,100%@1984,100%@1984,100%@1984,100%@1984] GR3D_FREQ 99% cv0@67.406C/67.687C cpu@72.25C/72.593C soc2@64.031C/64.468C soc0@65.312C/65.781C cv1@66.406C/66.625C gpu@70.562C/72.718C tj@72.25C/72.718C soc1@63.718C/63.875C cv2@61.625C/62.187C VDD_IN 27296mW/28567mW/34068mW VDD_CPU_GPU_CV 14896mW/16982mW/21070mW VDD_SOC 5394mW/4843mW/6099mW
08-11-2026 00:07:12 RAM 10095/15599MB (lfb 261x4MB) CPU [100%@1984,100%@1984,100%@1984,100%@1984,100%@1984,100%@1984,100%@1984,100%@1984] GR3D_FREQ 99% cv0@67.718C/67.718C cpu@72.25C/72.593C soc2@64.187C/64.468C soc0@65.375C/65.781C cv1@66.531C/66.625C gpu@71.156C/72.718C tj@72.25C/72.718C soc1@63.75C/63.875C cv2@61.843C/62.187C VDD_IN 29869mW/28576mW/34068mW VDD_CPU_GPU_CV 16427mW/16978mW/21070mW VDD_SOC 5787mW/4850mW/6099mW
08-11-2026 00:07:12 RAM 10118/15599MB (lfb 261x4MB) CPU [100%@1984,100%@1984,100%@1984,100%@1984,100%@1984,100%@1984,100%@1984,100%@1984] GR3D_FREQ 99% cv0@67.75C/67.75C cpu@72.343C/72.593C soc2@64.25C/64.468C soc0@65.468C/65.781C cv1@66.625C/66.625C gpu@71.25C/72.718C tj@72.343C/72.718C soc1@63.75C/63.875C cv2@61.937C/62.187C VDD_IN 30465mW/28589mW/34068mW VDD_CPU_GPU_CV 17157mW/16979mW/21070mW VDD_SOC 5787mW/4856mW/6099mW
08-11-2026 00:07:13 RAM 10165/15599MB (lfb 261x4MB) CPU [100%@1984,100%@1984,100%@1984,100%@1984,100%@1984,100%@1984,100%@1984,100%@1984] GR3D_FREQ 99% cv0@67.843C/67.843C cpu@72.406C/72.593C soc2@64.5C/64.5C soc0@65.5C/65.781C cv1@66.625C/66.625C gpu@71.656C/72.718C tj@72.406C/72.718C soc1@63.968C/63.968C cv2@62.031C/62.187C VDD_IN 30947mW/28605mW/34068mW VDD_CPU_GPU_CV 17515mW/16983mW/21070mW VDD_SOC 5827mW/4863mW/6099mW
08-11-2026 00:07:13 RAM 10189/15599MB (lfb 261x4MB) CPU [100%@1984,100%@1984,98%@1984,100%@1984,100%@1984,100%@1984,100%@1984,100%@1984] GR3D_FREQ 99% cv0@67.812C/67.843C cpu@72.437C/72.593C soc2@64.531C/64.531C soc0@65.843C/65.843C cv1@66.656C/66.656C gpu@71.625C/72.718C tj@72.437C/72.718C soc1@64.031C/64.031C cv2@62.031C/62.187C VDD_IN 30988mW/28621mW/34068mW VDD_CPU_GPU_CV 17674mW/16988mW/21070mW VDD_SOC 5818mW/4869mW/6099mW
08-11-2026 00:07:14 RAM 10220/15599MB (lfb 261x4MB) CPU [100%@1984,100%@1984,100%@1984,100%@1984,100%@1984,100%@1984,100%@1984,100%@1984] GR3D_FREQ 98% cv0@67.968C/67.968C cpu@72.75C/72.75C soc2@64.656C/64.656C soc0@65.781C/65.843C cv1@66.875C/66.875C gpu@71.625C/72.718C tj@72.75C/72.75C soc1@64.062C/64.062C cv2@62.125C/62.187C VDD_IN 31309mW/28639mW/34068mW VDD_CPU_GPU_CV 17794mW/16993mW/21070mW VDD_SOC 5818mW/4876mW/6099mW
08-11-2026 00:07:14 RAM 11457/15599MB (lfb 157x4MB) CPU [100%@1984,100%@1984,100%@1984,100%@1984,100%@1984,100%@1984,100%@1984,100%@1984] GR3D_FREQ 57% cv0@68.031C/68.031C cpu@72.625C/72.75C soc2@64.593C/64.656C soc0@65.875C/65.875C cv1@66.968C/66.968C gpu@71.062C/72.718C tj@72.625C/72.75C soc1@64.062C/64.062C cv2@62.187C/62.187C VDD_IN 31148mW/28655mW/34068mW VDD_CPU_GPU_CV 17515mW/16996mW/21070mW VDD_SOC 5858mW/4882mW/6099mW
08-11-2026 00:07:15 RAM 10646/15599MB (lfb 192x4MB) CPU [100%@1984,100%@1984,100%@1984,100%@1984,100%@1984,100%@1984,100%@1984,100%@1984] GR3D_FREQ 29% cv0@67.75C/68.031C cpu@72.468C/72.75C soc2@64.375C/64.656C soc0@65.75C/65.875C cv1@66.75C/66.968C gpu@68.968C/72.718C tj@72.468C/72.75C soc1@64.062C/64.062C cv2@62.125C/62.187C VDD_IN 20499mW/28601mW/34068mW VDD_CPU_GPU_CV 10989mW/16957mW/21070mW VDD_SOC 4085mW/4877mW/6099mW
08-11-2026 00:07:15 RAM 8912/15599MB (lfb 199x4MB) CPU [100%@1984,96%@1984,100%@1984,100%@1984,100%@1984,100%@1984,100%@1984,100%@1984] GR3D_FREQ 71% cv0@67.656C/68.031C cpu@72.125C/72.75C soc2@64C/64.656C soc0@65.437C/65.875C cv1@66.593C/66.968C gpu@68.593C/72.718C tj@72.25C/72.75C soc1@64.062C/64.062C cv2@62.031C/62.187C VDD_IN 17082mW/28526mW/34068mW VDD_CPU_GPU_CV 8924mW/16904mW/21070mW VDD_SOC 3448mW/4868mW/6099mW
08-11-2026 00:07:16 RAM 9438/15599MB (lfb 222x4MB) CPU [100%@1984,100%@1984,100%@1984,100%@1984,100%@1984,100%@1984,100%@1984,100%@1984] GR3D_FREQ 99% cv0@67.281C/68.031C cpu@71.781C/72.75C soc2@64.062C/64.656C soc0@65.5C/65.875C cv1@66.5C/66.968C gpu@71.781C/72.718C tj@71.781C/72.75C soc1@63.906C/64.062C cv2@61.875C/62.187C VDD_IN 27216mW/28517mW/34068mW VDD_CPU_GPU_CV 16693mW/16902mW/21070mW VDD_SOC 4267mW/4864mW/6099mW
08-11-2026 00:07:16 RAM 9764/15599MB (lfb 167x4MB) CPU [100%@1984,100%@1984,100%@1984,100%@1984,100%@1984,100%@1984,100%@1984,100%@1984] GR3D_FREQ 99% cv0@67.218C/68.031C cpu@71.937C/72.75C soc2@64.343C/64.656C soc0@65.718C/65.875C cv1@66.562C/66.968C gpu@72.125C/72.718C tj@72.125C/72.75C soc1@63.968C/64.062C cv2@62.093C/62.187C VDD_IN 30433mW/28530mW/34068mW VDD_CPU_GPU_CV 19107mW/16917mW/21070mW VDD_SOC 4662mW/4862mW/6099mW
08-11-2026 00:07:17 RAM 10106/15599MB (lfb 81x4MB) CPU [100%@1984,100%@1984,100%@1984,100%@1984,100%@1984,100%@1984,100%@1984,100%@1984] GR3D_FREQ 99% cv0@67.468C/68.031C cpu@72.218C/72.75C soc2@64.375C/64.656C soc0@65.812C/65.875C cv1@66.625C/66.968C gpu@72.406C/72.718C tj@72.406C/72.75C soc1@64.031C/64.062C cv2@62.062C/62.187C VDD_IN 31520mW/28549mW/34068mW VDD_CPU_GPU_CV 19554mW/16934mW/21070mW VDD_SOC 4935mW/4863mW/6099mW
08-11-2026 00:07:18 RAM 10157/15599MB (lfb 81x4MB) CPU [100%@1984,100%@1984,100%@1984,100%@1984,100%@1984,100%@1984,100%@1984,100%@1984] GR3D_FREQ 99% cv0@67.593C/68.031C cpu@72.25C/72.75C soc2@64.437C/64.656C soc0@65.937C/65.937C cv1@66.687C/66.968C gpu@72.656C/72.718C tj@72.656C/72.75C soc1@64.062C/64.062C cv2@62.218C/62.218C VDD_IN 31520mW/28568mW/34068mW VDD_CPU_GPU_CV 19792mW/16952mW/21070mW VDD_SOC 4694mW/4862mW/6099mW
08-11-2026 00:07:18 RAM 10176/15599MB (lfb 81x4MB) CPU [100%@1984,100%@1984,100%@1984,100%@1984,100%@1984,100%@1984,100%@1984,100%@1984] GR3D_FREQ 99% cv0@67.625C/68.031C cpu@72.031C/72.75C soc2@64.625C/64.656C soc0@65.937C/65.937C cv1@66.687C/66.968C gpu@72.406C/72.718C tj@72.406C/72.75C soc1@64.156C/64.156C cv2@62.218C/62.218C VDD_IN 31439mW/28586mW/34068mW VDD_CPU_GPU_CV 20030mW/16972mW/21070mW VDD_SOC 4534mW/4860mW/6099mW
08-11-2026 00:07:19 RAM 10180/15599MB (lfb 81x4MB) CPU [100%@1984,100%@1984,100%@1984,100%@1984,100%@1984,100%@1984,100%@1984,100%@1984] GR3D_FREQ 99% cv0@67.625C/68.031C cpu@72.25C/72.75C soc2@64.625C/64.656C soc0@66.031C/66.031C cv1@66.812C/66.968C gpu@72.718C/72.718C tj@72.718C/72.75C soc1@64.187C/64.187C cv2@62.218C/62.218C VDD_IN 31439mW/28604mW/34068mW VDD_CPU_GPU_CV 20070mW/16991mW/21070mW VDD_SOC 4494mW/4857mW/6099mW
08-11-2026 00:07:19 RAM 10194/15599MB (lfb 81x4MB) CPU [100%@1984,100%@1984,100%@1984,100%@1984,100%@1984,100%@1984,100%@1984,100%@1984] GR3D_FREQ 99% cv0@67.718C/68.031C cpu@72.375C/72.75C soc2@64.718C/64.718C soc0@66.062C/66.062C cv1@66.781C/66.968C gpu@72.937C/72.937C tj@72.937C/72.937C soc1@64.156C/64.187C cv2@62.343C/62.343C VDD_IN 31319mW/28621mW/34068mW VDD_CPU_GPU_CV 20070mW/17011mW/21070mW VDD_SOC 4454mW/4855mW/6099mW
08-11-2026 00:07:20 RAM 10232/15599MB (lfb 81x4MB) CPU [100%@1984,100%@1984,100%@1984,100%@1984,100%@1984,100%@1984,100%@1984,100%@1984] GR3D_FREQ 99% cv0@67.812C/68.031C cpu@72.468C/72.75C soc2@64.687C/64.718C soc0@66.156C/66.156C cv1@66.937C/66.968C gpu@72.843C/72.937C tj@72.843C/72.937C soc1@64.218C/64.218C cv2@62.343C/62.343C VDD_IN 31399mW/28639mW/34068mW VDD_CPU_GPU_CV 20150mW/17030mW/21070mW VDD_SOC 4494mW/4853mW/6099mW
08-11-2026 00:07:20 RAM 10788/15599MB (lfb 49x4MB) CPU [100%@1984,100%@1984,100%@1984,100%@1984,100%@1984,100%@1984,100%@1984,100%@1984] GR3D_FREQ 99% cv0@67.906C/68.031C cpu@72.343C/72.75C soc2@64.781C/64.781C soc0@66.156C/66.156C cv1@66.843C/66.968C gpu@73.031C/73.031C tj@73.031C/73.031C soc1@64.281C/64.281C cv2@62.468C/62.468C VDD_IN 31399mW/28656mW/34068mW VDD_CPU_GPU_CV 20030mW/17049mW/21070mW VDD_SOC 4534mW/4851mW/6099mW
08-11-2026 00:07:21 RAM 11429/15599MB (lfb 5x4MB) CPU [100%@1984,100%@1984,100%@1984,100%@1984,100%@1984,100%@1984,100%@1984,100%@1984] GR3D_FREQ 99% cv0@68C/68.031C cpu@72.437C/72.75C soc2@64.781C/64.781C soc0@66.187C/66.187C cv1@66.875C/66.968C gpu@73.062C/73.062C tj@73.062C/73.062C soc1@64.281C/64.281C cv2@62.531C/62.531C VDD_IN 32043mW/28677mW/34068mW VDD_CPU_GPU_CV 20150mW/17068mW/21070mW VDD_SOC 4855mW/4851mW/6099mW
08-11-2026 00:07:21 RAM 12199/15599MB (lfb 5x4MB) CPU [100%@1984,100%@1984,100%@1984,100%@1984,100%@1984,100%@1984,100%@1984,100%@1984] GR3D_FREQ 99% cv0@67.937C/68.031C cpu@72.468C/72.75C soc2@64.875C/64.875C soc0@66.343C/66.343C cv1@66.968C/66.968C gpu@73.031C/73.062C tj@73.031C/73.062C soc1@64.343C/64.343C cv2@62.562C/62.562C VDD_IN 31963mW/28697mW/34068mW VDD_CPU_GPU_CV 19951mW/17086mW/21070mW VDD_SOC 4935mW/4851mW/6099mW
08-11-2026 00:07:22 RAM 12225/15599MB (lfb 5x4MB) CPU [100%@1984,100%@1984,100%@1984,100%@1984,100%@1984,100%@1984,100%@1984,100%@1984] GR3D_FREQ 99% cv0@68.093C/68.093C cpu@72.562C/72.75C soc2@64.906C/64.906C soc0@66.281C/66.343C cv1@67.062C/67.062C gpu@72.968C/73.062C tj@72.968C/73.062C soc1@64.5C/64.5C cv2@62.593C/62.593C VDD_IN 31681mW/28715mW/34068mW VDD_CPU_GPU_CV 19911mW/17103mW/21070mW VDD_SOC 4654mW/4850mW/6099mW
08-11-2026 00:07:22 RAM 12270/15599MB (lfb 5x4MB) CPU [100%@1984,100%@1984,100%@1984,100%@1984,100%@1984,100%@1984,100%@1984,100%@1984] GR3D_FREQ 99% cv0@68.125C/68.125C cpu@72.625C/72.75C soc2@65.062C/65.062C soc0@66.375C/66.375C cv1@67.156C/67.156C gpu@73.093C/73.093C tj@73.093C/73.093C soc1@64.531C/64.531C cv2@62.625C/62.625C VDD_IN 31600mW/28733mW/34068mW VDD_CPU_GPU_CV 20030mW/17121mW/21070mW VDD_SOC 4534mW/4848mW/6099mW
08-11-2026 00:07:23 RAM 12285/15599MB (lfb 5x4MB) CPU [100%@1984,100%@1984,100%@1984,100%@1984,100%@1984,100%@1984,100%@1984,100%@1984] GR3D_FREQ 99% cv0@68.187C/68.187C cpu@72.656C/72.75C soc2@65.093C/65.093C soc0@66.406C/66.406C cv1@67.125C/67.156C gpu@73.031C/73.093C tj@73.031C/73.093C soc1@64.656C/64.656C cv2@62.781C/62.781C VDD_IN 31480mW/28749mW/34068mW VDD_CPU_GPU_CV 20150mW/17139mW/21070mW VDD_SOC 4494mW/4846mW/6099mW
08-11-2026 00:07:23 RAM 12304/15599MB (lfb 7x4MB) CPU [100%@1984,100%@1984,100%@1984,100%@1984,100%@1984,100%@1984,100%@1984,100%@1984] GR3D_FREQ 99% cv0@68.281C/68.281C cpu@72.843C/72.843C soc2@65.156C/65.156C soc0@66.656C/66.656C cv1@67.312C/67.312C gpu@72.781C/73.093C tj@72.843C/73.093C soc1@64.593C/64.656C cv2@62.75C/62.781C VDD_IN 31198mW/28764mW/34068mW VDD_CPU_GPU_CV 19951mW/17156mW/21070mW VDD_SOC 4534mW/4844mW/6099mW
08-11-2026 00:07:24 RAM 12316/15599MB (lfb 7x4MB) CPU [100%@1984,100%@1984,100%@1984,100%@1984,100%@1984,100%@1984,100%@1984,100%@1984] GR3D_FREQ 99% cv0@68.468C/68.468C cpu@72.968C/72.968C soc2@65.25C/65.25C soc0@66.531C/66.656C cv1@67.406C/67.406C gpu@72.843C/73.093C tj@72.968C/73.093C soc1@64.593C/64.656C cv2@62.843C/62.843C VDD_IN 31238mW/28779mW/34068mW VDD_CPU_GPU_CV 19275mW/17168mW/21070mW VDD_SOC 4935mW/4845mW/6099mW
08-11-2026 00:07:24 RAM 12313/15599MB (lfb 7x4MB) CPU [100%@1984,100%@1984,100%@1984,100%@1984,100%@1984,100%@1984,100%@1984,100%@1984] GR3D_FREQ 99% cv0@68.5C/68.5C cpu@73C/73C soc2@65.218C/65.25C soc0@66.593C/66.656C cv1@67.468C/67.468C gpu@72.656C/73.093C tj@73C/73.093C soc1@64.781C/64.781C cv2@62.968C/62.968C VDD_IN 31238mW/28793mW/34068mW VDD_CPU_GPU_CV 19037mW/17179mW/21070mW VDD_SOC 5096mW/4846mW/6099mW
08-11-2026 00:07:25 RAM 12311/15599MB (lfb 7x4MB) CPU [100%@1984,100%@1984,100%@1984,100%@1984,100%@1984,100%@1984,100%@1984,100%@1984] GR3D_FREQ 99% cv0@68.5C/68.5C cpu@72.968C/73C soc2@65.312C/65.312C soc0@66.687C/66.687C cv1@67.531C/67.531C gpu@72.718C/73.093C tj@72.968C/73.093C soc1@64.718C/64.781C cv2@62.906C/62.968C VDD_IN 31229mW/28807mW/34068mW VDD_CPU_GPU_CV 18997mW/17190mW/21070mW VDD_SOC 5136mW/4848mW/6099mW
08-11-2026 00:07:25 RAM 12311/15599MB (lfb 7x4MB) CPU [100%@1984,100%@1984,100%@1984,100%@1984,100%@1984,100%@1984,100%@1984,100%@1984] GR3D_FREQ 99% cv0@68.468C/68.5C cpu@73.218C/73.218C soc2@65.437C/65.437C soc0@66.75C/66.75C cv1@67.593C/67.593C gpu@72.781C/73.093C tj@73.218C/73.218C soc1@64.687C/64.781C cv2@62.968C/62.968C VDD_IN 31188mW/28821mW/34068mW VDD_CPU_GPU_CV 18997mW/17201mW/21070mW VDD_SOC 5136mW/4849mW/6099mW
08-11-2026 00:07:26 RAM 12307/15599MB (lfb 7x4MB) CPU [100%@1984,100%@1984,100%@1984,100%@1984,100%@1984,100%@1984,100%@1984,100%@1984] GR3D_FREQ 99% cv0@68.531C/68.531C cpu@73.125C/73.218C soc2@65.468C/65.468C soc0@66.843C/66.843C cv1@67.531C/67.593C gpu@72.875C/73.093C tj@73.125C/73.218C soc1@64.812C/64.812C cv2@63.281C/63.281C VDD_IN 31198mW/28835mW/34068mW VDD_CPU_GPU_CV 18878mW/17210mW/21070mW VDD_SOC 5136mW/4851mW/6099mW
08-11-2026 00:07:26 RAM 12302/15599MB (lfb 7x4MB) CPU [100%@1984,100%@1984,100%@1984,100%@1984,100%@1984,100%@1984,100%@1984,100%@1984] GR3D_FREQ 99% cv0@68.562C/68.562C cpu@73.218C/73.218C soc2@65.531C/65.531C soc0@66.843C/66.843C cv1@67.593C/67.593C gpu@72.906C/73.093C tj@73.218C/73.218C soc1@64.843C/64.843C cv2@63.125C/63.281C VDD_IN 31229mW/28849mW/34068mW VDD_CPU_GPU_CV 18997mW/17221mW/21070mW VDD_SOC 5136mW/4853mW/6099mW
08-11-2026 00:07:27 RAM 12302/15599MB (lfb 7x4MB) CPU [100%@1984,100%@1984,100%@1984,100%@1984,100%@1984,100%@1984,100%@1984,100%@1984] GR3D_FREQ 99% cv0@68.718C/68.718C cpu@73.343C/73.343C soc2@65.5C/65.531C soc0@66.812C/66.843C cv1@67.625C/67.625C gpu@72.906C/73.093C tj@73.343C/73.343C soc1@64.875C/64.875C cv2@63.312C/63.312C VDD_IN 31229mW/28863mW/34068mW VDD_CPU_GPU_CV 18918mW/17231mW/21070mW VDD_SOC 5176mW/4855mW/6099mW
08-11-2026 00:07:27 RAM 12296/15599MB (lfb 7x4MB) CPU [100%@1984,100%@1984,100%@1984,100%@1984,100%@1984,100%@1984,100%@1984,100%@1984] GR3D_FREQ 99% cv0@68.75C/68.75C cpu@73.281C/73.343C soc2@65.562C/65.562C soc0@66.812C/66.843C cv1@67.625C/67.625C gpu@72.843C/73.093C tj@73.281C/73.343C soc1@64.906C/64.906C cv2@63.218C/63.312C VDD_IN 31278mW/28876mW/34068mW VDD_CPU_GPU_CV 18957mW/17240mW/21070mW VDD_SOC 5136mW/4856mW/6099mW
08-11-2026 00:07:28 RAM 12310/15599MB (lfb 5x4MB) CPU [100%@1984,100%@1984,100%@1984,100%@1984,100%@1984,100%@1984,100%@1984,100%@1984] GR3D_FREQ 99% cv0@68.687C/68.75C cpu@73.25C/73.343C soc2@65.562C/65.562C soc0@66.906C/66.906C cv1@67.687C/67.687C gpu@72.843C/73.093C tj@73.25C/73.343C soc1@65.031C/65.031C cv2@63.281C/63.312C VDD_IN 31229mW/28890mW/34068mW VDD_CPU_GPU_CV 18918mW/17250mW/21070mW VDD_SOC 5176mW/4858mW/6099mW
08-11-2026 00:07:28 RAM 12301/15599MB (lfb 5x4MB) CPU [100%@1984,100%@1984,100%@1984,100%@1984,100%@1984,100%@1984,100%@1984,100%@1984] GR3D_FREQ 99% cv0@68.843C/68.843C cpu@73.343C/73.343C soc2@65.656C/65.656C soc0@66.875C/66.906C cv1@67.656C/67.687C gpu@73.187C/73.187C tj@73.343C/73.343C soc1@65.062C/65.062C cv2@63.312C/63.312C VDD_IN 31269mW/28903mW/34068mW VDD_CPU_GPU_CV 18997mW/17260mW/21070mW VDD_SOC 5136mW/4860mW/6099mW
08-11-2026 00:07:29 RAM 12299/15599MB (lfb 5x4MB) CPU [100%@1984,100%@1984,100%@1984,100%@1984,100%@1984,100%@1984,100%@1984,100%@1984] GR3D_FREQ 99% cv0@68.875C/68.875C cpu@73.312C/73.343C soc2@65.656C/65.656C soc0@67C/67C cv1@67.906C/67.906C gpu@73.156C/73.187C tj@73.312C/73.343C soc1@65.031C/65.062C cv2@63.312C/63.312C VDD_IN 31229mW/28916mW/34068mW VDD_CPU_GPU_CV 18988mW/17270mW/21070mW VDD_SOC 5176mW/4861mW/6099mW
08-11-2026 00:07:29 RAM 12293/15599MB (lfb 5x4MB) CPU [100%@1984,100%@1984,100%@1984,100%@1984,100%@1984,100%@1984,100%@1984,100%@1984] GR3D_FREQ 99% cv0@68.843C/68.875C cpu@73.625C/73.625C soc2@65.718C/65.718C soc0@67C/67C cv1@67.812C/67.906C gpu@73.156C/73.187C tj@73.625C/73.625C soc1@65.062C/65.062C cv2@63.312C/63.312C VDD_IN 31108mW/28929mW/34068mW VDD_CPU_GPU_CV 18918mW/17279mW/21070mW VDD_SOC 5136mW/4863mW/6099mW
08-11-2026 00:07:30 RAM 12296/15599MB (lfb 6x4MB) CPU [100%@1984,100%@1984,100%@1984,100%@1984,100%@1984,100%@1984,100%@1984,100%@1984] GR3D_FREQ 99% cv0@68.875C/68.875C cpu@73.437C/73.625C soc2@65.781C/65.781C soc0@67.031C/67.031C cv1@67.906C/67.906C gpu@73.281C/73.281C tj@73.437C/73.625C soc1@65.218C/65.218C cv2@63.375C/63.375C VDD_IN 31269mW/28942mW/34068mW VDD_CPU_GPU_CV 18957mW/17288mW/21070mW VDD_SOC 5176mW/4865mW/6099mW
08-11-2026 00:07:30 RAM 12296/15599MB (lfb 6x4MB) CPU [100%@1984,100%@1984,100%@1984,100%@1984,100%@1984,100%@1984,100%@1984,100%@1984] GR3D_FREQ 99% cv0@69.156C/69.156C cpu@73.593C/73.625C soc2@65.781C/65.781C soc0@67.062C/67.062C cv1@68.031C/68.031C gpu@73.187C/73.281C tj@73.593C/73.625C soc1@65.187C/65.218C cv2@63.656C/63.656C VDD_IN 31188mW/28954mW/34068mW VDD_CPU_GPU_CV 18918mW/17297mW/21070mW VDD_SOC 5136mW/4866mW/6099mW
08-11-2026 00:07:31 RAM 12284/15599MB (lfb 6x4MB) CPU [100%@1984,100%@1984,100%@1984,100%@1984,100%@1984,100%@1984,100%@1984,100%@1984] GR3D_FREQ 99% cv0@68.75C/69.156C cpu@73.468C/73.625C soc2@65.843C/65.843C soc0@67.062C/67.062C cv1@67.906C/68.031C gpu@73.468C/73.468C tj@73.468C/73.625C soc1@65.187C/65.218C cv2@63.625C/63.656C VDD_IN 31278mW/28967mW/34068mW VDD_CPU_GPU_CV 19116mW/17307mW/21070mW VDD_SOC 5056mW/4867mW/6099mW
08-11-2026 00:07:31 RAM 11433/15599MB (lfb 8x4MB) CPU [100%@1984,100%@1984,100%@1984,100%@1984,100%@1984,100%@1984,100%@1984,100%@1984] GR3D_FREQ 94% cv0@68.906C/69.156C cpu@73.312C/73.625C soc2@65.843C/65.843C soc0@67.218C/67.218C cv1@67.906C/68.031C gpu@73.968C/73.968C tj@73.968C/73.968C soc1@65.187C/65.218C cv2@63.531C/63.656C VDD_IN 31439mW/28980mW/34068mW VDD_CPU_GPU_CV 19792mW/17321mW/21070mW VDD_SOC 4775mW/4867mW/6099mW
08-11-2026 00:07:32 RAM 10165/15599MB (lfb 148x4MB) CPU [100%@1984,100%@1984,100%@1984,100%@1984,100%@1984,100%@1984,100%@1984,100%@1984] GR3D_FREQ 99% cv0@68.875C/69.156C cpu@73.468C/73.625C soc2@65.812C/65.843C soc0@67.218C/67.218C cv1@67.843C/68.031C gpu@73.406C/73.968C tj@73.468C/73.968C soc1@65.25C/65.25C cv2@63.593C/63.656C VDD_IN 31681mW/28995mW/34068mW VDD_CPU_GPU_CV 20110mW/17336mW/21070mW VDD_SOC 4694mW/4866mW/6099mW
08-11-2026 00:07:32 RAM 8881/15599MB (lfb 149x4MB) CPU [100%@1984,100%@1984,100%@1984,100%@1984,100%@1984,100%@1984,100%@1984,100%@1984] GR3D_FREQ 99% cv0@68.843C/69.156C cpu@73.343C/73.625C soc2@65.781C/65.843C soc0@67.281C/67.281C cv1@67.937C/68.031C gpu@73.875C/73.968C tj@73.875C/73.968C soc1@65.281C/65.281C cv2@63.687C/63.687C VDD_IN 31560mW/29009mW/34068mW VDD_CPU_GPU_CV 20150mW/17351mW/21070mW VDD_SOC 4614mW/4864mW/6099mW
08-11-2026 00:07:33 RAM 8335/15599MB (lfb 160x4MB) CPU [100%@1984,100%@1984,100%@1984,100%@1984,100%@1984,100%@1984,100%@1984,100%@1984] GR3D_FREQ 99% cv0@68.812C/69.156C cpu@73.312C/73.625C soc2@65.843C/65.843C soc0@67.281C/67.281C cv1@67.968C/68.031C gpu@74.062C/74.062C tj@74.062C/74.062C soc1@65.468C/65.468C cv2@63.656C/63.687C VDD_IN 31560mW/29023mW/34068mW VDD_CPU_GPU_CV 20229mW/17366mW/21070mW VDD_SOC 4574mW/4863mW/6099mW
08-11-2026 00:07:33 RAM 8970/15599MB (lfb 160x4MB) CPU [100%@1984,100%@1984,100%@1984,100%@1984,100%@1984,100%@1984,100%@1984,100%@1984] GR3D_FREQ 99% cv0@68.843C/69.156C cpu@73.406C/73.625C soc2@65.968C/65.968C soc0@67.312C/67.312C cv1@68C/68.031C gpu@73.812C/74.062C tj@73.812C/74.062C soc1@65.5C/65.5C cv2@63.656C/63.687C VDD_IN 31439mW/29035mW/34068mW VDD_CPU_GPU_CV 20030mW/17381mW/21070mW VDD_SOC 4614mW/4861mW/6099mW
08-11-2026 00:07:34 RAM 8979/15599MB (lfb 160x4MB) CPU [100%@1984,100%@1984,100%@1984,100%@1984,100%@1984,100%@1984,100%@1984,100%@1984] GR3D_FREQ 99% cv0@68.875C/69.156C cpu@73.812C/73.812C soc2@65.968C/65.968C soc0@67.281C/67.312C cv1@68.031C/68.031C gpu@74.093C/74.093C tj@74.093C/74.093C soc1@65.406C/65.5C cv2@63.687C/63.687C VDD_IN 32084mW/29052mW/34068mW VDD_CPU_GPU_CV 20150mW/17395mW/21070mW VDD_SOC 4895mW/4862mW/6099mW
08-11-2026 00:07:34 RAM 9405/15599MB (lfb 160x4MB) CPU [100%@1984,100%@1984,100%@1984,100%@1984,100%@1984,100%@1984,100%@1984,100%@1984] GR3D_FREQ 99% cv0@69.031C/69.156C cpu@73.656C/73.812C soc2@65.937C/65.968C soc0@67.531C/67.531C cv1@68.031C/68.031C gpu@74.093C/74.093C tj@74.093C/74.093C soc1@65.468C/65.5C cv2@63.781C/63.781C VDD_IN 31802mW/29066mW/34068mW VDD_CPU_GPU_CV 19951mW/17409mW/21070mW VDD_SOC 4895mW/4862mW/6099mW
08-11-2026 00:07:35 RAM 9425/15599MB (lfb 160x4MB) CPU [100%@1984,100%@1984,100%@1984,100%@1984,100%@1984,100%@1984,100%@1984,100%@1984] GR3D_FREQ 99% cv0@69.093C/69.156C cpu@73.843C/73.843C soc2@66.062C/66.062C soc0@67.593C/67.593C cv1@68.281C/68.281C gpu@74.125C/74.125C tj@74.125C/74.125C soc1@65.5C/65.5C cv2@63.812C/63.812C VDD_IN 31520mW/29079mW/34068mW VDD_CPU_GPU_CV 20030mW/17423mW/21070mW VDD_SOC 4614mW/4861mW/6099mW
08-11-2026 00:07:35 RAM 9456/15599MB (lfb 160x4MB) CPU [100%@1984,100%@1984,100%@1984,100%@1984,100%@1984,100%@1984,100%@1984,100%@1984] GR3D_FREQ 99% cv0@69.156C/69.156C cpu@73.593C/73.843C soc2@66.125C/66.125C soc0@67.5C/67.593C cv1@68.093C/68.281C gpu@73.937C/74.125C tj@73.937C/74.125C soc1@65.656C/65.656C cv2@63.875C/63.875C VDD_IN 31480mW/29092mW/34068mW VDD_CPU_GPU_CV 20150mW/17437mW/21070mW VDD_SOC 4534mW/4859mW/6099mW
08-11-2026 00:07:36 RAM 9472/15599MB (lfb 160x4MB) CPU [100%@1984,100%@1984,100%@1984,100%@1984,100%@1984,100%@1984,100%@1984,100%@1984] GR3D_FREQ 99% cv0@69.125C/69.156C cpu@73.656C/73.843C soc2@66.25C/66.25C soc0@67.718C/67.718C cv1@68.312C/68.312C gpu@74.125C/74.125C tj@74.125C/74.125C soc1@65.593C/65.656C cv2@63.843C/63.875C VDD_IN 31480mW/29104mW/34068mW VDD_CPU_GPU_CV 20229mW/17452mW/21070mW VDD_SOC 4494mW/4857mW/6099mW
08-11-2026 00:07:36 RAM 8620/15599MB (lfb 160x4MB) CPU [100%@1984,100%@1984,100%@1984,100%@1984,100%@1984,100%@1984,100%@1984,100%@1984] GR3D_FREQ 0% cv0@69.406C/69.406C cpu@74.156C/74.156C soc2@66.218C/66.25C soc0@67.593C/67.718C cv1@68.375C/68.375C gpu@71.281C/74.125C tj@74.156C/74.156C soc1@65.562C/65.656C cv2@63.875C/63.875C VDD_IN 25563mW/29086mW/34068mW VDD_CPU_GPU_CV 15960mW/17444mW/21070mW VDD_SOC 3870mW/4852mW/6099mW
08-11-2026 00:07:37 RAM 8945/15599MB (lfb 156x4MB) CPU [100%@1984,100%@1984,100%@1984,100%@1984,100%@1984,100%@1984,100%@1984,100%@1984] GR3D_FREQ 18% cv0@69.218C/69.406C cpu@74.156C/74.156C soc2@65.781C/66.25C soc0@67.437C/67.718C cv1@68.343C/68.375C gpu@70.218C/74.125C tj@74.156C/74.156C soc1@65.531C/65.656C cv2@63.781C/63.875C VDD_IN 17812mW/29028mW/34068mW VDD_CPU_GPU_CV 10120mW/17406mW/21070mW VDD_SOC 3200mW/4843mW/6099mW
08-11-2026 00:07:37 RAM 7945/15599MB (lfb 166x4MB) CPU [100%@1984,100%@1984,100%@1984,100%@1984,100%@1984,100%@1984,100%@1984,100%@1984] GR3D_FREQ 0% cv0@69.156C/69.406C cpu@73.781C/74.156C soc2@65.593C/66.25C soc0@67.187C/67.718C cv1@68.093C/68.375C gpu@69.937C/74.125C tj@73.781C/74.156C soc1@65.531C/65.656C cv2@63.781C/63.875C VDD_IN 16377mW/28963mW/34068mW VDD_CPU_GPU_CV 8561mW/17361mW/21070mW VDD_SOC 3327mW/4835mW/6099mW
08-11-2026 00:07:38 RAM 9524/15599MB (lfb 166x4MB) CPU [100%@1984,100%@1984,100%@1984,100%@1984,100%@1984,100%@1984,100%@1984,100%@1984] GR3D_FREQ 67% cv0@68.875C/69.406C cpu@73.718C/74.156C soc2@65.437C/66.25C soc0@66.968C/67.718C cv1@68.062C/68.375C gpu@69.687C/74.125C tj@73.718C/74.156C soc1@65.406C/65.656C cv2@63.531C/63.875C VDD_IN 15768mW/28895mW/34068mW VDD_CPU_GPU_CV 8089mW/17313mW/21070mW VDD_SOC 3246mW/4827mW/6099mW
08-11-2026 00:07:38 RAM 9956/15599MB (lfb 166x4MB) CPU [100%@1984,100%@1984,100%@1984,100%@1984,100%@1984,100%@1984,100%@1984,100%@1984] GR3D_FREQ 28% cv0@68.781C/69.406C cpu@73.5C/74.156C soc2@65.312C/66.25C soc0@66.843C/67.718C cv1@67.937C/68.375C gpu@69.593C/74.125C tj@73.656C/74.156C soc1@65.312C/65.656C cv2@63.406C/63.875C VDD_IN 16134mW/28831mW/34068mW VDD_CPU_GPU_CV 8278mW/17268mW/21070mW VDD_SOC 3327mW/4820mW/6099mW
08-11-2026 00:07:39 RAM 10070/15599MB (lfb 166x4MB) CPU [100%@1984,100%@1984,100%@1984,100%@1984,100%@1984,100%@1984,100%@1984,100%@1984] GR3D_FREQ 99% cv0@68.812C/69.406C cpu@73.468C/74.156C soc2@65.343C/66.25C soc0@66.812C/67.718C cv1@67.812C/68.375C gpu@71.843C/74.125C tj@73.468C/74.156C soc1@65.25C/65.656C cv2@63.343C/63.875C VDD_IN 22934mW/28801mW/34068mW VDD_CPU_GPU_CV 12640mW/17244mW/21070mW VDD_SOC 4442mW/4818mW/6099mW
08-11-2026 00:07:39 RAM 10100/15599MB (lfb 166x4MB) CPU [100%@1984,100%@1984,100%@1984,100%@1984,100%@1984,100%@1984,100%@1984,100%@1984] GR3D_FREQ 99% cv0@69.062C/69.406C cpu@73.625C/74.156C soc2@65.656C/66.25C soc0@66.843C/67.718C cv1@67.968C/68.375C gpu@72.343C/74.125C tj@73.625C/74.156C soc1@65.375C/65.656C cv2@63.437C/63.875C VDD_IN 28581mW/28800mW/34068mW VDD_CPU_GPU_CV 16108mW/17238mW/21070mW VDD_SOC 5394mW/4821mW/6099mW
08-11-2026 00:07:40 RAM 10137/15599MB (lfb 161x4MB) CPU [100%@1984,100%@1984,100%@1984,100%@1984,100%@1984,100%@1984,100%@1984,100%@1984] GR3D_FREQ 99% cv0@69.218C/69.406C cpu@73.75C/74.156C soc2@65.812C/66.25C soc0@67.093C/67.718C cv1@68.093C/68.375C gpu@72.593C/74.125C tj@73.75C/74.156C soc1@65.531C/65.656C cv2@63.562C/63.875C VDD_IN 30675mW/28809mW/34068mW VDD_CPU_GPU_CV 17356mW/17239mW/21070mW VDD_SOC 5747mW/4825mW/6099mW
08-11-2026 00:07:40 RAM 10160/15599MB (lfb 155x4MB) CPU [100%@1984,100%@1984,100%@1984,100%@1984,100%@1984,100%@1984,100%@1984,100%@1984] GR3D_FREQ 98% cv0@69.25C/69.406C cpu@73.937C/74.156C soc2@65.937C/66.25C soc0@67.031C/67.718C cv1@68.156C/68.375C gpu@72.968C/74.125C tj@73.937C/74.156C soc1@65.468C/65.656C cv2@63.625C/63.875C VDD_IN 31229mW/28821mW/34068mW VDD_CPU_GPU_CV 17674mW/17241mW/21070mW VDD_SOC 5818mW/4830mW/6099mW
08-11-2026 00:07:41 RAM 10362/15599MB (lfb 151x4MB) CPU [100%@1984,100%@1984,100%@1984,100%@1984,100%@1984,100%@1984,100%@1984,100%@1984] GR3D_FREQ 99% cv0@69.281C/69.406C cpu@74.187C/74.187C soc2@65.968C/66.25C soc0@67.156C/67.718C cv1@68.375C/68.375C gpu@72.906C/74.125C tj@74.187C/74.187C soc1@65.562C/65.656C cv2@63.718C/63.875C VDD_IN 31108mW/28833mW/34068mW VDD_CPU_GPU_CV 17674mW/17243mW/21070mW VDD_SOC 5818mW/4835mW/6099mW
08-11-2026 00:07:41 RAM 11512/15599MB (lfb 151x4MB) CPU [100%@1984,100%@1984,100%@1984,100%@1984,100%@1984,100%@1984,100%@1984,100%@1984] GR3D_FREQ 82% cv0@69.343C/69.406C cpu@74.531C/74.531C soc2@66.062C/66.25C soc0@67.312C/67.718C cv1@68.406C/68.406C gpu@73.031C/74.125C tj@74.531C/74.531C soc1@65.5C/65.656C cv2@63.75C/63.875C VDD_IN 31148mW/28844mW/34068mW VDD_CPU_GPU_CV 17276mW/17244mW/21070mW VDD_SOC 6019mW/4841mW/6099mW
08-11-2026 00:07:42 RAM 12291/15599MB (lfb 7x4MB) CPU [100%@1984,100%@1984,100%@1984,100%@1984,100%@1984,100%@1984,100%@1984,100%@1984] GR3D_FREQ 99% cv0@69.531C/69.531C cpu@74.406C/74.531C soc2@66.187C/66.25C soc0@67.312C/67.718C cv1@68.5C/68.5C gpu@72.843C/74.125C tj@74.406C/74.531C soc1@65.531C/65.656C cv2@63.781C/63.875C VDD_IN 31309mW/28856mW/34068mW VDD_CPU_GPU_CV 17197mW/17243mW/21070mW VDD_SOC 6099mW/4847mW/6099mW
08-11-2026 00:07:42 RAM 12193/15599MB (lfb 3x4MB) CPU [100%@1984,100%@1984,100%@1984,100%@1984,100%@1984,100%@1984,100%@1984,100%@1984] GR3D_FREQ 99% cv0@69.031C/69.531C cpu@73.781C/74.531C soc2@66.031C/66.25C soc0@67.312C/67.718C cv1@68.312C/68.5C gpu@73.656C/74.125C tj@73.781C/74.531C soc1@65.562C/65.656C cv2@63.781C/63.875C VDD_IN 31309mW/28868mW/34068mW VDD_CPU_GPU_CV 18232mW/17248mW/21070mW VDD_SOC 5577mW/4851mW/6099mW
08-11-2026 00:07:43 RAM 11481/15599MB (lfb 17x4MB) CPU [100%@1984,98%@1984,100%@1984,100%@1984,100%@1984,100%@1984,100%@1984,100%@1984] GR3D_FREQ 99% cv0@69C/69.531C cpu@73.718C/74.531C soc2@66.062C/66.25C soc0@67.437C/67.718C cv1@68.375C/68.5C gpu@73.906C/74.125C tj@73.906C/74.531C soc1@65.593C/65.656C cv2@63.781C/63.875C VDD_IN 31439mW/28880mW/34068mW VDD_CPU_GPU_CV 19474mW/17259mW/21070mW VDD_SOC 4895mW/4851mW/6099mW
08-11-2026 00:07:43 RAM 9003/15599MB (lfb 67x4MB) CPU [100%@1984,100%@1984,100%@1984,100%@1984,100%@1984,100%@1984,100%@1984,100%@1984] GR3D_FREQ 99% cv0@68.968C/69.531C cpu@73.531C/74.531C soc2@66.062C/66.25C soc0@67.312C/67.718C cv1@68.156C/68.5C gpu@74.156C/74.156C tj@74.156C/74.531C soc1@65.593C/65.656C cv2@63.781C/63.875C VDD_IN 31641mW/28894mW/34068mW VDD_CPU_GPU_CV 19991mW/17272mW/21070mW VDD_SOC 4775mW/4851mW/6099mW
08-11-2026 00:07:44 RAM 8376/15599MB (lfb 72x4MB) CPU [100%@1984,100%@1984,100%@1984,100%@1984,100%@1984,100%@1984,100%@1984,100%@1984] GR3D_FREQ 99% cv0@69.218C/69.531C cpu@73.718C/74.531C soc2@66.125C/66.25C soc0@67.562C/67.718C cv1@68.218C/68.5C gpu@74.156C/74.156C tj@74.156C/74.531C soc1@65.812C/65.812C cv2@63.843C/63.875C VDD_IN 31439mW/28906mW/34068mW VDD_CPU_GPU_CV 19951mW/17285mW/21070mW VDD_SOC 4614mW/4849mW/6099mW
08-11-2026 00:07:44 RAM 9324/15599MB (lfb 72x4MB) CPU [100%@1984,100%@1984,100%@1984,100%@1984,100%@1984,100%@1984,100%@1984,100%@1984] GR3D_FREQ 99% cv0@69.156C/69.531C cpu@73.687C/74.531C soc2@66.125C/66.25C soc0@67.562C/67.718C cv1@68.218C/68.5C gpu@74.125C/74.156C tj@74.125C/74.531C soc1@65.687C/65.812C cv2@63.968C/63.968C VDD_IN 31439mW/28918mW/34068mW VDD_CPU_GPU_CV 19872mW/17297mW/21070mW VDD_SOC 4735mW/4849mW/6099mW
08-11-2026 00:07:45 RAM 9320/15599MB (lfb 72x4MB) CPU [100%@1984,100%@1984,100%@1984,100%@1984,100%@1984,100%@1984,100%@1984,100%@1984] GR3D_FREQ 99% cv0@69.25C/69.531C cpu@73.781C/74.531C soc2@66.187C/66.25C soc0@67.562C/67.718C cv1@68.281C/68.5C gpu@74.156C/74.156C tj@74.156C/74.531C soc1@65.812C/65.812C cv2@64.031C/64.031C VDD_IN 31963mW/28933mW/34068mW VDD_CPU_GPU_CV 20070mW/17311mW/21070mW VDD_SOC 4895mW/4849mW/6099mW
08-11-2026 00:07:45 RAM 9675/15599MB (lfb 72x4MB) CPU [100%@1984,100%@1984,100%@1984,100%@1984,100%@1984,100%@1984,100%@1984,100%@1984] GR3D_FREQ 99% cv0@69.281C/69.531C cpu@73.843C/74.531C soc2@66.281C/66.281C soc0@67.531C/67.718C cv1@68.468C/68.5C gpu@74.125C/74.156C tj@74.343C/74.531C soc1@65.781C/65.812C cv2@64.125C/64.125C VDD_IN 32043mW/28947mW/34068mW VDD_CPU_GPU_CV 20030mW/17323mW/21070mW VDD_SOC 4895mW/4849mW/6099mW
08-11-2026 00:07:46 RAM 9711/15599MB (lfb 72x4MB) CPU [100%@1984,100%@1984,100%@1984,100%@1984,100%@1984,100%@1984,100%@1984,100%@1984] GR3D_FREQ 99% cv0@69.406C/69.531C cpu@73.843C/74.531C soc2@66.312C/66.312C soc0@67.593C/67.718C cv1@68.468C/68.5C gpu@74.5C/74.5C tj@74.5C/74.531C soc1@65.843C/65.843C cv2@64.125C/64.125C VDD_IN 31802mW/28961mW/34068mW VDD_CPU_GPU_CV 20110mW/17337mW/21070mW VDD_SOC 4614mW/4848mW/6099mW
08-11-2026 00:07:46 RAM 9741/15599MB (lfb 72x4MB) CPU [100%@1984,100%@1984,100%@1984,100%@1984,100%@1984,100%@1984,100%@1984,100%@1984] GR3D_FREQ 99% cv0@69.406C/69.531C cpu@73.875C/74.531C soc2@66.312C/66.312C soc0@67.687C/67.718C cv1@68.437C/68.5C gpu@74.156C/74.5C tj@74.156C/74.531C soc1@65.906C/65.906C cv2@64.156C/64.156C VDD_IN 31480mW/28973mW/34068mW VDD_CPU_GPU_CV 20150mW/17350mW/21070mW VDD_SOC 4494mW/4847mW/6099mW
08-11-2026 00:07:47 RAM 9761/15599MB (lfb 72x4MB) CPU [100%@1984,100%@1984,100%@1984,100%@1984,100%@1984,100%@1984,100%@1984,100%@1984] GR3D_FREQ 99% cv0@69.531C/69.531C cpu@74.187C/74.531C soc2@66.312C/66.312C soc0@67.718C/67.718C cv1@68.5C/68.5C gpu@74.437C/74.5C tj@74.437C/74.531C soc1@65.875C/65.906C cv2@64.218C/64.218C VDD_IN 31399mW/28984mW/34068mW VDD_CPU_GPU_CV 20110mW/17363mW/21070mW VDD_SOC 4501mW/4845mW/6099mW
08-11-2026 00:07:47 RAM 9785/15599MB (lfb 72x4MB) CPU [100%@1984,100%@1984,100%@1984,100%@1984,100%@1984,100%@1984,100%@1984,100%@1984] GR3D_FREQ 99% cv0@69.468C/69.531C cpu@73.75C/74.531C soc2@66.281C/66.312C soc0@67.781C/67.781C cv1@68.5C/68.5C gpu@74.531C/74.531C tj@74.531C/74.531C soc1@65.968C/65.968C cv2@64.187C/64.218C VDD_IN 31278mW/28995mW/34068mW VDD_CPU_GPU_CV 20030mW/17375mW/21070mW VDD_SOC 4501mW/4843mW/6099mW
08-11-2026 00:07:48 RAM 9822/15599MB (lfb 72x4MB) CPU [100%@1984,100%@1984,100%@1984,100%@1984,100%@1984,100%@1984,100%@1984,100%@1984] GR3D_FREQ 99% cv0@69.437C/69.531C cpu@73.906C/74.531C soc2@66.343C/66.343C soc0@67.843C/67.843C cv1@68.562C/68.562C gpu@74.375C/74.531C tj@74.375C/74.531C soc1@65.937C/65.968C cv2@64.281C/64.281C VDD_IN 31278mW/29005mW/34068mW VDD_CPU_GPU_CV 20189mW/17388mW/21070mW VDD_SOC 4501mW/4842mW/6099mW
08-11-2026 00:07:48 RAM 11415/15599MB (lfb 1x4MB) CPU [100%@1984,100%@1984,100%@1984,100%@1984,100%@1984,100%@1984,100%@1984,100%@1984] GR3D_FREQ 99% cv0@69.312C/69.531C cpu@74.093C/74.531C soc2@66.531C/66.531C soc0@67.968C/67.968C cv1@68.562C/68.562C gpu@74.375C/74.531C tj@74.375C/74.531C soc1@65.937C/65.968C cv2@64.281C/64.281C VDD_IN 31359mW/29016mW/34068mW VDD_CPU_GPU_CV 20030mW/17400mW/21070mW VDD_SOC 4574mW/4841mW/6099mW
08-11-2026 00:07:49 RAM 11412/15599MB (lfb 1x4MB) CPU [100%@1984,100%@1984,100%@1984,100%@1984,100%@1984,100%@1984,100%@1984,100%@1984] GR3D_FREQ 99% cv0@69.437C/69.531C cpu@74.125C/74.531C soc2@66.562C/66.562C soc0@67.937C/67.968C cv1@68.593C/68.593C gpu@74.625C/74.625C tj@74.625C/74.625C soc1@65.906C/65.968C cv2@64.312C/64.312C VDD_IN 32204mW/29031mW/34068mW VDD_CPU_GPU_CV 20070mW/17413mW/21070mW VDD_SOC 4975mW/4841mW/6099mW
08-11-2026 00:07:50 RAM 12199/15599MB (lfb 1x4MB) CPU [100%@1984,100%@1984,100%@1984,100%@1984,100%@1984,100%@1984,100%@1984,100%@1984] GR3D_FREQ 99% cv0@69.593C/69.593C cpu@74.156C/74.531C soc2@66.625C/66.625C soc0@68.031C/68.031C cv1@68.656C/68.656C gpu@74.625C/74.625C tj@74.625C/74.625C soc1@66.031C/66.031C cv2@64.281C/64.312C VDD_IN 31963mW/29044mW/34068mW VDD_CPU_GPU_CV 20030mW/17425mW/21070mW VDD_SOC 4895mW/4841mW/6099mW
08-11-2026 00:07:50 RAM 12212/15599MB (lfb 1x4MB) CPU [100%@1984,100%@1984,100%@1984,100%@1984,100%@1984,100%@1984,100%@1984,100%@1984] GR3D_FREQ 99% cv0@69.656C/69.656C cpu@74.312C/74.531C soc2@66.687C/66.687C soc0@67.968C/68.031C cv1@68.718C/68.718C gpu@74.75C/74.75C tj@74.75C/74.75C soc1@66C/66.031C cv2@64.531C/64.531C VDD_IN 31520mW/29055mW/34068mW VDD_CPU_GPU_CV 20030mW/17436mW/21070mW VDD_SOC 4614mW/4840mW/6099mW
08-11-2026 00:07:51 RAM 12237/15599MB (lfb 1x4MB) CPU [100%@1984,100%@1984,100%@1984,100%@1984,100%@1984,100%@1984,100%@1984,100%@1984] GR3D_FREQ 99% cv0@69.781C/69.781C cpu@74.218C/74.531C soc2@66.656C/66.687C soc0@68.031C/68.031C cv1@68.781C/68.781C gpu@74.656C/74.75C tj@74.656C/74.75C soc1@66.062C/66.062C cv2@64.468C/64.531C VDD_IN 31359mW/29066mW/34068mW VDD_CPU_GPU_CV 20070mW/17448mW/21070mW VDD_SOC 4534mW/4839mW/6099mW
08-11-2026 00:07:51 RAM 12312/15599MB (lfb 1x4MB) CPU [100%@1984,100%@1984,100%@1984,100%@1984,100%@1984,100%@1984,100%@1984,100%@1984] GR3D_FREQ 99% cv0@69.843C/69.843C cpu@74.375C/74.531C soc2@66.687C/66.687C soc0@68C/68.031C cv1@68.812C/68.812C gpu@74.625C/74.75C tj@74.625C/74.75C soc1@66.062C/66.062C cv2@64.5C/64.531C VDD_IN 31480mW/29077mW/34068mW VDD_CPU_GPU_CV 20150mW/17460mW/21070mW VDD_SOC 4494mW/4837mW/6099mW
08-11-2026 00:07:52 RAM 12329/15599MB (lfb 1x4MB) CPU [100%@1984,100%@1984,100%@1984,100%@1984,100%@1984,100%@1984,100%@1984,100%@1984] GR3D_FREQ 99% cv0@69.875C/69.875C cpu@74.437C/74.531C soc2@66.75C/66.75C soc0@67.937C/68.031C cv1@68.906C/68.906C gpu@74.468C/74.75C tj@74.468C/74.75C soc1@66.218C/66.218C cv2@64.531C/64.531C VDD_IN 31278mW/29087mW/34068mW VDD_CPU_GPU_CV 19633mW/17470mW/21070mW VDD_SOC 4735mW/4837mW/6099mW
08-11-2026 00:07:52 RAM 12326/15599MB (lfb 1x4MB) CPU [100%@1984,100%@1984,100%@1984,100%@1984,100%@1984,100%@1984,100%@1984,100%@1984] GR3D_FREQ 99% cv0@70.062C/70.062C cpu@74.468C/74.531C soc2@66.781C/66.781C soc0@68.062C/68.062C cv1@68.937C/68.937C gpu@74.25C/74.75C tj@74.468C/74.75C soc1@66.281C/66.281C cv2@64.593C/64.593C VDD_IN 31349mW/29097mW/34068mW VDD_CPU_GPU_CV 19275mW/17478mW/21070mW VDD_SOC 5056mW/4838mW/6099mW
08-11-2026 00:07:53 RAM 12326/15599MB (lfb 1x4MB) CPU [100%@1984,100%@1984,100%@1984,100%@1984,100%@1984,100%@1984,100%@1984,100%@1984] GR3D_FREQ 99% cv0@70.062C/70.062C cpu@74.718C/74.718C soc2@66.781C/66.781C soc0@68.125C/68.125C cv1@69.062C/69.062C gpu@74.468C/74.75C tj@74.718C/74.75C soc1@66.25C/66.281C cv2@64.593C/64.593C VDD_IN 31349mW/29107mW/34068mW VDD_CPU_GPU_CV 19156mW/17486mW/21070mW VDD_SOC 5136mW/4839mW/6099mW
08-11-2026 00:07:53 RAM 12321/15599MB (lfb 1x4MB) CPU [100%@1984,100%@1984,100%@1984,100%@1984,100%@1984,100%@1984,100%@1984,100%@1984] GR3D_FREQ 99% cv0@70.093C/70.093C cpu@74.562C/74.718C soc2@66.906C/66.906C soc0@68.218C/68.218C cv1@69.062C/69.062C gpu@74.312C/74.75C tj@74.562C/74.75C soc1@66.218C/66.281C cv2@64.593C/64.593C VDD_IN 31229mW/29116mW/34068mW VDD_CPU_GPU_CV 18957mW/17492mW/21070mW VDD_SOC 5176mW/4841mW/6099mW
08-11-2026 00:07:54 RAM 12321/15599MB (lfb 1x4MB) CPU [100%@1984,100%@1984,100%@1984,100%@1984,100%@1984,100%@1984,100%@1984,100%@1984] GR3D_FREQ 99% cv0@70.125C/70.125C cpu@74.718C/74.718C soc2@66.968C/66.968C soc0@68.281C/68.281C cv1@69.156C/69.156C gpu@74.468C/74.75C tj@74.718C/74.75C soc1@66.312C/66.312C cv2@64.562C/64.593C VDD_IN 31319mW/29126mW/34068mW VDD_CPU_GPU_CV 18997mW/17499mW/21070mW VDD_SOC 5136mW/4842mW/6099mW
08-11-2026 00:07:54 RAM 12317/15599MB (lfb 1x4MB) CPU [100%@1984,100%@1984,100%@1984,100%@1984,100%@1984,100%@1984,100%@1984,100%@1984] GR3D_FREQ 99% cv0@70.312C/70.312C cpu@74.875C/74.875C soc2@66.937C/66.968C soc0@68.25C/68.281C cv1@69.062C/69.156C gpu@74.406C/74.75C tj@74.875C/74.875C soc1@66.312C/66.312C cv2@64.781C/64.781C VDD_IN 31309mW/29135mW/34068mW VDD_CPU_GPU_CV 18997mW/17505mW/21070mW VDD_SOC 5176mW/4844mW/6099mW
08-11-2026 00:07:55 RAM 12317/15599MB (lfb 1x4MB) CPU [100%@1984,100%@1984,100%@1984,100%@1984,100%@1984,100%@1984,100%@1984,100%@1984] GR3D_FREQ 99% cv0@70.218C/70.312C cpu@74.937C/74.937C soc2@66.968C/66.968C soc0@68.312C/68.312C cv1@69.156C/69.156C gpu@74.593C/74.75C tj@74.937C/74.937C soc1@66.406C/66.406C cv2@64.687C/64.781C VDD_IN 31389mW/29145mW/34068mW VDD_CPU_GPU_CV 19116mW/17512mW/21070mW VDD_SOC 5176mW/4845mW/6099mW
08-11-2026 00:07:55 RAM 12313/15599MB (lfb 1x4MB) CPU [100%@1984,100%@1984,100%@1984,100%@1984,100%@1984,100%@1984,100%@1984,100%@1984] GR3D_FREQ 99% cv0@70.312C/70.312C cpu@74.75C/74.937C soc2@67.062C/67.062C soc0@68.406C/68.406C cv1@69.125C/69.156C gpu@74.437C/74.75C tj@74.75C/74.937C soc1@66.312C/66.406C cv2@64.875C/64.875C VDD_IN 31309mW/29155mW/34068mW VDD_CPU_GPU_CV 18997mW/17519mW/21070mW VDD_SOC 5176mW/4846mW/6099mW
08-11-2026 00:07:56 RAM 12313/15599MB (lfb 1x4MB) CPU [100%@1984,100%@1984,100%@1984,100%@1984,100%@1984,100%@1984,100%@1984,100%@1984] GR3D_FREQ 99% cv0@70.343C/70.343C cpu@74.687C/74.937C soc2@67.062C/67.062C soc0@68.312C/68.406C cv1@69.125C/69.156C gpu@74.468C/74.75C tj@74.687C/74.937C soc1@66.375C/66.406C cv2@64.812C/64.875C VDD_IN 31229mW/29164mW/34068mW VDD_CPU_GPU_CV 18997mW/17525mW/21070mW VDD_SOC 5176mW/4848mW/6099mW
08-11-2026 00:07:56 RAM 12311/15599MB (lfb 1x4MB) CPU [100%@1984,100%@1984,100%@1984,100%@1984,100%@1984,100%@1984,100%@1984,100%@1984] GR3D_FREQ 99% cv0@70.218C/70.343C cpu@74.812C/74.937C soc2@67.031C/67.062C soc0@68.437C/68.437C cv1@69.187C/69.187C gpu@74.5C/74.75C tj@74.812C/74.937C soc1@66.5C/66.5C cv2@64.875C/64.875C VDD_IN 31269mW/29173mW/34068mW VDD_CPU_GPU_CV 18918mW/17531mW/21070mW VDD_SOC 5176mW/4849mW/6099mW
08-11-2026 00:07:57 RAM 12311/15599MB (lfb 1x4MB) CPU [100%@1984,100%@1984,100%@1984,100%@1984,100%@1984,100%@1984,100%@1984,100%@1984] GR3D_FREQ 99% cv0@70.281C/70.343C cpu@74.812C/74.937C soc2@67.187C/67.187C soc0@68.437C/68.437C cv1@69.375C/69.375C gpu@74.625C/74.75C tj@74.812C/74.937C soc1@66.531C/66.531C cv2@64.875C/64.875C VDD_IN 31349mW/29182mW/34068mW VDD_CPU_GPU_CV 19077mW/17538mW/21070mW VDD_SOC 5176mW/4851mW/6099mW
08-11-2026 00:07:57 RAM 12309/15599MB (lfb 1x4MB) CPU [100%@1984,100%@1984,100%@1984,100%@1984,100%@1984,100%@1984,100%@1984,100%@1984] GR3D_FREQ 99% cv0@70.375C/70.375C cpu@75C/75C soc2@67.156C/67.187C soc0@68.406C/68.437C cv1@69.25C/69.375C gpu@74.625C/74.75C tj@75C/75C soc1@66.531C/66.531C cv2@64.875C/64.875C VDD_IN 31229mW/29191mW/34068mW VDD_CPU_GPU_CV 18878mW/17544mW/21070mW VDD_SOC 5176mW/4852mW/6099mW
08-11-2026 00:07:58 RAM 12309/15599MB (lfb 1x4MB) CPU [100%@1984,100%@1984,100%@1984,100%@1984,100%@1984,100%@1984,100%@1984,100%@1984] GR3D_FREQ 99% cv0@70.312C/70.375C cpu@75C/75C soc2@67.25C/67.25C soc0@68.5C/68.5C cv1@69.406C/69.406C gpu@74.718C/74.75C tj@75C/75C soc1@66.531C/66.531C cv2@64.906C/64.906C VDD_IN 31229mW/29199mW/34068mW VDD_CPU_GPU_CV 18918mW/17550mW/21070mW VDD_SOC 5176mW/4853mW/6099mW
08-11-2026 00:07:58 RAM 12305/15599MB (lfb 1x2MB) CPU [100%@1984,100%@1984,100%@1984,100%@1984,100%@1984,100%@1984,100%@1984,100%@1984] GR3D_FREQ 99% cv0@70.343C/70.375C cpu@75.187C/75.187C soc2@67.187C/67.25C soc0@68.562C/68.562C cv1@69.406C/69.406C gpu@74.625C/74.75C tj@75.187C/75.187C soc1@66.562C/66.562C cv2@64.906C/64.906C VDD_IN 31430mW/29209mW/34068mW VDD_CPU_GPU_CV 19116mW/17556mW/21070mW VDD_SOC 5176mW/4855mW/6099mW
08-11-2026 00:07:59 RAM 12305/15599MB (lfb 1x2MB) CPU [100%@1984,100%@1984,100%@1984,100%@1984,100%@1984,100%@1984,100%@1984,100%@1984] GR3D_FREQ 99% cv0@70.531C/70.531C cpu@75.031C/75.187C soc2@67.218C/67.25C soc0@68.5C/68.562C cv1@69.406C/69.406C gpu@74.75C/74.75C tj@75.031C/75.187C soc1@66.531C/66.562C cv2@65.093C/65.093C VDD_IN 31349mW/29218mW/34068mW VDD_CPU_GPU_CV 18997mW/17562mW/21070mW VDD_SOC 5176mW/4856mW/6099mW
08-11-2026 00:07:59 RAM 11409/15599MB (lfb 2x2MB) CPU [100%@1984,100%@1984,100%@1984,100%@1984,100%@1984,100%@1984,100%@1984,100%@1984] GR3D_FREQ 99% cv0@70.156C/70.531C cpu@74.687C/75.187C soc2@67.156C/67.25C soc0@68.656C/68.656C cv1@69.406C/69.406C gpu@75.218C/75.218C tj@75.218C/75.218C soc1@66.562C/66.562C cv2@65C/65.093C VDD_IN 31600mW/29228mW/34068mW VDD_CPU_GPU_CV 19554mW/17571mW/21070mW VDD_SOC 4975mW/4857mW/6099mW
08-11-2026 00:08:00 RAM 10558/15599MB (lfb 4x2MB) CPU [100%@1984,100%@1984,100%@1984,100%@1984,100%@1984,100%@1984,100%@1984,100%@1984] GR3D_FREQ 99% cv0@70.062C/70.531C cpu@74.593C/75.187C soc2@67.187C/67.25C soc0@68.656C/68.656C cv1@69.343C/69.406C gpu@75.375C/75.375C tj@75.375C/75.375C soc1@66.687C/66.687C cv2@65.062C/65.093C VDD_IN 31681mW/29238mW/34068mW VDD_CPU_GPU_CV 19991mW/17581mW/21070mW VDD_SOC 4775mW/4856mW/6099mW
08-11-2026 00:08:00 RAM 8700/15599MB (lfb 48x4MB) CPU [100%@1984,100%@1984,100%@1984,100%@1984,100%@1984,100%@1984,100%@1984,100%@1984] GR3D_FREQ 94% cv0@70.281C/70.531C cpu@74.843C/75.187C soc2@67.187C/67.25C soc0@68.718C/68.718C cv1@69.375C/69.406C gpu@75.25C/75.375C tj@75.25C/75.375C soc1@66.718C/66.718C cv2@64.968C/65.093C VDD_IN 31641mW/29248mW/34068mW VDD_CPU_GPU_CV 20070mW/17591mW/21070mW VDD_SOC 4694mW/4856mW/6099mW
08-11-2026 00:08:01 RAM 8376/15599MB (lfb 51x4MB) CPU [100%@1984,100%@1984,100%@1984,100%@1984,100%@1984,100%@1984,100%@1984,100%@1984] GR3D_FREQ 99% cv0@70.25C/70.531C cpu@74.75C/75.187C soc2@67.312C/67.312C soc0@68.781C/68.781C cv1@69.406C/69.406C gpu@74.968C/75.375C tj@74.968C/75.375C soc1@66.718C/66.718C cv2@65.093C/65.093C VDD_IN 31359mW/29257mW/34068mW VDD_CPU_GPU_CV 19991mW/17601mW/21070mW VDD_SOC 4574mW/4854mW/6099mW
08-11-2026 00:08:01 RAM 9194/15599MB (lfb 51x4MB) CPU [100%@1984,100%@1984,100%@1984,100%@1984,100%@1984,100%@1984,100%@1984,100%@1984] GR3D_FREQ 99% cv0@70.281C/70.531C cpu@74.75C/75.187C soc2@67.406C/67.406C soc0@68.781C/68.781C cv1@69.468C/69.468C gpu@75.562C/75.562C tj@75.562C/75.562C soc1@66.781C/66.781C cv2@65.093C/65.093C VDD_IN 32124mW/29269mW/34068mW VDD_CPU_GPU_CV 20189mW/17612mW/21070mW VDD_SOC 4895mW/4855mW/6099mW
08-11-2026 00:08:02 RAM 9590/15599MB (lfb 51x4MB) CPU [100%@1984,100%@1984,100%@1984,100%@1984,100%@1984,100%@1984,100%@1984,100%@1984] GR3D_FREQ 99% cv0@70.312C/70.531C cpu@75C/75.187C soc2@67.281C/67.406C soc0@68.812C/68.812C cv1@69.406C/69.468C gpu@75.531C/75.562C tj@75.531C/75.562C soc1@66.75C/66.781C cv2@65.187C/65.187C VDD_IN 32124mW/29281mW/34068mW VDD_CPU_GPU_CV 20030mW/17622mW/21070mW VDD_SOC 4975mW/4855mW/6099mW
08-11-2026 00:08:02 RAM 9618/15599MB (lfb 51x4MB) CPU [100%@1984,100%@1984,100%@1984,100%@1984,100%@1984,100%@1984,100%@1984,100%@1984] GR3D_FREQ 99% cv0@70.25C/70.531C cpu@74.968C/75.187C soc2@67.375C/67.406C soc0@68.781C/68.812C cv1@69.5C/69.5C gpu@75.625C/75.625C tj@75.625C/75.625C soc1@66.843C/66.843C cv2@65.187C/65.187C VDD_IN 31681mW/29290mW/34068mW VDD_CPU_GPU_CV 19911mW/17631mW/21070mW VDD_SOC 4654mW/4854mW/6099mW
08-11-2026 00:08:03 RAM 9639/15599MB (lfb 51x4MB) CPU [100%@1984,100%@1984,100%@1984,100%@1984,100%@1984,100%@1984,100%@1984,100%@1984] GR3D_FREQ 99% cv0@70.312C/70.531C cpu@74.781C/75.187C soc2@67.406C/67.406C soc0@68.968C/68.968C cv1@69.437C/69.5C gpu@75.406C/75.625C tj@75.406C/75.625C soc1@66.906C/66.906C cv2@65.218C/65.218C VDD_IN 31560mW/29300mW/34068mW VDD_CPU_GPU_CV 20030mW/17641mW/21070mW VDD_SOC 4534mW/4853mW/6099mW
08-11-2026 00:08:03 RAM 8592/15599MB (lfb 54x4MB) CPU [100%@1984,100%@1984,100%@1984,100%@1984,100%@1984,100%@1984,100%@1984,100%@1984] GR3D_FREQ 4% cv0@70.593C/70.593C cpu@75.312C/75.312C soc2@67.343C/67.406C soc0@68.812C/68.968C cv1@69.625C/69.625C gpu@72C/75.625C tj@75.187C/75.625C soc1@66.875C/66.906C cv2@65.187C/65.218C VDD_IN 22448mW/29272mW/34068mW VDD_CPU_GPU_CV 13683mW/17625mW/21070mW VDD_SOC 3553mW/4848mW/6099mW
08-11-2026 00:08:04 RAM 6943/15599MB (lfb 118x4MB) CPU [100%@1984,100%@1984,100%@1984,100%@1984,100%@1984,100%@1984,100%@1984,100%@1984] GR3D_FREQ 5% cv0@70.437C/70.593C cpu@75.093C/75.312C soc2@67C/67.406C soc0@68.5C/68.968C cv1@69.468C/69.625C gpu@71.156C/75.625C tj@75.093C/75.625C soc1@66.781C/66.906C cv2@65.187C/65.218C VDD_IN 16717mW/29221mW/34068mW VDD_CPU_GPU_CV 9571mW/17592mW/21070mW VDD_SOC 3002mW/4840mW/6099mW
08-11-2026 00:08:04 RAM 6153/15599MB (lfb 176x4MB) CPU [100%@1984,100%@1984,100%@1984,100%@1984,100%@1984,100%@1984,98%@1984,100%@1984] GR3D_FREQ 62% cv0@70.281C/70.593C cpu@74.812C/75.312C soc2@66.656C/67.406C soc0@68.281C/68.968C cv1@69.25C/69.625C gpu@70.843C/75.625C tj@74.812C/75.625C soc1@66.687C/66.906C cv2@64.906C/65.218C VDD_IN 15483mW/29166mW/34068mW VDD_CPU_GPU_CV 8251mW/17555mW/21070mW VDD_SOC 3043mW/4833mW/6099mW
08-11-2026 00:08:05 RAM 8306/15599MB (lfb 176x4MB) CPU [100%@1984,100%@1984,100%@1984,100%@1984,100%@1984,100%@1984,100%@1984,100%@1984] GR3D_FREQ 36% cv0@70.281C/70.593C cpu@74.906C/75.312C soc2@66.593C/67.406C soc0@68.093C/68.968C cv1@69.218C/69.625C gpu@70.75C/75.625C tj@74.906C/75.625C soc1@66.625C/66.906C cv2@64.781C/65.218C VDD_IN 15849mW/29112mW/34068mW VDD_CPU_GPU_CV 7955mW/17516mW/21070mW VDD_SOC 3367mW/4827mW/6099mW
08-11-2026 00:08:05 RAM 9270/15599MB (lfb 176x4MB) CPU [100%@1984,100%@1984,100%@1984,100%@1984,100%@1984,100%@1984,100%@1984,100%@1984] GR3D_FREQ 91% cv0@70.156C/70.593C cpu@74.625C/75.312C soc2@66.5C/67.406C soc0@68C/68.968C cv1@69.156C/69.625C gpu@70.906C/75.625C tj@74.687C/75.625C soc1@66.531C/66.906C cv2@64.687C/65.218C VDD_IN 16514mW/29062mW/34068mW VDD_CPU_GPU_CV 8440mW/17480mW/21070mW VDD_SOC 3448mW/4822mW/6099mW
08-11-2026 00:08:06 RAM 9367/15599MB (lfb 176x4MB) CPU [100%@1984,100%@1984,100%@1984,100%@1984,100%@1984,100%@1984,100%@1984,100%@1984] GR3D_FREQ 34% cv0@70.062C/70.593C cpu@74.437C/75.312C soc2@66.312C/67.406C soc0@67.875C/68.968C cv1@69.031C/69.625C gpu@70.437C/75.625C tj@74.562C/75.625C soc1@66.468C/66.906C cv2@64.593C/65.218C VDD_IN 14996mW/29006mW/34068mW VDD_CPU_GPU_CV 8170mW/17443mW/21070mW VDD_SOC 2926mW/4814mW/6099mW
08-11-2026 00:08:06 RAM 9460/15599MB (lfb 176x4MB) CPU [100%@1984,100%@1984,100%@1984,100%@1984,100%@1984,100%@1984,100%@1984,100%@1984] GR3D_FREQ 99% cv0@69.906C/70.593C cpu@74.375C/75.312C soc2@66.218C/67.406C soc0@67.718C/68.968C cv1@68.812C/69.625C gpu@71.812C/75.625C tj@74.375C/75.625C soc1@66.375C/66.906C cv2@64.406C/65.218C VDD_IN 18096mW/28962mW/34068mW VDD_CPU_GPU_CV 10200mW/17414mW/21070mW VDD_SOC 3443mW/4809mW/6099mW
08-11-2026 00:08:07 RAM 9498/15599MB (lfb 175x4MB) CPU [100%@1984,100%@1984,100%@1984,100%@1984,100%@1984,100%@1984,100%@1984,100%@1984] GR3D_FREQ 99% cv0@70.031C/70.593C cpu@74.531C/75.312C soc2@66.468C/67.406C soc0@67.781C/68.968C cv1@68.937C/69.625C gpu@73.406C/75.625C tj@74.531C/75.625C soc1@66.468C/66.906C cv2@64.5C/65.218C VDD_IN 27417mW/28956mW/34068mW VDD_CPU_GPU_CV 15575mW/17407mW/21070mW VDD_SOC 5112mW/4810mW/6099mW
08-11-2026 00:08:07 RAM 9537/15599MB (lfb 170x4MB) CPU [98%@1984,100%@1984,100%@1984,100%@1984,100%@1984,100%@1984,100%@1984,100%@1984] GR3D_FREQ 99% cv0@70.187C/70.593C cpu@74.718C/75.312C soc2@66.687C/67.406C soc0@67.968C/68.968C cv1@69.125C/69.625C gpu@73.437C/75.625C tj@74.718C/75.625C soc1@66.437C/66.906C cv2@64.531C/65.218C VDD_IN 29990mW/28960mW/34068mW VDD_CPU_GPU_CV 16985mW/17405mW/21070mW VDD_SOC 5586mW/4813mW/6099mW
08-11-2026 00:08:08 RAM 10103/15599MB (lfb 171x4MB) CPU [100%@1984,100%@1984,100%@1984,100%@1984,100%@1984,100%@1984,100%@1984,100%@1984] GR3D_FREQ 98% cv0@70.218C/70.593C cpu@74.968C/75.312C soc2@66.781C/67.406C soc0@68.156C/68.968C cv1@69.218C/69.625C gpu@74.093C/75.625C tj@74.968C/75.625C soc1@66.375C/66.906C cv2@64.656C/65.218C VDD_IN 31188mW/28969mW/34068mW VDD_CPU_GPU_CV 17674mW/17406mW/21070mW VDD_SOC 5858mW/4817mW/6099mW
08-11-2026 00:08:08 RAM 11590/15599MB (lfb 155x4MB) CPU [100%@1984,100%@1984,100%@1984,100%@1984,100%@1984,100%@1984,100%@1984,100%@1984] GR3D_FREQ 99% cv0@70.218C/70.593C cpu@75.031C/75.312C soc2@66.937C/67.406C soc0@68.187C/68.968C cv1@69.281C/69.625C gpu@73.75C/75.625C tj@75.031C/75.625C soc1@66.5C/66.906C cv2@64.718C/65.218C VDD_IN 31349mW/28978mW/34068mW VDD_CPU_GPU_CV 17396mW/17406mW/21070mW VDD_SOC 6099mW/4822mW/6099mW
08-11-2026 00:08:09 RAM 12363/15599MB (lfb 5x4MB) CPU [100%@1984,100%@1984,100%@1984,100%@1984,100%@1984,100%@1984,100%@1984,100%@1984] GR3D_FREQ 99% cv0@70.343C/70.593C cpu@75.156C/75.312C soc2@66.968C/67.406C soc0@68.187C/68.968C cv1@69.312C/69.625C gpu@74C/75.625C tj@75.156C/75.625C soc1@66.5C/66.906C cv2@64.812C/65.218C VDD_IN 31229mW/28987mW/34068mW VDD_CPU_GPU_CV 17276mW/17405mW/21070mW VDD_SOC 6059mW/4827mW/6099mW
08-11-2026 00:08:09 RAM 12365/15599MB (lfb 6x4MB) CPU [100%@1984,100%@1984,100%@1984,100%@1984,100%@1984,100%@1984,100%@1984,100%@1984] GR3D_FREQ 99% cv0@70.343C/70.593C cpu@75.093C/75.312C soc2@67.156C/67.406C soc0@68.156C/68.968C cv1@69.312C/69.625C gpu@74.031C/75.625C tj@75.093C/75.625C soc1@66.531C/66.906C cv2@64.968C/65.218C VDD_IN 31470mW/28997mW/34068mW VDD_CPU_GPU_CV 17674mW/17406mW/21070mW VDD_SOC 5938mW/4831mW/6099mW
08-11-2026 00:08:10 RAM 12369/15599MB (lfb 6x4MB) CPU [100%@1984,100%@1984,100%@1984,100%@1984,100%@1984,100%@1984,100%@1984,100%@1984] GR3D_FREQ 99% cv0@70.343C/70.593C cpu@74.843C/75.312C soc2@67.062C/67.406C soc0@68.187C/68.968C cv1@69.281C/69.625C gpu@74.312C/75.625C tj@74.843C/75.625C soc1@66.468C/66.906C cv2@64.937C/65.218C VDD_IN 31309mW/29006mW/34068mW VDD_CPU_GPU_CV 18600mW/17411mW/21070mW VDD_SOC 5417mW/4833mW/6099mW
08-11-2026 00:08:10 RAM 12369/15599MB (lfb 6x4MB) CPU [100%@1984,100%@1984,100%@1984,100%@1984,100%@1984,100%@1984,100%@1984,100%@1984] GR3D_FREQ 99% cv0@70.312C/70.593C cpu@74.968C/75.312C soc2@67.125C/67.406C soc0@68.343C/68.968C cv1@69.281C/69.625C gpu@74.343C/75.625C tj@74.968C/75.625C soc1@66.437C/66.906C cv2@64.906C/65.218C VDD_IN 31349mW/29015mW/34068mW VDD_CPU_GPU_CV 18838mW/17417mW/21070mW VDD_SOC 5296mW/4835mW/6099mW
08-11-2026 00:08:11 RAM 11509/15599MB (lfb 117x4MB) CPU [100%@1984,100%@1984,100%@1984,100%@1984,100%@1984,100%@1984,100%@1984,100%@1984] GR3D_FREQ 99% cv0@70C/70.593C cpu@74.687C/75.312C soc2@67.093C/67.406C soc0@68.437C/68.968C cv1@69.218C/69.625C gpu@75.062C/75.625C tj@75.062C/75.625C soc1@66.531C/66.906C cv2@64.968C/65.218C VDD_IN 31319mW/29024mW/34068mW VDD_CPU_GPU_CV 19593mW/17425mW/21070mW VDD_SOC 4815mW/4835mW/6099mW
08-11-2026 00:08:11 RAM 10565/15599MB (lfb 160x4MB) CPU [100%@1984,100%@1984,100%@1984,100%@1984,100%@1984,100%@1984,100%@1984,100%@1984] GR3D_FREQ 99% cv0@70.125C/70.593C cpu@74.656C/75.312C soc2@67.062C/67.406C soc0@68.406C/68.968C cv1@69.187C/69.625C gpu@75.187C/75.625C tj@75.187C/75.625C soc1@66.562C/66.906C cv2@65C/65.218C VDD_IN 31480mW/29033mW/34068mW VDD_CPU_GPU_CV 19991mW/17435mW/21070mW VDD_SOC 4694mW/4835mW/6099mW
08-11-2026 00:08:12 RAM 8731/15599MB (lfb 175x4MB) CPU [100%@1984,100%@1984,100%@1984,100%@1984,100%@1984,100%@1984,100%@1984,100%@1984] GR3D_FREQ 99% cv0@70.218C/70.593C cpu@74.781C/75.312C soc2@67.031C/67.406C soc0@68.437C/68.968C cv1@69.25C/69.625C gpu@75.062C/75.625C tj@75.062C/75.625C soc1@66.687C/66.906C cv2@64.968C/65.218C VDD_IN 31520mW/29042mW/34068mW VDD_CPU_GPU_CV 20070mW/17445mW/21070mW VDD_SOC 4654mW/4834mW/6099mW
08-11-2026 00:08:12 RAM 8491/15599MB (lfb 177x4MB) CPU [100%@1984,100%@1984,100%@1984,100%@1984,100%@1984,100%@1984,100%@1984,100%@1984] GR3D_FREQ 99% cv0@70.218C/70.593C cpu@74.718C/75.312C soc2@67.156C/67.406C soc0@68.5C/68.968C cv1@69.25C/69.625C gpu@75.156C/75.625C tj@75.156C/75.625C soc1@66.656C/66.906C cv2@64.968C/65.218C VDD_IN 31238mW/29051mW/34068mW VDD_CPU_GPU_CV 19943mW/17454mW/21070mW VDD_SOC 4534mW/4833mW/6099mW
08-11-2026 00:08:13 RAM 9207/15599MB (lfb 177x4MB) CPU [100%@1984,100%@1984,100%@1984,100%@1984,100%@1984,100%@1984,100%@1984,100%@1984] GR3D_FREQ 99% cv0@70.25C/70.593C cpu@74.906C/75.312C soc2@67.187C/67.406C soc0@68.437C/68.968C cv1@69.281C/69.625C gpu@75.312C/75.625C tj@75.312C/75.625C soc1@66.625C/66.906C cv2@65.093C/65.218C VDD_IN 31882mW/29061mW/34068mW VDD_CPU_GPU_CV 20030mW/17464mW/21070mW VDD_SOC 4855mW/4833mW/6099mW
08-11-2026 00:08:13 RAM 9573/15599MB (lfb 177x4MB) CPU [100%@1984,100%@1984,100%@1984,100%@1984,100%@1984,100%@1984,100%@1984,100%@1984] GR3D_FREQ 99% cv0@70.281C/70.593C cpu@74.937C/75.312C soc2@67.25C/67.406C soc0@68.531C/68.968C cv1@69.406C/69.625C gpu@75.281C/75.625C tj@75.281C/75.625C soc1@66.625C/66.906C cv2@65.218C/65.218C VDD_IN 32003mW/29072mW/34068mW VDD_CPU_GPU_CV 19991mW/17473mW/21070mW VDD_SOC 4935mW/4833mW/6099mW
08-11-2026 00:08:14 RAM 9598/15599MB (lfb 176x4MB) CPU [100%@1984,100%@1984,100%@1984,100%@1984,100%@1984,100%@1984,100%@1984,100%@1984] GR3D_FREQ 99% cv0@70.437C/70.593C cpu@74.843C/75.312C soc2@67.25C/67.406C soc0@68.687C/68.968C cv1@69.406C/69.625C gpu@75.343C/75.625C tj@75.343C/75.625C soc1@66.656C/66.906C cv2@65.25C/65.25C VDD_IN 31963mW/29083mW/34068mW VDD_CPU_GPU_CV 20229mW/17484mW/21070mW VDD_SOC 4735mW/4833mW/6099mW
08-11-2026 00:08:14 RAM 9629/15599MB (lfb 176x4MB) CPU [100%@1984,100%@1984,100%@1984,100%@1984,100%@1984,100%@1984,100%@1984,100%@1984] GR3D_FREQ 99% cv0@70.375C/70.593C cpu@74.843C/75.312C soc2@67.343C/67.406C soc0@68.656C/68.968C cv1@69.406C/69.625C gpu@75.312C/75.625C tj@75.312C/75.625C soc1@66.812C/66.906C cv2@65.093C/65.25C VDD_IN 31520mW/29092mW/34068mW VDD_CPU_GPU_CV 20150mW/17494mW/21070mW VDD_SOC 4574mW/4832mW/6099mW
08-11-2026 00:08:15 RAM 9646/15599MB (lfb 176x4MB) CPU [100%@1984,100%@1984,100%@1984,100%@1984,100%@1984,100%@1984,100%@1984,100%@1984] GR3D_FREQ 99% cv0@70.468C/70.593C cpu@74.937C/75.312C soc2@67.375C/67.406C soc0@68.718C/68.968C cv1@69.468C/69.625C gpu@75.343C/75.625C tj@75.343C/75.625C soc1@66.781C/66.906C cv2@65.25C/65.25C VDD_IN 31319mW/29101mW/34068mW VDD_CPU_GPU_CV 20070mW/17503mW/21070mW VDD_SOC 4494mW/4831mW/6099mW
08-11-2026 00:08:15 RAM 9665/15599MB (lfb 176x4MB) CPU [100%@1984,100%@1984,100%@1984,100%@1984,100%@1984,100%@1984,100%@1984,100%@1984] GR3D_FREQ 99% cv0@70.343C/70.593C cpu@75C/75.312C soc2@67.406C/67.406C soc0@68.687C/68.968C cv1@69.5C/69.625C gpu@75.343C/75.625C tj@75.343C/75.625C soc1@66.875C/66.906C cv2@65.312C/65.312C VDD_IN 31560mW/29110mW/34068mW VDD_CPU_GPU_CV 20150mW/17513mW/21070mW VDD_SOC 4534mW/4829mW/6099mW
08-11-2026 00:08:16 RAM 9692/15599MB (lfb 175x4MB) CPU [100%@1984,100%@1984,100%@1984,100%@1984,100%@1984,100%@1984,100%@1984,100%@1984] GR3D_FREQ 99% cv0@70.562C/70.593C cpu@74.968C/75.312C soc2@67.343C/67.406C soc0@68.843C/68.968C cv1@69.468C/69.625C gpu@75.437C/75.625C tj@75.437C/75.625C soc1@66.812C/66.906C cv2@65.312C/65.312C VDD_IN 31520mW/29119mW/34068mW VDD_CPU_GPU_CV 20150mW/17523mW/21070mW VDD_SOC 4494mW/4828mW/6099mW
08-11-2026 00:08:16 RAM 10645/15599MB (lfb 55x4MB) CPU [100%@1984,100%@1984,100%@1984,100%@1984,100%@1984,100%@1984,100%@1984,100%@1984] GR3D_FREQ 99% cv0@70.5C/70.593C cpu@75.031C/75.312C soc2@67.468C/67.468C soc0@68.781C/68.968C cv1@69.531C/69.625C gpu@75.468C/75.625C tj@75.468C/75.625C soc1@66.875C/66.906C cv2@65.375C/65.375C VDD_IN 31641mW/29128mW/34068mW VDD_CPU_GPU_CV 20110mW/17532mW/21070mW VDD_SOC 4614mW/4827mW/6099mW
08-11-2026 00:08:17 RAM 11409/15599MB (lfb 3x4MB) CPU [100%@1984,100%@1984,100%@1984,100%@1984,100%@1984,100%@1984,100%@1984,100%@1984] GR3D_FREQ 95% cv0@70.531C/70.593C cpu@75.156C/75.312C soc2@67.468C/67.468C soc0@68.875C/68.968C cv1@69.468C/69.625C gpu@75.281C/75.625C tj@75.281C/75.625C soc1@67C/67C cv2@65.25C/65.375C VDD_IN 32164mW/29139mW/34068mW VDD_CPU_GPU_CV 20110mW/17542mW/21070mW VDD_SOC 4935mW/4828mW/6099mW
08-11-2026 00:08:17 RAM 12177/15599MB (lfb 2x4MB) CPU [100%@1984,100%@1984,100%@1984,100%@1984,100%@1984,100%@1984,100%@1984,100%@1984] GR3D_FREQ 99% cv0@70.531C/70.593C cpu@75.062C/75.312C soc2@67.531C/67.531C soc0@68.843C/68.968C cv1@69.5C/69.625C gpu@75.656C/75.656C tj@75.656C/75.656C soc1@66.968C/67C cv2@65.343C/65.375C VDD_IN 32003mW/29149mW/34068mW VDD_CPU_GPU_CV 20110mW/17551mW/21070mW VDD_SOC 4895mW/4828mW/6099mW
08-11-2026 00:08:18 RAM 12189/15599MB (lfb 2x4MB) CPU [100%@1984,100%@1984,100%@1984,100%@1984,100%@1984,100%@1984,100%@1984,100%@1984] GR3D_FREQ 99% cv0@70.625C/70.625C cpu@75.156C/75.312C soc2@67.593C/67.593C soc0@68.875C/68.968C cv1@69.593C/69.625C gpu@75.531C/75.656C tj@75.531C/75.656C soc1@67.031C/67.031C cv2@65.5C/65.5C VDD_IN 31761mW/29159mW/34068mW VDD_CPU_GPU_CV 19951mW/17560mW/21070mW VDD_SOC 4654mW/4827mW/6099mW
08-11-2026 00:08:18 RAM 12221/15599MB (lfb 2x4MB) CPU [100%@1984,100%@1984,100%@1984,100%@1984,100%@1984,100%@1984,100%@1984,100%@1984] GR3D_FREQ 99% cv0@70.687C/70.687C cpu@75.031C/75.312C soc2@67.531C/67.593C soc0@68.875C/68.968C cv1@69.656C/69.656C gpu@75.343C/75.656C tj@75.343C/75.656C soc1@67.062C/67.062C cv2@65.437C/65.5C VDD_IN 31319mW/29167mW/34068mW VDD_CPU_GPU_CV 20189mW/17569mW/21070mW VDD_SOC 4534mW/4826mW/6099mW
08-11-2026 00:08:19 RAM 12237/15599MB (lfb 1x2MB) CPU [100%@1984,100%@1984,100%@1984,100%@1984,100%@1984,100%@1984,100%@1984,100%@1984] GR3D_FREQ 99% cv0@70.656C/70.687C cpu@75.156C/75.312C soc2@67.593C/67.593C soc0@68.906C/68.968C cv1@69.718C/69.718C gpu@75.687C/75.687C tj@75.687C/75.687C soc1@67.031C/67.062C cv2@65.437C/65.5C VDD_IN 31238mW/29174mW/34068mW VDD_CPU_GPU_CV 20110mW/17579mW/21070mW VDD_SOC 4501mW/4825mW/6099mW
08-11-2026 00:08:19 RAM 12304/15599MB (lfb 1x4MB) CPU [100%@1984,100%@1984,100%@1984,100%@1984,100%@1984,100%@1984,100%@1984,100%@1984] GR3D_FREQ 99% cv0@70.781C/70.781C cpu@75.187C/75.312C soc2@67.625C/67.625C soc0@69.156C/69.156C cv1@69.687C/69.718C gpu@75.312C/75.687C tj@75.312C/75.687C soc1@67.187C/67.187C cv2@65.531C/65.531C VDD_IN 31278mW/29182mW/34068mW VDD_CPU_GPU_CV 20030mW/17587mW/21070mW VDD_SOC 4494mW/4824mW/6099mW
08-11-2026 00:08:20 RAM 12304/15599MB (lfb 1x4MB) CPU [100%@1984,100%@1984,100%@1984,100%@1984,100%@1984,100%@1984,100%@1984,100%@1984] GR3D_FREQ 99% cv0@71.031C/71.031C cpu@75.375C/75.375C soc2@67.687C/67.687C soc0@69.156C/69.156C cv1@69.968C/69.968C gpu@75.187C/75.687C tj@75.375C/75.687C soc1@67.093C/67.187C cv2@65.468C/65.531C VDD_IN 31319mW/29189mW/34068mW VDD_CPU_GPU_CV 19275mW/17593mW/21070mW VDD_SOC 4975mW/4825mW/6099mW
08-11-2026 00:08:20 RAM 12304/15599MB (lfb 1x4MB) CPU [100%@1984,100%@1984,100%@1984,100%@1984,100%@1984,100%@1984,100%@1984,100%@1984] GR3D_FREQ 99% cv0@70.968C/71.031C cpu@75.375C/75.375C soc2@67.718C/67.718C soc0@69.156C/69.156C cv1@70C/70C gpu@75.406C/75.687C tj@75.406C/75.687C soc1@67.156C/67.187C cv2@65.5C/65.531C VDD_IN 31389mW/29197mW/34068mW VDD_CPU_GPU_CV 19196mW/17599mW/21070mW VDD_SOC 5096mW/4826mW/6099mW
08-11-2026 00:08:21 RAM 12291/15599MB (lfb 1x4MB) CPU [100%@1984,100%@1984,100%@1984,100%@1984,100%@1984,100%@1984,100%@1984,100%@1984] GR3D_FREQ 99% cv0@71.031C/71.031C cpu@75.656C/75.656C soc2@67.812C/67.812C soc0@69.093C/69.156C cv1@69.968C/70C gpu@75.031C/75.687C tj@75.656C/75.687C soc1@67.125C/67.187C cv2@65.562C/65.562C VDD_IN 31188mW/29204mW/34068mW VDD_CPU_GPU_CV 18918mW/17604mW/21070mW VDD_SOC 5176mW/4827mW/6099mW
08-11-2026 00:08:21 RAM 12291/15599MB (lfb 1x4MB) CPU [100%@1984,100%@1984,100%@1984,100%@1984,100%@1984,100%@1984,100%@1984,100%@1984] GR3D_FREQ 99% cv0@71.031C/71.031C cpu@75.656C/75.656C soc2@67.75C/67.812C soc0@69.187C/69.187C cv1@69.968C/70C gpu@75.437C/75.687C tj@75.656C/75.687C soc1@67.093C/67.187C cv2@65.625C/65.625C VDD_IN 31269mW/29212mW/34068mW VDD_CPU_GPU_CV 18997mW/17609mW/21070mW VDD_SOC 5176mW/4828mW/6099mW
08-11-2026 00:08:22 RAM 12281/15599MB (lfb 1x4MB) CPU [100%@1984,100%@1984,100%@1984,100%@1984,100%@1984,100%@1984,100%@1984,100%@1984] GR3D_FREQ 99% cv0@71.125C/71.125C cpu@75.625C/75.656C soc2@67.843C/67.843C soc0@69.125C/69.187C cv1@69.968C/70C gpu@75.343C/75.687C tj@75.625C/75.687C soc1@67.156C/67.187C cv2@65.812C/65.812C VDD_IN 31319mW/29219mW/34068mW VDD_CPU_GPU_CV 18918mW/17613mW/21070mW VDD_SOC 5176mW/4829mW/6099mW
08-11-2026 00:08:23 RAM 12281/15599MB (lfb 1x4MB) CPU [100%@1984,100%@1984,100%@1984,100%@1984,100%@1984,100%@1984,100%@1984,100%@1984] GR3D_FREQ 99% cv0@71C/71.125C cpu@75.656C/75.656C soc2@67.843C/67.843C soc0@69.218C/69.218C cv1@70C/70C gpu@75.343C/75.687C tj@75.656C/75.687C soc1@67.187C/67.187C cv2@65.687C/65.812C VDD_IN 31430mW/29227mW/34068mW VDD_CPU_GPU_CV 19077mW/17619mW/21070mW VDD_SOC 5216mW/4831mW/6099mW
08-11-2026 00:08:23 RAM 12275/15599MB (lfb 1x4MB) CPU [100%@1984,100%@1984,100%@1984,100%@1984,100%@1984,100%@1984,100%@1984,100%@1984] GR3D_FREQ 99% cv0@71.187C/71.187C cpu@75.625C/75.656C soc2@67.875C/67.875C soc0@69.093C/69.218C cv1@69.968C/70C gpu@75.531C/75.687C tj@75.625C/75.687C soc1@67.218C/67.218C cv2@65.781C/65.812C VDD_IN 31510mW/29235mW/34068mW VDD_CPU_GPU_CV 19116mW/17624mW/21070mW VDD_SOC 5176mW/4832mW/6099mW
08-11-2026 00:08:24 RAM 12275/15599MB (lfb 1x4MB) CPU [100%@1984,100%@1984,100%@1984,100%@1984,100%@1984,100%@1984,100%@1984,100%@1984] GR3D_FREQ 99% cv0@71.156C/71.187C cpu@75.656C/75.656C soc2@67.937C/67.937C soc0@69.125C/69.218C cv1@70C/70C gpu@75.281C/75.687C tj@75.656C/75.687C soc1@67.406C/67.406C cv2@65.656C/65.812C VDD_IN 31389mW/29243mW/34068mW VDD_CPU_GPU_CV 19116mW/17629mW/21070mW VDD_SOC 5216mW/4833mW/6099mW
08-11-2026 00:08:24 RAM 12270/15599MB (lfb 1x4MB) CPU [100%@1984,100%@1984,100%@1984,100%@1984,100%@1984,100%@1984,100%@1984,100%@1984] GR3D_FREQ 99% cv0@71.093C/71.187C cpu@75.625C/75.656C soc2@67.906C/67.937C soc0@69.25C/69.25C cv1@70.156C/70.156C gpu@75.437C/75.687C tj@75.625C/75.687C soc1@67.312C/67.406C cv2@65.75C/65.812C VDD_IN 31349mW/29250mW/34068mW VDD_CPU_GPU_CV 19077mW/17634mW/21070mW VDD_SOC 5176mW/4834mW/6099mW
08-11-2026 00:08:25 RAM 12270/15599MB (lfb 1x4MB) CPU [100%@1984,100%@1984,100%@1984,100%@1984,100%@1984,100%@1984,100%@1984,100%@1984] GR3D_FREQ 99% cv0@71.187C/71.187C cpu@75.687C/75.687C soc2@68C/68C soc0@69.281C/69.281C cv1@70.218C/70.218C gpu@75.625C/75.687C tj@75.687C/75.687C soc1@67.375C/67.406C cv2@65.812C/65.812C VDD_IN 31349mW/29257mW/34068mW VDD_CPU_GPU_CV 18997mW/17639mW/21070mW VDD_SOC 5216mW/4836mW/6099mW
08-11-2026 00:08:25 RAM 12266/15599MB (lfb 1x4MB) CPU [100%@1984,100%@1984,100%@1984,100%@1984,100%@1984,100%@1984,100%@1984,100%@1984] GR3D_FREQ 99% cv0@71.156C/71.187C cpu@75.843C/75.843C soc2@68.031C/68.031C soc0@69.312C/69.312C cv1@70.156C/70.218C gpu@75.562C/75.687C tj@75.843C/75.843C soc1@67.343C/67.406C cv2@65.812C/65.812C VDD_IN 31389mW/29265mW/34068mW VDD_CPU_GPU_CV 19077mW/17644mW/21070mW VDD_SOC 5176mW/4837mW/6099mW
08-11-2026 00:08:26 RAM 12266/15599MB (lfb 1x4MB) CPU [100%@1984,100%@1984,100%@1984,100%@1984,100%@1984,100%@1984,100%@1984,100%@1984] GR3D_FREQ 99% cv0@71.281C/71.281C cpu@75.781C/75.843C soc2@67.937C/68.031C soc0@69.281C/69.312C cv1@70.156C/70.218C gpu@75.531C/75.687C tj@75.781C/75.843C soc1@67.375C/67.406C cv2@65.937C/65.937C VDD_IN 31309mW/29272mW/34068mW VDD_CPU_GPU_CV 19037mW/17649mW/21070mW VDD_SOC 5176mW/4838mW/6099mW
08-11-2026 00:08:26 RAM 12259/15599MB (lfb 1x4MB) CPU [100%@1984,100%@1984,100%@1984,100%@1984,100%@1984,100%@1984,100%@1984,100%@1984] GR3D_FREQ 99% cv0@71.218C/71.281C cpu@75.812C/75.843C soc2@68.062C/68.062C soc0@69.406C/69.406C cv1@70.187C/70.218C gpu@75.406C/75.687C tj@75.812C/75.843C soc1@67.406C/67.406C cv2@65.937C/65.937C VDD_IN 31349mW/29279mW/34068mW VDD_CPU_GPU_CV 19037mW/17653mW/21070mW VDD_SOC 5176mW/4839mW/6099mW
08-11-2026 00:08:27 RAM 12259/15599MB (lfb 1x4MB) CPU [100%@1984,100%@1984,100%@1984,100%@1984,100%@1984,100%@1984,100%@1984,100%@1984] GR3D_FREQ 99% cv0@71.531C/71.531C cpu@75.687C/75.843C soc2@68.062C/68.062C soc0@69.375C/69.406C cv1@70.218C/70.218C gpu@75.656C/75.687C tj@75.687C/75.843C soc1@67.406C/67.406C cv2@65.906C/65.937C VDD_IN 31430mW/29286mW/34068mW VDD_CPU_GPU_CV 19156mW/17658mW/21070mW VDD_SOC 5216mW/4840mW/6099mW
08-11-2026 00:08:27 RAM 12201/15599MB (lfb 12x4MB) CPU [100%@1984,100%@1984,100%@1984,100%@1984,100%@1984,100%@1984,100%@1984,100%@1984] GR3D_FREQ 99% cv0@71.218C/71.531C cpu@75.656C/75.843C soc2@68.062C/68.062C soc0@69.312C/69.406C cv1@70.156C/70.218C gpu@75.937C/75.937C tj@75.937C/75.937C soc1@67.5C/67.5C cv2@65.906C/65.937C VDD_IN 31349mW/29293mW/34068mW VDD_CPU_GPU_CV 19196mW/17664mW/21070mW VDD_SOC 5096mW/4841mW/6099mW
08-11-2026 00:08:28 RAM 11422/15599MB (lfb 109x4MB) CPU [100%@1984,100%@1984,100%@1984,100%@1984,100%@1984,100%@1984,100%@1984,100%@1984] GR3D_FREQ 99% cv0@71.093C/71.531C cpu@75.343C/75.843C soc2@68.093C/68.093C soc0@69.312C/69.406C cv1@70.093C/70.218C gpu@76.187C/76.187C tj@76.187C/76.187C soc1@67.468C/67.5C cv2@65.937C/65.937C VDD_IN 31600mW/29301mW/34068mW VDD_CPU_GPU_CV 19991mW/17672mW/21070mW VDD_SOC 4775mW/4841mW/6099mW
08-11-2026 00:08:28 RAM 10272/15599MB (lfb 116x4MB) CPU [100%@1984,100%@1984,100%@1984,100%@1984,100%@1984,100%@1984,100%@1984,100%@1984] GR3D_FREQ 99% cv0@70.906C/71.531C cpu@75.437C/75.843C soc2@68.062C/68.093C soc0@69.406C/69.406C cv1@70.093C/70.218C gpu@76.25C/76.25C tj@76.25C/76.25C soc1@67.562C/67.562C cv2@65.968C/65.968C VDD_IN 31600mW/29309mW/34068mW VDD_CPU_GPU_CV 20110mW/17680mW/21070mW VDD_SOC 4694mW/4841mW/6099mW
08-11-2026 00:08:29 RAM 8800/15599MB (lfb 124x4MB) CPU [100%@1984,100%@1984,100%@1984,100%@1984,100%@1984,100%@1984,100%@1984,100%@1984] GR3D_FREQ 99% cv0@71C/71.531C cpu@75.656C/75.843C soc2@68C/68.093C soc0@69.468C/69.468C cv1@70.218C/70.218C gpu@76.437C/76.437C tj@76.437C/76.437C soc1@67.531C/67.562C cv2@66C/66C VDD_IN 31761mW/29317mW/34068mW VDD_CPU_GPU_CV 20269mW/17689mW/21070mW VDD_SOC 4694mW/4840mW/6099mW
08-11-2026 00:08:29 RAM 8489/15599MB (lfb 128x4MB) CPU [100%@1984,100%@1984,100%@1984,100%@1984,100%@1984,100%@1984,100%@1984,100%@1984] GR3D_FREQ 99% cv0@71.093C/71.531C cpu@75.562C/75.843C soc2@68.031C/68.093C soc0@69.406C/69.468C cv1@70.156C/70.218C gpu@76.125C/76.437C tj@76.125C/76.437C soc1@67.656C/67.656C cv2@66.031C/66.031C VDD_IN 31359mW/29324mW/34068mW VDD_CPU_GPU_CV 19911mW/17696mW/21070mW VDD_SOC 4574mW/4839mW/6099mW
08-11-2026 00:08:30 RAM 9134/15599MB (lfb 128x4MB) CPU [100%@1984,100%@1984,100%@1984,100%@1984,100%@1984,100%@1984,100%@1984,100%@1984] GR3D_FREQ 99% cv0@71.156C/71.531C cpu@75.656C/75.843C soc2@68.125C/68.125C soc0@69.5C/69.5C cv1@70.156C/70.218C gpu@76.375C/76.437C tj@76.375C/76.437C soc1@67.625C/67.656C cv2@66.031C/66.031C VDD_IN 32003mW/29333mW/34068mW VDD_CPU_GPU_CV 20189mW/17705mW/21070mW VDD_SOC 4855mW/4839mW/6099mW
08-11-2026 00:08:30 RAM 7591/15599MB (lfb 180x4MB) CPU [96%@1984,38%@1984,33%@1984,33%@1984,43%@729,37%@729,32%@729,54%@729] GR3D_FREQ 3% cv0@69.593C/71.531C cpu@73.812C/75.843C soc2@67.593C/68.125C soc0@69.593C/69.593C cv1@69.593C/70.218C gpu@73C/76.437C tj@73.812C/76.437C soc1@67.625C/67.656C cv2@65.906C/66.031C VDD_IN 21309mW/29306mW/34068mW VDD_CPU_GPU_CV 11896mW/17685mW/21070mW VDD_SOC 3963mW/4836mW/6099mW
08-11-2026 00:08:31 RAM 7174/15599MB (lfb 183x4MB) CPU [10%@729,1%@729,0%@729,0%@729,0%@729,0%@729,0%@729,0%@729] GR3D_FREQ 4% cv0@68.625C/71.531C cpu@72.718C/75.843C soc2@66.75C/68.125C soc0@69.218C/69.593C cv1@69C/70.218C gpu@71.562C/76.437C tj@72.718C/76.437C soc1@67.375C/67.656C cv2@65.375C/66.031C VDD_IN 11251mW/29246mW/34068mW VDD_CPU_GPU_CV 4511mW/17641mW/21070mW VDD_SOC 2971mW/4830mW/6099mW
08-11-2026 00:08:31 RAM 7170/15599MB (lfb 184x4MB) CPU [0%@729,0%@729,0%@729,0%@729,1%@729,0%@729,0%@729,0%@729] GR3D_FREQ 4% cv0@68.25C/71.531C cpu@72.156C/75.843C soc2@66.218C/68.125C soc0@68.781C/69.593C cv1@68.562C/70.218C gpu@70.781C/76.437C tj@72.156C/76.437C soc1@67.062C/67.656C cv2@65.093C/66.031C VDD_IN 8043mW/29175mW/34068mW VDD_CPU_GPU_CV 2160mW/17590mW/21070mW VDD_SOC 2654mW/4823mW/6099mW
08-11-2026 00:08:33 RAM 7164/15599MB (lfb 184x4MB) CPU [0%@729,1%@729,0%@729,0%@729,1%@729,0%@729,0%@729,0%@729] GR3D_FREQ 5% cv0@67.281C/71.531C cpu@71.156C/75.843C soc2@65.218C/68.125C soc0@68C/69.593C cv1@67.687C/70.218C gpu@69.812C/76.437C tj@71.156C/76.437C soc1@66.437C/67.656C cv2@64.125C/66.031C VDD_IN 6706mW/29101mW/34068mW VDD_CPU_GPU_CV 1143mW/17535mW/21070mW VDD_SOC 2490mW/4815mW/6099mW
08-11-2026 00:08:33 RAM 4278/15599MB (lfb 377x4MB) CPU [1%@729,0%@729,0%@729,0%@729,100%@1984,0%@1984,0%@1984,0%@1984] GR3D_FREQ 0% cv0@67.562C/71.531C cpu@72.062C/75.843C soc2@65.156C/68.125C soc0@67.812C/69.593C cv1@67.75C/70.218C gpu@69.531C/76.437C tj@72.062C/76.437C soc1@66.25C/67.656C cv2@63.937C/66.031C VDD_IN 7921mW/29031mW/34068mW VDD_CPU_GPU_CV 1875mW/17484mW/21070mW VDD_SOC 2654mW/4808mW/6099mW
08-11-2026 00:08:34 RAM 1420/15599MB (lfb 596x4MB) CPU [0%@729,0%@729,0%@729,0%@729,74%@729,0%@729,0%@729,0%@729] GR3D_FREQ 0% cv0@67.062C/71.531C cpu@70.937C/75.843C soc2@64.937C/68.125C soc0@67.687C/69.593C cv1@67.5C/70.218C gpu@69.468C/76.437C tj@71.093C/76.437C soc1@66.093C/67.656C cv2@63.906C/66.031C VDD_IN 7880mW/28962mW/34068mW VDD_CPU_GPU_CV 1834mW/17432mW/21070mW VDD_SOC 2654mW/4801mW/6099mW
08-11-2026 00:08:34 RAM 1420/15599MB (lfb 596x4MB) CPU [0%@729,0%@729,1%@729,3%@729,0%@729,0%@729,0%@729,0%@729] GR3D_FREQ 0% cv0@66.718C/71.531C cpu@70.562C/75.843C soc2@64.625C/68.125C soc0@67.437C/69.593C cv1@67.156C/70.218C gpu@69.062C/76.437C tj@70.562C/76.437C soc1@66C/67.656C cv2@63.656C/66.031C VDD_IN 6859mW/28889mW/34068mW VDD_CPU_GPU_CV 1223mW/17379mW/21070mW VDD_SOC 2531mW/4794mW/6099mW
08-11-2026 00:08:35 RAM 1418/15599MB (lfb 596x4MB) CPU [0%@729,0%@729,0%@729,0%@729,0%@729,0%@729,0%@729,0%@729] GR3D_FREQ 0% cv0@66.437C/71.531C cpu@70.343C/75.843C soc2@64.375C/68.125C soc0@67.187C/69.593C cv1@66.906C/70.218C gpu@68.937C/76.437C tj@70.343C/76.437C soc1@65.875C/67.656C cv2@63.343C/66.031C VDD_IN 6543mW/28816mW/34068mW VDD_CPU_GPU_CV 1061mW/17326mW/21070mW VDD_SOC 2490mW/4786mW/6099mW
08-11-2026 00:08:35 RAM 1418/15599MB (lfb 596x4MB) CPU [0%@729,0%@729,0%@729,0%@729,0%@729,0%@729,0%@729,0%@729] GR3D_FREQ 0% cv0@66.281C/71.531C cpu@70.312C/75.843C soc2@64.187C/68.125C soc0@67.125C/69.593C cv1@66.875C/70.218C gpu@68.687C/76.437C tj@70.187C/76.437C soc1@65.656C/67.656C cv2@63.156C/66.031C VDD_IN 6461mW/28743mW/34068mW VDD_CPU_GPU_CV 979mW/17272mW/21070mW VDD_SOC 2490mW/4779mW/6099mW
08-11-2026 00:08:36 RAM 1415/15599MB (lfb 595x4MB) CPU [0%@729,0%@729,0%@729,0%@729,0%@729,0%@729,0%@729,0%@729] GR3D_FREQ 0% cv0@66.031C/71.531C cpu@70.125C/75.843C soc2@64.125C/68.125C soc0@66.906C/69.593C cv1@66.593C/70.218C gpu@68.406C/76.437C tj@70.125C/76.437C soc1@65.5C/67.656C cv2@62.937C/66.031C VDD_IN 6420mW/28671mW/34068mW VDD_CPU_GPU_CV 979mW/17219mW/21070mW VDD_SOC 2490mW/4771mW/6099mW
08-11-2026 00:08:36 RAM 1415/15599MB (lfb 595x4MB) CPU [0%@729,0%@729,0%@729,0%@729,0%@729,0%@729,0%@729,0%@729] GR3D_FREQ 0% cv0@65.968C/71.531C cpu@69.875C/75.843C soc2@63.843C/68.125C soc0@66.812C/69.593C cv1@66.468C/70.218C gpu@68.312C/76.437C tj@69.875C/76.437C soc1@65.218C/67.656C cv2@62.812C/66.031C VDD_IN 6379mW/28599mW/34068mW VDD_CPU_GPU_CV 979mW/17167mW/21070mW VDD_SOC 2490mW/4764mW/6099mW
08-11-2026 00:08:37 RAM 1412/15599MB (lfb 595x4MB) CPU [0%@729,0%@729,0%@729,0%@729,0%@729,0%@729,0%@729,0%@729] GR3D_FREQ 0% cv0@65.75C/71.531C cpu@69.531C/75.843C soc2@63.656C/68.125C soc0@66.5C/69.593C cv1@66.281C/70.218C gpu@68C/76.437C tj@69.531C/76.437C soc1@65.093C/67.656C cv2@62.625C/66.031C VDD_IN 6379mW/28527mW/34068mW VDD_CPU_GPU_CV 979mW/17115mW/21070mW VDD_SOC 2449mW/4756mW/6099mW
08-11-2026 00:08:37 RAM 1412/15599MB (lfb 595x4MB) CPU [1%@729,0%@729,0%@729,1%@729,0%@729,0%@729,0%@729,0%@729] GR3D_FREQ 0% cv0@65.531C/71.531C cpu@69.437C/75.843C soc2@63.437C/68.125C soc0@66.343C/69.593C cv1@66.093C/70.218C gpu@67.75C/76.437C tj@69.437C/76.437C soc1@65.031C/67.656C cv2@62.406C/66.031C VDD_IN 6379mW/28456mW/34068mW VDD_CPU_GPU_CV 939mW/17063mW/21070mW VDD_SOC 2449mW/4749mW/6099mW
08-11-2026 00:08:38 RAM 1412/15599MB (lfb 595x4MB) CPU [0%@729,1%@729,0%@729,0%@729,0%@729,0%@729,0%@729,0%@729] GR3D_FREQ 0% cv0@65.406C/71.531C cpu@69.25C/75.843C soc2@63.312C/68.125C soc0@66.25C/69.593C cv1@65.937C/70.218C gpu@67.656C/76.437C tj@69.25C/76.437C soc1@64.968C/67.656C cv2@62.218C/66.031C VDD_IN 6379mW/28385mW/34068mW VDD_CPU_GPU_CV 939mW/17011mW/21070mW VDD_SOC 2449mW/4741mW/6099mW
08-11-2026 00:08:38 RAM 1412/15599MB (lfb 595x4MB) CPU [0%@729,0%@729,0%@729,0%@729,0%@729,0%@729,0%@729,0%@729] GR3D_FREQ 0% cv0@65.25C/71.531C cpu@69.125C/75.843C soc2@63.25C/68.125C soc0@66.125C/69.593C cv1@65.843C/70.218C gpu@67.406C/76.437C tj@69.125C/76.437C soc1@64.625C/67.656C cv2@62.031C/66.031C VDD_IN 6379mW/28315mW/34068mW VDD_CPU_GPU_CV 939mW/16960mW/21070mW VDD_SOC 2449mW/4734mW/6099mW
08-11-2026 00:08:39 RAM 1411/15599MB (lfb 595x4MB) CPU [0%@729,0%@729,0%@729,1%@729,0%@729,0%@729,0%@729,0%@729] GR3D_FREQ 0% cv0@65.062C/71.531C cpu@69.093C/75.843C soc2@63.031C/68.125C soc0@65.875C/69.593C cv1@65.625C/70.218C gpu@67.562C/76.437C tj@69.093C/76.437C soc1@64.531C/67.656C cv2@61.906C/66.031C VDD_IN 6338mW/28245mW/34068mW VDD_CPU_GPU_CV 939mW/16909mW/21070mW VDD_SOC 2449mW/4727mW/6099mW
08-11-2026 00:08:39 RAM 1411/15599MB (lfb 595x4MB) CPU [0%@729,0%@729,0%@729,0%@729,0%@729,0%@729,0%@729,0%@729] GR3D_FREQ 0% cv0@65C/71.531C cpu@68.843C/75.843C soc2@62.875C/68.125C soc0@65.656C/69.593C cv1@65.531C/70.218C gpu@67.125C/76.437C tj@68.843C/76.437C soc1@64.343C/67.656C cv2@61.781C/66.031C VDD_IN 6338mW/28175mW/34068mW VDD_CPU_GPU_CV 939mW/16858mW/21070mW VDD_SOC 2449mW/4720mW/6099mW
08-11-2026 00:08:40 RAM 1409/15599MB (lfb 594x4MB) CPU [1%@729,0%@729,0%@729,0%@729,0%@729,0%@729,0%@729,0%@729] GR3D_FREQ 0% cv0@64.781C/71.531C cpu@68.687C/75.843C soc2@62.718C/68.125C soc0@65.406C/69.593C cv1@65.281C/70.218C gpu@67.187C/76.437C tj@68.687C/76.437C soc1@64.156C/67.656C cv2@61.625C/66.031C VDD_IN 6338mW/28106mW/34068mW VDD_CPU_GPU_CV 939mW/16808mW/21070mW VDD_SOC 2449mW/4712mW/6099mW
08-11-2026 00:08:40 RAM 1409/15599MB (lfb 594x4MB) CPU [0%@729,0%@729,0%@729,0%@729,0%@729,0%@729,0%@729,0%@729] GR3D_FREQ 0% cv0@64.593C/71.531C cpu@68.468C/75.843C soc2@62.531C/68.125C soc0@65.531C/69.593C cv1@65.218C/70.218C gpu@66.906C/76.437C tj@68.468C/76.437C soc1@64.218C/67.656C cv2@61.375C/66.031C VDD_IN 6338mW/28037mW/34068mW VDD_CPU_GPU_CV 939mW/16758mW/21070mW VDD_SOC 2449mW/4705mW/6099mW
08-11-2026 00:08:41 RAM 1407/15599MB (lfb 594x4MB) CPU [0%@729,0%@729,0%@729,0%@729,0%@729,0%@729,0%@729,0%@729] GR3D_FREQ 0% cv0@64.437C/71.531C cpu@68.531C/75.843C soc2@62.437C/68.125C soc0@65.281C/69.593C cv1@65.031C/70.218C gpu@66.812C/76.437C tj@68.531C/76.437C soc1@63.906C/67.656C cv2@61.281C/66.031C VDD_IN 6338mW/27969mW/34068mW VDD_CPU_GPU_CV 939mW/16708mW/21070mW VDD_SOC 2449mW/4698mW/6099mW
08-11-2026 00:08:41 RAM 1397/15599MB (lfb 596x4MB) CPU [11%@729,2%@729,6%@729,6%@729,0%@729,4%@729,3%@729,11%@729] GR3D_FREQ 0% cv0@64.281C/71.531C cpu@68.468C/75.843C soc2@62.281C/68.125C soc0@64.968C/69.593C cv1@64.968C/70.218C gpu@66.593C/76.437C tj@68.468C/76.437C soc1@63.718C/67.656C cv2@61.093C/66.031C VDD_IN 6533mW/27902mW/34068mW VDD_CPU_GPU_CV 1061mW/16659mW/21070mW VDD_SOC 2449mW/4691mW/6099mW
08-11-2026 00:08:42 RAM 1396/15599MB (lfb 596x4MB) CPU [0%@729,1%@729,0%@729,0%@729,0%@729,0%@729,0%@729,0%@729] GR3D_FREQ 0% cv0@64.187C/71.531C cpu@68.156C/75.843C soc2@62.093C/68.125C soc0@64.906C/69.593C cv1@64.656C/70.218C gpu@66.5C/76.437C tj@68.156C/76.437C soc1@63.593C/67.656C cv2@61.062C/66.031C VDD_IN 6379mW/27835mW/34068mW VDD_CPU_GPU_CV 979mW/16610mW/21070mW VDD_SOC 2449mW/4684mW/6099mW
08-11-2026 00:08:42 RAM 1396/15599MB (lfb 596x4MB) CPU [0%@729,0%@729,0%@729,0%@729,0%@729,0%@729,0%@729,0%@729] GR3D_FREQ 0% cv0@63.968C/71.531C cpu@67.906C/75.843C soc2@61.906C/68.125C soc0@64.718C/69.593C cv1@64.593C/70.218C gpu@66.281C/76.437C tj@67.906C/76.437C soc1@63.437C/67.656C cv2@60.875C/66.031C VDD_IN 6338mW/27768mW/34068mW VDD_CPU_GPU_CV 939mW/16561mW/21070mW VDD_SOC 2449mW/4677mW/6099mW
08-11-2026 00:08:43 RAM 1395/15599MB (lfb 595x4MB) CPU [0%@729,0%@729,0%@729,0%@729,0%@729,0%@729,0%@729,0%@729] GR3D_FREQ 0% cv0@63.812C/71.531C cpu@67.781C/75.843C soc2@61.718C/68.125C soc0@64.562C/69.593C cv1@64.468C/70.218C gpu@66.156C/76.437C tj@67.781C/76.437C soc1@63.437C/67.656C cv2@60.625C/66.031C VDD_IN 6297mW/27701mW/34068mW VDD_CPU_GPU_CV 939mW/16512mW/21070mW VDD_SOC 2449mW/4670mW/6099mW
08-11-2026 00:08:43 RAM 1395/15599MB (lfb 595x4MB) CPU [0%@729,0%@729,1%@729,0%@729,0%@729,0%@729,0%@729,0%@729] GR3D_FREQ 0% cv0@63.687C/71.531C cpu@67.562C/75.843C soc2@61.562C/68.125C soc0@64.406C/69.593C cv1@64.406C/70.218C gpu@65.906C/76.437C tj@67.562C/76.437C soc1@63.25C/67.656C cv2@60.437C/66.031C VDD_IN 6297mW/27635mW/34068mW VDD_CPU_GPU_CV 939mW/16464mW/21070mW VDD_SOC 2449mW/4663mW/6099mW
08-11-2026 00:08:44 RAM 1395/15599MB (lfb 595x4MB) CPU [0%@729,0%@729,0%@729,1%@729,0%@729,0%@729,0%@729,0%@729] GR3D_FREQ 0% cv0@63.437C/71.531C cpu@67.531C/75.843C soc2@61.437C/68.125C soc0@64.343C/69.593C cv1@64.156C/70.218C gpu@65.718C/76.437C tj@67.406C/76.437C soc1@63.125C/67.656C cv2@60.25C/66.031C VDD_IN 6297mW/27569mW/34068mW VDD_CPU_GPU_CV 939mW/16416mW/21070mW VDD_SOC 2449mW/4657mW/6099mW
08-11-2026 00:08:44 RAM 1395/15599MB (lfb 595x4MB) CPU [0%@729,0%@729,0%@729,0%@729,0%@729,0%@729,0%@729,0%@729] GR3D_FREQ 0% cv0@63.281C/71.531C cpu@67.406C/75.843C soc2@61.406C/68.125C soc0@64.187C/69.593C cv1@64.062C/70.218C gpu@65.593C/76.437C tj@67.406C/76.437C soc1@62.937C/67.656C cv2@60.25C/66.031C VDD_IN 6297mW/27503mW/34068mW VDD_CPU_GPU_CV 898mW/16369mW/21070mW VDD_SOC 2449mW/4650mW/6099mW
08-11-2026 00:08:45 RAM 1395/15599MB (lfb 595x4MB) CPU [0%@729,0%@729,1%@729,1%@729,0%@729,0%@729,0%@729,0%@729] GR3D_FREQ 0% cv0@63.187C/71.531C cpu@67.156C/75.843C soc2@61.187C/68.125C soc0@63.937C/69.593C cv1@63.875C/70.218C gpu@65.468C/76.437C tj@67.156C/76.437C soc1@62.718C/67.656C cv2@60.062C/66.031C VDD_IN 6297mW/27438mW/34068mW VDD_CPU_GPU_CV 898mW/16321mW/21070mW VDD_SOC 2449mW/4643mW/6099mW
08-11-2026 00:08:45 RAM 1395/15599MB (lfb 595x4MB) CPU [1%@729,0%@729,0%@729,0%@729,0%@729,0%@729,0%@729,0%@729] GR3D_FREQ 0% cv0@63.031C/71.531C cpu@66.937C/75.843C soc2@60.937C/68.125C soc0@63.812C/69.593C cv1@63.687C/70.218C gpu@65.468C/76.437C tj@67.062C/76.437C soc1@62.625C/67.656C cv2@59.875C/66.031C VDD_IN 6257mW/27374mW/34068mW VDD_CPU_GPU_CV 898mW/16274mW/21070mW VDD_SOC 2449mW/4636mW/6099mW
08-11-2026 00:08:46 RAM 1394/15599MB (lfb 595x4MB) CPU [0%@729,0%@729,0%@729,0%@729,0%@729,0%@729,0%@729,0%@729] GR3D_FREQ 0% cv0@62.906C/71.531C cpu@66.75C/75.843C soc2@60.812C/68.125C soc0@63.718C/69.593C cv1@63.593C/70.218C gpu@65.187C/76.437C tj@66.75C/76.437C soc1@62.593C/67.656C cv2@59.625C/66.031C VDD_IN 6257mW/27309mW/34068mW VDD_CPU_GPU_CV 898mW/16227mW/21070mW VDD_SOC 2409mW/4630mW/6099mW
08-11-2026 00:08:46 RAM 1395/15599MB (lfb 595x4MB) CPU [3%@729,0%@729,0%@729,0%@729,0%@729,3%@729,0%@729,0%@729] GR3D_FREQ 0% cv0@62.718C/71.531C cpu@66.812C/75.843C soc2@60.687C/68.125C soc0@63.531C/69.593C cv1@63.437C/70.218C gpu@65.218C/76.437C tj@66.812C/76.437C soc1@62.437C/67.656C cv2@59.562C/66.031C VDD_IN 6297mW/27245mW/34068mW VDD_CPU_GPU_CV 939mW/16181mW/21070mW VDD_SOC 2449mW/4623mW/6099mW
